image,region,version,tone_evenness_score
00001.png,left-cheek,original_roi,0.28040311946250873
00001.png,right-cheek,original_roi,0.2468663401824223
00001.png,bottom-face,original_roi,0.24624926843905226
00001.png,forehead,original_roi,0.15836825552105202
00001.png,under-eyes,original_roi,0.20217634094012316
00001.png,left-cheek,a_degradation_11,0.2592910120809448
00001.png,right-cheek,a_degradation_11,0.22205661009241276
00001.png,bottom-face,a_degradation_11,0.23005948822692276
00001.png,forehead,a_degradation_11,0.1550769515997764
00001.png,under-eyes,a_degradation_11,0.20086348324201744
00001.png,left-cheek,a_degradation_17,0.22631363431672658
00001.png,right-cheek,a_degradation_17,0.1866770447545426
00001.png,bottom-face,a_degradation_17,0.20426487390494885
00001.png,forehead,a_degradation_17,0.1516565589629277
00001.png,under-eyes,a_degradation_17,0.19179042646645553
00011.png,left-cheek,original_roi,0.2281813967637878
00011.png,right-cheek,original_roi,0.30074452069879914
00011.png,bottom-face,original_roi,0.2544478927029391
00011.png,forehead,original_roi,0.2296640602743752
00011.png,under-eyes,original_roi,0.23233218528709798
00011.png,left-cheek,a_degradation_11,0.23338672191629128
00011.png,right-cheek,a_degradation_11,0.30582177118198184
00011.png,bottom-face,a_degradation_11,0.24862728518276714
00011.png,forehead,a_degradation_11,0.21653674517368562
00011.png,under-eyes,a_degradation_11,0.21900283425728004
00011.png,left-cheek,a_degradation_17,0.2144511723949744
00011.png,right-cheek,a_degradation_17,0.2618655011295705
00011.png,bottom-face,a_degradation_17,0.21711138201594832
00011.png,forehead,a_degradation_17,0.2003114024347729
00011.png,under-eyes,a_degradation_17,0.2184812978015285
00016.png,left-cheek,original_roi,0.21530962828929992
00016.png,right-cheek,original_roi,0.1895601853342125
00016.png,bottom-face,original_roi,0.165951039184353
00016.png,forehead,original_roi,0.1663589836869154
00016.png,under-eyes,original_roi,0.1994256752383577
00016.png,left-cheek,a_degradation_11,0.22104288760207289
00016.png,right-cheek,a_degradation_11,0.19211594438795845
00016.png,bottom-face,a_degradation_11,0.163949932272165
00016.png,forehead,a_degradation_11,0.16237612405909632
00016.png,under-eyes,a_degradation_11,0.19847847980100214
00016.png,left-cheek,a_degradation_17,0.22190226195288648
00016.png,right-cheek,a_degradation_17,0.1947833942501258
00016.png,bottom-face,a_degradation_17,0.15852681885473696
00016.png,forehead,a_degradation_17,0.15965969506584218
00016.png,under-eyes,a_degradation_17,0.19160359433619528
00017.png,left-cheek,original_roi,0.24308330551055152
00017.png,right-cheek,original_roi,0.2478493491982687
00017.png,bottom-face,original_roi,0.2306890600521529
00017.png,forehead,original_roi,0.12631693287877913
00017.png,under-eyes,original_roi,0.17525615880048903
00017.png,left-cheek,a_degradation_11,0.23069710517623512
00017.png,right-cheek,a_degradation_11,0.23481536586665783
00017.png,bottom-face,a_degradation_11,0.2203098644809884
00017.png,forehead,a_degradation_11,0.12475352405838618
00017.png,under-eyes,a_degradation_11,0.16848849354799714
00017.png,left-cheek,a_degradation_17,0.19923100789822443
00017.png,right-cheek,a_degradation_17,0.21533400217401244
00017.png,bottom-face,a_degradation_17,0.19861903385558427
00017.png,forehead,a_degradation_17,0.12106150475349739
00017.png,under-eyes,a_degradation_17,0.1674882693932377
00018.png,left-cheek,original_roi,0.27092293952071483
00018.png,right-cheek,original_roi,0.28191893878077573
00018.png,bottom-face,original_roi,0.2768454593922691
00018.png,forehead,original_roi,0.24328774603778877
00018.png,under-eyes,original_roi,0.25404949715110253
00018.png,left-cheek,a_degradation_11,0.2601190318637231
00018.png,right-cheek,a_degradation_11,0.2768286280459077
00018.png,bottom-face,a_degradation_11,0.2667850799560667
00018.png,forehead,a_degradation_11,0.2304379679745207
00018.png,under-eyes,a_degradation_11,0.23926629385834675
00018.png,left-cheek,a_degradation_17,0.24208309723669305
00018.png,right-cheek,a_degradation_17,0.24942473008784255
00018.png,bottom-face,a_degradation_17,0.24439719185371322
00018.png,forehead,a_degradation_17,0.23243492671286867
00018.png,under-eyes,a_degradation_17,0.23702166286815746
00021.png,left-cheek,original_roi,0.3088235660098459
00021.png,right-cheek,original_roi,0.2614002835183548
00021.png,bottom-face,original_roi,0.32482719626679324
00021.png,forehead,original_roi,0.3485408158996751
00021.png,under-eyes,original_roi,0.2839528341543448
00021.png,left-cheek,a_degradation_11,0.29220364658210607
00021.png,right-cheek,a_degradation_11,0.24484709525680673
00021.png,bottom-face,a_degradation_11,0.29229237559692633
00021.png,forehead,a_degradation_11,0.3200527052125218
00021.png,under-eyes,a_degradation_11,0.2621735535138198
00021.png,left-cheek,a_degradation_17,0.287854862595279
00021.png,right-cheek,a_degradation_17,0.21643889482957576
00021.png,bottom-face,a_degradation_17,0.25218606518224035
00021.png,forehead,a_degradation_17,0.29894093061706145
00021.png,under-eyes,a_degradation_17,0.26438301514059187
00027.png,left-cheek,original_roi,0.2093397209496145
00027.png,right-cheek,original_roi,0.15262489941550939
00027.png,bottom-face,original_roi,0.12938990934398106
00027.png,forehead,original_roi,0.12686259253579546
00027.png,under-eyes,original_roi,0.13506479866246207
00027.png,left-cheek,a_degradation_11,0.20299827729194606
00027.png,right-cheek,a_degradation_11,0.14854363241480123
00027.png,bottom-face,a_degradation_11,0.12513827799349903
00027.png,forehead,a_degradation_11,0.12470180916069326
00027.png,under-eyes,a_degradation_11,0.13502200417473614
00027.png,left-cheek,a_degradation_17,0.17984418586958423
00027.png,right-cheek,a_degradation_17,0.1390995179443364
00027.png,bottom-face,a_degradation_17,0.1200328032685637
00027.png,forehead,a_degradation_17,0.12054584178847425
00027.png,under-eyes,a_degradation_17,0.13052583666271977
00036.png,left-cheek,original_roi,0.21094189567949234
00036.png,right-cheek,original_roi,0.22783880460416245
00036.png,bottom-face,original_roi,0.20616171017549687
00036.png,forehead,original_roi,0.04589397904176299
00036.png,under-eyes,original_roi,0.20305019953791323
00036.png,left-cheek,a_degradation_11,0.2171153722904947
00036.png,right-cheek,a_degradation_11,0.2418479639328992
00036.png,bottom-face,a_degradation_11,0.2037235171762396
00036.png,forehead,a_degradation_11,0.04608385704782059
00036.png,under-eyes,a_degradation_11,0.19581320460508442
00036.png,left-cheek,a_degradation_17,0.21127834122295044
00036.png,right-cheek,a_degradation_17,0.23980290613195968
00036.png,bottom-face,a_degradation_17,0.18611132752515797
00036.png,forehead,a_degradation_17,0.045760202223701286
00036.png,under-eyes,a_degradation_17,0.19615834148310843
00040.png,left-cheek,original_roi,0.20981257506515064
00040.png,right-cheek,original_roi,0.24203659086798193
00040.png,bottom-face,original_roi,0.16031546880201383
00040.png,forehead,original_roi,0.20288867819201897
00040.png,under-eyes,original_roi,0.19969609067339394
00040.png,left-cheek,a_degradation_11,0.21480145409634746
00040.png,right-cheek,a_degradation_11,0.2406869529504683
00040.png,bottom-face,a_degradation_11,0.15594656307588153
00040.png,forehead,a_degradation_11,0.20022172399766944
00040.png,under-eyes,a_degradation_11,0.18868338905327886
00040.png,left-cheek,a_degradation_17,0.21654899526573998
00040.png,right-cheek,a_degradation_17,0.22488534647638045
00040.png,bottom-face,a_degradation_17,0.14837521686761448
00040.png,forehead,a_degradation_17,0.19497866021659174
00040.png,under-eyes,a_degradation_17,0.19287613637668466
00045.png,left-cheek,original_roi,0.314793020540362
00045.png,right-cheek,original_roi,0.21532499314233958
00045.png,bottom-face,original_roi,0.25353159739620884
00045.png,forehead,original_roi,0.23009968192560712
00045.png,under-eyes,original_roi,0.20328818014881836
00045.png,left-cheek,a_degradation_11,0.30093232178230633
00045.png,right-cheek,a_degradation_11,0.2036359678871973
00045.png,bottom-face,a_degradation_11,0.24602009297084756
00045.png,forehead,a_degradation_11,0.2063260755042034
00045.png,under-eyes,a_degradation_11,0.1924845764554704
00045.png,left-cheek,a_degradation_17,0.26701669504648723
00045.png,right-cheek,a_degradation_17,0.1757790522744581
00045.png,bottom-face,a_degradation_17,0.2179624891866235
00045.png,forehead,a_degradation_17,0.18828195512589402
00045.png,under-eyes,a_degradation_17,0.18457219835232627
00048.png,left-cheek,original_roi,0.22845955733171952
00048.png,right-cheek,original_roi,0.23122504189899
00048.png,bottom-face,original_roi,0.1811387592960819
00048.png,forehead,original_roi,0.2238271098146421
00048.png,under-eyes,original_roi,0.1917841518183535
00048.png,left-cheek,a_degradation_11,0.22740347639635847
00048.png,right-cheek,a_degradation_11,0.22788424321675296
00048.png,bottom-face,a_degradation_11,0.18042947534188777
00048.png,forehead,a_degradation_11,0.20720470673714916
00048.png,under-eyes,a_degradation_11,0.18767207927735718
00048.png,left-cheek,a_degradation_17,0.23660535480116135
00048.png,right-cheek,a_degradation_17,0.22922828654574212
00048.png,bottom-face,a_degradation_17,0.1747124994283933
00048.png,forehead,a_degradation_17,0.19956209239667055
00048.png,under-eyes,a_degradation_17,0.17925413137790852
00056.png,left-cheek,original_roi,0.12075336670475717
00056.png,right-cheek,original_roi,0.1200758567902201
00056.png,bottom-face,original_roi,0.17419753430006732
00056.png,forehead,original_roi,0.15147692825624623
00056.png,under-eyes,original_roi,0.12045952039407774
00056.png,left-cheek,a_degradation_11,0.12347210844622394
00056.png,right-cheek,a_degradation_11,0.114024654579068
00056.png,bottom-face,a_degradation_11,0.16403290269356763
00056.png,forehead,a_degradation_11,0.13900714420078591
00056.png,under-eyes,a_degradation_11,0.11674027961428755
00056.png,left-cheek,a_degradation_17,0.11847653886133684
00056.png,right-cheek,a_degradation_17,0.10653381448956385
00056.png,bottom-face,a_degradation_17,0.1494059415903936
00056.png,forehead,a_degradation_17,0.13184649764068457
00056.png,under-eyes,a_degradation_17,0.1100376403508196
00062.png,left-cheek,original_roi,0.3214226216190823
00062.png,right-cheek,original_roi,0.32526852774661663
00062.png,bottom-face,original_roi,0.25314975226710285
00062.png,forehead,original_roi,0.24549399502963368
00062.png,under-eyes,original_roi,0.20205022420975538
00062.png,left-cheek,a_degradation_11,0.3161539209306981
00062.png,right-cheek,a_degradation_11,0.327454281670466
00062.png,bottom-face,a_degradation_11,0.24794712707981909
00062.png,forehead,a_degradation_11,0.2452517019564855
00062.png,under-eyes,a_degradation_11,0.19407926334295053
00062.png,left-cheek,a_degradation_17,0.2846623842561647
00062.png,right-cheek,a_degradation_17,0.29836977987298396
00062.png,bottom-face,a_degradation_17,0.23564095382274877
00062.png,forehead,a_degradation_17,0.2274999549467206
00062.png,under-eyes,a_degradation_17,0.19327753246146354
00065.png,left-cheek,original_roi,0.23308558762854256
00065.png,right-cheek,original_roi,0.26853836075916565
00065.png,bottom-face,original_roi,0.22169606493242838
00065.png,forehead,original_roi,0.19423601887292663
00065.png,under-eyes,original_roi,0.2808152149706778
00065.png,left-cheek,a_degradation_11,0.2348701875592864
00065.png,right-cheek,a_degradation_11,0.26220079023303206
00065.png,bottom-face,a_degradation_11,0.21574390562883045
00065.png,forehead,a_degradation_11,0.18974991592955293
00065.png,under-eyes,a_degradation_11,0.2595072923750293
00065.png,left-cheek,a_degradation_17,0.2342858657409713
00065.png,right-cheek,a_degradation_17,0.244945350515306
00065.png,bottom-face,a_degradation_17,0.19469101552694296
00065.png,forehead,a_degradation_17,0.18032383262710613
00065.png,under-eyes,a_degradation_17,0.2592887183059555
00074.png,left-cheek,original_roi,0.23290498063352758
00074.png,right-cheek,original_roi,0.12098388711804212
00074.png,bottom-face,original_roi,0.19093599216907797
00074.png,forehead,original_roi,0.12594849587361645
00074.png,under-eyes,original_roi,0.12324593692533842
00074.png,left-cheek,a_degradation_11,0.24579252982521432
00074.png,right-cheek,a_degradation_11,0.11534133780683022
00074.png,bottom-face,a_degradation_11,0.19610919870446017
00074.png,forehead,a_degradation_11,0.11605702677643044
00074.png,under-eyes,a_degradation_11,0.11748852852771022
00074.png,left-cheek,a_degradation_17,0.2532023680553368
00074.png,right-cheek,a_degradation_17,0.10549210494600028
00074.png,bottom-face,a_degradation_17,0.17733980116955958
00074.png,forehead,a_degradation_17,0.11077699299143583
00074.png,under-eyes,a_degradation_17,0.10902353254446948
00094.png,left-cheek,original_roi,0.3453796649436718
00094.png,right-cheek,original_roi,0.26274073100079554
00094.png,bottom-face,original_roi,0.2552596007077372
00094.png,forehead,original_roi,0.26544191589404054
00094.png,under-eyes,original_roi,0.31330608938185517
00094.png,left-cheek,a_degradation_11,0.3082202734430687
00094.png,right-cheek,a_degradation_11,0.2391688832495983
00094.png,bottom-face,a_degradation_11,0.23533360374911438
00094.png,forehead,a_degradation_11,0.2475852207330109
00094.png,under-eyes,a_degradation_11,0.28670714941597975
00094.png,left-cheek,a_degradation_17,0.24499218301442424
00094.png,right-cheek,a_degradation_17,0.2175283303631856
00094.png,bottom-face,a_degradation_17,0.21360954063442725
00094.png,forehead,a_degradation_17,0.23897324592997135
00094.png,under-eyes,a_degradation_17,0.2777348810167602
00113.png,left-cheek,original_roi,0.22907099465504252
00113.png,right-cheek,original_roi,0.2374055830044277
00113.png,bottom-face,original_roi,0.2640334489388468
00113.png,forehead,original_roi,0.1719689211951274
00113.png,under-eyes,original_roi,0.19407145604901105
00113.png,left-cheek,a_degradation_11,0.24035498947697942
00113.png,right-cheek,a_degradation_11,0.2451977777782195
00113.png,bottom-face,a_degradation_11,0.251439926529471
00113.png,forehead,a_degradation_11,0.16885943917446683
00113.png,under-eyes,a_degradation_11,0.1918194372518004
00113.png,left-cheek,a_degradation_17,0.21914114777322466
00113.png,right-cheek,a_degradation_17,0.2546476428996266
00113.png,bottom-face,a_degradation_17,0.22252405865669805
00113.png,forehead,a_degradation_17,0.16085178908318054
00113.png,under-eyes,a_degradation_17,0.18382866842582132
00114.png,left-cheek,original_roi,0.31526865624904304
00114.png,right-cheek,original_roi,0.1726826132126376
00114.png,bottom-face,original_roi,0.15181391814833164
00114.png,forehead,original_roi,0.2198248503425691
00114.png,under-eyes,original_roi,0.25372647128629905
00114.png,left-cheek,a_degradation_11,0.30447321673955313
00114.png,right-cheek,a_degradation_11,0.17087094769594477
00114.png,bottom-face,a_degradation_11,0.15287172039300242
00114.png,forehead,a_degradation_11,0.20158132209220997
00114.png,under-eyes,a_degradation_11,0.25586477147039083
00114.png,left-cheek,a_degradation_17,0.28812917451327835
00114.png,right-cheek,a_degradation_17,0.16342909902616837
00114.png,bottom-face,a_degradation_17,0.1464525881017468
00114.png,forehead,a_degradation_17,0.1976478481823196
00114.png,under-eyes,a_degradation_17,0.23163420320427008
00123.png,left-cheek,original_roi,0.35870381210160723
00123.png,right-cheek,original_roi,0.32346956971774604
00123.png,bottom-face,original_roi,0.246513558244528
00123.png,forehead,original_roi,0.33299702727216696
00123.png,under-eyes,original_roi,0.219061558320483
00123.png,left-cheek,a_degradation_11,0.33258252099292834
00123.png,right-cheek,a_degradation_11,0.3466688011894259
00123.png,bottom-face,a_degradation_11,0.23814171310807947
00123.png,forehead,a_degradation_11,0.3181789201663467
00123.png,under-eyes,a_degradation_11,0.2068982799189041
00123.png,left-cheek,a_degradation_17,0.2776370533688695
00123.png,right-cheek,a_degradation_17,0.31023650301729544
00123.png,bottom-face,a_degradation_17,0.22576563776097025
00123.png,forehead,a_degradation_17,0.2831853933055369
00123.png,under-eyes,a_degradation_17,0.20917014078666063
00125.png,left-cheek,original_roi,0.25705382103907737
00125.png,right-cheek,original_roi,0.28253308197166194
00125.png,bottom-face,original_roi,0.25148355549861373
00125.png,forehead,original_roi,0.22016438268755617
00125.png,under-eyes,original_roi,0.19622941856866552
00125.png,left-cheek,a_degradation_11,0.24161966302779112
00125.png,right-cheek,a_degradation_11,0.27379920074183894
00125.png,bottom-face,a_degradation_11,0.24373901345323534
00125.png,forehead,a_degradation_11,0.21448365860877816
00125.png,under-eyes,a_degradation_11,0.19654722022898446
00125.png,left-cheek,a_degradation_17,0.22775699173739167
00125.png,right-cheek,a_degradation_17,0.24884491510273402
00125.png,bottom-face,a_degradation_17,0.22671624297117074
00125.png,forehead,a_degradation_17,0.20423403537695511
00125.png,under-eyes,a_degradation_17,0.1864273978808377
00132.png,left-cheek,original_roi,0.13446131683074192
00132.png,right-cheek,original_roi,0.20641141450539563
00132.png,bottom-face,original_roi,0.1634217348370077
00132.png,forehead,original_roi,0.1559051820104006
00132.png,under-eyes,original_roi,0.18574663035017863
00132.png,left-cheek,a_degradation_11,0.1342092068964031
00132.png,right-cheek,a_degradation_11,0.2066017976816919
00132.png,bottom-face,a_degradation_11,0.16203683385822149
00132.png,forehead,a_degradation_11,0.14935573730165863
00132.png,under-eyes,a_degradation_11,0.18134977013939638
00132.png,left-cheek,a_degradation_17,0.1425949378447573
00132.png,right-cheek,a_degradation_17,0.20361750179768381
00132.png,bottom-face,a_degradation_17,0.15869206535360025
00132.png,forehead,a_degradation_17,0.14911812655791196
00132.png,under-eyes,a_degradation_17,0.17750640461143619
00133.png,left-cheek,original_roi,0.398992306380138
00133.png,right-cheek,original_roi,0.26842078862916274
00133.png,bottom-face,original_roi,0.2598379712964838
00133.png,forehead,original_roi,0.35123014004089953
00133.png,under-eyes,original_roi,0.286300508803908
00133.png,left-cheek,a_degradation_11,0.39526100012726784
00133.png,right-cheek,a_degradation_11,0.23921145149176168
00133.png,bottom-face,a_degradation_11,0.238694686238402
00133.png,forehead,a_degradation_11,0.3194898356313466
00133.png,under-eyes,a_degradation_11,0.26371144727622214
00133.png,left-cheek,a_degradation_17,0.35433831434814833
00133.png,right-cheek,a_degradation_17,0.19775290574274892
00133.png,bottom-face,a_degradation_17,0.2223780847298399
00133.png,forehead,a_degradation_17,0.30208558085779064
00133.png,under-eyes,a_degradation_17,0.2535467632897159
00142.png,left-cheek,original_roi,0.21715489859575368
00142.png,right-cheek,original_roi,0.17848941787453024
00142.png,bottom-face,original_roi,0.13773226806776576
00142.png,forehead,original_roi,0.2235809642027697
00142.png,under-eyes,original_roi,0.22450194783073854
00142.png,left-cheek,a_degradation_11,0.21834293084591747
00142.png,right-cheek,a_degradation_11,0.18300502223803633
00142.png,bottom-face,a_degradation_11,0.13440460286954561
00142.png,forehead,a_degradation_11,0.21277261427158253
00142.png,under-eyes,a_degradation_11,0.21369941510062734
00142.png,left-cheek,a_degradation_17,0.22339382804341065
00142.png,right-cheek,a_degradation_17,0.18517713686388826
00142.png,bottom-face,a_degradation_17,0.12802667899703563
00142.png,forehead,a_degradation_17,0.21152294008930728
00142.png,under-eyes,a_degradation_17,0.21315274956239647
00144.png,left-cheek,original_roi,0.2506165113693853
00144.png,right-cheek,original_roi,0.22254424834214426
00144.png,bottom-face,original_roi,0.24349562221058907
00144.png,forehead,original_roi,0.2735630857117014
00144.png,under-eyes,original_roi,0.30859441486616107
00144.png,left-cheek,a_degradation_11,0.25423714456056756
00144.png,right-cheek,a_degradation_11,0.21886533250276288
00144.png,bottom-face,a_degradation_11,0.23942173418688398
00144.png,forehead,a_degradation_11,0.25433296338371336
00144.png,under-eyes,a_degradation_11,0.2962555924233264
00144.png,left-cheek,a_degradation_17,0.2431667507982548
00144.png,right-cheek,a_degradation_17,0.20324594803702933
00144.png,bottom-face,a_degradation_17,0.21642482292054077
00144.png,forehead,a_degradation_17,0.24403855749675268
00144.png,under-eyes,a_degradation_17,0.2853654721691445
00167.png,left-cheek,original_roi,0.21513137437262705
00167.png,right-cheek,original_roi,0.21972803114622882
00167.png,bottom-face,original_roi,0.26580917122581804
00167.png,forehead,original_roi,0.20204369388334845
00167.png,under-eyes,original_roi,0.2592870953764691
00167.png,left-cheek,a_degradation_11,0.22127974878454787
00167.png,right-cheek,a_degradation_11,0.21924727969012892
00167.png,bottom-face,a_degradation_11,0.2604726422897366
00167.png,forehead,a_degradation_11,0.20321193839130364
00167.png,under-eyes,a_degradation_11,0.2460123916563396
00167.png,left-cheek,a_degradation_17,0.19689128749208626
00167.png,right-cheek,a_degradation_17,0.20659164994416815
00167.png,bottom-face,a_degradation_17,0.22643363353437077
00167.png,forehead,a_degradation_17,0.19534794243582324
00167.png,under-eyes,a_degradation_17,0.2387964338718974
00174.png,left-cheek,original_roi,0.25690289434800906
00174.png,right-cheek,original_roi,0.23249780524731242
00174.png,bottom-face,original_roi,0.2416262524106434
00174.png,forehead,original_roi,0.1138146987053621
00174.png,under-eyes,original_roi,0.18335084227365825
00174.png,left-cheek,a_degradation_11,0.2581499515460764
00174.png,right-cheek,a_degradation_11,0.22496860034180682
00174.png,bottom-face,a_degradation_11,0.22610285818526688
00174.png,forehead,a_degradation_11,0.11056929813630055
00174.png,under-eyes,a_degradation_11,0.17677139664771316
00174.png,left-cheek,a_degradation_17,0.24511027083782513
00174.png,right-cheek,a_degradation_17,0.1996202060602753
00174.png,bottom-face,a_degradation_17,0.19964019058354193
00174.png,forehead,a_degradation_17,0.10992895005427485
00174.png,under-eyes,a_degradation_17,0.17300790515399145
00175.png,left-cheek,original_roi,0.29991331424464573
00175.png,right-cheek,original_roi,0.2244529994165715
00175.png,bottom-face,original_roi,0.17365246665200346
00175.png,forehead,original_roi,0.1950037232597279
00175.png,under-eyes,original_roi,0.16735117005779324
00175.png,left-cheek,a_degradation_11,0.295792666626034
00175.png,right-cheek,a_degradation_11,0.21878946117788076
00175.png,bottom-face,a_degradation_11,0.17177174413487262
00175.png,forehead,a_degradation_11,0.1840478427573399
00175.png,under-eyes,a_degradation_11,0.16419693206058641
00175.png,left-cheek,a_degradation_17,0.26664843959364387
00175.png,right-cheek,a_degradation_17,0.1894441108585789
00175.png,bottom-face,a_degradation_17,0.16338923717715337
00175.png,forehead,a_degradation_17,0.17791130914005107
00175.png,under-eyes,a_degradation_17,0.16130146216176772
00189.png,left-cheek,original_roi,0.26982254940077355
00189.png,right-cheek,original_roi,0.14200502068169807
00189.png,bottom-face,original_roi,0.23108831503735322
00189.png,forehead,original_roi,0.21421692475934812
00189.png,under-eyes,original_roi,0.16890121326470572
00189.png,left-cheek,a_degradation_11,0.26814891078681846
00189.png,right-cheek,a_degradation_11,0.1371809609884283
00189.png,bottom-face,a_degradation_11,0.22235555932647869
00189.png,forehead,a_degradation_11,0.20170849088132223
00189.png,under-eyes,a_degradation_11,0.16161234615270104
00189.png,left-cheek,a_degradation_17,0.26184018029280176
00189.png,right-cheek,a_degradation_17,0.13022123253945297
00189.png,bottom-face,a_degradation_17,0.20877889347202386
00189.png,forehead,a_degradation_17,0.19428774246620328
00189.png,under-eyes,a_degradation_17,0.1621048750098902
00197.png,left-cheek,original_roi,0.1381880333711839
00197.png,right-cheek,original_roi,0.10088369224427055
00197.png,bottom-face,original_roi,0.1711671040898925
00197.png,forehead,original_roi,0.1353171462546669
00197.png,under-eyes,original_roi,0.12753074926924005
00197.png,left-cheek,a_degradation_11,0.13807061570350343
00197.png,right-cheek,a_degradation_11,0.09465714192656663
00197.png,bottom-face,a_degradation_11,0.16079053157012294
00197.png,forehead,a_degradation_11,0.12697701084364715
00197.png,under-eyes,a_degradation_11,0.12371370119572071
00197.png,left-cheek,a_degradation_17,0.12974428577314323
00197.png,right-cheek,a_degradation_17,0.0860408823509815
00197.png,bottom-face,a_degradation_17,0.14475974202660286
00197.png,forehead,a_degradation_17,0.11990776427862741
00197.png,under-eyes,a_degradation_17,0.11833040196700188
00232.png,left-cheek,original_roi,0.2374438843484025
00232.png,right-cheek,original_roi,0.25843617660126217
00232.png,bottom-face,original_roi,0.2983773351389521
00232.png,forehead,original_roi,0.24608541768484657
00232.png,under-eyes,original_roi,0.19709993634166376
00232.png,left-cheek,a_degradation_11,0.21945934583329874
00232.png,right-cheek,a_degradation_11,0.2370224645126262
00232.png,bottom-face,a_degradation_11,0.2688904160025283
00232.png,forehead,a_degradation_11,0.23443279524715196
00232.png,under-eyes,a_degradation_11,0.1896910015089653
00232.png,left-cheek,a_degradation_17,0.21396468412266126
00232.png,right-cheek,a_degradation_17,0.20552709726634227
00232.png,bottom-face,a_degradation_17,0.23884694850706892
00232.png,forehead,a_degradation_17,0.21999015245649717
00232.png,under-eyes,a_degradation_17,0.18440868788276563
00251.png,left-cheek,original_roi,0.3038287170012161
00251.png,right-cheek,original_roi,0.2618692018246765
00251.png,bottom-face,original_roi,0.28755363962395564
00251.png,forehead,original_roi,0.34632784348049117
00251.png,under-eyes,original_roi,0.24082058633667872
00251.png,left-cheek,a_degradation_11,0.29600493717951704
00251.png,right-cheek,a_degradation_11,0.25236481226319857
00251.png,bottom-face,a_degradation_11,0.265230743792411
00251.png,forehead,a_degradation_11,0.31876864690400475
00251.png,under-eyes,a_degradation_11,0.23856701599062113
00251.png,left-cheek,a_degradation_17,0.24201864185139452
00251.png,right-cheek,a_degradation_17,0.21374383416792447
00251.png,bottom-face,a_degradation_17,0.23417801046570863
00251.png,forehead,a_degradation_17,0.29444608128796795
00251.png,under-eyes,a_degradation_17,0.2304151871650815
00257.png,left-cheek,original_roi,0.2891872812827417
00257.png,right-cheek,original_roi,0.26779027595779814
00257.png,bottom-face,original_roi,0.35437956630764517
00257.png,forehead,original_roi,0.35531488665345845
00257.png,under-eyes,original_roi,0.3139878731685289
00257.png,left-cheek,a_degradation_11,0.27397273338010564
00257.png,right-cheek,a_degradation_11,0.2447936702929417
00257.png,bottom-face,a_degradation_11,0.30932859762024517
00257.png,forehead,a_degradation_11,0.3087230152011805
00257.png,under-eyes,a_degradation_11,0.2841679984862274
00257.png,left-cheek,a_degradation_17,0.24254824004010636
00257.png,right-cheek,a_degradation_17,0.20464997897464138
00257.png,bottom-face,a_degradation_17,0.27002654442479723
00257.png,forehead,a_degradation_17,0.29751802687407414
00257.png,under-eyes,a_degradation_17,0.2700464668060958
00259.png,left-cheek,original_roi,0.16123488575270087
00259.png,right-cheek,original_roi,0.2721337351736225
00259.png,bottom-face,original_roi,0.13723887472501736
00259.png,forehead,original_roi,0.13990014881975457
00259.png,under-eyes,original_roi,0.13811022389864305
00259.png,left-cheek,a_degradation_11,0.15901553633347615
00259.png,right-cheek,a_degradation_11,0.254621382332721
00259.png,bottom-face,a_degradation_11,0.13379299496617533
00259.png,forehead,a_degradation_11,0.13862139205476598
00259.png,under-eyes,a_degradation_11,0.13273331421867413
00259.png,left-cheek,a_degradation_17,0.15996223974854323
00259.png,right-cheek,a_degradation_17,0.23019436326147347
00259.png,bottom-face,a_degradation_17,0.12771570938327942
00259.png,forehead,a_degradation_17,0.1366911818361497
00259.png,under-eyes,a_degradation_17,0.13532775553873957
00264.png,left-cheek,original_roi,0.29192419520343943
00264.png,right-cheek,original_roi,0.3359909554650273
00264.png,bottom-face,original_roi,0.16183725636634508
00264.png,forehead,original_roi,0.26808949187252834
00264.png,under-eyes,original_roi,0.2379036769072059
00264.png,left-cheek,a_degradation_11,0.2902174896151583
00264.png,right-cheek,a_degradation_11,0.3209145490501952
00264.png,bottom-face,a_degradation_11,0.15937016187836914
00264.png,forehead,a_degradation_11,0.254776673103037
00264.png,under-eyes,a_degradation_11,0.22464551556055146
00264.png,left-cheek,a_degradation_17,0.2611940413527569
00264.png,right-cheek,a_degradation_17,0.274041552988269
00264.png,bottom-face,a_degradation_17,0.14980290969668278
00264.png,forehead,a_degradation_17,0.23766237094640436
00264.png,under-eyes,a_degradation_17,0.21575158134665448
00267.png,left-cheek,original_roi,0.18901663476389657
00267.png,right-cheek,original_roi,0.1991749890435578
00267.png,bottom-face,original_roi,0.24985990407320136
00267.png,forehead,original_roi,0.270229790455981
00267.png,under-eyes,original_roi,0.2641135034743096
00267.png,left-cheek,a_degradation_11,0.1931318915091855
00267.png,right-cheek,a_degradation_11,0.20508381878135706
00267.png,bottom-face,a_degradation_11,0.24349582894780036
00267.png,forehead,a_degradation_11,0.2513305441779568
00267.png,under-eyes,a_degradation_11,0.2535966048886768
00267.png,left-cheek,a_degradation_17,0.191451379735368
00267.png,right-cheek,a_degradation_17,0.1973931850598477
00267.png,bottom-face,a_degradation_17,0.2216285340618691
00267.png,forehead,a_degradation_17,0.24744634807033344
00267.png,under-eyes,a_degradation_17,0.2531214006628898
00323.png,left-cheek,original_roi,0.18018095962518546
00323.png,right-cheek,original_roi,0.3429281831106714
00323.png,bottom-face,original_roi,0.28660350826876946
00323.png,forehead,original_roi,0.2612551072559169
00323.png,under-eyes,original_roi,0.2645123059719138
00323.png,left-cheek,a_degradation_11,0.174344735457628
00323.png,right-cheek,a_degradation_11,0.3331388449965419
00323.png,bottom-face,a_degradation_11,0.27663018574258497
00323.png,forehead,a_degradation_11,0.2472718347275849
00323.png,under-eyes,a_degradation_11,0.25084659073714727
00323.png,left-cheek,a_degradation_17,0.17447207179961294
00323.png,right-cheek,a_degradation_17,0.3031525396507873
00323.png,bottom-face,a_degradation_17,0.24141598921672824
00323.png,forehead,a_degradation_17,0.24019819920358193
00323.png,under-eyes,a_degradation_17,0.24402184999686383
00336.png,left-cheek,original_roi,0.16820206024488926
00336.png,right-cheek,original_roi,0.24151488879020996
00336.png,bottom-face,original_roi,0.1864065672593623
00336.png,forehead,original_roi,0.17765929073517045
00336.png,under-eyes,original_roi,0.18637043137881965
00336.png,left-cheek,a_degradation_11,0.16816727574104462
00336.png,right-cheek,a_degradation_11,0.23554864489473426
00336.png,bottom-face,a_degradation_11,0.18226812318905908
00336.png,forehead,a_degradation_11,0.17258562769342806
00336.png,under-eyes,a_degradation_11,0.17920561898868329
00336.png,left-cheek,a_degradation_17,0.16553235429450003
00336.png,right-cheek,a_degradation_17,0.22370170625416316
00336.png,bottom-face,a_degradation_17,0.17850562770767642
00336.png,forehead,a_degradation_17,0.17143875564038713
00336.png,under-eyes,a_degradation_17,0.17062782481421213
00378.png,left-cheek,original_roi,0.23775211117174497
00378.png,right-cheek,original_roi,0.23368837751157764
00378.png,bottom-face,original_roi,0.2123616374533412
00378.png,forehead,original_roi,0.2856196483522449
00378.png,under-eyes,original_roi,0.19726913053818282
00378.png,left-cheek,a_degradation_11,0.2371836448531765
00378.png,right-cheek,a_degradation_11,0.23255658060503032
00378.png,bottom-face,a_degradation_11,0.2120975797010648
00378.png,forehead,a_degradation_11,0.2735963463432252
00378.png,under-eyes,a_degradation_11,0.18936928709947148
00378.png,left-cheek,a_degradation_17,0.22865573488171584
00378.png,right-cheek,a_degradation_17,0.22673830371389236
00378.png,bottom-face,a_degradation_17,0.19016973785686814
00378.png,forehead,a_degradation_17,0.253994293075901
00378.png,under-eyes,a_degradation_17,0.1862006705037887
00387.png,left-cheek,original_roi,0.1843463158416442
00387.png,right-cheek,original_roi,0.2127082761162368
00387.png,bottom-face,original_roi,0.1621095693178232
00387.png,forehead,original_roi,0.2496974156351058
00387.png,under-eyes,original_roi,0.28536295160682545
00387.png,left-cheek,a_degradation_11,0.19338960178627768
00387.png,right-cheek,a_degradation_11,0.21383982159974996
00387.png,bottom-face,a_degradation_11,0.15928969510284594
00387.png,forehead,a_degradation_11,0.23880836453526028
00387.png,under-eyes,a_degradation_11,0.2590319568815555
00387.png,left-cheek,a_degradation_17,0.18123948077537408
00387.png,right-cheek,a_degradation_17,0.19703765723665684
00387.png,bottom-face,a_degradation_17,0.14882129023716803
00387.png,forehead,a_degradation_17,0.22073013594469978
00387.png,under-eyes,a_degradation_17,0.26706322702657925
00396.png,left-cheek,original_roi,0.25039863869429047
00396.png,right-cheek,original_roi,0.22370262435227709
00396.png,bottom-face,original_roi,0.2756123622241364
00396.png,forehead,original_roi,0.2882872787175324
00396.png,under-eyes,original_roi,0.259472630346641
00396.png,left-cheek,a_degradation_11,0.24502436578726927
00396.png,right-cheek,a_degradation_11,0.21838187696334196
00396.png,bottom-face,a_degradation_11,0.26524075963887006
00396.png,forehead,a_degradation_11,0.27205890186687537
00396.png,under-eyes,a_degradation_11,0.2455889717441442
00396.png,left-cheek,a_degradation_17,0.23462661779522073
00396.png,right-cheek,a_degradation_17,0.21587765709169304
00396.png,bottom-face,a_degradation_17,0.23151867047702734
00396.png,forehead,a_degradation_17,0.26296811907547213
00396.png,under-eyes,a_degradation_17,0.23925093349586765
00413.png,left-cheek,original_roi,0.24235944842548415
00413.png,right-cheek,original_roi,0.4254051785092087
00413.png,bottom-face,original_roi,0.22471121110315023
00413.png,forehead,original_roi,0.18656389819651512
00413.png,under-eyes,original_roi,0.20118092944268057
00413.png,left-cheek,a_degradation_11,0.22957403280262945
00413.png,right-cheek,a_degradation_11,0.37482831221039037
00413.png,bottom-face,a_degradation_11,0.2163020678832886
00413.png,forehead,a_degradation_11,0.18623751831175112
00413.png,under-eyes,a_degradation_11,0.192442322817869
00413.png,left-cheek,a_degradation_17,0.20676963167954027
00413.png,right-cheek,a_degradation_17,0.29445924848884036
00413.png,bottom-face,a_degradation_17,0.19575048198078931
00413.png,forehead,a_degradation_17,0.17638487542621364
00413.png,under-eyes,a_degradation_17,0.19059762625544757
00420.png,left-cheek,original_roi,0.25199769172665654
00420.png,right-cheek,original_roi,0.20167551742765857
00420.png,bottom-face,original_roi,0.20296906197796888
00420.png,forehead,original_roi,0.21673752451190778
00420.png,under-eyes,original_roi,0.25417365894041005
00420.png,left-cheek,a_degradation_11,0.2544522411289129
00420.png,right-cheek,a_degradation_11,0.19785613461740614
00420.png,bottom-face,a_degradation_11,0.20513196471795195
00420.png,forehead,a_degradation_11,0.20186590373110236
00420.png,under-eyes,a_degradation_11,0.24770087837465882
00420.png,left-cheek,a_degradation_17,0.22448775956810657
00420.png,right-cheek,a_degradation_17,0.18605090327543117
00420.png,bottom-face,a_degradation_17,0.1942619278368041
00420.png,forehead,a_degradation_17,0.2017806772990994
00420.png,under-eyes,a_degradation_17,0.238452579032908
00427.png,left-cheek,original_roi,0.3787978528396626
00427.png,right-cheek,original_roi,0.1768291130486038
00427.png,bottom-face,original_roi,0.18165833690307526
00427.png,forehead,original_roi,0.151448003185276
00427.png,under-eyes,original_roi,0.12734534976627113
00427.png,left-cheek,a_degradation_11,0.33106555786792197
00427.png,right-cheek,a_degradation_11,0.16337087415319435
00427.png,bottom-face,a_degradation_11,0.17543619619420642
00427.png,forehead,a_degradation_11,0.14363468499379986
00427.png,under-eyes,a_degradation_11,0.12986847636243026
00427.png,left-cheek,a_degradation_17,0.26823116427856764
00427.png,right-cheek,a_degradation_17,0.1485096404539464
00427.png,bottom-face,a_degradation_17,0.16780449122693367
00427.png,forehead,a_degradation_17,0.13820613868622028
00427.png,under-eyes,a_degradation_17,0.12302015732175679
00439.png,left-cheek,original_roi,0.25111723353430815
00439.png,right-cheek,original_roi,0.24525185683393388
00439.png,bottom-face,original_roi,0.26399459883792137
00439.png,forehead,original_roi,0.21985332725937745
00439.png,under-eyes,original_roi,0.19384418863990946
00439.png,left-cheek,a_degradation_11,0.24258107498229226
00439.png,right-cheek,a_degradation_11,0.24243653905376353
00439.png,bottom-face,a_degradation_11,0.2504795830236443
00439.png,forehead,a_degradation_11,0.22102103542762835
00439.png,under-eyes,a_degradation_11,0.18913737853200854
00439.png,left-cheek,a_degradation_17,0.21927983729987985
00439.png,right-cheek,a_degradation_17,0.21923013306236627
00439.png,bottom-face,a_degradation_17,0.22315758827653107
00439.png,forehead,a_degradation_17,0.21181845024259155
00439.png,under-eyes,a_degradation_17,0.18704023597397845
00445.png,left-cheek,original_roi,0.3894587156013776
00445.png,right-cheek,original_roi,0.3876085993311136
00445.png,bottom-face,original_roi,0.33462927691154387
00445.png,forehead,original_roi,0.37301968606114017
00445.png,under-eyes,original_roi,0.26732345288276627
00445.png,left-cheek,a_degradation_11,0.3395931457686926
00445.png,right-cheek,a_degradation_11,0.33417917334761615
00445.png,bottom-face,a_degradation_11,0.32681179064801674
00445.png,forehead,a_degradation_11,0.3626478304515667
00445.png,under-eyes,a_degradation_11,0.2572334748616951
00445.png,left-cheek,a_degradation_17,0.26885885966411494
00445.png,right-cheek,a_degradation_17,0.25745738218663167
00445.png,bottom-face,a_degradation_17,0.2875310327329617
00445.png,forehead,a_degradation_17,0.3209601169575316
00445.png,under-eyes,a_degradation_17,0.2476498396270576
00447.png,left-cheek,original_roi,0.235597544550505
00447.png,right-cheek,original_roi,0.3552641542805983
00447.png,bottom-face,original_roi,0.23655533951063298
00447.png,forehead,original_roi,0.2405590368051276
00447.png,under-eyes,original_roi,0.29832128627782495
00447.png,left-cheek,a_degradation_11,0.20575015078053052
00447.png,right-cheek,a_degradation_11,0.3278494418122941
00447.png,bottom-face,a_degradation_11,0.22260451508323803
00447.png,forehead,a_degradation_11,0.2241491799735353
00447.png,under-eyes,a_degradation_11,0.27833855750455144
00447.png,left-cheek,a_degradation_17,0.16792779884252323
00447.png,right-cheek,a_degradation_17,0.2729937883444592
00447.png,bottom-face,a_degradation_17,0.2046744440213587
00447.png,forehead,a_degradation_17,0.21478776753003828
00447.png,under-eyes,a_degradation_17,0.2531971955957759
00492.png,left-cheek,original_roi,0.3140448956336694
00492.png,right-cheek,original_roi,0.2355125770702073
00492.png,bottom-face,original_roi,0.2589750269939824
00492.png,forehead,original_roi,0.18085429055471636
00492.png,under-eyes,original_roi,0.20755533610476162
00492.png,left-cheek,a_degradation_11,0.30178331261469554
00492.png,right-cheek,a_degradation_11,0.22312477175289364
00492.png,bottom-face,a_degradation_11,0.2580740353605331
00492.png,forehead,a_degradation_11,0.1716869542562378
00492.png,under-eyes,a_degradation_11,0.20300767713675877
00492.png,left-cheek,a_degradation_17,0.2748144606939085
00492.png,right-cheek,a_degradation_17,0.20844700788292278
00492.png,bottom-face,a_degradation_17,0.23966763240084107
00492.png,forehead,a_degradation_17,0.16936663235174826
00492.png,under-eyes,a_degradation_17,0.19857722158007432
00536.png,left-cheek,original_roi,0.19802717287342586
00536.png,right-cheek,original_roi,0.17333478597798752
00536.png,bottom-face,original_roi,0.2050780880904379
00536.png,forehead,original_roi,0.19129816609619948
00536.png,under-eyes,original_roi,0.2259285579869966
00536.png,left-cheek,a_degradation_11,0.2051479341016729
00536.png,right-cheek,a_degradation_11,0.16282681143791206
00536.png,bottom-face,a_degradation_11,0.2068454821460989
00536.png,forehead,a_degradation_11,0.18060218238086007
00536.png,under-eyes,a_degradation_11,0.21947280738538924
00536.png,left-cheek,a_degradation_17,0.19870039840095388
00536.png,right-cheek,a_degradation_17,0.1549041084173349
00536.png,bottom-face,a_degradation_17,0.19200976807505435
00536.png,forehead,a_degradation_17,0.1803951411522786
00536.png,under-eyes,a_degradation_17,0.21406754643038126
00566.png,left-cheek,original_roi,0.19196763563218175
00566.png,right-cheek,original_roi,0.16332082065536535
00566.png,bottom-face,original_roi,0.16598396100924404
00566.png,forehead,original_roi,0.14618501579399973
00566.png,under-eyes,original_roi,0.20786173433009078
00566.png,left-cheek,a_degradation_11,0.19250543191769606
00566.png,right-cheek,a_degradation_11,0.168016099214127
00566.png,bottom-face,a_degradation_11,0.16699681316809087
00566.png,forehead,a_degradation_11,0.14107851761590467
00566.png,under-eyes,a_degradation_11,0.19896094508953538
00566.png,left-cheek,a_degradation_17,0.17866670996840783
00566.png,right-cheek,a_degradation_17,0.15763422829906026
00566.png,bottom-face,a_degradation_17,0.1538487784703646
00566.png,forehead,a_degradation_17,0.14029350009090152
00566.png,under-eyes,a_degradation_17,0.1887609362416498
00570.png,left-cheek,original_roi,0.20471403909560495
00570.png,right-cheek,original_roi,0.21186821646850487
00570.png,bottom-face,original_roi,0.13865420878262616
00570.png,forehead,original_roi,0.14829894775786412
00570.png,under-eyes,original_roi,0.12912065363094916
00570.png,left-cheek,a_degradation_11,0.20502234563264435
00570.png,right-cheek,a_degradation_11,0.20631175340258384
00570.png,bottom-face,a_degradation_11,0.136507932282119
00570.png,forehead,a_degradation_11,0.1420069246008515
00570.png,under-eyes,a_degradation_11,0.12769556291329212
00570.png,left-cheek,a_degradation_17,0.19106917698213782
00570.png,right-cheek,a_degradation_17,0.1841728911388134
00570.png,bottom-face,a_degradation_17,0.13198890589351034
00570.png,forehead,a_degradation_17,0.13945813634858495
00570.png,under-eyes,a_degradation_17,0.12706364432016767
00652.png,left-cheek,original_roi,0.24384797233217953
00652.png,right-cheek,original_roi,0.2195284797799431
00652.png,bottom-face,original_roi,0.18571844291747874
00652.png,forehead,original_roi,0.3524007464901515
00652.png,under-eyes,original_roi,0.2850175538279478
00652.png,left-cheek,a_degradation_11,0.2377668247751525
00652.png,right-cheek,a_degradation_11,0.21219559140212796
00652.png,bottom-face,a_degradation_11,0.18204393402612246
00652.png,forehead,a_degradation_11,0.32597209847658765
00652.png,under-eyes,a_degradation_11,0.2710990812485266
00652.png,left-cheek,a_degradation_17,0.22473860010345373
00652.png,right-cheek,a_degradation_17,0.1997026968989557
00652.png,bottom-face,a_degradation_17,0.16956593631831057
00652.png,forehead,a_degradation_17,0.29839740477672155
00652.png,under-eyes,a_degradation_17,0.2631353880657786
00656.png,left-cheek,original_roi,0.17799182249236162
00656.png,right-cheek,original_roi,0.16280369470372913
00656.png,bottom-face,original_roi,0.2728710211645486
00656.png,forehead,original_roi,0.18835892139738913
00656.png,under-eyes,original_roi,0.20947029361681202
00656.png,left-cheek,a_degradation_11,0.18034914991103418
00656.png,right-cheek,a_degradation_11,0.15913337917843381
00656.png,bottom-face,a_degradation_11,0.2587833983540681
00656.png,forehead,a_degradation_11,0.1817243697784243
00656.png,under-eyes,a_degradation_11,0.20132394692545572
00656.png,left-cheek,a_degradation_17,0.17241844855743996
00656.png,right-cheek,a_degradation_17,0.15179505854662834
00656.png,bottom-face,a_degradation_17,0.23868418496021215
00656.png,forehead,a_degradation_17,0.17563949120734712
00656.png,under-eyes,a_degradation_17,0.19817093920797685
00675.png,left-cheek,original_roi,0.2912185229106909
00675.png,right-cheek,original_roi,0.18301850842553807
00675.png,bottom-face,original_roi,0.13939840990712257
00675.png,forehead,original_roi,0.18084131440082987
00675.png,under-eyes,original_roi,0.1504766053032579
00675.png,left-cheek,a_degradation_11,0.2875738766269205
00675.png,right-cheek,a_degradation_11,0.17801752953405106
00675.png,bottom-face,a_degradation_11,0.13531997523443237
00675.png,forehead,a_degradation_11,0.17856736277573396
00675.png,under-eyes,a_degradation_11,0.14454922396960554
00675.png,left-cheek,a_degradation_17,0.28567721594887724
00675.png,right-cheek,a_degradation_17,0.15879199984383935
00675.png,bottom-face,a_degradation_17,0.13165467355141616
00675.png,forehead,a_degradation_17,0.1716544817733915
00675.png,under-eyes,a_degradation_17,0.14274939573291925
00679.png,left-cheek,original_roi,0.14257659791499797
00679.png,right-cheek,original_roi,0.2161121003408406
00679.png,bottom-face,original_roi,0.1535578812400815
00679.png,forehead,original_roi,0.17826728259768204
00679.png,under-eyes,original_roi,0.1690454822475732
00679.png,left-cheek,a_degradation_11,0.14132855555685658
00679.png,right-cheek,a_degradation_11,0.20560029714883643
00679.png,bottom-face,a_degradation_11,0.14894337959915424
00679.png,forehead,a_degradation_11,0.17354833953440935
00679.png,under-eyes,a_degradation_11,0.16648802586933198
00679.png,left-cheek,a_degradation_17,0.14347741412534495
00679.png,right-cheek,a_degradation_17,0.18130449351301478
00679.png,bottom-face,a_degradation_17,0.14150159624767936
00679.png,forehead,a_degradation_17,0.16968762719454697
00679.png,under-eyes,a_degradation_17,0.16227488347049138
00689.png,left-cheek,original_roi,0.1852937750637059
00689.png,right-cheek,original_roi,0.25706200230234005
00689.png,bottom-face,original_roi,0.18434395688337712
00689.png,forehead,original_roi,0.21936483076597107
00689.png,under-eyes,original_roi,0.24683842405783868
00689.png,left-cheek,a_degradation_11,0.18715883916312132
00689.png,right-cheek,a_degradation_11,0.26523686491690585
00689.png,bottom-face,a_degradation_11,0.17819111873335808
00689.png,forehead,a_degradation_11,0.21036743898538823
00689.png,under-eyes,a_degradation_11,0.2333467095545823
00689.png,left-cheek,a_degradation_17,0.18131077480107102
00689.png,right-cheek,a_degradation_17,0.25534422945086505
00689.png,bottom-face,a_degradation_17,0.1673413330444238
00689.png,forehead,a_degradation_17,0.2059062453789205
00689.png,under-eyes,a_degradation_17,0.22650248183824362
01000.png,left-cheek,original_roi,0.182125342403068
01000.png,right-cheek,original_roi,0.22173792567754447
01000.png,bottom-face,original_roi,0.19702626983892296
01000.png,forehead,original_roi,0.1488276682276022
01000.png,under-eyes,original_roi,0.11773929760265468
01000.png,left-cheek,a_degradation_11,0.16715743718748355
01000.png,right-cheek,a_degradation_11,0.21886448965577837
01000.png,bottom-face,a_degradation_11,0.18201718610681672
01000.png,forehead,a_degradation_11,0.14354865517527404
01000.png,under-eyes,a_degradation_11,0.11085716305903588
01000.png,left-cheek,a_degradation_17,0.14947999042613344
01000.png,right-cheek,a_degradation_17,0.22635473948719556
01000.png,bottom-face,a_degradation_17,0.17041537402559406
01000.png,forehead,a_degradation_17,0.14170098513864743
01000.png,under-eyes,a_degradation_17,0.10296642898447787
01012.png,left-cheek,original_roi,0.14767979101324313
01012.png,right-cheek,original_roi,0.15624482434623654
01012.png,bottom-face,original_roi,0.20108489615908057
01012.png,forehead,original_roi,0.10985288446493514
01012.png,under-eyes,original_roi,0.1419023280133448
01012.png,left-cheek,a_degradation_11,0.13949991852950444
01012.png,right-cheek,a_degradation_11,0.14620497468932275
01012.png,bottom-face,a_degradation_11,0.18532848858918122
01012.png,forehead,a_degradation_11,0.10752236053057275
01012.png,under-eyes,a_degradation_11,0.1380580996565433
01012.png,left-cheek,a_degradation_17,0.12693580588863002
01012.png,right-cheek,a_degradation_17,0.14090666287789372
01012.png,bottom-face,a_degradation_17,0.17848949990760626
01012.png,forehead,a_degradation_17,0.108211446042341
01012.png,under-eyes,a_degradation_17,0.1366849156589731
01014.png,left-cheek,original_roi,0.3240847694084359
01014.png,right-cheek,original_roi,0.2637909930791864
01014.png,bottom-face,original_roi,0.3022803449515391
01014.png,forehead,original_roi,0.2942072669455312
01014.png,under-eyes,original_roi,0.23084816528032592
01014.png,left-cheek,a_degradation_11,0.3130074534422986
01014.png,right-cheek,a_degradation_11,0.26019428212025264
01014.png,bottom-face,a_degradation_11,0.2933396086021935
01014.png,forehead,a_degradation_11,0.27304909801929866
01014.png,under-eyes,a_degradation_11,0.23111965333462642
01014.png,left-cheek,a_degradation_17,0.28018796063047935
01014.png,right-cheek,a_degradation_17,0.23191796557970312
01014.png,bottom-face,a_degradation_17,0.25467219708120364
01014.png,forehead,a_degradation_17,0.26212809783511476
01014.png,under-eyes,a_degradation_17,0.22096378110851295
01018.png,left-cheek,original_roi,0.21582554991242037
01018.png,right-cheek,original_roi,0.22141726696122127
01018.png,bottom-face,original_roi,0.255525143389994
01018.png,forehead,original_roi,0.24273352680042548
01018.png,under-eyes,original_roi,0.1860286009863977
01018.png,left-cheek,a_degradation_11,0.19934953548627232
01018.png,right-cheek,a_degradation_11,0.20801894281385527
01018.png,bottom-face,a_degradation_11,0.22535659263177113
01018.png,forehead,a_degradation_11,0.2338189782644414
01018.png,under-eyes,a_degradation_11,0.18119174069883498
01018.png,left-cheek,a_degradation_17,0.18435830115721502
01018.png,right-cheek,a_degradation_17,0.1825931527184635
01018.png,bottom-face,a_degradation_17,0.20793801718818783
01018.png,forehead,a_degradation_17,0.2182065933866297
01018.png,under-eyes,a_degradation_17,0.17649587082616888
01031.png,left-cheek,original_roi,0.24337766116199722
01031.png,right-cheek,original_roi,0.22920380535879273
01031.png,bottom-face,original_roi,0.22389331169052953
01031.png,forehead,original_roi,0.2031716157098704
01031.png,under-eyes,original_roi,0.19813149700886698
01031.png,left-cheek,a_degradation_11,0.22525941334643215
01031.png,right-cheek,a_degradation_11,0.22944718652738694
01031.png,bottom-face,a_degradation_11,0.21532477924296364
01031.png,forehead,a_degradation_11,0.2024552665057758
01031.png,under-eyes,a_degradation_11,0.1851909119868612
01031.png,left-cheek,a_degradation_17,0.20962132737717398
01031.png,right-cheek,a_degradation_17,0.2222706181914287
01031.png,bottom-face,a_degradation_17,0.2024626282718249
01031.png,forehead,a_degradation_17,0.1984581651611204
01031.png,under-eyes,a_degradation_17,0.18370707399541578
01033.png,left-cheek,original_roi,0.29712135107508497
01033.png,right-cheek,original_roi,0.23278740964698566
01033.png,bottom-face,original_roi,0.2353836505724032
01033.png,forehead,original_roi,0.225628969740122
01033.png,under-eyes,original_roi,0.24342898207223837
01033.png,left-cheek,a_degradation_11,0.29102322702500594
01033.png,right-cheek,a_degradation_11,0.2290476896625475
01033.png,bottom-face,a_degradation_11,0.2285991499905459
01033.png,forehead,a_degradation_11,0.21414134856374845
01033.png,under-eyes,a_degradation_11,0.22850110408318058
01033.png,left-cheek,a_degradation_17,0.2507848611566633
01033.png,right-cheek,a_degradation_17,0.20765537445329457
01033.png,bottom-face,a_degradation_17,0.20640524371472874
01033.png,forehead,a_degradation_17,0.21464651918220468
01033.png,under-eyes,a_degradation_17,0.22767390843755891
01044.png,left-cheek,original_roi,0.31018962938246664
01044.png,right-cheek,original_roi,0.3467287743450629
01044.png,bottom-face,original_roi,0.3024464256774816
01044.png,forehead,original_roi,0.283223832050987
01044.png,under-eyes,original_roi,0.30887546274801286
01044.png,left-cheek,a_degradation_11,0.32076127576081664
01044.png,right-cheek,a_degradation_11,0.3329288304421885
01044.png,bottom-face,a_degradation_11,0.27713844020214756
01044.png,forehead,a_degradation_11,0.2593449491271373
01044.png,under-eyes,a_degradation_11,0.2788979303237259
01044.png,left-cheek,a_degradation_17,0.31599091707226223
01044.png,right-cheek,a_degradation_17,0.2662848576866146
01044.png,bottom-face,a_degradation_17,0.2370231998604411
01044.png,forehead,a_degradation_17,0.24680730534922388
01044.png,under-eyes,a_degradation_17,0.27337075514673825
01051.png,left-cheek,original_roi,0.23058553416766464
01051.png,right-cheek,original_roi,0.3403461667273525
01051.png,bottom-face,original_roi,0.3585133335614837
01051.png,forehead,original_roi,0.21167275038937372
01051.png,under-eyes,original_roi,0.19313245176954108
01051.png,left-cheek,a_degradation_11,0.2031913121575985
01051.png,right-cheek,a_degradation_11,0.2928258833566281
01051.png,bottom-face,a_degradation_11,0.2893604679600662
01051.png,forehead,a_degradation_11,0.20547542269652275
01051.png,under-eyes,a_degradation_11,0.1822225899621355
01051.png,left-cheek,a_degradation_17,0.18036074324517454
01051.png,right-cheek,a_degradation_17,0.24146121899366343
01051.png,bottom-face,a_degradation_17,0.2549736617589304
01051.png,forehead,a_degradation_17,0.18877452712634776
01051.png,under-eyes,a_degradation_17,0.17561018814202284
01054.png,left-cheek,original_roi,0.37251870256503794
01054.png,right-cheek,original_roi,0.39617036154667007
01054.png,bottom-face,original_roi,0.3209396603559791
01054.png,forehead,original_roi,0.29195915340599476
01054.png,under-eyes,original_roi,0.2327714630638705
01054.png,left-cheek,a_degradation_11,0.3251629630396552
01054.png,right-cheek,a_degradation_11,0.37658853834173134
01054.png,bottom-face,a_degradation_11,0.2751657455364404
01054.png,forehead,a_degradation_11,0.2738768455494051
01054.png,under-eyes,a_degradation_11,0.22693480600137378
01054.png,left-cheek,a_degradation_17,0.24870931467187268
01054.png,right-cheek,a_degradation_17,0.34645971843890744
01054.png,bottom-face,a_degradation_17,0.23310374593466576
01054.png,forehead,a_degradation_17,0.24565289581721453
01054.png,under-eyes,a_degradation_17,0.21770511373995233
01059.png,left-cheek,original_roi,0.3793434360314664
01059.png,right-cheek,original_roi,0.25354044567112427
01059.png,bottom-face,original_roi,0.2064420728060788
01059.png,forehead,original_roi,0.21257903769195877
01059.png,under-eyes,original_roi,0.2739910394766113
01059.png,left-cheek,a_degradation_11,0.34442651354719384
01059.png,right-cheek,a_degradation_11,0.25522479906923085
01059.png,bottom-face,a_degradation_11,0.19546941539442536
01059.png,forehead,a_degradation_11,0.2116544153218374
01059.png,under-eyes,a_degradation_11,0.2620904328106965
01059.png,left-cheek,a_degradation_17,0.30343477228954086
01059.png,right-cheek,a_degradation_17,0.25629948980208045
01059.png,bottom-face,a_degradation_17,0.18032984728063253
01059.png,forehead,a_degradation_17,0.19889417825492586
01059.png,under-eyes,a_degradation_17,0.24551397653401272
01064.png,left-cheek,original_roi,0.2765642656409272
01064.png,right-cheek,original_roi,0.31641923637163943
01064.png,bottom-face,original_roi,0.2584336614615549
01064.png,forehead,original_roi,0.3117954400255877
01064.png,under-eyes,original_roi,0.32556733506239954
01064.png,left-cheek,a_degradation_11,0.2723874465790103
01064.png,right-cheek,a_degradation_11,0.31145950182128784
01064.png,bottom-face,a_degradation_11,0.2513629902884222
01064.png,forehead,a_degradation_11,0.29762939051628906
01064.png,under-eyes,a_degradation_11,0.30314887672093677
01064.png,left-cheek,a_degradation_17,0.2540749057333962
01064.png,right-cheek,a_degradation_17,0.27310030103121485
01064.png,bottom-face,a_degradation_17,0.2196866616893663
01064.png,forehead,a_degradation_17,0.2805126822335864
01064.png,under-eyes,a_degradation_17,0.28619793472048527
01068.png,left-cheek,original_roi,0.22254369573357036
01068.png,right-cheek,original_roi,0.2183489409321205
01068.png,bottom-face,original_roi,0.24332268396110354
01068.png,forehead,original_roi,0.20171940002629568
01068.png,under-eyes,original_roi,0.23275963970231708
01068.png,left-cheek,a_degradation_11,0.21252605364606889
01068.png,right-cheek,a_degradation_11,0.21755442281980486
01068.png,bottom-face,a_degradation_11,0.23055245287982581
01068.png,forehead,a_degradation_11,0.1993264632024277
01068.png,under-eyes,a_degradation_11,0.21769556455273295
01068.png,left-cheek,a_degradation_17,0.19474181806447674
01068.png,right-cheek,a_degradation_17,0.1856172001231375
01068.png,bottom-face,a_degradation_17,0.20566285257311293
01068.png,forehead,a_degradation_17,0.18801984149623754
01068.png,under-eyes,a_degradation_17,0.22260344116845387
01080.png,left-cheek,original_roi,0.35557841732878137
01080.png,right-cheek,original_roi,0.32739088315727677
01080.png,bottom-face,original_roi,0.3489990093814477
01080.png,forehead,original_roi,0.2085821517679124
01080.png,under-eyes,original_roi,0.21366192025863343
01080.png,left-cheek,a_degradation_11,0.33912883377335257
01080.png,right-cheek,a_degradation_11,0.3331456738137067
01080.png,bottom-face,a_degradation_11,0.32181558847274894
01080.png,forehead,a_degradation_11,0.20272919061012143
01080.png,under-eyes,a_degradation_11,0.19980658847389238
01080.png,left-cheek,a_degradation_17,0.2720704645419882
01080.png,right-cheek,a_degradation_17,0.28576794775643916
01080.png,bottom-face,a_degradation_17,0.27950905932892833
01080.png,forehead,a_degradation_17,0.19022822793905259
01080.png,under-eyes,a_degradation_17,0.201290425263615
01084.png,left-cheek,original_roi,0.3739046819876541
01084.png,right-cheek,original_roi,0.265384279857621
01084.png,bottom-face,original_roi,0.2730902269214977
01084.png,forehead,original_roi,0.21683590238715925
01084.png,under-eyes,original_roi,0.2510839783007091
01084.png,left-cheek,a_degradation_11,0.3519239228851708
01084.png,right-cheek,a_degradation_11,0.24617578753946956
01084.png,bottom-face,a_degradation_11,0.2582631045402399
01084.png,forehead,a_degradation_11,0.21087060167351301
01084.png,under-eyes,a_degradation_11,0.24491533794373574
01084.png,left-cheek,a_degradation_17,0.345780563686291
01084.png,right-cheek,a_degradation_17,0.2060140342659909
01084.png,bottom-face,a_degradation_17,0.2261254744816799
01084.png,forehead,a_degradation_17,0.20442368972511016
01084.png,under-eyes,a_degradation_17,0.21804958103164365
01088.png,left-cheek,original_roi,0.2582187513983719
01088.png,right-cheek,original_roi,0.29803597302061824
01088.png,bottom-face,original_roi,0.29473065441579205
01088.png,forehead,original_roi,0.13172570486446017
01088.png,under-eyes,original_roi,0.27517368645325063
01088.png,left-cheek,a_degradation_11,0.2556755281858166
01088.png,right-cheek,a_degradation_11,0.2573357151338623
01088.png,bottom-face,a_degradation_11,0.2718013077114862
01088.png,forehead,a_degradation_11,0.1277018892770598
01088.png,under-eyes,a_degradation_11,0.2572882353160385
01088.png,left-cheek,a_degradation_17,0.23939040370268222
01088.png,right-cheek,a_degradation_17,0.21348107283769216
01088.png,bottom-face,a_degradation_17,0.23155208141704153
01088.png,forehead,a_degradation_17,0.12410335977651889
01088.png,under-eyes,a_degradation_17,0.24998550126600225
01103.png,left-cheek,original_roi,0.3832792457061038
01103.png,right-cheek,original_roi,0.301466251732353
01103.png,bottom-face,original_roi,0.3571328538782015
01103.png,forehead,original_roi,0.26997332426913495
01103.png,under-eyes,original_roi,0.2162599611681668
01103.png,left-cheek,a_degradation_11,0.34550385133293926
01103.png,right-cheek,a_degradation_11,0.28651352223948856
01103.png,bottom-face,a_degradation_11,0.3030089924477304
01103.png,forehead,a_degradation_11,0.25508443076483883
01103.png,under-eyes,a_degradation_11,0.20813586660521857
01103.png,left-cheek,a_degradation_17,0.2771331994327705
01103.png,right-cheek,a_degradation_17,0.23599776751265023
01103.png,bottom-face,a_degradation_17,0.2570800326957093
01103.png,forehead,a_degradation_17,0.23587495890237192
01103.png,under-eyes,a_degradation_17,0.20447156206225783
01104.png,left-cheek,original_roi,0.3285457269742494
01104.png,right-cheek,original_roi,0.2658745152341331
01104.png,bottom-face,original_roi,0.3287914093627421
01104.png,forehead,original_roi,0.3013510537805502
01104.png,under-eyes,original_roi,0.2658196250183732
01104.png,left-cheek,a_degradation_11,0.3116628557299988
01104.png,right-cheek,a_degradation_11,0.2566864286101565
01104.png,bottom-face,a_degradation_11,0.290750626098812
01104.png,forehead,a_degradation_11,0.28245128246130624
01104.png,under-eyes,a_degradation_11,0.2529106060267612
01104.png,left-cheek,a_degradation_17,0.26783338369479065
01104.png,right-cheek,a_degradation_17,0.22006837097965992
01104.png,bottom-face,a_degradation_17,0.256720958285669
01104.png,forehead,a_degradation_17,0.2686018258220996
01104.png,under-eyes,a_degradation_17,0.24578284004247342
01126.png,left-cheek,original_roi,0.2870466141959215
01126.png,right-cheek,original_roi,0.29356949831289736
01126.png,bottom-face,original_roi,0.28886477227282376
01126.png,forehead,original_roi,0.24878833027428116
01126.png,under-eyes,original_roi,0.28370498675956723
01126.png,left-cheek,a_degradation_11,0.2879979375513909
01126.png,right-cheek,a_degradation_11,0.28473244794793995
01126.png,bottom-face,a_degradation_11,0.25990716663723923
01126.png,forehead,a_degradation_11,0.2357620458295955
01126.png,under-eyes,a_degradation_11,0.25729266005832746
01126.png,left-cheek,a_degradation_17,0.27606231572806167
01126.png,right-cheek,a_degradation_17,0.2309715002377336
01126.png,bottom-face,a_degradation_17,0.23831158513737463
01126.png,forehead,a_degradation_17,0.22306156985656364
01126.png,under-eyes,a_degradation_17,0.25641507503277616
01148.png,left-cheek,original_roi,0.31922497853807147
01148.png,right-cheek,original_roi,0.36003387300650946
01148.png,bottom-face,original_roi,0.2849569673471273
01148.png,forehead,original_roi,0.23828686773196772
01148.png,under-eyes,original_roi,0.2716445262200285
01148.png,left-cheek,a_degradation_11,0.31045471368775635
01148.png,right-cheek,a_degradation_11,0.35841642319003575
01148.png,bottom-face,a_degradation_11,0.2618463813116515
01148.png,forehead,a_degradation_11,0.2280159710403521
01148.png,under-eyes,a_degradation_11,0.25144911103160056
01148.png,left-cheek,a_degradation_17,0.2635875967809803
01148.png,right-cheek,a_degradation_17,0.32964278197289765
01148.png,bottom-face,a_degradation_17,0.23146376381888964
01148.png,forehead,a_degradation_17,0.21671440901435599
01148.png,under-eyes,a_degradation_17,0.255774469955665
01165.png,left-cheek,original_roi,0.28618844409242467
01165.png,right-cheek,original_roi,0.1350122524234536
01165.png,bottom-face,original_roi,0.22188016031367203
01165.png,forehead,original_roi,0.17504991628554473
01165.png,under-eyes,original_roi,0.1822088753010095
01165.png,left-cheek,a_degradation_11,0.30698638139798534
01165.png,right-cheek,a_degradation_11,0.12808826120838324
01165.png,bottom-face,a_degradation_11,0.211949107562359
01165.png,forehead,a_degradation_11,0.16709965340848665
01165.png,under-eyes,a_degradation_11,0.17681322638057903
01165.png,left-cheek,a_degradation_17,0.25323717760089925
01165.png,right-cheek,a_degradation_17,0.1210437517465695
01165.png,bottom-face,a_degradation_17,0.1865666616106644
01165.png,forehead,a_degradation_17,0.16743409448955254
01165.png,under-eyes,a_degradation_17,0.16402573800434714
01168.png,left-cheek,original_roi,0.19234383485584947
01168.png,right-cheek,original_roi,0.23747555443083365
01168.png,bottom-face,original_roi,0.21188901389019238
01168.png,forehead,original_roi,0.19581296600860926
01168.png,under-eyes,original_roi,0.17784560843246963
01168.png,left-cheek,a_degradation_11,0.17749904219250154
01168.png,right-cheek,a_degradation_11,0.21619083933697714
01168.png,bottom-face,a_degradation_11,0.20062148643978123
01168.png,forehead,a_degradation_11,0.19597024484609216
01168.png,under-eyes,a_degradation_11,0.16902620598851825
01168.png,left-cheek,a_degradation_17,0.1698866473609117
01168.png,right-cheek,a_degradation_17,0.1920816106508778
01168.png,bottom-face,a_degradation_17,0.17992225596890324
01168.png,forehead,a_degradation_17,0.18971822209693065
01168.png,under-eyes,a_degradation_17,0.16752595313760796
01171.png,left-cheek,original_roi,0.31402991332912183
01171.png,right-cheek,original_roi,0.20420859277078024
01171.png,bottom-face,original_roi,0.2720854911349746
01171.png,forehead,original_roi,0.1650855959713627
01171.png,under-eyes,original_roi,0.25135171758581093
01171.png,left-cheek,a_degradation_11,0.3010807981347666
01171.png,right-cheek,a_degradation_11,0.2019673672415175
01171.png,bottom-face,a_degradation_11,0.24628353939847772
01171.png,forehead,a_degradation_11,0.16186929695217805
01171.png,under-eyes,a_degradation_11,0.2367688310431161
01171.png,left-cheek,a_degradation_17,0.28894657603835144
01171.png,right-cheek,a_degradation_17,0.184723741246622
01171.png,bottom-face,a_degradation_17,0.22694503376828826
01171.png,forehead,a_degradation_17,0.15149290183490008
01171.png,under-eyes,a_degradation_17,0.23647092776990758
01174.png,left-cheek,original_roi,0.10269926782271885
01174.png,right-cheek,original_roi,
01174.png,bottom-face,original_roi,0.15939287527181753
01174.png,forehead,original_roi,0.13852528728273614
01174.png,under-eyes,original_roi,0.13636191105266968
01174.png,left-cheek,a_degradation_11,0.1051135098767134
01174.png,right-cheek,a_degradation_11,
01174.png,bottom-face,a_degradation_11,0.15604648563934873
01174.png,forehead,a_degradation_11,0.13947976945525523
01174.png,under-eyes,a_degradation_11,0.13077789604167742
01174.png,left-cheek,a_degradation_17,0.10958763263241252
01174.png,right-cheek,a_degradation_17,
01174.png,bottom-face,a_degradation_17,0.15247427065934516
01174.png,forehead,a_degradation_17,0.1352318334665037
01174.png,under-eyes,a_degradation_17,0.13209914266311454
01177.png,left-cheek,original_roi,0.14096175374147268
01177.png,right-cheek,original_roi,0.1501707459767567
01177.png,bottom-face,original_roi,0.16706303555201804
01177.png,forehead,original_roi,0.12253863249984842
01177.png,under-eyes,original_roi,0.13743365350257572
01177.png,left-cheek,a_degradation_11,0.13216460478778058
01177.png,right-cheek,a_degradation_11,0.14355745914937143
01177.png,bottom-face,a_degradation_11,0.15771931566645794
01177.png,forehead,a_degradation_11,0.11792167147527671
01177.png,under-eyes,a_degradation_11,0.13285485317527101
01177.png,left-cheek,a_degradation_17,0.11650739361248039
01177.png,right-cheek,a_degradation_17,0.12585093588218235
01177.png,bottom-face,a_degradation_17,0.1456401988482841
01177.png,forehead,a_degradation_17,0.11269400651161862
01177.png,under-eyes,a_degradation_17,0.13211077380333824
01179.png,left-cheek,original_roi,0.2778191466178666
01179.png,right-cheek,original_roi,0.2369812380878981
01179.png,bottom-face,original_roi,0.2741105200367897
01179.png,forehead,original_roi,0.24853881810965886
01179.png,under-eyes,original_roi,0.23673350095416612
01179.png,left-cheek,a_degradation_11,0.2664310411387258
01179.png,right-cheek,a_degradation_11,0.2063044926374432
01179.png,bottom-face,a_degradation_11,0.2489274971417476
01179.png,forehead,a_degradation_11,0.2430853785822959
01179.png,under-eyes,a_degradation_11,0.2221371946721729
01179.png,left-cheek,a_degradation_17,0.2209603814694571
01179.png,right-cheek,a_degradation_17,0.1789289058347868
01179.png,bottom-face,a_degradation_17,0.21586558782216828
01179.png,forehead,a_degradation_17,0.22289848699060835
01179.png,under-eyes,a_degradation_17,0.2288149508352598
01186.png,left-cheek,original_roi,0.2104408209948724
01186.png,right-cheek,original_roi,0.1471168067432951
01186.png,bottom-face,original_roi,0.1576845857071449
01186.png,forehead,original_roi,0.15883562611190372
01186.png,under-eyes,original_roi,0.22684591686568306
01186.png,left-cheek,a_degradation_11,0.20968757575876953
01186.png,right-cheek,a_degradation_11,0.1464163998080248
01186.png,bottom-face,a_degradation_11,0.15091671245862923
01186.png,forehead,a_degradation_11,0.1534941096751055
01186.png,under-eyes,a_degradation_11,0.2213766839308612
01186.png,left-cheek,a_degradation_17,0.19506309419822834
01186.png,right-cheek,a_degradation_17,0.14469883957871832
01186.png,bottom-face,a_degradation_17,0.14732590495306563
01186.png,forehead,a_degradation_17,0.14910813119889055
01186.png,under-eyes,a_degradation_17,0.2055288194442828
01189.png,left-cheek,original_roi,0.24627946568451695
01189.png,right-cheek,original_roi,0.26825944261000895
01189.png,bottom-face,original_roi,0.2639726997495289
01189.png,forehead,original_roi,0.16944665625745464
01189.png,under-eyes,original_roi,0.1027477882189684
01189.png,left-cheek,a_degradation_11,0.22407935197742854
01189.png,right-cheek,a_degradation_11,0.2425806077882187
01189.png,bottom-face,a_degradation_11,0.24459840599179505
01189.png,forehead,a_degradation_11,0.16597620517721248
01189.png,under-eyes,a_degradation_11,0.10329166224823497
01189.png,left-cheek,a_degradation_17,0.2122105971444575
01189.png,right-cheek,a_degradation_17,0.19679861098590848
01189.png,bottom-face,a_degradation_17,0.22201983275236487
01189.png,forehead,a_degradation_17,0.15695522114807908
01189.png,under-eyes,a_degradation_17,0.0999342497451516
01196.png,left-cheek,original_roi,0.2800922314130053
01196.png,right-cheek,original_roi,0.2479225797566143
01196.png,bottom-face,original_roi,0.31254636637000277
01196.png,forehead,original_roi,0.21573155670990377
01196.png,under-eyes,original_roi,0.2472815438657057
01196.png,left-cheek,a_degradation_11,0.2549903539897189
01196.png,right-cheek,a_degradation_11,0.22479331681633102
01196.png,bottom-face,a_degradation_11,0.2855449571258499
01196.png,forehead,a_degradation_11,0.2047976850261678
01196.png,under-eyes,a_degradation_11,0.23294467280497666
01196.png,left-cheek,a_degradation_17,0.21455590574951655
01196.png,right-cheek,a_degradation_17,0.1935035767655495
01196.png,bottom-face,a_degradation_17,0.2340549956115358
01196.png,forehead,a_degradation_17,0.2002746839900275
01196.png,under-eyes,a_degradation_17,0.22677946398881338
01212.png,left-cheek,original_roi,0.2961946101318417
01212.png,right-cheek,original_roi,0.26698062517728394
01212.png,bottom-face,original_roi,0.23639248759109
01212.png,forehead,original_roi,0.1904944409232954
01212.png,under-eyes,original_roi,0.1909192842850114
01212.png,left-cheek,a_degradation_11,0.2908673276728972
01212.png,right-cheek,a_degradation_11,0.2537575493071175
01212.png,bottom-face,a_degradation_11,0.21792953685388086
01212.png,forehead,a_degradation_11,0.18397357425627242
01212.png,under-eyes,a_degradation_11,0.18453023408832125
01212.png,left-cheek,a_degradation_17,0.2905356151573193
01212.png,right-cheek,a_degradation_17,0.2108028647852318
01212.png,bottom-face,a_degradation_17,0.19454422410679165
01212.png,forehead,a_degradation_17,0.17042529532361894
01212.png,under-eyes,a_degradation_17,0.1798936557285798
01217.png,left-cheek,original_roi,0.22619498084208323
01217.png,right-cheek,original_roi,0.14726986550193752
01217.png,bottom-face,original_roi,0.1647200121609068
01217.png,forehead,original_roi,0.17642436512589926
01217.png,under-eyes,original_roi,0.14716469897561987
01217.png,left-cheek,a_degradation_11,0.2248161002650014
01217.png,right-cheek,a_degradation_11,0.14620643329653746
01217.png,bottom-face,a_degradation_11,0.16261992180347698
01217.png,forehead,a_degradation_11,0.16940663793325275
01217.png,under-eyes,a_degradation_11,0.14481178566768574
01217.png,left-cheek,a_degradation_17,0.22895955074994306
01217.png,right-cheek,a_degradation_17,0.13548100141357103
01217.png,bottom-face,a_degradation_17,0.15567959547796398
01217.png,forehead,a_degradation_17,0.16247666402424277
01217.png,under-eyes,a_degradation_17,0.1401975098013903
01224.png,left-cheek,original_roi,0.12992600794783488
01224.png,right-cheek,original_roi,0.18625983350332714
01224.png,bottom-face,original_roi,0.1265183011173839
01224.png,forehead,original_roi,0.11965999317085953
01224.png,under-eyes,original_roi,0.15346351975145658
01224.png,left-cheek,a_degradation_11,0.11979001469911728
01224.png,right-cheek,a_degradation_11,0.1611689216492961
01224.png,bottom-face,a_degradation_11,0.12617039755131415
01224.png,forehead,a_degradation_11,0.11547579699753632
01224.png,under-eyes,a_degradation_11,0.1424291949586504
01224.png,left-cheek,a_degradation_17,0.10639456201152543
01224.png,right-cheek,a_degradation_17,0.14203709555138164
01224.png,bottom-face,a_degradation_17,0.1271274000555313
01224.png,forehead,a_degradation_17,0.1092993034542857
01224.png,under-eyes,a_degradation_17,0.1334880710971753
01238.png,left-cheek,original_roi,0.37815585759093867
01238.png,right-cheek,original_roi,0.33947389463577404
01238.png,bottom-face,original_roi,0.32143039739378537
01238.png,forehead,original_roi,0.22285132749512968
01238.png,under-eyes,original_roi,0.24002463891228032
01238.png,left-cheek,a_degradation_11,0.32905218875864717
01238.png,right-cheek,a_degradation_11,0.3188591696110221
01238.png,bottom-face,a_degradation_11,0.2939755524758424
01238.png,forehead,a_degradation_11,0.21383561721880567
01238.png,under-eyes,a_degradation_11,0.2293665457976904
01238.png,left-cheek,a_degradation_17,0.2649185641470466
01238.png,right-cheek,a_degradation_17,0.2752360517818113
01238.png,bottom-face,a_degradation_17,0.2547975535193647
01238.png,forehead,a_degradation_17,0.20053285904040127
01238.png,under-eyes,a_degradation_17,0.21696292572532228
01248.png,left-cheek,original_roi,0.13651275465769713
01248.png,right-cheek,original_roi,0.24807397737214737
01248.png,bottom-face,original_roi,0.16913936967938922
01248.png,forehead,original_roi,0.16329293740440645
01248.png,under-eyes,original_roi,0.14356127999447868
01248.png,left-cheek,a_degradation_11,0.13918526341299509
01248.png,right-cheek,a_degradation_11,0.2356150540501025
01248.png,bottom-face,a_degradation_11,0.16470975436168925
01248.png,forehead,a_degradation_11,0.16024725161115136
01248.png,under-eyes,a_degradation_11,0.13815474066540614
01248.png,left-cheek,a_degradation_17,0.13594006072891088
01248.png,right-cheek,a_degradation_17,0.1978563194185827
01248.png,bottom-face,a_degradation_17,0.15076426478474356
01248.png,forehead,a_degradation_17,0.1553343727414912
01248.png,under-eyes,a_degradation_17,0.13806494229907731
01273.png,left-cheek,original_roi,0.5430864310619712
01273.png,right-cheek,original_roi,0.25727274636576136
01273.png,bottom-face,original_roi,0.23652866813204182
01273.png,forehead,original_roi,0.17390354547292886
01273.png,under-eyes,original_roi,0.1796302228257619
01273.png,left-cheek,a_degradation_11,0.5355602247507629
01273.png,right-cheek,a_degradation_11,0.24793088256562462
01273.png,bottom-face,a_degradation_11,0.22960932262558104
01273.png,forehead,a_degradation_11,0.16119570782853665
01273.png,under-eyes,a_degradation_11,0.1646603345708096
01273.png,left-cheek,a_degradation_17,0.5312491291653437
01273.png,right-cheek,a_degradation_17,0.21605709529049685
01273.png,bottom-face,a_degradation_17,0.20716895883608133
01273.png,forehead,a_degradation_17,0.14936359729960216
01273.png,under-eyes,a_degradation_17,0.1512593705492794
01301.png,left-cheek,original_roi,0.19843776595945375
01301.png,right-cheek,original_roi,0.24760550465775272
01301.png,bottom-face,original_roi,0.18413119916888654
01301.png,forehead,original_roi,0.23242321865454027
01301.png,under-eyes,original_roi,0.17246819649069106
01301.png,left-cheek,a_degradation_11,0.178642451718136
01301.png,right-cheek,a_degradation_11,0.23528203399309716
01301.png,bottom-face,a_degradation_11,0.1728969543626428
01301.png,forehead,a_degradation_11,0.22833296040927015
01301.png,under-eyes,a_degradation_11,0.16499797058157792
01301.png,left-cheek,a_degradation_17,0.16637246512346696
01301.png,right-cheek,a_degradation_17,0.2202024414669756
01301.png,bottom-face,a_degradation_17,0.16949872006624664
01301.png,forehead,a_degradation_17,0.21073447100631215
01301.png,under-eyes,a_degradation_17,0.1646300990737206
01309.png,left-cheek,original_roi,0.13945818642713215
01309.png,right-cheek,original_roi,0.19551917722543255
01309.png,bottom-face,original_roi,0.1556645934504197
01309.png,forehead,original_roi,0.22399972639193574
01309.png,under-eyes,original_roi,0.1790545360031506
01309.png,left-cheek,a_degradation_11,0.13776458774355124
01309.png,right-cheek,a_degradation_11,0.18549164156036765
01309.png,bottom-face,a_degradation_11,0.151616101096217
01309.png,forehead,a_degradation_11,0.21934502799322683
01309.png,under-eyes,a_degradation_11,0.16882081683984812
01309.png,left-cheek,a_degradation_17,0.12874184976437467
01309.png,right-cheek,a_degradation_17,0.17044859497284207
01309.png,bottom-face,a_degradation_17,0.14728230158205052
01309.png,forehead,a_degradation_17,0.2048494469355921
01309.png,under-eyes,a_degradation_17,0.17151051465934972
01327.png,left-cheek,original_roi,0.38365233205088195
01327.png,right-cheek,original_roi,0.20576275064823077
01327.png,bottom-face,original_roi,0.2003464419105556
01327.png,forehead,original_roi,0.14735494938640034
01327.png,under-eyes,original_roi,0.19103066279920616
01327.png,left-cheek,a_degradation_11,0.3580064425606202
01327.png,right-cheek,a_degradation_11,0.19004434032948334
01327.png,bottom-face,a_degradation_11,0.19144979101533646
01327.png,forehead,a_degradation_11,0.14327965838019027
01327.png,under-eyes,a_degradation_11,0.18865635766933556
01327.png,left-cheek,a_degradation_17,0.36309349423482606
01327.png,right-cheek,a_degradation_17,0.1741269155130809
01327.png,bottom-face,a_degradation_17,0.19215719514700438
01327.png,forehead,a_degradation_17,0.14201109176569363
01327.png,under-eyes,a_degradation_17,0.18992118230906002
01338.png,left-cheek,original_roi,0.24941047374746766
01338.png,right-cheek,original_roi,0.20756342474256742
01338.png,bottom-face,original_roi,0.262248056750818
01338.png,forehead,original_roi,0.15788389304185949
01338.png,under-eyes,original_roi,0.24734054326918897
01338.png,left-cheek,a_degradation_11,0.256571213117216
01338.png,right-cheek,a_degradation_11,0.20312214561791087
01338.png,bottom-face,a_degradation_11,0.25011794317268266
01338.png,forehead,a_degradation_11,0.15491800120415083
01338.png,under-eyes,a_degradation_11,0.22998844386349918
01338.png,left-cheek,a_degradation_17,0.246687015596059
01338.png,right-cheek,a_degradation_17,0.19458491161929545
01338.png,bottom-face,a_degradation_17,0.21793462225806942
01338.png,forehead,a_degradation_17,0.1544469224820246
01338.png,under-eyes,a_degradation_17,0.22219817339427683
01344.png,left-cheek,original_roi,0.14712106091697405
01344.png,right-cheek,original_roi,0.16609918673392488
01344.png,bottom-face,original_roi,0.13231275375180573
01344.png,forehead,original_roi,0.23082245658823708
01344.png,under-eyes,original_roi,0.21122203529341443
01344.png,left-cheek,a_degradation_11,0.14078470087740474
01344.png,right-cheek,a_degradation_11,0.15074247615954467
01344.png,bottom-face,a_degradation_11,0.13018113914002818
01344.png,forehead,a_degradation_11,0.2284227446850107
01344.png,under-eyes,a_degradation_11,0.19860819931218923
01344.png,left-cheek,a_degradation_17,0.12832581905092824
01344.png,right-cheek,a_degradation_17,0.12770733437078938
01344.png,bottom-face,a_degradation_17,0.12501829347965585
01344.png,forehead,a_degradation_17,0.20604957142769034
01344.png,under-eyes,a_degradation_17,0.1845149571703373
01351.png,left-cheek,original_roi,0.18855174996832746
01351.png,right-cheek,original_roi,0.34201362537668717
01351.png,bottom-face,original_roi,0.1899415749864026
01351.png,forehead,original_roi,0.1489000743924553
01351.png,under-eyes,original_roi,0.24373263975716508
01351.png,left-cheek,a_degradation_11,0.18485380507684407
01351.png,right-cheek,a_degradation_11,0.31913312256526694
01351.png,bottom-face,a_degradation_11,0.1789053970592132
01351.png,forehead,a_degradation_11,0.1487976080584703
01351.png,under-eyes,a_degradation_11,0.23359810693428662
01351.png,left-cheek,a_degradation_17,0.1761207484345747
01351.png,right-cheek,a_degradation_17,0.25835862390491704
01351.png,bottom-face,a_degradation_17,0.166607195836695
01351.png,forehead,a_degradation_17,0.1456172406482361
01351.png,under-eyes,a_degradation_17,0.2266746150154779
01357.png,left-cheek,original_roi,0.22748576832264647
01357.png,right-cheek,original_roi,0.28369769860057753
01357.png,bottom-face,original_roi,0.2128788889644
01357.png,forehead,original_roi,0.22670391288645472
01357.png,under-eyes,original_roi,0.25822395936630116
01357.png,left-cheek,a_degradation_11,0.22517747822246947
01357.png,right-cheek,a_degradation_11,0.25377013741534254
01357.png,bottom-face,a_degradation_11,0.2066003826169629
01357.png,forehead,a_degradation_11,0.2202323536540196
01357.png,under-eyes,a_degradation_11,0.25359368628686146
01357.png,left-cheek,a_degradation_17,0.21181524435834323
01357.png,right-cheek,a_degradation_17,0.22314086095363422
01357.png,bottom-face,a_degradation_17,0.19863718436428537
01357.png,forehead,a_degradation_17,0.21124294063309967
01357.png,under-eyes,a_degradation_17,0.24437686631379568
01360.png,left-cheek,original_roi,0.2271128764322757
01360.png,right-cheek,original_roi,0.2057093594169917
01360.png,bottom-face,original_roi,0.19989645051563215
01360.png,forehead,original_roi,0.18046806102274066
01360.png,under-eyes,original_roi,0.17918799684311063
01360.png,left-cheek,a_degradation_11,0.21377021305002683
01360.png,right-cheek,a_degradation_11,0.19705468664266104
01360.png,bottom-face,a_degradation_11,0.1913875488922614
01360.png,forehead,a_degradation_11,0.17578006336298838
01360.png,under-eyes,a_degradation_11,0.16889732934911372
01360.png,left-cheek,a_degradation_17,0.20627917985349112
01360.png,right-cheek,a_degradation_17,0.17851189433900286
01360.png,bottom-face,a_degradation_17,0.17378233805083657
01360.png,forehead,a_degradation_17,0.16310354924775206
01360.png,under-eyes,a_degradation_17,0.16970403578433754
01395.png,left-cheek,original_roi,0.195644181408801
01395.png,right-cheek,original_roi,0.20798720641134144
01395.png,bottom-face,original_roi,0.2044295811851465
01395.png,forehead,original_roi,0.11556047649663796
01395.png,under-eyes,original_roi,0.19827441529193998
01395.png,left-cheek,a_degradation_11,0.18158418331448503
01395.png,right-cheek,a_degradation_11,0.18035962293320365
01395.png,bottom-face,a_degradation_11,0.18897811207247872
01395.png,forehead,a_degradation_11,0.11630001220867524
01395.png,under-eyes,a_degradation_11,0.18083060994932618
01395.png,left-cheek,a_degradation_17,0.16452665649967715
01395.png,right-cheek,a_degradation_17,0.15734828252260655
01395.png,bottom-face,a_degradation_17,0.17592014351291826
01395.png,forehead,a_degradation_17,0.11565222540141992
01395.png,under-eyes,a_degradation_17,0.17542897478558775
01410.png,left-cheek,original_roi,0.1877842400851209
01410.png,right-cheek,original_roi,0.19926561926363034
01410.png,bottom-face,original_roi,0.1935619089798131
01410.png,forehead,original_roi,0.18569364534841779
01410.png,under-eyes,original_roi,0.16364522510625223
01410.png,left-cheek,a_degradation_11,0.1723924039975123
01410.png,right-cheek,a_degradation_11,0.18710564649757036
01410.png,bottom-face,a_degradation_11,0.1821997713310994
01410.png,forehead,a_degradation_11,0.1794152486920415
01410.png,under-eyes,a_degradation_11,0.15412150091512103
01410.png,left-cheek,a_degradation_17,0.1495025426422064
01410.png,right-cheek,a_degradation_17,0.1728058919489374
01410.png,bottom-face,a_degradation_17,0.16800681377274185
01410.png,forehead,a_degradation_17,0.1666201218185272
01410.png,under-eyes,a_degradation_17,0.1420346843471703
01411.png,left-cheek,original_roi,0.22274081619920189
01411.png,right-cheek,original_roi,0.20152218314346695
01411.png,bottom-face,original_roi,0.29033273253326897
01411.png,forehead,original_roi,0.154357661718487
01411.png,under-eyes,original_roi,0.1270513400426139
01411.png,left-cheek,a_degradation_11,0.21848558442286936
01411.png,right-cheek,a_degradation_11,0.1928443791896474
01411.png,bottom-face,a_degradation_11,0.2552072655467186
01411.png,forehead,a_degradation_11,0.1487475695685297
01411.png,under-eyes,a_degradation_11,0.12524624638838655
01411.png,left-cheek,a_degradation_17,0.20742621592623178
01411.png,right-cheek,a_degradation_17,0.1787246153219768
01411.png,bottom-face,a_degradation_17,0.24694617459909818
01411.png,forehead,a_degradation_17,0.14789581129264243
01411.png,under-eyes,a_degradation_17,0.12385623484303279
01421.png,left-cheek,original_roi,0.27950073631344396
01421.png,right-cheek,original_roi,0.25400592173639475
01421.png,bottom-face,original_roi,0.24532056426869472
01421.png,forehead,original_roi,0.18326197128094568
01421.png,under-eyes,original_roi,0.14873547343793292
01421.png,left-cheek,a_degradation_11,0.27330821436689073
01421.png,right-cheek,a_degradation_11,0.24809457919687736
01421.png,bottom-face,a_degradation_11,0.2193399849490022
01421.png,forehead,a_degradation_11,0.17874084733888038
01421.png,under-eyes,a_degradation_11,0.146364014847745
01421.png,left-cheek,a_degradation_17,0.23728963548227014
01421.png,right-cheek,a_degradation_17,0.24823515907397242
01421.png,bottom-face,a_degradation_17,0.20119715382305947
01421.png,forehead,a_degradation_17,0.17061071557115814
01421.png,under-eyes,a_degradation_17,0.1409596858841936
01423.png,left-cheek,original_roi,0.2554725662526763
01423.png,right-cheek,original_roi,0.16175859154314254
01423.png,bottom-face,original_roi,0.18478084830783098
01423.png,forehead,original_roi,0.17661923433632634
01423.png,under-eyes,original_roi,0.13894117116572652
01423.png,left-cheek,a_degradation_11,0.2603281525620454
01423.png,right-cheek,a_degradation_11,0.15719227365951335
01423.png,bottom-face,a_degradation_11,0.1715076332988988
01423.png,forehead,a_degradation_11,0.17251984754776636
01423.png,under-eyes,a_degradation_11,0.13676612780326763
01423.png,left-cheek,a_degradation_17,0.25034949470596196
01423.png,right-cheek,a_degradation_17,0.1406870903665966
01423.png,bottom-face,a_degradation_17,0.15997514363260154
01423.png,forehead,a_degradation_17,0.16667977409652618
01423.png,under-eyes,a_degradation_17,0.1343192092788158
01447.png,left-cheek,original_roi,0.19216059818474723
01447.png,right-cheek,original_roi,0.20181618903322934
01447.png,bottom-face,original_roi,0.2191944354277028
01447.png,forehead,original_roi,0.11220083617537908
01447.png,under-eyes,original_roi,0.17819550657833216
01447.png,left-cheek,a_degradation_11,0.18780362015255622
01447.png,right-cheek,a_degradation_11,0.19513371054526724
01447.png,bottom-face,a_degradation_11,0.2076300019963014
01447.png,forehead,a_degradation_11,0.1122195891176624
01447.png,under-eyes,a_degradation_11,0.17119761262844602
01447.png,left-cheek,a_degradation_17,0.17207201880957923
01447.png,right-cheek,a_degradation_17,0.1777725439788374
01447.png,bottom-face,a_degradation_17,0.186439905201335
01447.png,forehead,a_degradation_17,0.11381375087618566
01447.png,under-eyes,a_degradation_17,0.17149539569667788
01452.png,left-cheek,original_roi,0.1876652437080844
01452.png,right-cheek,original_roi,0.13543127150120335
01452.png,bottom-face,original_roi,0.19248400404748828
01452.png,forehead,original_roi,0.09679296636325432
01452.png,under-eyes,original_roi,0.0965560097436323
01452.png,left-cheek,a_degradation_11,0.186009024979166
01452.png,right-cheek,a_degradation_11,0.12651257572502492
01452.png,bottom-face,a_degradation_11,0.19237163160543413
01452.png,forehead,a_degradation_11,0.09100622542915081
01452.png,under-eyes,a_degradation_11,0.09304735468484165
01452.png,left-cheek,a_degradation_17,0.17074553365070755
01452.png,right-cheek,a_degradation_17,0.11434950919371575
01452.png,bottom-face,a_degradation_17,0.1770101729455222
01452.png,forehead,a_degradation_17,0.08731642812176282
01452.png,under-eyes,a_degradation_17,0.087623795311845
01454.png,left-cheek,original_roi,0.22523135299711125
01454.png,right-cheek,original_roi,0.1711130429173973
01454.png,bottom-face,original_roi,0.23148998352963832
01454.png,forehead,original_roi,0.1848836596338226
01454.png,under-eyes,original_roi,0.1929037598251276
01454.png,left-cheek,a_degradation_11,0.2188245286865064
01454.png,right-cheek,a_degradation_11,0.16510845863254284
01454.png,bottom-face,a_degradation_11,0.2172723027691288
01454.png,forehead,a_degradation_11,0.18696910267981795
01454.png,under-eyes,a_degradation_11,0.18461323829753543
01454.png,left-cheek,a_degradation_17,0.19373844976246068
01454.png,right-cheek,a_degradation_17,0.14850324710291482
01454.png,bottom-face,a_degradation_17,0.1905004173173748
01454.png,forehead,a_degradation_17,0.17867847163242448
01454.png,under-eyes,a_degradation_17,0.17837177805040041
01455.png,left-cheek,original_roi,0.5834067104368839
01455.png,right-cheek,original_roi,0.6145506185396883
01455.png,bottom-face,original_roi,0.546043023825088
01455.png,forehead,original_roi,0.1323821392850613
01455.png,under-eyes,original_roi,0.4748442866464546
01455.png,left-cheek,a_degradation_11,0.42288305406792076
01455.png,right-cheek,a_degradation_11,0.5531739392782286
01455.png,bottom-face,a_degradation_11,0.4337254990871575
01455.png,forehead,a_degradation_11,0.1323984128115
01455.png,under-eyes,a_degradation_11,0.3973819091601246
01455.png,left-cheek,a_degradation_17,0.36339022780253893
01455.png,right-cheek,a_degradation_17,0.4849452909944941
01455.png,bottom-face,a_degradation_17,0.3806217125277786
01455.png,forehead,a_degradation_17,0.12704746080960025
01455.png,under-eyes,a_degradation_17,0.37212887042147147
01471.png,left-cheek,original_roi,0.37364139523129836
01471.png,right-cheek,original_roi,0.3347053956528335
01471.png,bottom-face,original_roi,0.33347914965505787
01471.png,forehead,original_roi,0.26270823571807966
01471.png,under-eyes,original_roi,0.33585216343641444
01471.png,left-cheek,a_degradation_11,0.3307403807940806
01471.png,right-cheek,a_degradation_11,0.298999773535137
01471.png,bottom-face,a_degradation_11,0.30161881807093743
01471.png,forehead,a_degradation_11,0.25039088951739835
01471.png,under-eyes,a_degradation_11,0.31248219179894726
01471.png,left-cheek,a_degradation_17,0.30147194617288686
01471.png,right-cheek,a_degradation_17,0.25090238677464827
01471.png,bottom-face,a_degradation_17,0.2630850981474017
01471.png,forehead,a_degradation_17,0.23279067132082912
01471.png,under-eyes,a_degradation_17,0.2950266850548615
01481.png,left-cheek,original_roi,0.287256862035824
01481.png,right-cheek,original_roi,0.2810274535613681
01481.png,bottom-face,original_roi,0.27151821560649064
01481.png,forehead,original_roi,0.17529507872293326
01481.png,under-eyes,original_roi,0.2647998289166068
01481.png,left-cheek,a_degradation_11,0.2692463043848747
01481.png,right-cheek,a_degradation_11,0.2670691039708301
01481.png,bottom-face,a_degradation_11,0.24892699188622996
01481.png,forehead,a_degradation_11,0.17052201992004926
01481.png,under-eyes,a_degradation_11,0.24976128133899883
01481.png,left-cheek,a_degradation_17,0.2264954751384854
01481.png,right-cheek,a_degradation_17,0.23734512312499234
01481.png,bottom-face,a_degradation_17,0.22501867569267006
01481.png,forehead,a_degradation_17,0.1615202841660622
01481.png,under-eyes,a_degradation_17,0.23707268357916547
01487.png,left-cheek,original_roi,0.39211969460259344
01487.png,right-cheek,original_roi,0.43361844539959604
01487.png,bottom-face,original_roi,0.2837777507116155
01487.png,forehead,original_roi,0.21019590595064455
01487.png,under-eyes,original_roi,0.29217135903872976
01487.png,left-cheek,a_degradation_11,0.3734618991516267
01487.png,right-cheek,a_degradation_11,0.36690328711764403
01487.png,bottom-face,a_degradation_11,0.2574156478025563
01487.png,forehead,a_degradation_11,0.21072086903508516
01487.png,under-eyes,a_degradation_11,0.27075816335196956
01487.png,left-cheek,a_degradation_17,0.32429271822128364
01487.png,right-cheek,a_degradation_17,0.28223692708279546
01487.png,bottom-face,a_degradation_17,0.23605071563051208
01487.png,forehead,a_degradation_17,0.20532462094879095
01487.png,under-eyes,a_degradation_17,0.25587242766724333
01503.png,left-cheek,original_roi,0.22293403634353903
01503.png,right-cheek,original_roi,0.25182756054139854
01503.png,bottom-face,original_roi,0.2985601248252475
01503.png,forehead,original_roi,0.187016243684925
01503.png,under-eyes,original_roi,0.2192248684255466
01503.png,left-cheek,a_degradation_11,0.22663958770254866
01503.png,right-cheek,a_degradation_11,0.256966270184217
01503.png,bottom-face,a_degradation_11,0.27922529225251475
01503.png,forehead,a_degradation_11,0.1814344647663088
01503.png,under-eyes,a_degradation_11,0.2062207978601949
01503.png,left-cheek,a_degradation_17,0.19960873622115435
01503.png,right-cheek,a_degradation_17,0.2263965139838834
01503.png,bottom-face,a_degradation_17,0.24016487056710195
01503.png,forehead,a_degradation_17,0.17717996990862375
01503.png,under-eyes,a_degradation_17,0.20076819814095803
01511.png,left-cheek,original_roi,0.2266485047228647
01511.png,right-cheek,original_roi,0.2581301336936866
01511.png,bottom-face,original_roi,0.2311395242348772
01511.png,forehead,original_roi,0.21281435047762878
01511.png,under-eyes,original_roi,0.2508401436843842
01511.png,left-cheek,a_degradation_11,0.2135202308685867
01511.png,right-cheek,a_degradation_11,0.23556003890929422
01511.png,bottom-face,a_degradation_11,0.21414876798559082
01511.png,forehead,a_degradation_11,0.20268880802306516
01511.png,under-eyes,a_degradation_11,0.24551067192483456
01511.png,left-cheek,a_degradation_17,0.18352091480986774
01511.png,right-cheek,a_degradation_17,0.2106619458573198
01511.png,bottom-face,a_degradation_17,0.192045951717735
01511.png,forehead,a_degradation_17,0.18712209925499348
01511.png,under-eyes,a_degradation_17,0.23118490711850823
01513.png,left-cheek,original_roi,0.19897053541068502
01513.png,right-cheek,original_roi,0.206649302896268
01513.png,bottom-face,original_roi,0.2155110374656407
01513.png,forehead,original_roi,0.10580313804548289
01513.png,under-eyes,original_roi,0.1524406302045125
01513.png,left-cheek,a_degradation_11,0.20025558332700139
01513.png,right-cheek,a_degradation_11,0.19946282998632864
01513.png,bottom-face,a_degradation_11,0.21063903701305725
01513.png,forehead,a_degradation_11,0.10310109829198713
01513.png,under-eyes,a_degradation_11,0.14902867880671797
01513.png,left-cheek,a_degradation_17,0.19164232808831888
01513.png,right-cheek,a_degradation_17,0.1845856350423024
01513.png,bottom-face,a_degradation_17,0.19242108378141698
01513.png,forehead,a_degradation_17,0.10203877973033723
01513.png,under-eyes,a_degradation_17,0.14382394120195677
01514.png,left-cheek,original_roi,0.14118621845955046
01514.png,right-cheek,original_roi,0.15888369632848665
01514.png,bottom-face,original_roi,0.16464834781676127
01514.png,forehead,original_roi,0.12905281783449843
01514.png,under-eyes,original_roi,0.13516150303469718
01514.png,left-cheek,a_degradation_11,0.134735142421026
01514.png,right-cheek,a_degradation_11,0.1535116796261479
01514.png,bottom-face,a_degradation_11,0.15590032122914055
01514.png,forehead,a_degradation_11,0.1283700707621627
01514.png,under-eyes,a_degradation_11,0.1316551384590876
01514.png,left-cheek,a_degradation_17,0.12488836380555787
01514.png,right-cheek,a_degradation_17,0.14175869112553957
01514.png,bottom-face,a_degradation_17,0.1488138293475465
01514.png,forehead,a_degradation_17,0.12675864341380905
01514.png,under-eyes,a_degradation_17,0.13001338027135398
01516.png,left-cheek,original_roi,0.2100214390860281
01516.png,right-cheek,original_roi,0.1889691504788276
01516.png,bottom-face,original_roi,0.31642164256035793
01516.png,forehead,original_roi,0.11126966877144581
01516.png,under-eyes,original_roi,0.15077757123234986
01516.png,left-cheek,a_degradation_11,0.20706767259868025
01516.png,right-cheek,a_degradation_11,0.18883714310281657
01516.png,bottom-face,a_degradation_11,0.29912421970582026
01516.png,forehead,a_degradation_11,0.11278963271319926
01516.png,under-eyes,a_degradation_11,0.14909252775893483
01516.png,left-cheek,a_degradation_17,0.18234508749030073
01516.png,right-cheek,a_degradation_17,0.17482654100030898
01516.png,bottom-face,a_degradation_17,0.2455744581846328
01516.png,forehead,a_degradation_17,0.11022356880864821
01516.png,under-eyes,a_degradation_17,0.1468523105728843
01517.png,left-cheek,original_roi,0.10707306976577219
01517.png,right-cheek,original_roi,0.08805920908885223
01517.png,bottom-face,original_roi,0.15565839068401063
01517.png,forehead,original_roi,0.1198988365001474
01517.png,under-eyes,original_roi,0.17385915684917916
01517.png,left-cheek,a_degradation_11,0.1114612457858731
01517.png,right-cheek,a_degradation_11,0.09062329955888881
01517.png,bottom-face,a_degradation_11,0.1523686212325084
01517.png,forehead,a_degradation_11,0.1168849754315362
01517.png,under-eyes,a_degradation_11,0.16819569829736214
01517.png,left-cheek,a_degradation_17,0.11741788773352288
01517.png,right-cheek,a_degradation_17,0.0949357950303577
01517.png,bottom-face,a_degradation_17,0.145908743332812
01517.png,forehead,a_degradation_17,0.11678869416350263
01517.png,under-eyes,a_degradation_17,0.1654909604471379
01524.png,left-cheek,original_roi,0.20035706639969103
01524.png,right-cheek,original_roi,0.15180268786303036
01524.png,bottom-face,original_roi,0.12680664069143005
01524.png,forehead,original_roi,0.1320845298742325
01524.png,under-eyes,original_roi,0.16909780290224335
01524.png,left-cheek,a_degradation_11,0.20903124089596067
01524.png,right-cheek,a_degradation_11,0.14477861195679034
01524.png,bottom-face,a_degradation_11,0.12467752543869583
01524.png,forehead,a_degradation_11,0.12778390177667895
01524.png,under-eyes,a_degradation_11,0.16380013706117558
01524.png,left-cheek,a_degradation_17,0.23013129811200667
01524.png,right-cheek,a_degradation_17,0.13077466296154502
01524.png,bottom-face,a_degradation_17,0.12015977008553026
01524.png,forehead,a_degradation_17,0.12561618035010153
01524.png,under-eyes,a_degradation_17,0.16070194672121177
01533.png,left-cheek,original_roi,0.19944679020612152
01533.png,right-cheek,original_roi,0.2244690374831922
01533.png,bottom-face,original_roi,0.2114278890581161
01533.png,forehead,original_roi,0.21527711515472842
01533.png,under-eyes,original_roi,0.1550741547536766
01533.png,left-cheek,a_degradation_11,0.20103685752011252
01533.png,right-cheek,a_degradation_11,0.21947608388249354
01533.png,bottom-face,a_degradation_11,0.19640394106189463
01533.png,forehead,a_degradation_11,0.2025872746202116
01533.png,under-eyes,a_degradation_11,0.15373396905773554
01533.png,left-cheek,a_degradation_17,0.1888986253252641
01533.png,right-cheek,a_degradation_17,0.20395228795014947
01533.png,bottom-face,a_degradation_17,0.1856278318252659
01533.png,forehead,a_degradation_17,0.20126314661071504
01533.png,under-eyes,a_degradation_17,0.1519189282295905
01548.png,left-cheek,original_roi,0.1640678489047214
01548.png,right-cheek,original_roi,0.22856873807376185
01548.png,bottom-face,original_roi,0.14572850402903506
01548.png,forehead,original_roi,0.1532604155540958
01548.png,under-eyes,original_roi,0.2028416191365233
01548.png,left-cheek,a_degradation_11,0.1657783104415442
01548.png,right-cheek,a_degradation_11,0.2132951766392763
01548.png,bottom-face,a_degradation_11,0.14311116064780735
01548.png,forehead,a_degradation_11,0.14735697616957535
01548.png,under-eyes,a_degradation_11,0.1964949744020952
01548.png,left-cheek,a_degradation_17,0.1561228139355888
01548.png,right-cheek,a_degradation_17,0.19523534694905137
01548.png,bottom-face,a_degradation_17,0.13623743024704144
01548.png,forehead,a_degradation_17,0.14232857870436114
01548.png,under-eyes,a_degradation_17,0.18821570450497332
01556.png,left-cheek,original_roi,0.13686696482684862
01556.png,right-cheek,original_roi,0.15292269080458176
01556.png,bottom-face,original_roi,0.18142594654148983
01556.png,forehead,original_roi,0.1402541410101811
01556.png,under-eyes,original_roi,0.1380139680281996
01556.png,left-cheek,a_degradation_11,0.141659071309642
01556.png,right-cheek,a_degradation_11,0.15779698508536433
01556.png,bottom-face,a_degradation_11,0.17644474455919332
01556.png,forehead,a_degradation_11,0.13626791652304857
01556.png,under-eyes,a_degradation_11,0.13585403617622754
01556.png,left-cheek,a_degradation_17,0.14924537786601744
01556.png,right-cheek,a_degradation_17,0.15661562877007573
01556.png,bottom-face,a_degradation_17,0.16515809514506108
01556.png,forehead,a_degradation_17,0.13263753407848172
01556.png,under-eyes,a_degradation_17,0.13202053079555595
01564.png,left-cheek,original_roi,0.1731908678936971
01564.png,right-cheek,original_roi,0.1716160587003202
01564.png,bottom-face,original_roi,0.17948263289264582
01564.png,forehead,original_roi,0.1387025940445714
01564.png,under-eyes,original_roi,0.12883287853207143
01564.png,left-cheek,a_degradation_11,0.17082751742889676
01564.png,right-cheek,a_degradation_11,0.16807515513286359
01564.png,bottom-face,a_degradation_11,0.1755298542693473
01564.png,forehead,a_degradation_11,0.13440631231403227
01564.png,under-eyes,a_degradation_11,0.12648726587807824
01564.png,left-cheek,a_degradation_17,0.17269606395852724
01564.png,right-cheek,a_degradation_17,0.1628938666088359
01564.png,bottom-face,a_degradation_17,0.16262451263000324
01564.png,forehead,a_degradation_17,0.13214617038082285
01564.png,under-eyes,a_degradation_17,0.1262212935982913
01574.png,left-cheek,original_roi,0.21335068391970413
01574.png,right-cheek,original_roi,0.11143818057649482
01574.png,bottom-face,original_roi,0.17293270610093597
01574.png,forehead,original_roi,0.1435979487776851
01574.png,under-eyes,original_roi,0.18921413170490087
01574.png,left-cheek,a_degradation_11,0.20684965484773918
01574.png,right-cheek,a_degradation_11,0.10955717899249535
01574.png,bottom-face,a_degradation_11,0.16610402642936173
01574.png,forehead,a_degradation_11,0.14017159335387633
01574.png,under-eyes,a_degradation_11,0.18237156433522342
01574.png,left-cheek,a_degradation_17,0.20995978004818033
01574.png,right-cheek,a_degradation_17,0.10535727319852133
01574.png,bottom-face,a_degradation_17,0.1534368721808384
01574.png,forehead,a_degradation_17,0.13418282200272297
01574.png,under-eyes,a_degradation_17,0.17065281084721823
01580.png,left-cheek,original_roi,0.17732438262135447
01580.png,right-cheek,original_roi,0.1295027044389269
01580.png,bottom-face,original_roi,0.17011318553129096
01580.png,forehead,original_roi,0.17527869517888017
01580.png,under-eyes,original_roi,0.1760681429868918
01580.png,left-cheek,a_degradation_11,0.173918894079406
01580.png,right-cheek,a_degradation_11,0.12652769229498523
01580.png,bottom-face,a_degradation_11,0.16254189471390684
01580.png,forehead,a_degradation_11,0.16889895451191828
01580.png,under-eyes,a_degradation_11,0.1675198951403061
01580.png,left-cheek,a_degradation_17,0.15671361252977173
01580.png,right-cheek,a_degradation_17,0.12206589474673889
01580.png,bottom-face,a_degradation_17,0.14920739989877613
01580.png,forehead,a_degradation_17,0.16092827938009732
01580.png,under-eyes,a_degradation_17,0.16999814494965165
01587.png,left-cheek,original_roi,0.3007601933769389
01587.png,right-cheek,original_roi,0.2756512914396587
01587.png,bottom-face,original_roi,0.25335157300231964
01587.png,forehead,original_roi,0.20759827780358983
01587.png,under-eyes,original_roi,0.2382554924824181
01587.png,left-cheek,a_degradation_11,0.2857452396915585
01587.png,right-cheek,a_degradation_11,0.24579990623887918
01587.png,bottom-face,a_degradation_11,0.23855980474686633
01587.png,forehead,a_degradation_11,0.19505639132422103
01587.png,under-eyes,a_degradation_11,0.23061264508523163
01587.png,left-cheek,a_degradation_17,0.24653540802862778
01587.png,right-cheek,a_degradation_17,0.198755701313915
01587.png,bottom-face,a_degradation_17,0.2143969552236606
01587.png,forehead,a_degradation_17,0.19163600008518364
01587.png,under-eyes,a_degradation_17,0.21661740492823622
01598.png,left-cheek,original_roi,0.1807397170605444
01598.png,right-cheek,original_roi,0.1896264793904689
01598.png,bottom-face,original_roi,0.1847830902438463
01598.png,forehead,original_roi,0.11650694506478752
01598.png,under-eyes,original_roi,0.13739252455203188
01598.png,left-cheek,a_degradation_11,0.18047120240339581
01598.png,right-cheek,a_degradation_11,0.17664796786486645
01598.png,bottom-face,a_degradation_11,0.17606431158945007
01598.png,forehead,a_degradation_11,0.11246085518420665
01598.png,under-eyes,a_degradation_11,0.13791191193858515
01598.png,left-cheek,a_degradation_17,0.1646828002546658
01598.png,right-cheek,a_degradation_17,0.15844711503637923
01598.png,bottom-face,a_degradation_17,0.16538825892823272
01598.png,forehead,a_degradation_17,0.1115995224503925
01598.png,under-eyes,a_degradation_17,0.132713148629279
01600.png,left-cheek,original_roi,0.23901976539363068
01600.png,right-cheek,original_roi,0.22305020521737345
01600.png,bottom-face,original_roi,0.28670393925969945
01600.png,forehead,original_roi,0.23342207719516675
01600.png,under-eyes,original_roi,0.18813802353477355
01600.png,left-cheek,a_degradation_11,0.22215152153083442
01600.png,right-cheek,a_degradation_11,0.21624767351459248
01600.png,bottom-face,a_degradation_11,0.26432228490595283
01600.png,forehead,a_degradation_11,0.2250248253091746
01600.png,under-eyes,a_degradation_11,0.181954264941347
01600.png,left-cheek,a_degradation_17,0.20728865823780246
01600.png,right-cheek,a_degradation_17,0.19825271708663045
01600.png,bottom-face,a_degradation_17,0.24298007070589922
01600.png,forehead,a_degradation_17,0.21320532967168623
01600.png,under-eyes,a_degradation_17,0.18282384694395998
01601.png,left-cheek,original_roi,0.22773365842409216
01601.png,right-cheek,original_roi,0.1730716477769739
01601.png,bottom-face,original_roi,0.1827977297696804
01601.png,forehead,original_roi,0.14113986801538728
01601.png,under-eyes,original_roi,0.14015787155335788
01601.png,left-cheek,a_degradation_11,0.21569028572720947
01601.png,right-cheek,a_degradation_11,0.17606586142284544
01601.png,bottom-face,a_degradation_11,0.17343974776394105
01601.png,forehead,a_degradation_11,0.14178176425260053
01601.png,under-eyes,a_degradation_11,0.1380723746762727
01601.png,left-cheek,a_degradation_17,0.1826717594045325
01601.png,right-cheek,a_degradation_17,0.18463303729112343
01601.png,bottom-face,a_degradation_17,0.1705726240711623
01601.png,forehead,a_degradation_17,0.13810314349362246
01601.png,under-eyes,a_degradation_17,0.1338908671882584
01602.png,left-cheek,original_roi,0.18306215002294418
01602.png,right-cheek,original_roi,0.19797885134935228
01602.png,bottom-face,original_roi,0.2028753018035081
01602.png,forehead,original_roi,0.11651427954429418
01602.png,under-eyes,original_roi,0.12827881185227316
01602.png,left-cheek,a_degradation_11,0.18608821567716763
01602.png,right-cheek,a_degradation_11,0.20182627510651893
01602.png,bottom-face,a_degradation_11,0.1962638626633244
01602.png,forehead,a_degradation_11,0.1135665407464584
01602.png,under-eyes,a_degradation_11,0.12610330174315798
01602.png,left-cheek,a_degradation_17,0.18658204860247984
01602.png,right-cheek,a_degradation_17,0.19616869981363735
01602.png,bottom-face,a_degradation_17,0.18917815477951636
01602.png,forehead,a_degradation_17,0.11522942724949532
01602.png,under-eyes,a_degradation_17,0.12353027992050186
01619.png,left-cheek,original_roi,0.2775413193604164
01619.png,right-cheek,original_roi,0.36698099940691675
01619.png,bottom-face,original_roi,0.27761380824071014
01619.png,forehead,original_roi,0.25974401159972066
01619.png,under-eyes,original_roi,0.30163657335972743
01619.png,left-cheek,a_degradation_11,0.2526778088560135
01619.png,right-cheek,a_degradation_11,0.37126521999623024
01619.png,bottom-face,a_degradation_11,0.25458062831304684
01619.png,forehead,a_degradation_11,0.2548423207403455
01619.png,under-eyes,a_degradation_11,0.27886103218414793
01619.png,left-cheek,a_degradation_17,0.21786082055028883
01619.png,right-cheek,a_degradation_17,0.2788491103814039
01619.png,bottom-face,a_degradation_17,0.23079274180052106
01619.png,forehead,a_degradation_17,0.2435819862178188
01619.png,under-eyes,a_degradation_17,0.27233219772198614
01626.png,left-cheek,original_roi,0.22951123357729894
01626.png,right-cheek,original_roi,0.3124027606090161
01626.png,bottom-face,original_roi,0.26612467796346434
01626.png,forehead,original_roi,0.2269508470429206
01626.png,under-eyes,original_roi,0.21219129684589344
01626.png,left-cheek,a_degradation_11,0.23126356672734072
01626.png,right-cheek,a_degradation_11,0.2813292641117156
01626.png,bottom-face,a_degradation_11,0.24743349274804294
01626.png,forehead,a_degradation_11,0.2138602522405413
01626.png,under-eyes,a_degradation_11,0.20198716354812993
01626.png,left-cheek,a_degradation_17,0.2151873994284095
01626.png,right-cheek,a_degradation_17,0.2397776686940236
01626.png,bottom-face,a_degradation_17,0.2161679656321145
01626.png,forehead,a_degradation_17,0.20462416309953338
01626.png,under-eyes,a_degradation_17,0.19235296457882442
01627.png,left-cheek,original_roi,0.2496578814404048
01627.png,right-cheek,original_roi,0.3450059168256781
01627.png,bottom-face,original_roi,0.26214787077715446
01627.png,forehead,original_roi,0.25484595101615526
01627.png,under-eyes,original_roi,0.20350450058412695
01627.png,left-cheek,a_degradation_11,0.2312601124512045
01627.png,right-cheek,a_degradation_11,0.2777652816007011
01627.png,bottom-face,a_degradation_11,0.22810171015264122
01627.png,forehead,a_degradation_11,0.24794873647766452
01627.png,under-eyes,a_degradation_11,0.19921786247882428
01627.png,left-cheek,a_degradation_17,0.19093864411057773
01627.png,right-cheek,a_degradation_17,0.21831566711224676
01627.png,bottom-face,a_degradation_17,0.19709998218944924
01627.png,forehead,a_degradation_17,0.22784769927469992
01627.png,under-eyes,a_degradation_17,0.19298629406600726
01634.png,left-cheek,original_roi,0.29762035253229474
01634.png,right-cheek,original_roi,0.27512620212752975
01634.png,bottom-face,original_roi,0.26909070003494234
01634.png,forehead,original_roi,0.1531288800836226
01634.png,under-eyes,original_roi,0.17485835498712743
01634.png,left-cheek,a_degradation_11,0.2888351158599367
01634.png,right-cheek,a_degradation_11,0.274605123995916
01634.png,bottom-face,a_degradation_11,0.2517710258664574
01634.png,forehead,a_degradation_11,0.1459895492911891
01634.png,under-eyes,a_degradation_11,0.1681011332453566
01634.png,left-cheek,a_degradation_17,0.2888734743137347
01634.png,right-cheek,a_degradation_17,0.24576497914087625
01634.png,bottom-face,a_degradation_17,0.217520370338255
01634.png,forehead,a_degradation_17,0.1442340656920532
01634.png,under-eyes,a_degradation_17,0.16042530600209617
01639.png,left-cheek,original_roi,0.3225095911151018
01639.png,right-cheek,original_roi,0.26177109888928535
01639.png,bottom-face,original_roi,0.23659682626613404
01639.png,forehead,original_roi,0.21077978228468852
01639.png,under-eyes,original_roi,0.2561668923238341
01639.png,left-cheek,a_degradation_11,0.2822818324351793
01639.png,right-cheek,a_degradation_11,0.23599464838490755
01639.png,bottom-face,a_degradation_11,0.22391990454101185
01639.png,forehead,a_degradation_11,0.1997598735538304
01639.png,under-eyes,a_degradation_11,0.23555942572370725
01639.png,left-cheek,a_degradation_17,0.26152626923118877
01639.png,right-cheek,a_degradation_17,0.2024494663037646
01639.png,bottom-face,a_degradation_17,0.2045531379220273
01639.png,forehead,a_degradation_17,0.1906311117749639
01639.png,under-eyes,a_degradation_17,0.22876026903857472
01652.png,left-cheek,original_roi,0.18041799190867178
01652.png,right-cheek,original_roi,0.17976675210083093
01652.png,bottom-face,original_roi,0.1452797392430852
01652.png,forehead,original_roi,0.15333835052905848
01652.png,under-eyes,original_roi,0.19856233065891138
01652.png,left-cheek,a_degradation_11,0.18062418254263923
01652.png,right-cheek,a_degradation_11,0.17355614376690678
01652.png,bottom-face,a_degradation_11,0.14085761772083658
01652.png,forehead,a_degradation_11,0.14979370822883412
01652.png,under-eyes,a_degradation_11,0.1949455504926656
01652.png,left-cheek,a_degradation_17,0.17451431679671922
01652.png,right-cheek,a_degradation_17,0.16425023613763576
01652.png,bottom-face,a_degradation_17,0.13265753320068435
01652.png,forehead,a_degradation_17,0.14744419461561933
01652.png,under-eyes,a_degradation_17,0.17892371242242755
01657.png,left-cheek,original_roi,0.2855489811960698
01657.png,right-cheek,original_roi,0.25943642499087466
01657.png,bottom-face,original_roi,0.2860323345528323
01657.png,forehead,original_roi,0.09949802189187346
01657.png,under-eyes,original_roi,0.2626347214868291
01657.png,left-cheek,a_degradation_11,0.2667482481494203
01657.png,right-cheek,a_degradation_11,0.24211375922009049
01657.png,bottom-face,a_degradation_11,0.2664334630226288
01657.png,forehead,a_degradation_11,0.0999065576950757
01657.png,under-eyes,a_degradation_11,0.24592982439054129
01657.png,left-cheek,a_degradation_17,0.2427897622109739
01657.png,right-cheek,a_degradation_17,0.2042132727321867
01657.png,bottom-face,a_degradation_17,0.23935872490054264
01657.png,forehead,a_degradation_17,0.1003045118965371
01657.png,under-eyes,a_degradation_17,0.24096275902653227
01670.png,left-cheek,original_roi,0.21492648596775757
01670.png,right-cheek,original_roi,0.2795102411870266
01670.png,bottom-face,original_roi,0.23665684537651308
01670.png,forehead,original_roi,0.132676076569425
01670.png,under-eyes,original_roi,0.22176511699421908
01670.png,left-cheek,a_degradation_11,0.2065675667963463
01670.png,right-cheek,a_degradation_11,0.27375341167548084
01670.png,bottom-face,a_degradation_11,0.22212056173925632
01670.png,forehead,a_degradation_11,0.1299022939819502
01670.png,under-eyes,a_degradation_11,0.2173783808235643
01670.png,left-cheek,a_degradation_17,0.1862187056540297
01670.png,right-cheek,a_degradation_17,0.23721745519512433
01670.png,bottom-face,a_degradation_17,0.20752661497972616
01670.png,forehead,a_degradation_17,0.12591124850779795
01670.png,under-eyes,a_degradation_17,0.20080286119028926
01681.png,left-cheek,original_roi,0.16408278419430536
01681.png,right-cheek,original_roi,0.18858374966525887
01681.png,bottom-face,original_roi,0.07163736880470357
01681.png,forehead,original_roi,0.0852168948628262
01681.png,under-eyes,original_roi,0.12602729969314966
01681.png,left-cheek,a_degradation_11,0.15874203309190119
01681.png,right-cheek,a_degradation_11,0.1796062421551879
01681.png,bottom-face,a_degradation_11,0.07035988091099517
01681.png,forehead,a_degradation_11,0.08548986926346361
01681.png,under-eyes,a_degradation_11,0.12436711946666586
01681.png,left-cheek,a_degradation_17,0.16259237094126086
01681.png,right-cheek,a_degradation_17,0.15736131539482331
01681.png,bottom-face,a_degradation_17,0.06876338768255069
01681.png,forehead,a_degradation_17,0.08438424475165021
01681.png,under-eyes,a_degradation_17,0.12350315434199184
01695.png,left-cheek,original_roi,0.34393228008317417
01695.png,right-cheek,original_roi,0.200608774325656
01695.png,bottom-face,original_roi,0.21076176123611606
01695.png,forehead,original_roi,0.21649338545153396
01695.png,under-eyes,original_roi,0.29283871743759865
01695.png,left-cheek,a_degradation_11,0.31747581752717274
01695.png,right-cheek,a_degradation_11,0.19061999281004777
01695.png,bottom-face,a_degradation_11,0.20615083505446444
01695.png,forehead,a_degradation_11,0.2101880326927045
01695.png,under-eyes,a_degradation_11,0.27878312091347746
01695.png,left-cheek,a_degradation_17,0.28677009711168167
01695.png,right-cheek,a_degradation_17,0.18376888008973052
01695.png,bottom-face,a_degradation_17,0.2039378606603809
01695.png,forehead,a_degradation_17,0.1966862384050928
01695.png,under-eyes,a_degradation_17,0.2605269628751202
01697.png,left-cheek,original_roi,0.2649434144719108
01697.png,right-cheek,original_roi,0.2421523555605848
01697.png,bottom-face,original_roi,0.24450985739357858
01697.png,forehead,original_roi,0.25129842149641063
01697.png,under-eyes,original_roi,0.2474838903662221
01697.png,left-cheek,a_degradation_11,0.2685774840708164
01697.png,right-cheek,a_degradation_11,0.23533174991157255
01697.png,bottom-face,a_degradation_11,0.2416959013570489
01697.png,forehead,a_degradation_11,0.24006367877178628
01697.png,under-eyes,a_degradation_11,0.23101933655835133
01697.png,left-cheek,a_degradation_17,0.25306873606218533
01697.png,right-cheek,a_degradation_17,0.21052044491219804
01697.png,bottom-face,a_degradation_17,0.21821410305274622
01697.png,forehead,a_degradation_17,0.2240960586681779
01697.png,under-eyes,a_degradation_17,0.21604739466370604
01708.png,left-cheek,original_roi,0.435613502607769
01708.png,right-cheek,original_roi,0.21417228917962927
01708.png,bottom-face,original_roi,0.2635151727913904
01708.png,forehead,original_roi,0.2599913339094084
01708.png,under-eyes,original_roi,0.3030106621373203
01708.png,left-cheek,a_degradation_11,0.4065957054289289
01708.png,right-cheek,a_degradation_11,0.1997561831970053
01708.png,bottom-face,a_degradation_11,0.23661003374458198
01708.png,forehead,a_degradation_11,0.24336892973580207
01708.png,under-eyes,a_degradation_11,0.27033722256312887
01708.png,left-cheek,a_degradation_17,0.31979848452543036
01708.png,right-cheek,a_degradation_17,0.18054230581751493
01708.png,bottom-face,a_degradation_17,0.22095006271268802
01708.png,forehead,a_degradation_17,0.22157802549480893
01708.png,under-eyes,a_degradation_17,0.2706696053636658
01712.png,left-cheek,original_roi,0.27300998865548015
01712.png,right-cheek,original_roi,0.19536161396532523
01712.png,bottom-face,original_roi,0.22557720843590082
01712.png,forehead,original_roi,0.18640962053520874
01712.png,under-eyes,original_roi,0.18997544215442064
01712.png,left-cheek,a_degradation_11,0.2583442087910491
01712.png,right-cheek,a_degradation_11,0.1826856655802855
01712.png,bottom-face,a_degradation_11,0.2105524930450865
01712.png,forehead,a_degradation_11,0.17995575717510737
01712.png,under-eyes,a_degradation_11,0.17854166086239034
01712.png,left-cheek,a_degradation_17,0.24323905546426555
01712.png,right-cheek,a_degradation_17,0.16855706281872165
01712.png,bottom-face,a_degradation_17,0.19754112702801932
01712.png,forehead,a_degradation_17,0.17820396264682295
01712.png,under-eyes,a_degradation_17,0.17769995285445914
01720.png,left-cheek,original_roi,0.22878111770757645
01720.png,right-cheek,original_roi,0.2370201560323283
01720.png,bottom-face,original_roi,0.2293390950395001
01720.png,forehead,original_roi,0.1600966794767299
01720.png,under-eyes,original_roi,0.2772306227914929
01720.png,left-cheek,a_degradation_11,0.24710191057379605
01720.png,right-cheek,a_degradation_11,0.2222685245142042
01720.png,bottom-face,a_degradation_11,0.21135420536467792
01720.png,forehead,a_degradation_11,0.1503701486941127
01720.png,under-eyes,a_degradation_11,0.2611228570353223
01720.png,left-cheek,a_degradation_17,0.2540016439267697
01720.png,right-cheek,a_degradation_17,0.20768421452927532
01720.png,bottom-face,a_degradation_17,0.19437034676435258
01720.png,forehead,a_degradation_17,0.15075910477838728
01720.png,under-eyes,a_degradation_17,0.25085736581847096
01734.png,left-cheek,original_roi,0.18432365848261412
01734.png,right-cheek,original_roi,0.1357980725284889
01734.png,bottom-face,original_roi,0.13657844245419365
01734.png,forehead,original_roi,0.1578528385338467
01734.png,under-eyes,original_roi,0.1642483489841645
01734.png,left-cheek,a_degradation_11,0.1861175189081183
01734.png,right-cheek,a_degradation_11,0.12953393750410244
01734.png,bottom-face,a_degradation_11,0.13259298532216368
01734.png,forehead,a_degradation_11,0.152209404696714
01734.png,under-eyes,a_degradation_11,0.16210122688865014
01734.png,left-cheek,a_degradation_17,0.1934609549274919
01734.png,right-cheek,a_degradation_17,0.11805248004865593
01734.png,bottom-face,a_degradation_17,0.1283769380084601
01734.png,forehead,a_degradation_17,0.14665808423569654
01734.png,under-eyes,a_degradation_17,0.15401238658942654
01746.png,left-cheek,original_roi,0.24182725079923909
01746.png,right-cheek,original_roi,0.24770224759530163
01746.png,bottom-face,original_roi,0.22488273120409036
01746.png,forehead,original_roi,0.17478616047559942
01746.png,under-eyes,original_roi,0.3865712930890509
01746.png,left-cheek,a_degradation_11,0.23103076043878817
01746.png,right-cheek,a_degradation_11,0.23910950944561474
01746.png,bottom-face,a_degradation_11,0.21779922158207676
01746.png,forehead,a_degradation_11,0.17184463133749733
01746.png,under-eyes,a_degradation_11,0.3445780128769428
01746.png,left-cheek,a_degradation_17,0.20763125081445052
01746.png,right-cheek,a_degradation_17,0.21703830855997408
01746.png,bottom-face,a_degradation_17,0.2064621386699124
01746.png,forehead,a_degradation_17,0.16692172851294607
01746.png,under-eyes,a_degradation_17,0.34169586310619177
01753.png,left-cheek,original_roi,0.1456245073073449
01753.png,right-cheek,original_roi,0.19546394707447376
01753.png,bottom-face,original_roi,0.24412485955798569
01753.png,forehead,original_roi,0.1195912228035618
01753.png,under-eyes,original_roi,0.16172880045169422
01753.png,left-cheek,a_degradation_11,0.13959736414946675
01753.png,right-cheek,a_degradation_11,0.18682997921508995
01753.png,bottom-face,a_degradation_11,0.2215829612686291
01753.png,forehead,a_degradation_11,0.1177981046383644
01753.png,under-eyes,a_degradation_11,0.15974129179231417
01753.png,left-cheek,a_degradation_17,0.12871551931169328
01753.png,right-cheek,a_degradation_17,0.16731164874101884
01753.png,bottom-face,a_degradation_17,0.20425969470906555
01753.png,forehead,a_degradation_17,0.11549509115627864
01753.png,under-eyes,a_degradation_17,0.15263074779963098
01760.png,left-cheek,original_roi,0.2098466001702451
01760.png,right-cheek,original_roi,0.2806353340243439
01760.png,bottom-face,original_roi,0.29994582022379707
01760.png,forehead,original_roi,0.11924064780425818
01760.png,under-eyes,original_roi,0.1886664582054905
01760.png,left-cheek,a_degradation_11,0.2129601304748807
01760.png,right-cheek,a_degradation_11,0.29056813095520395
01760.png,bottom-face,a_degradation_11,0.2916247922415211
01760.png,forehead,a_degradation_11,0.11836684000009144
01760.png,under-eyes,a_degradation_11,0.17848679969179598
01760.png,left-cheek,a_degradation_17,0.19665527224016016
01760.png,right-cheek,a_degradation_17,0.2631037160251529
01760.png,bottom-face,a_degradation_17,0.25332423646744917
01760.png,forehead,a_degradation_17,0.11885095584663007
01760.png,under-eyes,a_degradation_17,0.17492242477490044
01763.png,left-cheek,original_roi,0.26738070329686264
01763.png,right-cheek,original_roi,0.5111044208348606
01763.png,bottom-face,original_roi,0.2576762869459335
01763.png,forehead,original_roi,0.20598855142722644
01763.png,under-eyes,original_roi,0.33033923210886396
01763.png,left-cheek,a_degradation_11,0.23267463290602364
01763.png,right-cheek,a_degradation_11,0.40870320080644723
01763.png,bottom-face,a_degradation_11,0.24157037932871858
01763.png,forehead,a_degradation_11,0.19757694202078768
01763.png,under-eyes,a_degradation_11,0.2974566899274082
01763.png,left-cheek,a_degradation_17,0.204223197107669
01763.png,right-cheek,a_degradation_17,0.30294961961045197
01763.png,bottom-face,a_degradation_17,0.22713825248027325
01763.png,forehead,a_degradation_17,0.1940143348254039
01763.png,under-eyes,a_degradation_17,0.28601951962193606
01770.png,left-cheek,original_roi,0.41614624767927416
01770.png,right-cheek,original_roi,0.300400415330412
01770.png,bottom-face,original_roi,0.21034131405002685
01770.png,forehead,original_roi,0.22982623111294007
01770.png,under-eyes,original_roi,0.26868826113073757
01770.png,left-cheek,a_degradation_11,0.37565308963299376
01770.png,right-cheek,a_degradation_11,0.27045203813365587
01770.png,bottom-face,a_degradation_11,0.19595045273981201
01770.png,forehead,a_degradation_11,0.21259272545013044
01770.png,under-eyes,a_degradation_11,0.24672767824226105
01770.png,left-cheek,a_degradation_17,0.36279324148052333
01770.png,right-cheek,a_degradation_17,0.22910088152164879
01770.png,bottom-face,a_degradation_17,0.1803996102825039
01770.png,forehead,a_degradation_17,0.2008545882168332
01770.png,under-eyes,a_degradation_17,0.2345914399162483
01788.png,left-cheek,original_roi,0.2399291421726483
01788.png,right-cheek,original_roi,0.3304985926973127
01788.png,bottom-face,original_roi,0.2953040924311418
01788.png,forehead,original_roi,0.17988410813447317
01788.png,under-eyes,original_roi,0.22766270289703922
01788.png,left-cheek,a_degradation_11,0.22369623003598516
01788.png,right-cheek,a_degradation_11,0.29866758055835196
01788.png,bottom-face,a_degradation_11,0.2741530982702128
01788.png,forehead,a_degradation_11,0.17899546796180915
01788.png,under-eyes,a_degradation_11,0.21466271897749667
01788.png,left-cheek,a_degradation_17,0.19866633031935946
01788.png,right-cheek,a_degradation_17,0.23825497480832233
01788.png,bottom-face,a_degradation_17,0.24794768113245683
01788.png,forehead,a_degradation_17,0.16867343275323032
01788.png,under-eyes,a_degradation_17,0.2175737969252473
01799.png,left-cheek,original_roi,0.14123329701424617
01799.png,right-cheek,original_roi,0.19259532986778088
01799.png,bottom-face,original_roi,0.1951573178980698
01799.png,forehead,original_roi,0.14888843387059938
01799.png,under-eyes,original_roi,0.1814248094260564
01799.png,left-cheek,a_degradation_11,0.14384100960372997
01799.png,right-cheek,a_degradation_11,0.1854375106359649
01799.png,bottom-face,a_degradation_11,0.1937686611821144
01799.png,forehead,a_degradation_11,0.1427240046914887
01799.png,under-eyes,a_degradation_11,0.17409183569465386
01799.png,left-cheek,a_degradation_17,0.1536558088326468
01799.png,right-cheek,a_degradation_17,0.18115365124223312
01799.png,bottom-face,a_degradation_17,0.18005510437339234
01799.png,forehead,a_degradation_17,0.14290618682006487
01799.png,under-eyes,a_degradation_17,0.17636430959115193
01803.png,left-cheek,original_roi,0.2160186785033507
01803.png,right-cheek,original_roi,0.18377234396802833
01803.png,bottom-face,original_roi,0.2477303265390665
01803.png,forehead,original_roi,0.15416743798401744
01803.png,under-eyes,original_roi,0.22633851877642913
01803.png,left-cheek,a_degradation_11,0.21568231491371798
01803.png,right-cheek,a_degradation_11,0.19142954107756238
01803.png,bottom-face,a_degradation_11,0.2419756718135029
01803.png,forehead,a_degradation_11,0.15030263664860133
01803.png,under-eyes,a_degradation_11,0.2142602146217334
01803.png,left-cheek,a_degradation_17,0.20374716438410276
01803.png,right-cheek,a_degradation_17,0.21133926777576487
01803.png,bottom-face,a_degradation_17,0.21355797936533827
01803.png,forehead,a_degradation_17,0.1485656945678334
01803.png,under-eyes,a_degradation_17,0.20974581345020213
01805.png,left-cheek,original_roi,0.34063770528832366
01805.png,right-cheek,original_roi,0.28802310555228505
01805.png,bottom-face,original_roi,0.3301296094159112
01805.png,forehead,original_roi,0.2955919302570876
01805.png,under-eyes,original_roi,0.32913363024909936
01805.png,left-cheek,a_degradation_11,0.37889949197836376
01805.png,right-cheek,a_degradation_11,0.2774190610835142
01805.png,bottom-face,a_degradation_11,0.2932234795798054
01805.png,forehead,a_degradation_11,0.2741874462322431
01805.png,under-eyes,a_degradation_11,0.3034608533087059
01805.png,left-cheek,a_degradation_17,0.3106838512037324
01805.png,right-cheek,a_degradation_17,0.22834791862102355
01805.png,bottom-face,a_degradation_17,0.2559863765062869
01805.png,forehead,a_degradation_17,0.2515100618410261
01805.png,under-eyes,a_degradation_17,0.29578708145882276
01808.png,left-cheek,original_roi,0.2951641551635027
01808.png,right-cheek,original_roi,0.26607592787785495
01808.png,bottom-face,original_roi,0.25736022197250424
01808.png,forehead,original_roi,0.18964423895122381
01808.png,under-eyes,original_roi,0.2697267419202037
01808.png,left-cheek,a_degradation_11,0.2986392358095322
01808.png,right-cheek,a_degradation_11,0.2553405080195551
01808.png,bottom-face,a_degradation_11,0.240457549869411
01808.png,forehead,a_degradation_11,0.1884452274683204
01808.png,under-eyes,a_degradation_11,0.24007297849842965
01808.png,left-cheek,a_degradation_17,0.2599767251538637
01808.png,right-cheek,a_degradation_17,0.2232027501460298
01808.png,bottom-face,a_degradation_17,0.21851369489631803
01808.png,forehead,a_degradation_17,0.1802017842172242
01808.png,under-eyes,a_degradation_17,0.2506851024924135
01822.png,left-cheek,original_roi,0.2847298994149126
01822.png,right-cheek,original_roi,0.3207540455995532
01822.png,bottom-face,original_roi,0.25541260556920986
01822.png,forehead,original_roi,0.19719480768696154
01822.png,under-eyes,original_roi,0.18122038877312094
01822.png,left-cheek,a_degradation_11,0.2740252340524626
01822.png,right-cheek,a_degradation_11,0.3132538302597019
01822.png,bottom-face,a_degradation_11,0.23112030666438896
01822.png,forehead,a_degradation_11,0.18944881241085604
01822.png,under-eyes,a_degradation_11,0.17306691092227397
01822.png,left-cheek,a_degradation_17,0.24416337065398397
01822.png,right-cheek,a_degradation_17,0.3152024902588711
01822.png,bottom-face,a_degradation_17,0.21484962091689458
01822.png,forehead,a_degradation_17,0.17690065182743667
01822.png,under-eyes,a_degradation_17,0.17123147902333916
01827.png,left-cheek,original_roi,0.19131545871585745
01827.png,right-cheek,original_roi,0.1990668381257487
01827.png,bottom-face,original_roi,0.1869943771469023
01827.png,forehead,original_roi,0.297936056560389
01827.png,under-eyes,original_roi,0.29053745360024036
01827.png,left-cheek,a_degradation_11,0.1716600394827946
01827.png,right-cheek,a_degradation_11,0.19034694874626817
01827.png,bottom-face,a_degradation_11,0.17225620255006946
01827.png,forehead,a_degradation_11,0.2877961830514408
01827.png,under-eyes,a_degradation_11,0.268938759612894
01827.png,left-cheek,a_degradation_17,0.14556396638819713
01827.png,right-cheek,a_degradation_17,0.17805017546201277
01827.png,bottom-face,a_degradation_17,0.16461618330919792
01827.png,forehead,a_degradation_17,0.2636012685403797
01827.png,under-eyes,a_degradation_17,0.25360514028704906
01828.png,left-cheek,original_roi,0.21327134505710202
01828.png,right-cheek,original_roi,0.22075057650724111
01828.png,bottom-face,original_roi,0.1251345550212993
01828.png,forehead,original_roi,0.13055010067845585
01828.png,under-eyes,original_roi,0.09909504922357533
01828.png,left-cheek,a_degradation_11,0.2060543498177671
01828.png,right-cheek,a_degradation_11,0.2108822524357001
01828.png,bottom-face,a_degradation_11,0.12312725865376949
01828.png,forehead,a_degradation_11,0.12795945874308007
01828.png,under-eyes,a_degradation_11,0.09625064211495185
01828.png,left-cheek,a_degradation_17,0.21503171894266065
01828.png,right-cheek,a_degradation_17,0.19046447116706558
01828.png,bottom-face,a_degradation_17,0.11985663727620963
01828.png,forehead,a_degradation_17,0.12679713733916365
01828.png,under-eyes,a_degradation_17,0.09709979152259646
01868.png,left-cheek,original_roi,0.2199443088829841
01868.png,right-cheek,original_roi,0.22194522060846006
01868.png,bottom-face,original_roi,0.23350433177596377
01868.png,forehead,original_roi,0.2104144450755863
01868.png,under-eyes,original_roi,0.16539526726052328
01868.png,left-cheek,a_degradation_11,0.20926705303641963
01868.png,right-cheek,a_degradation_11,0.2142035980966116
01868.png,bottom-face,a_degradation_11,0.2233593683458683
01868.png,forehead,a_degradation_11,0.20427845655288043
01868.png,under-eyes,a_degradation_11,0.16139519193703744
01868.png,left-cheek,a_degradation_17,0.18889361033643873
01868.png,right-cheek,a_degradation_17,0.19693333725794185
01868.png,bottom-face,a_degradation_17,0.20173946213832653
01868.png,forehead,a_degradation_17,0.1955919794317064
01868.png,under-eyes,a_degradation_17,0.16254993954871058
01890.png,left-cheek,original_roi,0.1505165496041524
01890.png,right-cheek,original_roi,0.12078509192411165
01890.png,bottom-face,original_roi,0.17383777509776804
01890.png,forehead,original_roi,0.13887309223548777
01890.png,under-eyes,original_roi,0.13339982061664385
01890.png,left-cheek,a_degradation_11,0.15179998315048213
01890.png,right-cheek,a_degradation_11,0.12282711405122278
01890.png,bottom-face,a_degradation_11,0.16242620865258686
01890.png,forehead,a_degradation_11,0.13817280038717733
01890.png,under-eyes,a_degradation_11,0.1333602650246818
01890.png,left-cheek,a_degradation_17,0.1420520537727693
01890.png,right-cheek,a_degradation_17,0.12371469300605607
01890.png,bottom-face,a_degradation_17,0.1589490387349756
01890.png,forehead,a_degradation_17,0.13473941963033223
01890.png,under-eyes,a_degradation_17,0.12751116698280193
01897.png,left-cheek,original_roi,0.3289759661218531
01897.png,right-cheek,original_roi,0.34728007791558896
01897.png,bottom-face,original_roi,0.2498180820064849
01897.png,forehead,original_roi,0.31749989062603606
01897.png,under-eyes,original_roi,0.3098156336145069
01897.png,left-cheek,a_degradation_11,0.32653599262960314
01897.png,right-cheek,a_degradation_11,0.34501391130331965
01897.png,bottom-face,a_degradation_11,0.23918287661634796
01897.png,forehead,a_degradation_11,0.3038766896042766
01897.png,under-eyes,a_degradation_11,0.29514862099532924
01897.png,left-cheek,a_degradation_17,0.2799546566399258
01897.png,right-cheek,a_degradation_17,0.2685474441512943
01897.png,bottom-face,a_degradation_17,0.21082720175081862
01897.png,forehead,a_degradation_17,0.2859910324581102
01897.png,under-eyes,a_degradation_17,0.28222819726424764
01953.png,left-cheek,original_roi,0.2820226493429048
01953.png,right-cheek,original_roi,0.2860454183775202
01953.png,bottom-face,original_roi,0.2472577971868482
01953.png,forehead,original_roi,0.16523386837794526
01953.png,under-eyes,original_roi,0.19668459897072899
01953.png,left-cheek,a_degradation_11,0.25129805901537833
01953.png,right-cheek,a_degradation_11,0.270031789753937
01953.png,bottom-face,a_degradation_11,0.23710908610784373
01953.png,forehead,a_degradation_11,0.15969463846522627
01953.png,under-eyes,a_degradation_11,0.190162967440246
01953.png,left-cheek,a_degradation_17,0.21315054628878358
01953.png,right-cheek,a_degradation_17,0.22563895450263508
01953.png,bottom-face,a_degradation_17,0.20669796215287192
01953.png,forehead,a_degradation_17,0.1558421561937974
01953.png,under-eyes,a_degradation_17,0.1809774672006484
01966.png,left-cheek,original_roi,0.23810147106609927
01966.png,right-cheek,original_roi,0.26592711402708297
01966.png,bottom-face,original_roi,0.22565225341553483
01966.png,forehead,original_roi,0.21684805518104855
01966.png,under-eyes,original_roi,0.2866192664832076
01966.png,left-cheek,a_degradation_11,0.21341261137277176
01966.png,right-cheek,a_degradation_11,0.23904903088544957
01966.png,bottom-face,a_degradation_11,0.2087909269345328
01966.png,forehead,a_degradation_11,0.21218605086346673
01966.png,under-eyes,a_degradation_11,0.26476423511588315
01966.png,left-cheek,a_degradation_17,0.18918926745460468
01966.png,right-cheek,a_degradation_17,0.1884770347537606
01966.png,bottom-face,a_degradation_17,0.19246464355757983
01966.png,forehead,a_degradation_17,0.19500110406606647
01966.png,under-eyes,a_degradation_17,0.2533402107537517
01984.png,left-cheek,original_roi,0.40224309073310816
01984.png,right-cheek,original_roi,0.37493704711031056
01984.png,bottom-face,original_roi,0.30399482837472397
01984.png,forehead,original_roi,0.09878690628535361
01984.png,under-eyes,original_roi,0.27053622126824445
01984.png,left-cheek,a_degradation_11,0.3786211901854545
01984.png,right-cheek,a_degradation_11,0.35435874378014637
01984.png,bottom-face,a_degradation_11,0.2706869145508834
01984.png,forehead,a_degradation_11,0.09724788808732152
01984.png,under-eyes,a_degradation_11,0.2494483741098289
01984.png,left-cheek,a_degradation_17,0.33679967477498746
01984.png,right-cheek,a_degradation_17,0.3249224730861351
01984.png,bottom-face,a_degradation_17,0.2655267678746229
01984.png,forehead,a_degradation_17,0.098577329751975
01984.png,under-eyes,a_degradation_17,0.25912199459655505
01994.png,left-cheek,original_roi,0.158586152880437
01994.png,right-cheek,original_roi,0.18670800357060965
01994.png,bottom-face,original_roi,0.2044184755730548
01994.png,forehead,original_roi,0.14397095092349968
01994.png,under-eyes,original_roi,0.10975007391500682
01994.png,left-cheek,a_degradation_11,0.15891765054941834
01994.png,right-cheek,a_degradation_11,0.18568518860526836
01994.png,bottom-face,a_degradation_11,0.20160491936491057
01994.png,forehead,a_degradation_11,0.14374785522684513
01994.png,under-eyes,a_degradation_11,0.10878813207399386
01994.png,left-cheek,a_degradation_17,0.15366802436240562
01994.png,right-cheek,a_degradation_17,0.18467242848379573
01994.png,bottom-face,a_degradation_17,0.1831641873816542
01994.png,forehead,a_degradation_17,0.14474417668812276
01994.png,under-eyes,a_degradation_17,0.10745838080391532
02011.png,left-cheek,original_roi,0.2305273744647995
02011.png,right-cheek,original_roi,0.15694914238580782
02011.png,bottom-face,original_roi,0.23132769613963816
02011.png,forehead,original_roi,0.16491456397292212
02011.png,under-eyes,original_roi,0.1830813659685811
02011.png,left-cheek,a_degradation_11,0.23967016529937193
02011.png,right-cheek,a_degradation_11,0.15732232947025732
02011.png,bottom-face,a_degradation_11,0.2209269773301816
02011.png,forehead,a_degradation_11,0.16595366299441996
02011.png,under-eyes,a_degradation_11,0.18227937993849128
02011.png,left-cheek,a_degradation_17,0.21742169006208148
02011.png,right-cheek,a_degradation_17,0.1608085243841551
02011.png,bottom-face,a_degradation_17,0.20366908711742296
02011.png,forehead,a_degradation_17,0.15961232405676837
02011.png,under-eyes,a_degradation_17,0.17247664752595637
02016.png,left-cheek,original_roi,0.1318609831877894
02016.png,right-cheek,original_roi,0.20510064269109937
02016.png,bottom-face,original_roi,0.2313968014640342
02016.png,forehead,original_roi,0.11878767773146458
02016.png,under-eyes,original_roi,0.1316061663983317
02016.png,left-cheek,a_degradation_11,0.12430965941414561
02016.png,right-cheek,a_degradation_11,0.20500783870866898
02016.png,bottom-face,a_degradation_11,0.2210454352943742
02016.png,forehead,a_degradation_11,0.11817534977086462
02016.png,under-eyes,a_degradation_11,0.1272978896705086
02016.png,left-cheek,a_degradation_17,0.11738780004140403
02016.png,right-cheek,a_degradation_17,0.1738680885464316
02016.png,bottom-face,a_degradation_17,0.19498340391482072
02016.png,forehead,a_degradation_17,0.11871649474043094
02016.png,under-eyes,a_degradation_17,0.127806992251929
02017.png,left-cheek,original_roi,0.20947957266337786
02017.png,right-cheek,original_roi,0.1632413191574348
02017.png,bottom-face,original_roi,0.2439393491388216
02017.png,forehead,original_roi,0.1898140620909566
02017.png,under-eyes,original_roi,0.2365060474975111
02017.png,left-cheek,a_degradation_11,0.20494612268269016
02017.png,right-cheek,a_degradation_11,0.16245849987770017
02017.png,bottom-face,a_degradation_11,0.23595442380636383
02017.png,forehead,a_degradation_11,0.19235675565323174
02017.png,under-eyes,a_degradation_11,0.23372583453028573
02017.png,left-cheek,a_degradation_17,0.19213332973036923
02017.png,right-cheek,a_degradation_17,0.1539404871554985
02017.png,bottom-face,a_degradation_17,0.21352011347572958
02017.png,forehead,a_degradation_17,0.18035184395448578
02017.png,under-eyes,a_degradation_17,0.22424303505716237
02042.png,left-cheek,original_roi,0.21212236620258465
02042.png,right-cheek,original_roi,0.1482224977336836
02042.png,bottom-face,original_roi,0.1744589242297243
02042.png,forehead,original_roi,0.11617088734248719
02042.png,under-eyes,original_roi,0.17720712749767942
02042.png,left-cheek,a_degradation_11,0.21277673809609568
02042.png,right-cheek,a_degradation_11,0.13708066895694845
02042.png,bottom-face,a_degradation_11,0.168493659284702
02042.png,forehead,a_degradation_11,0.11216806262548529
02042.png,under-eyes,a_degradation_11,0.16729286794086384
02042.png,left-cheek,a_degradation_17,0.19056903059517147
02042.png,right-cheek,a_degradation_17,0.12032304666120604
02042.png,bottom-face,a_degradation_17,0.15333712453890966
02042.png,forehead,a_degradation_17,0.11277196042886956
02042.png,under-eyes,a_degradation_17,0.15877560221967346
02045.png,left-cheek,original_roi,0.3706763129496059
02045.png,right-cheek,original_roi,0.13723421509468917
02045.png,bottom-face,original_roi,0.14620494716871163
02045.png,forehead,original_roi,0.14334250647491048
02045.png,under-eyes,original_roi,0.12136741380382682
02045.png,left-cheek,a_degradation_11,0.36923824718203174
02045.png,right-cheek,a_degradation_11,0.13178888168368838
02045.png,bottom-face,a_degradation_11,0.14545844726940374
02045.png,forehead,a_degradation_11,0.13968589344036997
02045.png,under-eyes,a_degradation_11,0.11964907171544513
02045.png,left-cheek,a_degradation_17,0.36265159076886877
02045.png,right-cheek,a_degradation_17,0.1279531191298535
02045.png,bottom-face,a_degradation_17,0.14141972837012723
02045.png,forehead,a_degradation_17,0.1356080174119972
02045.png,under-eyes,a_degradation_17,0.11930531971738648
03001.png,left-cheek,original_roi,0.26595613039963173
03001.png,right-cheek,original_roi,0.26003003383394024
03001.png,bottom-face,original_roi,0.21810702424980097
03001.png,forehead,original_roi,0.17203345623632682
03001.png,under-eyes,original_roi,0.17895683246427016
03001.png,left-cheek,a_degradation_11,0.25934604599325817
03001.png,right-cheek,a_degradation_11,0.23701017523555468
03001.png,bottom-face,a_degradation_11,0.2107235416480819
03001.png,forehead,a_degradation_11,0.16821923626421942
03001.png,under-eyes,a_degradation_11,0.17826846230662255
03001.png,left-cheek,a_degradation_17,0.23128140207380088
03001.png,right-cheek,a_degradation_17,0.20735980618236863
03001.png,bottom-face,a_degradation_17,0.1984650869698965
03001.png,forehead,a_degradation_17,0.16436492442612377
03001.png,under-eyes,a_degradation_17,0.17545235818988722
03006.png,left-cheek,original_roi,0.4063538114262745
03006.png,right-cheek,original_roi,0.2765532943200347
03006.png,bottom-face,original_roi,0.2473848556211739
03006.png,forehead,original_roi,0.23935953628472648
03006.png,under-eyes,original_roi,0.2089220519780066
03006.png,left-cheek,a_degradation_11,0.38807180115326456
03006.png,right-cheek,a_degradation_11,0.2552638580769601
03006.png,bottom-face,a_degradation_11,0.23022604528085253
03006.png,forehead,a_degradation_11,0.22376130161744462
03006.png,under-eyes,a_degradation_11,0.20435998142787926
03006.png,left-cheek,a_degradation_17,0.3437245765122194
03006.png,right-cheek,a_degradation_17,0.22900035122307766
03006.png,bottom-face,a_degradation_17,0.21909950970948586
03006.png,forehead,a_degradation_17,0.2152413361993697
03006.png,under-eyes,a_degradation_17,0.20137975851170037
03012.png,left-cheek,original_roi,0.2195793643328741
03012.png,right-cheek,original_roi,0.2537530242495622
03012.png,bottom-face,original_roi,0.23270101148641348
03012.png,forehead,original_roi,0.2665830120231347
03012.png,under-eyes,original_roi,0.2178932019746935
03012.png,left-cheek,a_degradation_11,0.20880920192993024
03012.png,right-cheek,a_degradation_11,0.24308240528857275
03012.png,bottom-face,a_degradation_11,0.22617406846703617
03012.png,forehead,a_degradation_11,0.2520237068860429
03012.png,under-eyes,a_degradation_11,0.20946294063864476
03012.png,left-cheek,a_degradation_17,0.20048842160393351
03012.png,right-cheek,a_degradation_17,0.23067497529897016
03012.png,bottom-face,a_degradation_17,0.20856295744308812
03012.png,forehead,a_degradation_17,0.24888859182134224
03012.png,under-eyes,a_degradation_17,0.19893148335846506
03013.png,left-cheek,original_roi,0.24187137322855864
03013.png,right-cheek,original_roi,0.22866456442629954
03013.png,bottom-face,original_roi,0.13025878382902917
03013.png,forehead,original_roi,0.21572401722401083
03013.png,under-eyes,original_roi,0.19627372376762978
03013.png,left-cheek,a_degradation_11,0.2332444681080271
03013.png,right-cheek,a_degradation_11,0.21339266189414702
03013.png,bottom-face,a_degradation_11,0.12701666395082487
03013.png,forehead,a_degradation_11,0.2051628447160385
03013.png,under-eyes,a_degradation_11,0.18663059401178045
03013.png,left-cheek,a_degradation_17,0.2247403341521169
03013.png,right-cheek,a_degradation_17,0.1851635844962263
03013.png,bottom-face,a_degradation_17,0.12493487117390115
03013.png,forehead,a_degradation_17,0.19646948103429812
03013.png,under-eyes,a_degradation_17,0.18112500314430338
03018.png,left-cheek,original_roi,0.28673173507028127
03018.png,right-cheek,original_roi,0.2966996998336784
03018.png,bottom-face,original_roi,0.2567923801912899
03018.png,forehead,original_roi,0.2755698020934638
03018.png,under-eyes,original_roi,0.2442279497237479
03018.png,left-cheek,a_degradation_11,0.2981315412637866
03018.png,right-cheek,a_degradation_11,0.2902285597376308
03018.png,bottom-face,a_degradation_11,0.24309860396399824
03018.png,forehead,a_degradation_11,0.2674936617477793
03018.png,under-eyes,a_degradation_11,0.2355916073961135
03018.png,left-cheek,a_degradation_17,0.30394632783856407
03018.png,right-cheek,a_degradation_17,0.2602718216791415
03018.png,bottom-face,a_degradation_17,0.2143986467835655
03018.png,forehead,a_degradation_17,0.25259392493912164
03018.png,under-eyes,a_degradation_17,0.22914480819468866
03020.png,left-cheek,original_roi,0.20187271551180516
03020.png,right-cheek,original_roi,0.2593751379801694
03020.png,bottom-face,original_roi,0.15818766373419282
03020.png,forehead,original_roi,0.13280163169143477
03020.png,under-eyes,original_roi,0.17362321799902328
03020.png,left-cheek,a_degradation_11,0.19619077426194476
03020.png,right-cheek,a_degradation_11,0.2457956410880622
03020.png,bottom-face,a_degradation_11,0.1539110660633604
03020.png,forehead,a_degradation_11,0.12862877441125273
03020.png,under-eyes,a_degradation_11,0.16840352367143885
03020.png,left-cheek,a_degradation_17,0.1810004622168185
03020.png,right-cheek,a_degradation_17,0.24788065873511564
03020.png,bottom-face,a_degradation_17,0.14327392322360752
03020.png,forehead,a_degradation_17,0.12612716441749527
03020.png,under-eyes,a_degradation_17,0.16853101064876458
03025.png,left-cheek,original_roi,0.4541693460528691
03025.png,right-cheek,original_roi,0.2941090654778379
03025.png,bottom-face,original_roi,0.36687215798691564
03025.png,forehead,original_roi,0.34582668594682475
03025.png,under-eyes,original_roi,0.2997450482950286
03025.png,left-cheek,a_degradation_11,0.4500174420083666
03025.png,right-cheek,a_degradation_11,0.2655791686136998
03025.png,bottom-face,a_degradation_11,0.31088661315315214
03025.png,forehead,a_degradation_11,0.3277187911515995
03025.png,under-eyes,a_degradation_11,0.27832924019706906
03025.png,left-cheek,a_degradation_17,0.4744874162697067
03025.png,right-cheek,a_degradation_17,0.22298450091731084
03025.png,bottom-face,a_degradation_17,0.2622919597141371
03025.png,forehead,a_degradation_17,0.2932517743243106
03025.png,under-eyes,a_degradation_17,0.26174059231209895
03027.png,left-cheek,original_roi,0.3104560269597527
03027.png,right-cheek,original_roi,0.3751915007376017
03027.png,bottom-face,original_roi,0.3674612783272514
03027.png,forehead,original_roi,0.2819048271445773
03027.png,under-eyes,original_roi,0.26846755612875123
03027.png,left-cheek,a_degradation_11,0.299658018818217
03027.png,right-cheek,a_degradation_11,0.37036283450160734
03027.png,bottom-face,a_degradation_11,0.32970592441747876
03027.png,forehead,a_degradation_11,0.2721764008723744
03027.png,under-eyes,a_degradation_11,0.2589489670711632
03027.png,left-cheek,a_degradation_17,0.28651001697643497
03027.png,right-cheek,a_degradation_17,0.29738851786814025
03027.png,bottom-face,a_degradation_17,0.29734143826825926
03027.png,forehead,a_degradation_17,0.24131193504201653
03027.png,under-eyes,a_degradation_17,0.24293819598645378
03029.png,left-cheek,original_roi,0.23420626114716434
03029.png,right-cheek,original_roi,0.23811825365966308
03029.png,bottom-face,original_roi,0.2827890003672215
03029.png,forehead,original_roi,0.23449573297199158
03029.png,under-eyes,original_roi,0.22767724528806854
03029.png,left-cheek,a_degradation_11,0.22723228459130804
03029.png,right-cheek,a_degradation_11,0.22112021472137305
03029.png,bottom-face,a_degradation_11,0.2583657926751732
03029.png,forehead,a_degradation_11,0.22006378821655842
03029.png,under-eyes,a_degradation_11,0.21425579668829497
03029.png,left-cheek,a_degradation_17,0.20743960362480512
03029.png,right-cheek,a_degradation_17,0.19175522271433745
03029.png,bottom-face,a_degradation_17,0.24011966733459253
03029.png,forehead,a_degradation_17,0.21328849466928268
03029.png,under-eyes,a_degradation_17,0.21162564895878302
03033.png,left-cheek,original_roi,0.2625567885009213
03033.png,right-cheek,original_roi,0.28246846207911824
03033.png,bottom-face,original_roi,0.2814995189838016
03033.png,forehead,original_roi,0.22175752976675503
03033.png,under-eyes,original_roi,0.25684722902073676
03033.png,left-cheek,a_degradation_11,0.24349592118451563
03033.png,right-cheek,a_degradation_11,0.2539116149361115
03033.png,bottom-face,a_degradation_11,0.2646689266728317
03033.png,forehead,a_degradation_11,0.20780837425579185
03033.png,under-eyes,a_degradation_11,0.24262182249006012
03033.png,left-cheek,a_degradation_17,0.21588512731573
03033.png,right-cheek,a_degradation_17,0.21533278334871464
03033.png,bottom-face,a_degradation_17,0.233259755706812
03033.png,forehead,a_degradation_17,0.20526963045394034
03033.png,under-eyes,a_degradation_17,0.2401978463729186
03034.png,left-cheek,original_roi,0.202531900820315
03034.png,right-cheek,original_roi,0.1618321928662556
03034.png,bottom-face,original_roi,0.14657648139317606
03034.png,forehead,original_roi,0.12680217606027747
03034.png,under-eyes,original_roi,0.12732186226667808
03034.png,left-cheek,a_degradation_11,0.2031770056107328
03034.png,right-cheek,a_degradation_11,0.15436608257520906
03034.png,bottom-face,a_degradation_11,0.1445624783180616
03034.png,forehead,a_degradation_11,0.11499463557651309
03034.png,under-eyes,a_degradation_11,0.12330954615480172
03034.png,left-cheek,a_degradation_17,0.20235492899118399
03034.png,right-cheek,a_degradation_17,0.14890942332994725
03034.png,bottom-face,a_degradation_17,0.1370233116571131
03034.png,forehead,a_degradation_17,0.10897803300057887
03034.png,under-eyes,a_degradation_17,0.11857221224310197
03035.png,left-cheek,original_roi,0.14125534739788637
03035.png,right-cheek,original_roi,0.27390166641770347
03035.png,bottom-face,original_roi,0.17396635236051186
03035.png,forehead,original_roi,0.1582947595819348
03035.png,under-eyes,original_roi,0.17158768464942314
03035.png,left-cheek,a_degradation_11,0.1410833095627093
03035.png,right-cheek,a_degradation_11,0.26403553572594174
03035.png,bottom-face,a_degradation_11,0.16671058831781804
03035.png,forehead,a_degradation_11,0.1553090693818935
03035.png,under-eyes,a_degradation_11,0.1707900363379348
03035.png,left-cheek,a_degradation_17,0.14634176075057986
03035.png,right-cheek,a_degradation_17,0.2380048362379986
03035.png,bottom-face,a_degradation_17,0.15912912461184117
03035.png,forehead,a_degradation_17,0.1530545205642052
03035.png,under-eyes,a_degradation_17,0.16221009271216655
03036.png,left-cheek,original_roi,0.3332791270893776
03036.png,right-cheek,original_roi,0.35477236487215597
03036.png,bottom-face,original_roi,0.35297625793005805
03036.png,forehead,original_roi,0.403671609363825
03036.png,under-eyes,original_roi,0.3526726939294417
03036.png,left-cheek,a_degradation_11,0.3101271876278158
03036.png,right-cheek,a_degradation_11,0.31483764811989845
03036.png,bottom-face,a_degradation_11,0.3361276318587962
03036.png,forehead,a_degradation_11,0.3616037101058763
03036.png,under-eyes,a_degradation_11,0.3164282060558173
03036.png,left-cheek,a_degradation_17,0.2675208019500993
03036.png,right-cheek,a_degradation_17,0.27039681063194887
03036.png,bottom-face,a_degradation_17,0.27848062185248496
03036.png,forehead,a_degradation_17,0.3305746960499185
03036.png,under-eyes,a_degradation_17,0.3038879048769673
03039.png,left-cheek,original_roi,0.15838374016394127
03039.png,right-cheek,original_roi,0.1483019609614085
03039.png,bottom-face,original_roi,0.1273471557852214
03039.png,forehead,original_roi,0.10688814337080077
03039.png,under-eyes,original_roi,0.20195991891757328
03039.png,left-cheek,a_degradation_11,0.1638025205756144
03039.png,right-cheek,a_degradation_11,0.1520371224109214
03039.png,bottom-face,a_degradation_11,0.12640174886837421
03039.png,forehead,a_degradation_11,0.1053732482050212
03039.png,under-eyes,a_degradation_11,0.19130615628010458
03039.png,left-cheek,a_degradation_17,0.16688398739820395
03039.png,right-cheek,a_degradation_17,0.15466744933393015
03039.png,bottom-face,a_degradation_17,0.12149654342040822
03039.png,forehead,a_degradation_17,0.10411198225778424
03039.png,under-eyes,a_degradation_17,0.19691120356357342
03044.png,left-cheek,original_roi,0.26414690130830176
03044.png,right-cheek,original_roi,0.22254332378703695
03044.png,bottom-face,original_roi,0.2718454866544996
03044.png,forehead,original_roi,0.23299845547497114
03044.png,under-eyes,original_roi,0.24713367370062966
03044.png,left-cheek,a_degradation_11,0.25825166957393214
03044.png,right-cheek,a_degradation_11,0.21787618499314546
03044.png,bottom-face,a_degradation_11,0.25229402877362445
03044.png,forehead,a_degradation_11,0.2241255937434954
03044.png,under-eyes,a_degradation_11,0.22966446206314586
03044.png,left-cheek,a_degradation_17,0.23769938520143796
03044.png,right-cheek,a_degradation_17,0.19188464288548918
03044.png,bottom-face,a_degradation_17,0.21951729651164956
03044.png,forehead,a_degradation_17,0.21099810965131133
03044.png,under-eyes,a_degradation_17,0.22433348614164406
03049.png,left-cheek,original_roi,0.2250606268793434
03049.png,right-cheek,original_roi,0.2049299729328576
03049.png,bottom-face,original_roi,0.23075856125522062
03049.png,forehead,original_roi,0.247011586238691
03049.png,under-eyes,original_roi,0.233533444108729
03049.png,left-cheek,a_degradation_11,0.2210964696565706
03049.png,right-cheek,a_degradation_11,0.19366233670098607
03049.png,bottom-face,a_degradation_11,0.22676770632628745
03049.png,forehead,a_degradation_11,0.24274677714359458
03049.png,under-eyes,a_degradation_11,0.2273578022505539
03049.png,left-cheek,a_degradation_17,0.2072763409713362
03049.png,right-cheek,a_degradation_17,0.17906104763249645
03049.png,bottom-face,a_degradation_17,0.2140803939634899
03049.png,forehead,a_degradation_17,0.23126737687917315
03049.png,under-eyes,a_degradation_17,0.21787511547219465
03053.png,left-cheek,original_roi,0.26506583645351106
03053.png,right-cheek,original_roi,0.20645802274631855
03053.png,bottom-face,original_roi,0.21811275594494497
03053.png,forehead,original_roi,0.16319372797567186
03053.png,under-eyes,original_roi,0.20626409741077406
03053.png,left-cheek,a_degradation_11,0.24963914536144194
03053.png,right-cheek,a_degradation_11,0.19027910124474434
03053.png,bottom-face,a_degradation_11,0.20890099947624882
03053.png,forehead,a_degradation_11,0.1603946404202858
03053.png,under-eyes,a_degradation_11,0.1990117443862626
03053.png,left-cheek,a_degradation_17,0.22257253068727184
03053.png,right-cheek,a_degradation_17,0.15568314750780984
03053.png,bottom-face,a_degradation_17,0.19220089313277375
03053.png,forehead,a_degradation_17,0.15847367227286663
03053.png,under-eyes,a_degradation_17,0.20124432621736066
03055.png,left-cheek,original_roi,0.2355237235863692
03055.png,right-cheek,original_roi,0.3421871149692418
03055.png,bottom-face,original_roi,0.2629981703890051
03055.png,forehead,original_roi,0.24148547318556338
03055.png,under-eyes,original_roi,0.24974468448944173
03055.png,left-cheek,a_degradation_11,0.23232553713687185
03055.png,right-cheek,a_degradation_11,0.3241753040647721
03055.png,bottom-face,a_degradation_11,0.25600523370074635
03055.png,forehead,a_degradation_11,0.23791154082638805
03055.png,under-eyes,a_degradation_11,0.23005553606539017
03055.png,left-cheek,a_degradation_17,0.22531900829830212
03055.png,right-cheek,a_degradation_17,0.33189933315206144
03055.png,bottom-face,a_degradation_17,0.23648922136828368
03055.png,forehead,a_degradation_17,0.2166125872079092
03055.png,under-eyes,a_degradation_17,0.23051901620548568
03057.png,left-cheek,original_roi,0.2709839363527224
03057.png,right-cheek,original_roi,0.28604749451877515
03057.png,bottom-face,original_roi,0.2423484142752411
03057.png,forehead,original_roi,0.2622893099170022
03057.png,under-eyes,original_roi,0.21161528518102904
03057.png,left-cheek,a_degradation_11,0.2865151868291151
03057.png,right-cheek,a_degradation_11,0.27204959526264316
03057.png,bottom-face,a_degradation_11,0.24174093513855344
03057.png,forehead,a_degradation_11,0.243408804537763
03057.png,under-eyes,a_degradation_11,0.21213771405041873
03057.png,left-cheek,a_degradation_17,0.2517849480054493
03057.png,right-cheek,a_degradation_17,0.24346605286400305
03057.png,bottom-face,a_degradation_17,0.21172593740839962
03057.png,forehead,a_degradation_17,0.2353112823969056
03057.png,under-eyes,a_degradation_17,0.2014591293825439
03058.png,left-cheek,original_roi,0.29448141353330826
03058.png,right-cheek,original_roi,0.30043565133522887
03058.png,bottom-face,original_roi,0.2547038691565556
03058.png,forehead,original_roi,0.14800935372489976
03058.png,under-eyes,original_roi,0.2329677352852741
03058.png,left-cheek,a_degradation_11,0.29247762192343724
03058.png,right-cheek,a_degradation_11,0.28824041130973393
03058.png,bottom-face,a_degradation_11,0.24513302656151414
03058.png,forehead,a_degradation_11,0.14393307565506516
03058.png,under-eyes,a_degradation_11,0.2209264589071516
03058.png,left-cheek,a_degradation_17,0.27474178215856027
03058.png,right-cheek,a_degradation_17,0.27532869715556935
03058.png,bottom-face,a_degradation_17,0.22148849281958521
03058.png,forehead,a_degradation_17,0.14178079804952426
03058.png,under-eyes,a_degradation_17,0.21775970968141
03059.png,left-cheek,original_roi,0.2105885998974582
03059.png,right-cheek,original_roi,0.16806273576438
03059.png,bottom-face,original_roi,0.19921819886410636
03059.png,forehead,original_roi,0.19704579249321078
03059.png,under-eyes,original_roi,0.17812058177303927
03059.png,left-cheek,a_degradation_11,0.213537092758461
03059.png,right-cheek,a_degradation_11,0.15513174264868643
03059.png,bottom-face,a_degradation_11,0.20339045745332743
03059.png,forehead,a_degradation_11,0.17590757688923736
03059.png,under-eyes,a_degradation_11,0.1635815347851358
03059.png,left-cheek,a_degradation_17,0.20899946200989686
03059.png,right-cheek,a_degradation_17,0.1380945292977407
03059.png,bottom-face,a_degradation_17,0.18099549932549108
03059.png,forehead,a_degradation_17,0.16681353300351576
03059.png,under-eyes,a_degradation_17,0.15219934852296357
03062.png,left-cheek,original_roi,0.15172178102904607
03062.png,right-cheek,original_roi,0.27529607106581816
03062.png,bottom-face,original_roi,0.1835059996424999
03062.png,forehead,original_roi,0.20498411887749968
03062.png,under-eyes,original_roi,0.23996454297409556
03062.png,left-cheek,a_degradation_11,0.1458235869696425
03062.png,right-cheek,a_degradation_11,0.266218323355006
03062.png,bottom-face,a_degradation_11,0.1804856772296336
03062.png,forehead,a_degradation_11,0.20210502375158207
03062.png,under-eyes,a_degradation_11,0.2290352735281302
03062.png,left-cheek,a_degradation_17,0.14122273872679864
03062.png,right-cheek,a_degradation_17,0.24899325769311287
03062.png,bottom-face,a_degradation_17,0.16748955754937983
03062.png,forehead,a_degradation_17,0.19588313019178183
03062.png,under-eyes,a_degradation_17,0.2260798460991874
03063.png,left-cheek,original_roi,0.43776935159527586
03063.png,right-cheek,original_roi,0.2345703571424377
03063.png,bottom-face,original_roi,0.2963331239522519
03063.png,forehead,original_roi,0.11640776692373608
03063.png,under-eyes,original_roi,0.142143859269641
03063.png,left-cheek,a_degradation_11,0.4400467081914997
03063.png,right-cheek,a_degradation_11,0.23735866210744325
03063.png,bottom-face,a_degradation_11,0.27477098828213203
03063.png,forehead,a_degradation_11,0.1155370385504444
03063.png,under-eyes,a_degradation_11,0.1399461381217184
03063.png,left-cheek,a_degradation_17,0.4404402869736184
03063.png,right-cheek,a_degradation_17,0.23515423183024195
03063.png,bottom-face,a_degradation_17,0.2506321122818124
03063.png,forehead,a_degradation_17,0.11185229680284128
03063.png,under-eyes,a_degradation_17,0.13554343299237442
03065.png,left-cheek,original_roi,0.31569096595762436
03065.png,right-cheek,original_roi,0.17359880314742696
03065.png,bottom-face,original_roi,0.1590249777412447
03065.png,forehead,original_roi,0.18906380543498985
03065.png,under-eyes,original_roi,0.1792643638282085
03065.png,left-cheek,a_degradation_11,0.3240838566546395
03065.png,right-cheek,a_degradation_11,0.17565900774076573
03065.png,bottom-face,a_degradation_11,0.158904163563196
03065.png,forehead,a_degradation_11,0.17698945432405233
03065.png,under-eyes,a_degradation_11,0.1794438006450798
03065.png,left-cheek,a_degradation_17,0.3207957532107002
03065.png,right-cheek,a_degradation_17,0.167033970737857
03065.png,bottom-face,a_degradation_17,0.15084017914040657
03065.png,forehead,a_degradation_17,0.17509158642544273
03065.png,under-eyes,a_degradation_17,0.1706546543177692
03068.png,left-cheek,original_roi,0.25654372111752766
03068.png,right-cheek,original_roi,0.26090073624409443
03068.png,bottom-face,original_roi,0.25490218820797517
03068.png,forehead,original_roi,0.2784270406692646
03068.png,under-eyes,original_roi,0.19802562460375317
03068.png,left-cheek,a_degradation_11,0.2473294118757737
03068.png,right-cheek,a_degradation_11,0.23716337292915018
03068.png,bottom-face,a_degradation_11,0.23454468626317349
03068.png,forehead,a_degradation_11,0.2601178485974228
03068.png,under-eyes,a_degradation_11,0.18876745809285866
03068.png,left-cheek,a_degradation_17,0.2111638409632449
03068.png,right-cheek,a_degradation_17,0.21205860879169086
03068.png,bottom-face,a_degradation_17,0.21491509269659104
03068.png,forehead,a_degradation_17,0.24718278240580174
03068.png,under-eyes,a_degradation_17,0.19641248763396948
03069.png,left-cheek,original_roi,0.2438169205758724
03069.png,right-cheek,original_roi,0.2577103495358948
03069.png,bottom-face,original_roi,0.21622788775785662
03069.png,forehead,original_roi,0.2384254964364353
03069.png,under-eyes,original_roi,0.21846315450374007
03069.png,left-cheek,a_degradation_11,0.25450988918156786
03069.png,right-cheek,a_degradation_11,0.25653168242308305
03069.png,bottom-face,a_degradation_11,0.20089869449549597
03069.png,forehead,a_degradation_11,0.21907424508296555
03069.png,under-eyes,a_degradation_11,0.20835738803332077
03069.png,left-cheek,a_degradation_17,0.2563839562563653
03069.png,right-cheek,a_degradation_17,0.24808991707417738
03069.png,bottom-face,a_degradation_17,0.1966089283627836
03069.png,forehead,a_degradation_17,0.21430428572217977
03069.png,under-eyes,a_degradation_17,0.20468976686468787
03071.png,left-cheek,original_roi,0.22479146267889002
03071.png,right-cheek,original_roi,0.1854969500700428
03071.png,bottom-face,original_roi,0.17088160507618963
03071.png,forehead,original_roi,0.140336321094764
03071.png,under-eyes,original_roi,0.18456799521935774
03071.png,left-cheek,a_degradation_11,0.22701578586586874
03071.png,right-cheek,a_degradation_11,0.16997678473447744
03071.png,bottom-face,a_degradation_11,0.16267227486714625
03071.png,forehead,a_degradation_11,0.13287433067427373
03071.png,under-eyes,a_degradation_11,0.1734881913298566
03071.png,left-cheek,a_degradation_17,0.2292700795517713
03071.png,right-cheek,a_degradation_17,0.15115708887905818
03071.png,bottom-face,a_degradation_17,0.1578547312952267
03071.png,forehead,a_degradation_17,0.12737688764354593
03071.png,under-eyes,a_degradation_17,0.16632176963592807
03073.png,left-cheek,original_roi,0.21715220201341054
03073.png,right-cheek,original_roi,0.22262651666757408
03073.png,bottom-face,original_roi,0.17876131978670778
03073.png,forehead,original_roi,0.17917985703004938
03073.png,under-eyes,original_roi,0.20961069230103255
03073.png,left-cheek,a_degradation_11,0.21553772976576033
03073.png,right-cheek,a_degradation_11,0.22461108543036173
03073.png,bottom-face,a_degradation_11,0.17697453346782366
03073.png,forehead,a_degradation_11,0.18121718250059884
03073.png,under-eyes,a_degradation_11,0.19989039518202412
03073.png,left-cheek,a_degradation_17,0.20281154862970524
03073.png,right-cheek,a_degradation_17,0.21892848225624265
03073.png,bottom-face,a_degradation_17,0.16673739903970272
03073.png,forehead,a_degradation_17,0.17194908034346015
03073.png,under-eyes,a_degradation_17,0.1976231735681644
03076.png,left-cheek,original_roi,0.22298870466235932
03076.png,right-cheek,original_roi,0.1506965251565859
03076.png,bottom-face,original_roi,0.10813644948562744
03076.png,forehead,original_roi,0.14159343993623855
03076.png,under-eyes,original_roi,0.14716888156037392
03076.png,left-cheek,a_degradation_11,0.22867648314904798
03076.png,right-cheek,a_degradation_11,0.14582446989046122
03076.png,bottom-face,a_degradation_11,0.10577156188574185
03076.png,forehead,a_degradation_11,0.13798112476399277
03076.png,under-eyes,a_degradation_11,0.14173845333604904
03076.png,left-cheek,a_degradation_17,0.212964884412471
03076.png,right-cheek,a_degradation_17,0.13485400024351055
03076.png,bottom-face,a_degradation_17,0.10119703506939698
03076.png,forehead,a_degradation_17,0.13289552869644874
03076.png,under-eyes,a_degradation_17,0.14092030585150322
03077.png,left-cheek,original_roi,0.2440914423878751
03077.png,right-cheek,original_roi,0.13076427121463557
03077.png,bottom-face,original_roi,0.19516837176312385
03077.png,forehead,original_roi,0.18269514762664643
03077.png,under-eyes,original_roi,0.1869069471128842
03077.png,left-cheek,a_degradation_11,0.2265084871395761
03077.png,right-cheek,a_degradation_11,0.11803259109656669
03077.png,bottom-face,a_degradation_11,0.18298891544272994
03077.png,forehead,a_degradation_11,0.15989534864557964
03077.png,under-eyes,a_degradation_11,0.16976465859844872
03077.png,left-cheek,a_degradation_17,0.19824747564743622
03077.png,right-cheek,a_degradation_17,0.10412375245251507
03077.png,bottom-face,a_degradation_17,0.18147976393634307
03077.png,forehead,a_degradation_17,0.15257201439136528
03077.png,under-eyes,a_degradation_17,0.161750905547561
03078.png,left-cheek,original_roi,0.20014385358563674
03078.png,right-cheek,original_roi,0.21061488148308247
03078.png,bottom-face,original_roi,0.19186401649541335
03078.png,forehead,original_roi,0.19943885663305122
03078.png,under-eyes,original_roi,0.18019848846938497
03078.png,left-cheek,a_degradation_11,0.19816763595855222
03078.png,right-cheek,a_degradation_11,0.2074958924084438
03078.png,bottom-face,a_degradation_11,0.19325421739387294
03078.png,forehead,a_degradation_11,0.19410464542930414
03078.png,under-eyes,a_degradation_11,0.17666895487066764
03078.png,left-cheek,a_degradation_17,0.1796890524248255
03078.png,right-cheek,a_degradation_17,0.1921925109940674
03078.png,bottom-face,a_degradation_17,0.18238053916493874
03078.png,forehead,a_degradation_17,0.18134324975829894
03078.png,under-eyes,a_degradation_17,0.17351835066817634
03080.png,left-cheek,original_roi,0.18186931865699094
03080.png,right-cheek,original_roi,0.2631278110395189
03080.png,bottom-face,original_roi,0.2282352264887604
03080.png,forehead,original_roi,0.21977985816538745
03080.png,under-eyes,original_roi,0.22739067202803154
03080.png,left-cheek,a_degradation_11,0.18133143805420618
03080.png,right-cheek,a_degradation_11,0.24801289195126408
03080.png,bottom-face,a_degradation_11,0.2065828813800458
03080.png,forehead,a_degradation_11,0.219743499493491
03080.png,under-eyes,a_degradation_11,0.21405195249203535
03080.png,left-cheek,a_degradation_17,0.17520570202514002
03080.png,right-cheek,a_degradation_17,0.21266541694649654
03080.png,bottom-face,a_degradation_17,0.19290612335459817
03080.png,forehead,a_degradation_17,0.19860788614374716
03080.png,under-eyes,a_degradation_17,0.20241009176385927
03082.png,left-cheek,original_roi,0.23737300060672592
03082.png,right-cheek,original_roi,0.20481598324728642
03082.png,bottom-face,original_roi,0.2018453400140293
03082.png,forehead,original_roi,0.19009971353405966
03082.png,under-eyes,original_roi,0.14365949771532022
03082.png,left-cheek,a_degradation_11,0.2526328059121333
03082.png,right-cheek,a_degradation_11,0.2020435011772444
03082.png,bottom-face,a_degradation_11,0.1906625653518014
03082.png,forehead,a_degradation_11,0.1809641606652675
03082.png,under-eyes,a_degradation_11,0.13982425931217077
03082.png,left-cheek,a_degradation_17,0.24091622127009454
03082.png,right-cheek,a_degradation_17,0.2112469239837057
03082.png,bottom-face,a_degradation_17,0.17962384627773093
03082.png,forehead,a_degradation_17,0.17365193606446777
03082.png,under-eyes,a_degradation_17,0.1404217411631142
03084.png,left-cheek,original_roi,0.19066103649764607
03084.png,right-cheek,original_roi,0.18563354002871915
03084.png,bottom-face,original_roi,0.20350372301853387
03084.png,forehead,original_roi,0.2581011845090368
03084.png,under-eyes,original_roi,0.21555675131601634
03084.png,left-cheek,a_degradation_11,0.18590817715648147
03084.png,right-cheek,a_degradation_11,0.17248336298736902
03084.png,bottom-face,a_degradation_11,0.19418094481052994
03084.png,forehead,a_degradation_11,0.24311831790617222
03084.png,under-eyes,a_degradation_11,0.20391987514765586
03084.png,left-cheek,a_degradation_17,0.1853228065001368
03084.png,right-cheek,a_degradation_17,0.16011371418367604
03084.png,bottom-face,a_degradation_17,0.18386282786160205
03084.png,forehead,a_degradation_17,0.23892651795829736
03084.png,under-eyes,a_degradation_17,0.19564449762048186
03088.png,left-cheek,original_roi,0.21732501974948235
03088.png,right-cheek,original_roi,0.18727420630050723
03088.png,bottom-face,original_roi,0.18109482296451143
03088.png,forehead,original_roi,0.17015665090812765
03088.png,under-eyes,original_roi,0.21138835841024023
03088.png,left-cheek,a_degradation_11,0.21228353517074325
03088.png,right-cheek,a_degradation_11,0.181005938584139
03088.png,bottom-face,a_degradation_11,0.18110005872976515
03088.png,forehead,a_degradation_11,0.15674976131402538
03088.png,under-eyes,a_degradation_11,0.19846218803395468
03088.png,left-cheek,a_degradation_17,0.19744960720038332
03088.png,right-cheek,a_degradation_17,0.1673723112306608
03088.png,bottom-face,a_degradation_17,0.17208341748323266
03088.png,forehead,a_degradation_17,0.1463687680454088
03088.png,under-eyes,a_degradation_17,0.1893844626133289
03099.png,left-cheek,original_roi,0.34547429455796547
03099.png,right-cheek,original_roi,0.1930475933733654
03099.png,bottom-face,original_roi,0.171163401299649
03099.png,forehead,original_roi,0.124989833392135
03099.png,under-eyes,original_roi,0.22950584786421888
03099.png,left-cheek,a_degradation_11,0.3380014540181243
03099.png,right-cheek,a_degradation_11,0.1896915574258091
03099.png,bottom-face,a_degradation_11,0.17037819190145856
03099.png,forehead,a_degradation_11,0.12032804532964261
03099.png,under-eyes,a_degradation_11,0.21327055450403157
03099.png,left-cheek,a_degradation_17,0.298043111113614
03099.png,right-cheek,a_degradation_17,0.1635713379111841
03099.png,bottom-face,a_degradation_17,0.15535352139238878
03099.png,forehead,a_degradation_17,0.1218846936386991
03099.png,under-eyes,a_degradation_17,0.21338626204346248
03102.png,left-cheek,original_roi,0.23190127241927863
03102.png,right-cheek,original_roi,0.13477846853502398
03102.png,bottom-face,original_roi,0.16380773115671002
03102.png,forehead,original_roi,0.2711387098043937
03102.png,under-eyes,original_roi,0.2849725537272678
03102.png,left-cheek,a_degradation_11,0.22028896918810315
03102.png,right-cheek,a_degradation_11,0.13477405243075485
03102.png,bottom-face,a_degradation_11,0.15420094188917516
03102.png,forehead,a_degradation_11,0.254426326428896
03102.png,under-eyes,a_degradation_11,0.27037924047924633
03102.png,left-cheek,a_degradation_17,0.21137817125918396
03102.png,right-cheek,a_degradation_17,0.13596440814817326
03102.png,bottom-face,a_degradation_17,0.1484217481961182
03102.png,forehead,a_degradation_17,0.24470025838188525
03102.png,under-eyes,a_degradation_17,0.2709835581885903
03110.png,left-cheek,original_roi,0.38208118039478683
03110.png,right-cheek,original_roi,0.32365759978560205
03110.png,bottom-face,original_roi,0.2900412405777356
03110.png,forehead,original_roi,0.22168827151847045
03110.png,under-eyes,original_roi,0.24384521639226409
03110.png,left-cheek,a_degradation_11,0.32093155469312107
03110.png,right-cheek,a_degradation_11,0.28353592711889103
03110.png,bottom-face,a_degradation_11,0.26865186216738496
03110.png,forehead,a_degradation_11,0.21254849266203418
03110.png,under-eyes,a_degradation_11,0.23154324604927334
03110.png,left-cheek,a_degradation_17,0.26144626446469027
03110.png,right-cheek,a_degradation_17,0.24129466803063254
03110.png,bottom-face,a_degradation_17,0.24327298252580642
03110.png,forehead,a_degradation_17,0.20277159200309983
03110.png,under-eyes,a_degradation_17,0.23142631574912237
03111.png,left-cheek,original_roi,0.18301876357907126
03111.png,right-cheek,original_roi,0.1445237802811712
03111.png,bottom-face,original_roi,0.18993266885838395
03111.png,forehead,original_roi,0.1744296677121742
03111.png,under-eyes,original_roi,0.1858317960584756
03111.png,left-cheek,a_degradation_11,0.17976762929148007
03111.png,right-cheek,a_degradation_11,0.14227719668524672
03111.png,bottom-face,a_degradation_11,0.1845272238020261
03111.png,forehead,a_degradation_11,0.16597456779619538
03111.png,under-eyes,a_degradation_11,0.17586756822047017
03111.png,left-cheek,a_degradation_17,0.16872701384256536
03111.png,right-cheek,a_degradation_17,0.1348728115035713
03111.png,bottom-face,a_degradation_17,0.17527777884573112
03111.png,forehead,a_degradation_17,0.16403663250553505
03111.png,under-eyes,a_degradation_17,0.17617569298809502
03116.png,left-cheek,original_roi,0.18409449646685325
03116.png,right-cheek,original_roi,0.2555588498025078
03116.png,bottom-face,original_roi,0.20350026181293135
03116.png,forehead,original_roi,0.20498181526694578
03116.png,under-eyes,original_roi,0.22475737802310755
03116.png,left-cheek,a_degradation_11,0.17544275442193077
03116.png,right-cheek,a_degradation_11,0.2249402052490669
03116.png,bottom-face,a_degradation_11,0.19385363068836436
03116.png,forehead,a_degradation_11,0.1934104692203692
03116.png,under-eyes,a_degradation_11,0.2123129110996125
03116.png,left-cheek,a_degradation_17,0.16446329404163657
03116.png,right-cheek,a_degradation_17,0.19605573794387607
03116.png,bottom-face,a_degradation_17,0.18354814991623392
03116.png,forehead,a_degradation_17,0.19215541642436904
03116.png,under-eyes,a_degradation_17,0.20945116847515982
03118.png,left-cheek,original_roi,0.19602196461804341
03118.png,right-cheek,original_roi,0.19311051600284185
03118.png,bottom-face,original_roi,0.18026305272289783
03118.png,forehead,original_roi,0.23310906280242163
03118.png,under-eyes,original_roi,0.26717851744334437
03118.png,left-cheek,a_degradation_11,0.19828047223751738
03118.png,right-cheek,a_degradation_11,0.19470982999853742
03118.png,bottom-face,a_degradation_11,0.17599322153793112
03118.png,forehead,a_degradation_11,0.2250257923289251
03118.png,under-eyes,a_degradation_11,0.25781592166052203
03118.png,left-cheek,a_degradation_17,0.19870961200370918
03118.png,right-cheek,a_degradation_17,0.19454573465852637
03118.png,bottom-face,a_degradation_17,0.16125666631589283
03118.png,forehead,a_degradation_17,0.2163344545323518
03118.png,under-eyes,a_degradation_17,0.24564359899793345
03119.png,left-cheek,original_roi,0.13855021128465903
03119.png,right-cheek,original_roi,0.33004842816513885
03119.png,bottom-face,original_roi,0.19035756157873804
03119.png,forehead,original_roi,0.1436061945893683
03119.png,under-eyes,original_roi,0.1700609856366579
03119.png,left-cheek,a_degradation_11,0.13655924447200854
03119.png,right-cheek,a_degradation_11,0.30912883107712663
03119.png,bottom-face,a_degradation_11,0.18654798401811504
03119.png,forehead,a_degradation_11,0.14036163901022738
03119.png,under-eyes,a_degradation_11,0.16074600793286523
03119.png,left-cheek,a_degradation_17,0.13738436732606985
03119.png,right-cheek,a_degradation_17,0.2787057531947853
03119.png,bottom-face,a_degradation_17,0.17422706146404435
03119.png,forehead,a_degradation_17,0.13948563070739092
03119.png,under-eyes,a_degradation_17,0.1642813051480208
03120.png,left-cheek,original_roi,0.2159229213717918
03120.png,right-cheek,original_roi,0.19311037596926334
03120.png,bottom-face,original_roi,0.2938521749539801
03120.png,forehead,original_roi,0.26782056227169493
03120.png,under-eyes,original_roi,0.2042661989618185
03120.png,left-cheek,a_degradation_11,0.21343363003071358
03120.png,right-cheek,a_degradation_11,0.19145927260422296
03120.png,bottom-face,a_degradation_11,0.28441891240001466
03120.png,forehead,a_degradation_11,0.25589136643071236
03120.png,under-eyes,a_degradation_11,0.1982683207585266
03120.png,left-cheek,a_degradation_17,0.2187478693642496
03120.png,right-cheek,a_degradation_17,0.19270829457900385
03120.png,bottom-face,a_degradation_17,0.2680418616149367
03120.png,forehead,a_degradation_17,0.23856870742928685
03120.png,under-eyes,a_degradation_17,0.19785593301651633
03121.png,left-cheek,original_roi,0.100131579688695
03121.png,right-cheek,original_roi,0.12874279224221472
03121.png,bottom-face,original_roi,0.1449530045721133
03121.png,forehead,original_roi,0.18713702192873216
03121.png,under-eyes,original_roi,0.1306338947401337
03121.png,left-cheek,a_degradation_11,0.10018658291133968
03121.png,right-cheek,a_degradation_11,0.1253289223698371
03121.png,bottom-face,a_degradation_11,0.13932111019928572
03121.png,forehead,a_degradation_11,0.18026983733829224
03121.png,under-eyes,a_degradation_11,0.12732833951189745
03121.png,left-cheek,a_degradation_17,0.0974791501655731
03121.png,right-cheek,a_degradation_17,0.11495054335902241
03121.png,bottom-face,a_degradation_17,0.13383399147081695
03121.png,forehead,a_degradation_17,0.17934410524350003
03121.png,under-eyes,a_degradation_17,0.12168225282847071
03122.png,left-cheek,original_roi,0.2870691670778157
03122.png,right-cheek,original_roi,0.26197588270799455
03122.png,bottom-face,original_roi,0.10421905868605055
03122.png,forehead,original_roi,0.18968932605707547
03122.png,under-eyes,original_roi,0.1944033911245989
03122.png,left-cheek,a_degradation_11,0.26842647810064285
03122.png,right-cheek,a_degradation_11,0.2500946686394291
03122.png,bottom-face,a_degradation_11,0.10042771780148044
03122.png,forehead,a_degradation_11,0.1834998651828743
03122.png,under-eyes,a_degradation_11,0.18360431530970273
03122.png,left-cheek,a_degradation_17,0.2326421282693723
03122.png,right-cheek,a_degradation_17,0.2698799806077556
03122.png,bottom-face,a_degradation_17,0.09936728522495947
03122.png,forehead,a_degradation_17,0.17362973841119156
03122.png,under-eyes,a_degradation_17,0.17284167334168074
03126.png,left-cheek,original_roi,0.16297037416836202
03126.png,right-cheek,original_roi,0.22774226108787618
03126.png,bottom-face,original_roi,0.2058272957919861
03126.png,forehead,original_roi,0.2661519514632659
03126.png,under-eyes,original_roi,0.24097991003201202
03126.png,left-cheek,a_degradation_11,0.16291895676996623
03126.png,right-cheek,a_degradation_11,0.2186298912041976
03126.png,bottom-face,a_degradation_11,0.20129242494585756
03126.png,forehead,a_degradation_11,0.2498393562705674
03126.png,under-eyes,a_degradation_11,0.22319593541660976
03126.png,left-cheek,a_degradation_17,0.16385672682750851
03126.png,right-cheek,a_degradation_17,0.20451270309113442
03126.png,bottom-face,a_degradation_17,0.18853854582003052
03126.png,forehead,a_degradation_17,0.2388706803220477
03126.png,under-eyes,a_degradation_17,0.2237197259782407
03127.png,left-cheek,original_roi,0.1634042926663734
03127.png,right-cheek,original_roi,0.17191464414702698
03127.png,bottom-face,original_roi,0.14006164155620365
03127.png,forehead,original_roi,0.24488617557727682
03127.png,under-eyes,original_roi,0.22924327772385053
03127.png,left-cheek,a_degradation_11,0.15698327412796806
03127.png,right-cheek,a_degradation_11,0.16246613432818718
03127.png,bottom-face,a_degradation_11,0.138474877784721
03127.png,forehead,a_degradation_11,0.2337385768724712
03127.png,under-eyes,a_degradation_11,0.2243854992591589
03127.png,left-cheek,a_degradation_17,0.14099825607816435
03127.png,right-cheek,a_degradation_17,0.1518978195355526
03127.png,bottom-face,a_degradation_17,0.1367807551151414
03127.png,forehead,a_degradation_17,0.2239070806627038
03127.png,under-eyes,a_degradation_17,0.22155010590307345
03128.png,left-cheek,original_roi,0.18196492877172887
03128.png,right-cheek,original_roi,0.20279095064606356
03128.png,bottom-face,original_roi,0.22668447752916393
03128.png,forehead,original_roi,0.24040806936713366
03128.png,under-eyes,original_roi,0.21666243605463645
03128.png,left-cheek,a_degradation_11,0.17552436709063246
03128.png,right-cheek,a_degradation_11,0.19095487027717273
03128.png,bottom-face,a_degradation_11,0.21604338345620383
03128.png,forehead,a_degradation_11,0.2466736123329419
03128.png,under-eyes,a_degradation_11,0.20656812073722028
03128.png,left-cheek,a_degradation_17,0.1542986290456829
03128.png,right-cheek,a_degradation_17,0.16420115530981783
03128.png,bottom-face,a_degradation_17,0.19847279956606786
03128.png,forehead,a_degradation_17,0.22610728454544976
03128.png,under-eyes,a_degradation_17,0.21514837250962876
03129.png,left-cheek,original_roi,0.2226631495411012
03129.png,right-cheek,original_roi,0.28868739898566154
03129.png,bottom-face,original_roi,0.2277176178057232
03129.png,forehead,original_roi,0.28929942204006537
03129.png,under-eyes,original_roi,0.27929366298461966
03129.png,left-cheek,a_degradation_11,0.20663613153488916
03129.png,right-cheek,a_degradation_11,0.25824749084014387
03129.png,bottom-face,a_degradation_11,0.21048419030781723
03129.png,forehead,a_degradation_11,0.2726622487294195
03129.png,under-eyes,a_degradation_11,0.2597568604283495
03129.png,left-cheek,a_degradation_17,0.1871837514501338
03129.png,right-cheek,a_degradation_17,0.21152138960670722
03129.png,bottom-face,a_degradation_17,0.20906323108727357
03129.png,forehead,a_degradation_17,0.25509807944044516
03129.png,under-eyes,a_degradation_17,0.2530892549877484
03131.png,left-cheek,original_roi,0.2532428815002137
03131.png,right-cheek,original_roi,0.2345826898984647
03131.png,bottom-face,original_roi,0.24851579676686308
03131.png,forehead,original_roi,0.25716178612978935
03131.png,under-eyes,original_roi,0.24724749307208976
03131.png,left-cheek,a_degradation_11,0.26226186293991016
03131.png,right-cheek,a_degradation_11,0.23130413637252698
03131.png,bottom-face,a_degradation_11,0.2564662660499218
03131.png,forehead,a_degradation_11,0.24426548832621386
03131.png,under-eyes,a_degradation_11,0.24202984710520634
03131.png,left-cheek,a_degradation_17,0.25982155096511966
03131.png,right-cheek,a_degradation_17,0.21869555289615755
03131.png,bottom-face,a_degradation_17,0.23795295794837193
03131.png,forehead,a_degradation_17,0.2300777318244288
03131.png,under-eyes,a_degradation_17,0.23075979528127122
03132.png,left-cheek,original_roi,0.3680415319419543
03132.png,right-cheek,original_roi,0.2724819436546038
03132.png,bottom-face,original_roi,0.3906189406764918
03132.png,forehead,original_roi,0.2285211211424134
03132.png,under-eyes,original_roi,0.2866512200832507
03132.png,left-cheek,a_degradation_11,0.3300074172721475
03132.png,right-cheek,a_degradation_11,0.26861459055771786
03132.png,bottom-face,a_degradation_11,0.3460103090358186
03132.png,forehead,a_degradation_11,0.214201865309206
03132.png,under-eyes,a_degradation_11,0.25285712361734886
03132.png,left-cheek,a_degradation_17,0.2580828247991373
03132.png,right-cheek,a_degradation_17,0.2551626773823168
03132.png,bottom-face,a_degradation_17,0.2838405205899386
03132.png,forehead,a_degradation_17,0.2100892239462838
03132.png,under-eyes,a_degradation_17,0.26040018459383507
03133.png,left-cheek,original_roi,0.19809591856344677
03133.png,right-cheek,original_roi,0.14687229010456845
03133.png,bottom-face,original_roi,0.1584013759995629
03133.png,forehead,original_roi,0.16364564458817876
03133.png,under-eyes,original_roi,0.14867744128264013
03133.png,left-cheek,a_degradation_11,0.19311681372285672
03133.png,right-cheek,a_degradation_11,0.14206992550889652
03133.png,bottom-face,a_degradation_11,0.1519911570894965
03133.png,forehead,a_degradation_11,0.16178377124133683
03133.png,under-eyes,a_degradation_11,0.14583669271194002
03133.png,left-cheek,a_degradation_17,0.1827571059376918
03133.png,right-cheek,a_degradation_17,0.1494403834768483
03133.png,bottom-face,a_degradation_17,0.14578708857900421
03133.png,forehead,a_degradation_17,0.15804000288852374
03133.png,under-eyes,a_degradation_17,0.1451938089374602
03134.png,left-cheek,original_roi,0.2682818425387227
03134.png,right-cheek,original_roi,0.27036226862508167
03134.png,bottom-face,original_roi,0.30481030820634586
03134.png,forehead,original_roi,0.19695684103222943
03134.png,under-eyes,original_roi,0.2815211405743999
03134.png,left-cheek,a_degradation_11,0.26035723258843735
03134.png,right-cheek,a_degradation_11,0.2523556359034672
03134.png,bottom-face,a_degradation_11,0.27382379838272997
03134.png,forehead,a_degradation_11,0.1944331086146496
03134.png,under-eyes,a_degradation_11,0.2567041094149562
03134.png,left-cheek,a_degradation_17,0.2280830836879637
03134.png,right-cheek,a_degradation_17,0.21121493694011673
03134.png,bottom-face,a_degradation_17,0.23042558864629384
03134.png,forehead,a_degradation_17,0.18390844433125242
03134.png,under-eyes,a_degradation_17,0.2603360709353327
03135.png,left-cheek,original_roi,0.34219186370211563
03135.png,right-cheek,original_roi,0.31175554966140273
03135.png,bottom-face,original_roi,0.3357304758342406
03135.png,forehead,original_roi,0.4108341061361225
03135.png,under-eyes,original_roi,0.3375341472544849
03135.png,left-cheek,a_degradation_11,0.28590237769252214
03135.png,right-cheek,a_degradation_11,0.26282327908463543
03135.png,bottom-face,a_degradation_11,0.3030667477989467
03135.png,forehead,a_degradation_11,0.37468324715800316
03135.png,under-eyes,a_degradation_11,0.3200178159332494
03135.png,left-cheek,a_degradation_17,0.24608925107607543
03135.png,right-cheek,a_degradation_17,0.2113629618724242
03135.png,bottom-face,a_degradation_17,0.26074199193898157
03135.png,forehead,a_degradation_17,0.33728141846583604
03135.png,under-eyes,a_degradation_17,0.3208972634844996
03138.png,left-cheek,original_roi,0.21743431946785433
03138.png,right-cheek,original_roi,0.17566131518887096
03138.png,bottom-face,original_roi,0.14202070357374785
03138.png,forehead,original_roi,0.07032705100852714
03138.png,under-eyes,original_roi,0.1329315006655538
03138.png,left-cheek,a_degradation_11,0.2049628924573488
03138.png,right-cheek,a_degradation_11,0.1676139277590055
03138.png,bottom-face,a_degradation_11,0.1383223665453935
03138.png,forehead,a_degradation_11,0.0711081948051752
03138.png,under-eyes,a_degradation_11,0.13065655787575037
03138.png,left-cheek,a_degradation_17,0.18993099687531814
03138.png,right-cheek,a_degradation_17,0.1577071253521311
03138.png,bottom-face,a_degradation_17,0.1363160219874742
03138.png,forehead,a_degradation_17,0.07051974449747281
03138.png,under-eyes,a_degradation_17,0.1318909865607134
03140.png,left-cheek,original_roi,0.24984553097207318
03140.png,right-cheek,original_roi,0.15089801646989676
03140.png,bottom-face,original_roi,0.20118690037044532
03140.png,forehead,original_roi,0.21786777171192237
03140.png,under-eyes,original_roi,0.22988548901316758
03140.png,left-cheek,a_degradation_11,0.2376851890808867
03140.png,right-cheek,a_degradation_11,0.14912353749264648
03140.png,bottom-face,a_degradation_11,0.19845805952064904
03140.png,forehead,a_degradation_11,0.21019159715303137
03140.png,under-eyes,a_degradation_11,0.2163244528455641
03140.png,left-cheek,a_degradation_17,0.2081069892476893
03140.png,right-cheek,a_degradation_17,0.1590525704401745
03140.png,bottom-face,a_degradation_17,0.1841113112670484
03140.png,forehead,a_degradation_17,0.19552674048572977
03140.png,under-eyes,a_degradation_17,0.21594825984923316
03142.png,left-cheek,original_roi,0.09766630085984125
03142.png,right-cheek,original_roi,0.1720439796709618
03142.png,bottom-face,original_roi,0.11370874530461177
03142.png,forehead,original_roi,0.09895604270276523
03142.png,under-eyes,original_roi,0.12714069026528557
03142.png,left-cheek,a_degradation_11,0.09360186065762294
03142.png,right-cheek,a_degradation_11,0.16545403383003368
03142.png,bottom-face,a_degradation_11,0.10828591137996657
03142.png,forehead,a_degradation_11,0.09471389653800094
03142.png,under-eyes,a_degradation_11,0.12521936131481284
03142.png,left-cheek,a_degradation_17,0.0907160983073391
03142.png,right-cheek,a_degradation_17,0.16073930490248395
03142.png,bottom-face,a_degradation_17,0.10091503816982626
03142.png,forehead,a_degradation_17,0.09264226809931622
03142.png,under-eyes,a_degradation_17,0.12343907388862914
03143.png,left-cheek,original_roi,0.19321769722241267
03143.png,right-cheek,original_roi,0.2157567553982431
03143.png,bottom-face,original_roi,0.2506944881597219
03143.png,forehead,original_roi,0.21568015386167227
03143.png,under-eyes,original_roi,0.21762679244299918
03143.png,left-cheek,a_degradation_11,0.1900353896910201
03143.png,right-cheek,a_degradation_11,0.21010533514208526
03143.png,bottom-face,a_degradation_11,0.24140995527476622
03143.png,forehead,a_degradation_11,0.21080408054652242
03143.png,under-eyes,a_degradation_11,0.20651388982944757
03143.png,left-cheek,a_degradation_17,0.17659116591398907
03143.png,right-cheek,a_degradation_17,0.19392330127374838
03143.png,bottom-face,a_degradation_17,0.21107787389984922
03143.png,forehead,a_degradation_17,0.2014206657636497
03143.png,under-eyes,a_degradation_17,0.20810857371625308
03146.png,left-cheek,original_roi,0.1752833561008266
03146.png,right-cheek,original_roi,0.1344860144730387
03146.png,bottom-face,original_roi,0.22385545574728158
03146.png,forehead,original_roi,0.2544324451837912
03146.png,under-eyes,original_roi,0.11459025294757211
03146.png,left-cheek,a_degradation_11,0.16911417432428744
03146.png,right-cheek,a_degradation_11,0.12973069849730745
03146.png,bottom-face,a_degradation_11,0.20778571123582115
03146.png,forehead,a_degradation_11,0.23616525181379605
03146.png,under-eyes,a_degradation_11,0.11201510475898027
03146.png,left-cheek,a_degradation_17,0.16381052946193397
03146.png,right-cheek,a_degradation_17,0.12290064598830426
03146.png,bottom-face,a_degradation_17,0.18072726195822222
03146.png,forehead,a_degradation_17,0.21868315110154515
03146.png,under-eyes,a_degradation_17,0.10761987226616393
03148.png,left-cheek,original_roi,0.21397525965646996
03148.png,right-cheek,original_roi,0.22366958293456304
03148.png,bottom-face,original_roi,0.2502795547997417
03148.png,forehead,original_roi,0.1838293427886587
03148.png,under-eyes,original_roi,0.17899877485200671
03148.png,left-cheek,a_degradation_11,0.21136748179880685
03148.png,right-cheek,a_degradation_11,0.21795179616846116
03148.png,bottom-face,a_degradation_11,0.2370816384329392
03148.png,forehead,a_degradation_11,0.17826471184095496
03148.png,under-eyes,a_degradation_11,0.17676889567312698
03148.png,left-cheek,a_degradation_17,0.19473279378647398
03148.png,right-cheek,a_degradation_17,0.20195970011495315
03148.png,bottom-face,a_degradation_17,0.2114733023315304
03148.png,forehead,a_degradation_17,0.17491343038276125
03148.png,under-eyes,a_degradation_17,0.16554018630319917
03149.png,left-cheek,original_roi,0.42577148389755237
03149.png,right-cheek,original_roi,0.3225942288937353
03149.png,bottom-face,original_roi,0.21328905107739296
03149.png,forehead,original_roi,0.16434231936071003
03149.png,under-eyes,original_roi,0.1981267168202379
03149.png,left-cheek,a_degradation_11,0.43680849282038314
03149.png,right-cheek,a_degradation_11,0.28288451731645237
03149.png,bottom-face,a_degradation_11,0.20284323921584632
03149.png,forehead,a_degradation_11,0.16119223989637527
03149.png,under-eyes,a_degradation_11,0.19444985303572657
03149.png,left-cheek,a_degradation_17,0.34449005497201607
03149.png,right-cheek,a_degradation_17,0.2320810189565989
03149.png,bottom-face,a_degradation_17,0.1850036076617418
03149.png,forehead,a_degradation_17,0.15726886747006835
03149.png,under-eyes,a_degradation_17,0.19047282391397985
03150.png,left-cheek,original_roi,0.31211898607645394
03150.png,right-cheek,original_roi,0.29560408919375325
03150.png,bottom-face,original_roi,0.22259617922458394
03150.png,forehead,original_roi,0.28351826382484563
03150.png,under-eyes,original_roi,0.2858105088150649
03150.png,left-cheek,a_degradation_11,0.30620999080414524
03150.png,right-cheek,a_degradation_11,0.28353122646684786
03150.png,bottom-face,a_degradation_11,0.21160046919230163
03150.png,forehead,a_degradation_11,0.268140656584825
03150.png,under-eyes,a_degradation_11,0.27011171136880385
03150.png,left-cheek,a_degradation_17,0.28220357037873495
03150.png,right-cheek,a_degradation_17,0.25368215044332715
03150.png,bottom-face,a_degradation_17,0.1863606832411653
03150.png,forehead,a_degradation_17,0.2511788831863185
03150.png,under-eyes,a_degradation_17,0.25342957307610725
03151.png,left-cheek,original_roi,0.32668661427837736
03151.png,right-cheek,original_roi,0.3363763151962643
03151.png,bottom-face,original_roi,0.333091979597824
03151.png,forehead,original_roi,0.29958190104630605
03151.png,under-eyes,original_roi,0.21688668175772785
03151.png,left-cheek,a_degradation_11,0.2776567167748143
03151.png,right-cheek,a_degradation_11,0.28781684970684274
03151.png,bottom-face,a_degradation_11,0.29037526208942027
03151.png,forehead,a_degradation_11,0.27373048269028505
03151.png,under-eyes,a_degradation_11,0.20970146927204572
03151.png,left-cheek,a_degradation_17,0.22628694785866083
03151.png,right-cheek,a_degradation_17,0.22465195884840453
03151.png,bottom-face,a_degradation_17,0.26685923251579335
03151.png,forehead,a_degradation_17,0.25915700255093893
03151.png,under-eyes,a_degradation_17,0.2039875637495181
03154.png,left-cheek,original_roi,0.29305854334377873
03154.png,right-cheek,original_roi,0.19814506810519827
03154.png,bottom-face,original_roi,0.1623773574102325
03154.png,forehead,original_roi,0.23821916940098106
03154.png,under-eyes,original_roi,0.18739634664819527
03154.png,left-cheek,a_degradation_11,0.2763748311111575
03154.png,right-cheek,a_degradation_11,0.19580784866556467
03154.png,bottom-face,a_degradation_11,0.16223784174109915
03154.png,forehead,a_degradation_11,0.23679705458009387
03154.png,under-eyes,a_degradation_11,0.1846836328750203
03154.png,left-cheek,a_degradation_17,0.2577701393591879
03154.png,right-cheek,a_degradation_17,0.1789756016927151
03154.png,bottom-face,a_degradation_17,0.15382541394392985
03154.png,forehead,a_degradation_17,0.21944667642994078
03154.png,under-eyes,a_degradation_17,0.1720622479046694
03156.png,left-cheek,original_roi,0.2765040284768487
03156.png,right-cheek,original_roi,0.16461949194265027
03156.png,bottom-face,original_roi,0.13789543816727665
03156.png,forehead,original_roi,0.20303801813435213
03156.png,under-eyes,original_roi,0.18971980537859548
03156.png,left-cheek,a_degradation_11,0.27308757048899757
03156.png,right-cheek,a_degradation_11,0.15526225299451193
03156.png,bottom-face,a_degradation_11,0.13158170517297876
03156.png,forehead,a_degradation_11,0.20885468579989142
03156.png,under-eyes,a_degradation_11,0.18973816565244778
03156.png,left-cheek,a_degradation_17,0.27042976082385733
03156.png,right-cheek,a_degradation_17,0.14740751933674096
03156.png,bottom-face,a_degradation_17,0.13200912867920844
03156.png,forehead,a_degradation_17,0.19967699326715033
03156.png,under-eyes,a_degradation_17,0.18346851286710217
03157.png,left-cheek,original_roi,0.1826413407616494
03157.png,right-cheek,original_roi,0.28673679384359607
03157.png,bottom-face,original_roi,0.17996873859789841
03157.png,forehead,original_roi,0.15049656265324737
03157.png,under-eyes,original_roi,0.15143000197166057
03157.png,left-cheek,a_degradation_11,0.17871138786028756
03157.png,right-cheek,a_degradation_11,0.28451856483391336
03157.png,bottom-face,a_degradation_11,0.1699954412991402
03157.png,forehead,a_degradation_11,0.147745589839915
03157.png,under-eyes,a_degradation_11,0.14603264671721652
03157.png,left-cheek,a_degradation_17,0.17541680837043727
03157.png,right-cheek,a_degradation_17,0.27441871840201637
03157.png,bottom-face,a_degradation_17,0.16273842424200285
03157.png,forehead,a_degradation_17,0.14299188241009006
03157.png,under-eyes,a_degradation_17,0.14753478103731987
03159.png,left-cheek,original_roi,0.21269251556172386
03159.png,right-cheek,original_roi,0.20471823865423588
03159.png,bottom-face,original_roi,0.21402755342261537
03159.png,forehead,original_roi,0.24433541833021574
03159.png,under-eyes,original_roi,0.2134218813563334
03159.png,left-cheek,a_degradation_11,0.21432672727086396
03159.png,right-cheek,a_degradation_11,0.2080807630606956
03159.png,bottom-face,a_degradation_11,0.20876694556478137
03159.png,forehead,a_degradation_11,0.22467119886441814
03159.png,under-eyes,a_degradation_11,0.2060397511425541
03159.png,left-cheek,a_degradation_17,0.2069738571339924
03159.png,right-cheek,a_degradation_17,0.1852983502268722
03159.png,bottom-face,a_degradation_17,0.18764691595767347
03159.png,forehead,a_degradation_17,0.22071876719348052
03159.png,under-eyes,a_degradation_17,0.19625699849798242
03162.png,left-cheek,original_roi,0.31946761693650516
03162.png,right-cheek,original_roi,
03162.png,bottom-face,original_roi,0.2793156710652655
03162.png,forehead,original_roi,0.3471305440735582
03162.png,under-eyes,original_roi,0.2163619990974376
03162.png,left-cheek,a_degradation_11,0.2952774582201592
03162.png,right-cheek,a_degradation_11,
03162.png,bottom-face,a_degradation_11,0.25753925130415234
03162.png,forehead,a_degradation_11,0.32461648140998534
03162.png,under-eyes,a_degradation_11,0.2055624212844332
03162.png,left-cheek,a_degradation_17,0.2515030512997108
03162.png,right-cheek,a_degradation_17,
03162.png,bottom-face,a_degradation_17,0.228774727380384
03162.png,forehead,a_degradation_17,0.2822324958739274
03162.png,under-eyes,a_degradation_17,0.198332021862927
03164.png,left-cheek,original_roi,0.29520144570939644
03164.png,right-cheek,original_roi,0.31307384197021915
03164.png,bottom-face,original_roi,0.2718487136356431
03164.png,forehead,original_roi,0.30266657819205856
03164.png,under-eyes,original_roi,0.2746445865367791
03164.png,left-cheek,a_degradation_11,0.2611363986772937
03164.png,right-cheek,a_degradation_11,0.26460540579061026
03164.png,bottom-face,a_degradation_11,0.25032271474775974
03164.png,forehead,a_degradation_11,0.29006895156405355
03164.png,under-eyes,a_degradation_11,0.2654609973796804
03164.png,left-cheek,a_degradation_17,0.2273687226596934
03164.png,right-cheek,a_degradation_17,0.2071433690373264
03164.png,bottom-face,a_degradation_17,0.22434403155184543
03164.png,forehead,a_degradation_17,0.26122826431942825
03164.png,under-eyes,a_degradation_17,0.24881973137698238
03165.png,left-cheek,original_roi,0.2830573910511164
03165.png,right-cheek,original_roi,0.25128520008448896
03165.png,bottom-face,original_roi,0.17039898024130176
03165.png,forehead,original_roi,0.20474664190541123
03165.png,under-eyes,original_roi,0.1799793933810694
03165.png,left-cheek,a_degradation_11,0.26104848718179896
03165.png,right-cheek,a_degradation_11,0.2300487563804148
03165.png,bottom-face,a_degradation_11,0.16061337639675738
03165.png,forehead,a_degradation_11,0.20064383585834394
03165.png,under-eyes,a_degradation_11,0.17845458114210125
03165.png,left-cheek,a_degradation_17,0.24900888999419557
03165.png,right-cheek,a_degradation_17,0.19366813525795895
03165.png,bottom-face,a_degradation_17,0.15498116806752185
03165.png,forehead,a_degradation_17,0.1918492860743838
03165.png,under-eyes,a_degradation_17,0.17143712853306098
03166.png,left-cheek,original_roi,0.27110289770379203
03166.png,right-cheek,original_roi,0.26250634981964116
03166.png,bottom-face,original_roi,0.29399585036078996
03166.png,forehead,original_roi,0.29196933245267637
03166.png,under-eyes,original_roi,0.29973592956058726
03166.png,left-cheek,a_degradation_11,0.2685203660064245
03166.png,right-cheek,a_degradation_11,0.23531634992884087
03166.png,bottom-face,a_degradation_11,0.263748154187566
03166.png,forehead,a_degradation_11,0.2794117286543579
03166.png,under-eyes,a_degradation_11,0.2813005828800996
03166.png,left-cheek,a_degradation_17,0.22578720211979972
03166.png,right-cheek,a_degradation_17,0.1998439152994894
03166.png,bottom-face,a_degradation_17,0.2214300702419088
03166.png,forehead,a_degradation_17,0.2576474964398587
03166.png,under-eyes,a_degradation_17,0.27989055510979916
03167.png,left-cheek,original_roi,0.17041345471184585
03167.png,right-cheek,original_roi,0.27526850918493245
03167.png,bottom-face,original_roi,0.2663163643319315
03167.png,forehead,original_roi,0.20831221825163634
03167.png,under-eyes,original_roi,0.1880942781096211
03167.png,left-cheek,a_degradation_11,0.16431628487263406
03167.png,right-cheek,a_degradation_11,0.25720693380370135
03167.png,bottom-face,a_degradation_11,0.2513124845350891
03167.png,forehead,a_degradation_11,0.20078953348825065
03167.png,under-eyes,a_degradation_11,0.18466300350410295
03167.png,left-cheek,a_degradation_17,0.15821868898964273
03167.png,right-cheek,a_degradation_17,0.22853915798665403
03167.png,bottom-face,a_degradation_17,0.2197755465184318
03167.png,forehead,a_degradation_17,0.19426107758924913
03167.png,under-eyes,a_degradation_17,0.18092093408151644
03173.png,left-cheek,original_roi,0.30404883409764766
03173.png,right-cheek,original_roi,0.325022288304867
03173.png,bottom-face,original_roi,0.3100213933627449
03173.png,forehead,original_roi,0.3581186033456949
03173.png,under-eyes,original_roi,0.2620037117500666
03173.png,left-cheek,a_degradation_11,0.3084711587353576
03173.png,right-cheek,a_degradation_11,0.3102833443389692
03173.png,bottom-face,a_degradation_11,0.2967968322822146
03173.png,forehead,a_degradation_11,0.32020007130004374
03173.png,under-eyes,a_degradation_11,0.25116431733270705
03173.png,left-cheek,a_degradation_17,0.31635596889068957
03173.png,right-cheek,a_degradation_17,0.281757528064692
03173.png,bottom-face,a_degradation_17,0.25730913876799966
03173.png,forehead,a_degradation_17,0.2972089506994609
03173.png,under-eyes,a_degradation_17,0.24199587004032772
03175.png,left-cheek,original_roi,0.19658841411132066
03175.png,right-cheek,original_roi,0.1562147463369431
03175.png,bottom-face,original_roi,0.1685529417240424
03175.png,forehead,original_roi,0.14239827853027148
03175.png,under-eyes,original_roi,0.12738262189879357
03175.png,left-cheek,a_degradation_11,0.19106840928804045
03175.png,right-cheek,a_degradation_11,0.15141223624421887
03175.png,bottom-face,a_degradation_11,0.1596867150887941
03175.png,forehead,a_degradation_11,0.13609416075488717
03175.png,under-eyes,a_degradation_11,0.12069969682485511
03175.png,left-cheek,a_degradation_17,0.17774524332910943
03175.png,right-cheek,a_degradation_17,0.14862137866265349
03175.png,bottom-face,a_degradation_17,0.14878844416599143
03175.png,forehead,a_degradation_17,0.13038123694712322
03175.png,under-eyes,a_degradation_17,0.11553783197898641
03176.png,left-cheek,original_roi,0.3350150578513655
03176.png,right-cheek,original_roi,0.3095460568196216
03176.png,bottom-face,original_roi,0.3302709667029378
03176.png,forehead,original_roi,0.3409296377391346
03176.png,under-eyes,original_roi,0.3289716874124172
03176.png,left-cheek,a_degradation_11,0.35752018100001287
03176.png,right-cheek,a_degradation_11,0.2994946294469047
03176.png,bottom-face,a_degradation_11,0.30557760968843656
03176.png,forehead,a_degradation_11,0.32235482422367806
03176.png,under-eyes,a_degradation_11,0.30740298015409406
03176.png,left-cheek,a_degradation_17,0.3083190385306765
03176.png,right-cheek,a_degradation_17,0.25855721194084524
03176.png,bottom-face,a_degradation_17,0.253545673547009
03176.png,forehead,a_degradation_17,0.2895756317108509
03176.png,under-eyes,a_degradation_17,0.2920139027183133
03177.png,left-cheek,original_roi,0.3091822663178566
03177.png,right-cheek,original_roi,0.18771543949044028
03177.png,bottom-face,original_roi,0.26139494664090585
03177.png,forehead,original_roi,0.1806553090106372
03177.png,under-eyes,original_roi,0.17625942905678102
03177.png,left-cheek,a_degradation_11,0.28693465374091237
03177.png,right-cheek,a_degradation_11,0.17838273618433553
03177.png,bottom-face,a_degradation_11,0.23508332683757668
03177.png,forehead,a_degradation_11,0.1736887872513653
03177.png,under-eyes,a_degradation_11,0.17330681074622184
03177.png,left-cheek,a_degradation_17,0.26147167787468084
03177.png,right-cheek,a_degradation_17,0.18612773224549012
03177.png,bottom-face,a_degradation_17,0.21574419027484726
03177.png,forehead,a_degradation_17,0.16565210853412485
03177.png,under-eyes,a_degradation_17,0.16915845071849725
03179.png,left-cheek,original_roi,0.21165637629414813
03179.png,right-cheek,original_roi,0.19261450569673974
03179.png,bottom-face,original_roi,0.18397320749454543
03179.png,forehead,original_roi,0.2570807914031819
03179.png,under-eyes,original_roi,0.21672202796647247
03179.png,left-cheek,a_degradation_11,0.21793666056284733
03179.png,right-cheek,a_degradation_11,0.18804442584889308
03179.png,bottom-face,a_degradation_11,0.17684372754684355
03179.png,forehead,a_degradation_11,0.24834740158274762
03179.png,under-eyes,a_degradation_11,0.2168169519937315
03179.png,left-cheek,a_degradation_17,0.2202766515180638
03179.png,right-cheek,a_degradation_17,0.18234033239124542
03179.png,bottom-face,a_degradation_17,0.1688428570545543
03179.png,forehead,a_degradation_17,0.22904343448028033
03179.png,under-eyes,a_degradation_17,0.20824393732026808
03180.png,left-cheek,original_roi,0.09773886001415401
03180.png,right-cheek,original_roi,0.08747579662369484
03180.png,bottom-face,original_roi,0.10963576022904026
03180.png,forehead,original_roi,0.1602471579385779
03180.png,under-eyes,original_roi,0.13252912208006878
03180.png,left-cheek,a_degradation_11,0.0955866553189176
03180.png,right-cheek,a_degradation_11,0.08591911704983904
03180.png,bottom-face,a_degradation_11,0.10799098043548662
03180.png,forehead,a_degradation_11,0.14763544477008791
03180.png,under-eyes,a_degradation_11,0.12318622893522779
03180.png,left-cheek,a_degradation_17,0.09206073968792405
03180.png,right-cheek,a_degradation_17,0.08392725202417099
03180.png,bottom-face,a_degradation_17,0.10637842640772689
03180.png,forehead,a_degradation_17,0.13693414876921398
03180.png,under-eyes,a_degradation_17,0.11938747404428617
03181.png,left-cheek,original_roi,0.3182943778371342
03181.png,right-cheek,original_roi,0.23892275135756846
03181.png,bottom-face,original_roi,0.279469477047196
03181.png,forehead,original_roi,0.1602561014081517
03181.png,under-eyes,original_roi,0.1927105696484639
03181.png,left-cheek,a_degradation_11,0.3099425588155773
03181.png,right-cheek,a_degradation_11,0.22889793602044378
03181.png,bottom-face,a_degradation_11,0.26270608100517967
03181.png,forehead,a_degradation_11,0.1588620754814386
03181.png,under-eyes,a_degradation_11,0.18685977877013693
03181.png,left-cheek,a_degradation_17,0.3143584444779832
03181.png,right-cheek,a_degradation_17,0.20931406215871654
03181.png,bottom-face,a_degradation_17,0.2491920937483492
03181.png,forehead,a_degradation_17,0.14964356782820415
03181.png,under-eyes,a_degradation_17,0.18228997495754581
03182.png,left-cheek,original_roi,0.13160381017439088
03182.png,right-cheek,original_roi,0.13912612345738504
03182.png,bottom-face,original_roi,0.23003734424538821
03182.png,forehead,original_roi,0.3019033591159597
03182.png,under-eyes,original_roi,0.15486894474976004
03182.png,left-cheek,a_degradation_11,0.13060746190985215
03182.png,right-cheek,a_degradation_11,0.13953140632626534
03182.png,bottom-face,a_degradation_11,0.22904297857727182
03182.png,forehead,a_degradation_11,0.2844733835380707
03182.png,under-eyes,a_degradation_11,0.15126597887157137
03182.png,left-cheek,a_degradation_17,0.1333991791112841
03182.png,right-cheek,a_degradation_17,0.13496641890164168
03182.png,bottom-face,a_degradation_17,0.21501481859411392
03182.png,forehead,a_degradation_17,0.2709026080960152
03182.png,under-eyes,a_degradation_17,0.1491556867316074
03183.png,left-cheek,original_roi,0.15961068410060328
03183.png,right-cheek,original_roi,0.20894893567226228
03183.png,bottom-face,original_roi,0.1566117130207783
03183.png,forehead,original_roi,0.15552871901080345
03183.png,under-eyes,original_roi,0.20000163604167281
03183.png,left-cheek,a_degradation_11,0.14925904376811328
03183.png,right-cheek,a_degradation_11,0.19409258406877206
03183.png,bottom-face,a_degradation_11,0.14858565038292817
03183.png,forehead,a_degradation_11,0.14824422880992624
03183.png,under-eyes,a_degradation_11,0.19369861457640236
03183.png,left-cheek,a_degradation_17,0.1308726915242148
03183.png,right-cheek,a_degradation_17,0.1756949869906957
03183.png,bottom-face,a_degradation_17,0.14034227146307773
03183.png,forehead,a_degradation_17,0.13886101367615636
03183.png,under-eyes,a_degradation_17,0.1834649737625829
03184.png,left-cheek,original_roi,0.4224348655407033
03184.png,right-cheek,original_roi,0.4149296508163264
03184.png,bottom-face,original_roi,0.3342439519268833
03184.png,forehead,original_roi,0.33732234676444
03184.png,under-eyes,original_roi,0.31622987458466173
03184.png,left-cheek,a_degradation_11,0.3462625803901582
03184.png,right-cheek,a_degradation_11,0.3657535884070132
03184.png,bottom-face,a_degradation_11,0.2991762396986362
03184.png,forehead,a_degradation_11,0.3100479692383742
03184.png,under-eyes,a_degradation_11,0.2893734852005349
03184.png,left-cheek,a_degradation_17,0.28604395236781116
03184.png,right-cheek,a_degradation_17,0.31217360652637294
03184.png,bottom-face,a_degradation_17,0.27122718044373123
03184.png,forehead,a_degradation_17,0.28247087612410915
03184.png,under-eyes,a_degradation_17,0.27667131656050725
03185.png,left-cheek,original_roi,0.23521022686787882
03185.png,right-cheek,original_roi,0.22675661187452092
03185.png,bottom-face,original_roi,0.2402620786313226
03185.png,forehead,original_roi,0.3055709576569964
03185.png,under-eyes,original_roi,0.2284584205812348
03185.png,left-cheek,a_degradation_11,0.2361170732668446
03185.png,right-cheek,a_degradation_11,0.2197693384585585
03185.png,bottom-face,a_degradation_11,0.23031853135628302
03185.png,forehead,a_degradation_11,0.2939042956226913
03185.png,under-eyes,a_degradation_11,0.21540594227459559
03185.png,left-cheek,a_degradation_17,0.20889375195439272
03185.png,right-cheek,a_degradation_17,0.2058611817233836
03185.png,bottom-face,a_degradation_17,0.2123946406952944
03185.png,forehead,a_degradation_17,0.28229943605150026
03185.png,under-eyes,a_degradation_17,0.21690557872259403
03190.png,left-cheek,original_roi,0.28999684182864605
03190.png,right-cheek,original_roi,0.34621880454115433
03190.png,bottom-face,original_roi,0.3039190880815848
03190.png,forehead,original_roi,0.3201004196865622
03190.png,under-eyes,original_roi,0.2977526412654816
03190.png,left-cheek,a_degradation_11,0.26879243213299564
03190.png,right-cheek,a_degradation_11,0.3302067712355741
03190.png,bottom-face,a_degradation_11,0.29106585005874624
03190.png,forehead,a_degradation_11,0.3026938199740524
03190.png,under-eyes,a_degradation_11,0.2696478514153358
03190.png,left-cheek,a_degradation_17,0.24981414495739165
03190.png,right-cheek,a_degradation_17,0.2820507781362539
03190.png,bottom-face,a_degradation_17,0.25481086500390465
03190.png,forehead,a_degradation_17,0.2767571155957903
03190.png,under-eyes,a_degradation_17,0.2666521012526963
03191.png,left-cheek,original_roi,0.18680218834882864
03191.png,right-cheek,original_roi,0.21259386011493456
03191.png,bottom-face,original_roi,0.14418173606662382
03191.png,forehead,original_roi,0.23153350836840642
03191.png,under-eyes,original_roi,0.19621030103425505
03191.png,left-cheek,a_degradation_11,0.19205680234662667
03191.png,right-cheek,a_degradation_11,0.21784745417837698
03191.png,bottom-face,a_degradation_11,0.1409272860081279
03191.png,forehead,a_degradation_11,0.22275036065390835
03191.png,under-eyes,a_degradation_11,0.1917625922576276
03191.png,left-cheek,a_degradation_17,0.19626626792094898
03191.png,right-cheek,a_degradation_17,0.20871251221907888
03191.png,bottom-face,a_degradation_17,0.1334133776786683
03191.png,forehead,a_degradation_17,0.2162477989429564
03191.png,under-eyes,a_degradation_17,0.1865752660622232
03193.png,left-cheek,original_roi,0.17837334829224682
03193.png,right-cheek,original_roi,0.16746592544502603
03193.png,bottom-face,original_roi,0.18228124075106006
03193.png,forehead,original_roi,0.24007382565029234
03193.png,under-eyes,original_roi,0.21933078728128735
03193.png,left-cheek,a_degradation_11,0.1732199839248308
03193.png,right-cheek,a_degradation_11,0.16942772573284207
03193.png,bottom-face,a_degradation_11,0.1828096041989081
03193.png,forehead,a_degradation_11,0.2242827330151357
03193.png,under-eyes,a_degradation_11,0.21166531648129533
03193.png,left-cheek,a_degradation_17,0.16148124161142363
03193.png,right-cheek,a_degradation_17,0.1695764592924715
03193.png,bottom-face,a_degradation_17,0.17343273172732562
03193.png,forehead,a_degradation_17,0.22080125510466858
03193.png,under-eyes,a_degradation_17,0.20133546686737952
03194.png,left-cheek,original_roi,0.2602872668109309
03194.png,right-cheek,original_roi,0.2833068030518712
03194.png,bottom-face,original_roi,0.3611086135787906
03194.png,forehead,original_roi,0.3073209723689892
03194.png,under-eyes,original_roi,0.24085096665971287
03194.png,left-cheek,a_degradation_11,0.2649131880538029
03194.png,right-cheek,a_degradation_11,0.28527326255754626
03194.png,bottom-face,a_degradation_11,0.3294851306219589
03194.png,forehead,a_degradation_11,0.28781972487773594
03194.png,under-eyes,a_degradation_11,0.22666634638089828
03194.png,left-cheek,a_degradation_17,0.2587869262262777
03194.png,right-cheek,a_degradation_17,0.2853672239206563
03194.png,bottom-face,a_degradation_17,0.29312964875850034
03194.png,forehead,a_degradation_17,0.25960286679203964
03194.png,under-eyes,a_degradation_17,0.23088084536514575
03198.png,left-cheek,original_roi,0.11426384608671615
03198.png,right-cheek,original_roi,0.19190749429781165
03198.png,bottom-face,original_roi,0.20609736530372813
03198.png,forehead,original_roi,0.19800507025245576
03198.png,under-eyes,original_roi,0.13973145288107355
03198.png,left-cheek,a_degradation_11,0.11088767890958307
03198.png,right-cheek,a_degradation_11,0.19176985978167727
03198.png,bottom-face,a_degradation_11,0.19229360116224758
03198.png,forehead,a_degradation_11,0.18667947127962684
03198.png,under-eyes,a_degradation_11,0.13277757147321406
03198.png,left-cheek,a_degradation_17,0.10361154783948823
03198.png,right-cheek,a_degradation_17,0.18785137984058736
03198.png,bottom-face,a_degradation_17,0.17606737137260864
03198.png,forehead,a_degradation_17,0.18139075201088148
03198.png,under-eyes,a_degradation_17,0.1251283158435083
03199.png,left-cheek,original_roi,0.1834599903571075
03199.png,right-cheek,original_roi,0.17507996993217373
03199.png,bottom-face,original_roi,0.1899199749088345
03199.png,forehead,original_roi,0.24232709871400424
03199.png,under-eyes,original_roi,0.23908782759530744
03199.png,left-cheek,a_degradation_11,0.1746058611455405
03199.png,right-cheek,a_degradation_11,0.15808454138224992
03199.png,bottom-face,a_degradation_11,0.17928545297952708
03199.png,forehead,a_degradation_11,0.23583154691748828
03199.png,under-eyes,a_degradation_11,0.2283822504836177
03199.png,left-cheek,a_degradation_17,0.15652345011657856
03199.png,right-cheek,a_degradation_17,0.13391183480270222
03199.png,bottom-face,a_degradation_17,0.17004052784797646
03199.png,forehead,a_degradation_17,0.23264093790211493
03199.png,under-eyes,a_degradation_17,0.22579362901889655
03200.png,left-cheek,original_roi,0.16883969761399742
03200.png,right-cheek,original_roi,0.1495964786585417
03200.png,bottom-face,original_roi,0.13560425701068457
03200.png,forehead,original_roi,0.10344890522290809
03200.png,under-eyes,original_roi,0.17060946639976612
03200.png,left-cheek,a_degradation_11,0.17586374554732764
03200.png,right-cheek,a_degradation_11,0.15074262243638503
03200.png,bottom-face,a_degradation_11,0.13445881071139865
03200.png,forehead,a_degradation_11,0.10189687175711626
03200.png,under-eyes,a_degradation_11,0.16720198751202103
03200.png,left-cheek,a_degradation_17,0.1782596216886311
03200.png,right-cheek,a_degradation_17,0.15584473586817071
03200.png,bottom-face,a_degradation_17,0.1249743782358539
03200.png,forehead,a_degradation_17,0.10369972465095247
03200.png,under-eyes,a_degradation_17,0.1661051542521195
03201.png,left-cheek,original_roi,0.22374390360057278
03201.png,right-cheek,original_roi,0.24932945847717952
03201.png,bottom-face,original_roi,0.24271684581568417
03201.png,forehead,original_roi,0.2308925644154574
03201.png,under-eyes,original_roi,0.17793316128718056
03201.png,left-cheek,a_degradation_11,0.23132294820785992
03201.png,right-cheek,a_degradation_11,0.24148043051492882
03201.png,bottom-face,a_degradation_11,0.2317066482939669
03201.png,forehead,a_degradation_11,0.23395441702372158
03201.png,under-eyes,a_degradation_11,0.17082880110479856
03201.png,left-cheek,a_degradation_17,0.21546354491214595
03201.png,right-cheek,a_degradation_17,0.2229748937143654
03201.png,bottom-face,a_degradation_17,0.21200534855679526
03201.png,forehead,a_degradation_17,0.2178577244980014
03201.png,under-eyes,a_degradation_17,0.17261389482377051
03207.png,left-cheek,original_roi,0.28851773626405847
03207.png,right-cheek,original_roi,0.2451252968772915
03207.png,bottom-face,original_roi,0.25524349529523693
03207.png,forehead,original_roi,0.21337421084766992
03207.png,under-eyes,original_roi,0.22991189111931812
03207.png,left-cheek,a_degradation_11,0.2639090193981564
03207.png,right-cheek,a_degradation_11,0.23429149580216546
03207.png,bottom-face,a_degradation_11,0.23696115135428414
03207.png,forehead,a_degradation_11,0.20305334907103811
03207.png,under-eyes,a_degradation_11,0.22487558020992876
03207.png,left-cheek,a_degradation_17,0.22649619064961563
03207.png,right-cheek,a_degradation_17,0.22456949643469296
03207.png,bottom-face,a_degradation_17,0.21376054510308926
03207.png,forehead,a_degradation_17,0.1941303940116808
03207.png,under-eyes,a_degradation_17,0.21761670647201184
03208.png,left-cheek,original_roi,0.20772155704360923
03208.png,right-cheek,original_roi,0.26554732925694335
03208.png,bottom-face,original_roi,0.18795093640550822
03208.png,forehead,original_roi,0.16818818356333493
03208.png,under-eyes,original_roi,0.16285992803821384
03208.png,left-cheek,a_degradation_11,0.1962040931807869
03208.png,right-cheek,a_degradation_11,0.26719093279073086
03208.png,bottom-face,a_degradation_11,0.18573676969750558
03208.png,forehead,a_degradation_11,0.16456883035033207
03208.png,under-eyes,a_degradation_11,0.15374000418308179
03208.png,left-cheek,a_degradation_17,0.1772283756425341
03208.png,right-cheek,a_degradation_17,0.23577635907110464
03208.png,bottom-face,a_degradation_17,0.18087430934491835
03208.png,forehead,a_degradation_17,0.16064191625833707
03208.png,under-eyes,a_degradation_17,0.15453277640082827
03209.png,left-cheek,original_roi,0.33717293269952525
03209.png,right-cheek,original_roi,0.3035644906124962
03209.png,bottom-face,original_roi,0.28480685390370936
03209.png,forehead,original_roi,0.2606459488124606
03209.png,under-eyes,original_roi,0.2581714886797499
03209.png,left-cheek,a_degradation_11,0.3269363347769377
03209.png,right-cheek,a_degradation_11,0.2913855568355799
03209.png,bottom-face,a_degradation_11,0.2731694635725826
03209.png,forehead,a_degradation_11,0.25039415864290854
03209.png,under-eyes,a_degradation_11,0.24670708730678043
03209.png,left-cheek,a_degradation_17,0.2916207410905222
03209.png,right-cheek,a_degradation_17,0.2587952145896291
03209.png,bottom-face,a_degradation_17,0.23968414342497338
03209.png,forehead,a_degradation_17,0.24652109536301214
03209.png,under-eyes,a_degradation_17,0.2377472595995551
03210.png,left-cheek,original_roi,0.23260005473025325
03210.png,right-cheek,original_roi,0.22504797087184616
03210.png,bottom-face,original_roi,0.2318920988400441
03210.png,forehead,original_roi,0.220823131851472
03210.png,under-eyes,original_roi,0.24484923711421114
03210.png,left-cheek,a_degradation_11,0.2076400669728801
03210.png,right-cheek,a_degradation_11,0.2108276690907997
03210.png,bottom-face,a_degradation_11,0.21161954203875483
03210.png,forehead,a_degradation_11,0.21160574871170057
03210.png,under-eyes,a_degradation_11,0.2280624903895062
03210.png,left-cheek,a_degradation_17,0.16986255381446144
03210.png,right-cheek,a_degradation_17,0.17251603171757462
03210.png,bottom-face,a_degradation_17,0.181884622016575
03210.png,forehead,a_degradation_17,0.19113554708245326
03210.png,under-eyes,a_degradation_17,0.2305062804328226
03212.png,left-cheek,original_roi,0.23552683027807808
03212.png,right-cheek,original_roi,0.25892705546952355
03212.png,bottom-face,original_roi,0.22769181734811417
03212.png,forehead,original_roi,0.2581821656230211
03212.png,under-eyes,original_roi,0.23153698807171352
03212.png,left-cheek,a_degradation_11,0.24138007763835495
03212.png,right-cheek,a_degradation_11,0.24963984072596956
03212.png,bottom-face,a_degradation_11,0.2183326658723626
03212.png,forehead,a_degradation_11,0.24212184732968745
03212.png,under-eyes,a_degradation_11,0.21835401523695488
03212.png,left-cheek,a_degradation_17,0.2259073663211616
03212.png,right-cheek,a_degradation_17,0.23221154699231578
03212.png,bottom-face,a_degradation_17,0.20006932467277525
03212.png,forehead,a_degradation_17,0.2331224260013889
03212.png,under-eyes,a_degradation_17,0.21878982068223948
03213.png,left-cheek,original_roi,0.2023549904958907
03213.png,right-cheek,original_roi,0.12077365740697976
03213.png,bottom-face,original_roi,0.1516018670357725
03213.png,forehead,original_roi,0.19225405251244634
03213.png,under-eyes,original_roi,0.15947562375230254
03213.png,left-cheek,a_degradation_11,0.2036715615915134
03213.png,right-cheek,a_degradation_11,0.11754272113210916
03213.png,bottom-face,a_degradation_11,0.14394419872537625
03213.png,forehead,a_degradation_11,0.18232997048759478
03213.png,under-eyes,a_degradation_11,0.1580290865324676
03213.png,left-cheek,a_degradation_17,0.20824060144701834
03213.png,right-cheek,a_degradation_17,0.10945807014846635
03213.png,bottom-face,a_degradation_17,0.13512435926572522
03213.png,forehead,a_degradation_17,0.17672859481906478
03213.png,under-eyes,a_degradation_17,0.1514074597409255
03214.png,left-cheek,original_roi,
03214.png,right-cheek,original_roi,0.33482439264461367
03214.png,bottom-face,original_roi,0.2735351191541839
03214.png,forehead,original_roi,0.25243363914720024
03214.png,under-eyes,original_roi,0.21308634964140988
03214.png,left-cheek,a_degradation_11,
03214.png,right-cheek,a_degradation_11,0.30336456352679386
03214.png,bottom-face,a_degradation_11,0.25863822114717205
03214.png,forehead,a_degradation_11,0.2423808137996108
03214.png,under-eyes,a_degradation_11,0.20411965612963798
03214.png,left-cheek,a_degradation_17,
03214.png,right-cheek,a_degradation_17,0.2425168842310622
03214.png,bottom-face,a_degradation_17,0.2410195947183499
03214.png,forehead,a_degradation_17,0.22158836084616063
03214.png,under-eyes,a_degradation_17,0.20080883565502997
03215.png,left-cheek,original_roi,0.29372389327690507
03215.png,right-cheek,original_roi,0.4072400696465977
03215.png,bottom-face,original_roi,0.25957112131164195
03215.png,forehead,original_roi,0.2159836085781143
03215.png,under-eyes,original_roi,0.20934883326132767
03215.png,left-cheek,a_degradation_11,0.27550672353210753
03215.png,right-cheek,a_degradation_11,0.40332642873596947
03215.png,bottom-face,a_degradation_11,0.24816584695383698
03215.png,forehead,a_degradation_11,0.20781139512976626
03215.png,under-eyes,a_degradation_11,0.19577850726617957
03215.png,left-cheek,a_degradation_17,0.2675402756550758
03215.png,right-cheek,a_degradation_17,0.41746006468116664
03215.png,bottom-face,a_degradation_17,0.23113339409605127
03215.png,forehead,a_degradation_17,0.19440547932500532
03215.png,under-eyes,a_degradation_17,0.20515138385122117
03217.png,left-cheek,original_roi,0.24401825323211376
03217.png,right-cheek,original_roi,
03217.png,bottom-face,original_roi,0.13401909154985173
03217.png,forehead,original_roi,0.12915985295689958
03217.png,under-eyes,original_roi,0.11348806519619721
03217.png,left-cheek,a_degradation_11,0.2341927322157575
03217.png,right-cheek,a_degradation_11,
03217.png,bottom-face,a_degradation_11,0.12765165954836044
03217.png,forehead,a_degradation_11,0.1254431389879225
03217.png,under-eyes,a_degradation_11,0.11059019160197137
03217.png,left-cheek,a_degradation_17,0.20407405736016448
03217.png,right-cheek,a_degradation_17,
03217.png,bottom-face,a_degradation_17,0.12451910800786568
03217.png,forehead,a_degradation_17,0.12229377535307136
03217.png,under-eyes,a_degradation_17,0.10892474995245471
03218.png,left-cheek,original_roi,0.24484774488527353
03218.png,right-cheek,original_roi,0.25523849771800977
03218.png,bottom-face,original_roi,0.3167498444472812
03218.png,forehead,original_roi,0.24618425336278052
03218.png,under-eyes,original_roi,0.29633366568070507
03218.png,left-cheek,a_degradation_11,0.23590652229701473
03218.png,right-cheek,a_degradation_11,0.23836483910850453
03218.png,bottom-face,a_degradation_11,0.2919941382770433
03218.png,forehead,a_degradation_11,0.22754553068857444
03218.png,under-eyes,a_degradation_11,0.27830727509804554
03218.png,left-cheek,a_degradation_17,0.2144362822632884
03218.png,right-cheek,a_degradation_17,0.22163290027594545
03218.png,bottom-face,a_degradation_17,0.2778179293325402
03218.png,forehead,a_degradation_17,0.2118328875514474
03218.png,under-eyes,a_degradation_17,0.26411819602614295
03219.png,left-cheek,original_roi,0.23138315286323372
03219.png,right-cheek,original_roi,0.13834088899426897
03219.png,bottom-face,original_roi,0.16541274078560014
03219.png,forehead,original_roi,0.1657053542346308
03219.png,under-eyes,original_roi,0.17903380376355815
03219.png,left-cheek,a_degradation_11,0.22802836058371945
03219.png,right-cheek,a_degradation_11,0.1327771818292104
03219.png,bottom-face,a_degradation_11,0.16087356621997545
03219.png,forehead,a_degradation_11,0.14615573625427178
03219.png,under-eyes,a_degradation_11,0.16684144003202456
03219.png,left-cheek,a_degradation_17,0.2285526412525686
03219.png,right-cheek,a_degradation_17,0.12451899821650596
03219.png,bottom-face,a_degradation_17,0.14719437258233042
03219.png,forehead,a_degradation_17,0.13964298510219386
03219.png,under-eyes,a_degradation_17,0.14991822364199017
03224.png,left-cheek,original_roi,0.11427008830846555
03224.png,right-cheek,original_roi,0.16349194225957975
03224.png,bottom-face,original_roi,0.19612238687380387
03224.png,forehead,original_roi,0.14577464835970347
03224.png,under-eyes,original_roi,0.17100334759842556
03224.png,left-cheek,a_degradation_11,0.11808268807304276
03224.png,right-cheek,a_degradation_11,0.176076112295539
03224.png,bottom-face,a_degradation_11,0.19045471814095374
03224.png,forehead,a_degradation_11,0.14425330337273415
03224.png,under-eyes,a_degradation_11,0.16107648437457245
03224.png,left-cheek,a_degradation_17,0.12093262617228531
03224.png,right-cheek,a_degradation_17,0.18992407703622582
03224.png,bottom-face,a_degradation_17,0.18338316462831347
03224.png,forehead,a_degradation_17,0.14343994374524896
03224.png,under-eyes,a_degradation_17,0.16771763231425252
04000.png,left-cheek,original_roi,0.2651565429177926
04000.png,right-cheek,original_roi,0.23065730756043348
04000.png,bottom-face,original_roi,0.1867803044620709
04000.png,forehead,original_roi,0.1570998547231313
04000.png,under-eyes,original_roi,0.17236627486564426
04000.png,left-cheek,a_degradation_11,0.24534231931648234
04000.png,right-cheek,a_degradation_11,0.20872469695062082
04000.png,bottom-face,a_degradation_11,0.17767710119630464
04000.png,forehead,a_degradation_11,0.14970492955594375
04000.png,under-eyes,a_degradation_11,0.17482711814066185
04000.png,left-cheek,a_degradation_17,0.2153215907003257
04000.png,right-cheek,a_degradation_17,0.1828822898098345
04000.png,bottom-face,a_degradation_17,0.1688667080699649
04000.png,forehead,a_degradation_17,0.14936522492996848
04000.png,under-eyes,a_degradation_17,0.17059103700180447
04003.png,left-cheek,original_roi,0.28657411166841584
04003.png,right-cheek,original_roi,0.28100455222853676
04003.png,bottom-face,original_roi,0.25544754245864293
04003.png,forehead,original_roi,0.2403957117235583
04003.png,under-eyes,original_roi,0.20309792632484117
04003.png,left-cheek,a_degradation_11,0.27102375979156645
04003.png,right-cheek,a_degradation_11,0.27574660682776625
04003.png,bottom-face,a_degradation_11,0.24020656221275305
04003.png,forehead,a_degradation_11,0.22847242075967736
04003.png,under-eyes,a_degradation_11,0.19095007411731235
04003.png,left-cheek,a_degradation_17,0.2423380742160468
04003.png,right-cheek,a_degradation_17,0.274961222886955
04003.png,bottom-face,a_degradation_17,0.21909561097578586
04003.png,forehead,a_degradation_17,0.21245125884836008
04003.png,under-eyes,a_degradation_17,0.17911764961107385
04004.png,left-cheek,original_roi,0.3553024189067772
04004.png,right-cheek,original_roi,0.3131221384020107
04004.png,bottom-face,original_roi,0.3514168513745811
04004.png,forehead,original_roi,0.21008584289790339
04004.png,under-eyes,original_roi,0.2630988589334396
04004.png,left-cheek,a_degradation_11,0.32332282457427036
04004.png,right-cheek,a_degradation_11,0.27219211481941913
04004.png,bottom-face,a_degradation_11,0.32449908692602386
04004.png,forehead,a_degradation_11,0.20105575188761202
04004.png,under-eyes,a_degradation_11,0.2514616543195793
04004.png,left-cheek,a_degradation_17,0.26337439215607095
04004.png,right-cheek,a_degradation_17,0.22891375543725934
04004.png,bottom-face,a_degradation_17,0.29204536393275293
04004.png,forehead,a_degradation_17,0.18885845929521203
04004.png,under-eyes,a_degradation_17,0.2357300322070493
04005.png,left-cheek,original_roi,0.2845335908159865
04005.png,right-cheek,original_roi,0.2315119710446654
04005.png,bottom-face,original_roi,0.24157571377267253
04005.png,forehead,original_roi,0.1850776592274738
04005.png,under-eyes,original_roi,0.1904174354523622
04005.png,left-cheek,a_degradation_11,0.2244143055987129
04005.png,right-cheek,a_degradation_11,0.1977508121398826
04005.png,bottom-face,a_degradation_11,0.22022836246457056
04005.png,forehead,a_degradation_11,0.16486992632919975
04005.png,under-eyes,a_degradation_11,0.17155332988855435
04005.png,left-cheek,a_degradation_17,0.1896087732989277
04005.png,right-cheek,a_degradation_17,0.15121205887097353
04005.png,bottom-face,a_degradation_17,0.1880341490275302
04005.png,forehead,a_degradation_17,0.15335582428068167
04005.png,under-eyes,a_degradation_17,0.1605607578834164
04006.png,left-cheek,original_roi,0.3478617620007492
04006.png,right-cheek,original_roi,
04006.png,bottom-face,original_roi,0.25050097010727707
04006.png,forehead,original_roi,0.20320404357783903
04006.png,under-eyes,original_roi,0.21990646379261328
04006.png,left-cheek,a_degradation_11,0.3406036417257432
04006.png,right-cheek,a_degradation_11,
04006.png,bottom-face,a_degradation_11,0.22907016707772654
04006.png,forehead,a_degradation_11,0.2017239491260217
04006.png,under-eyes,a_degradation_11,0.22231157739001137
04006.png,left-cheek,a_degradation_17,0.30035839275207094
04006.png,right-cheek,a_degradation_17,
04006.png,bottom-face,a_degradation_17,0.21035603968298233
04006.png,forehead,a_degradation_17,0.19163218614815636
04006.png,under-eyes,a_degradation_17,0.2082395732565881
04007.png,left-cheek,original_roi,0.5904979903696005
04007.png,right-cheek,original_roi,0.44053059061543753
04007.png,bottom-face,original_roi,0.38472070028878513
04007.png,forehead,original_roi,0.37387158120211705
04007.png,under-eyes,original_roi,0.3006022894351074
04007.png,left-cheek,a_degradation_11,0.4478870181487025
04007.png,right-cheek,a_degradation_11,0.3857283781392947
04007.png,bottom-face,a_degradation_11,0.3534052272246814
04007.png,forehead,a_degradation_11,0.35385453046364074
04007.png,under-eyes,a_degradation_11,0.2733227047353835
04007.png,left-cheek,a_degradation_17,0.40130983432381856
04007.png,right-cheek,a_degradation_17,0.2825573295495402
04007.png,bottom-face,a_degradation_17,0.30300394408818604
04007.png,forehead,a_degradation_17,0.33403062681154083
04007.png,under-eyes,a_degradation_17,0.27429669268270074
04008.png,left-cheek,original_roi,0.31381156257998916
04008.png,right-cheek,original_roi,0.27964629707615285
04008.png,bottom-face,original_roi,0.2891368514578645
04008.png,forehead,original_roi,0.28507960476570837
04008.png,under-eyes,original_roi,0.2750952722171473
04008.png,left-cheek,a_degradation_11,0.3125483629157783
04008.png,right-cheek,a_degradation_11,0.2897159831129651
04008.png,bottom-face,a_degradation_11,0.2882785049636548
04008.png,forehead,a_degradation_11,0.26754101288572046
04008.png,under-eyes,a_degradation_11,0.25891958220272826
04008.png,left-cheek,a_degradation_17,0.29548419348290483
04008.png,right-cheek,a_degradation_17,0.26657820860631576
04008.png,bottom-face,a_degradation_17,0.26572024490826807
04008.png,forehead,a_degradation_17,0.2535255977482248
04008.png,under-eyes,a_degradation_17,0.25254563307768896
04009.png,left-cheek,original_roi,0.2309794792140502
04009.png,right-cheek,original_roi,0.23482256548589642
04009.png,bottom-face,original_roi,0.22806214440921124
04009.png,forehead,original_roi,0.22690184140381928
04009.png,under-eyes,original_roi,0.2200261772829895
04009.png,left-cheek,a_degradation_11,0.2449150097319508
04009.png,right-cheek,a_degradation_11,0.237711885495377
04009.png,bottom-face,a_degradation_11,0.22608582901029653
04009.png,forehead,a_degradation_11,0.2158746871462511
04009.png,under-eyes,a_degradation_11,0.21445934853884438
04009.png,left-cheek,a_degradation_17,0.25102325408669485
04009.png,right-cheek,a_degradation_17,0.22730617052205637
04009.png,bottom-face,a_degradation_17,0.21420592165099672
04009.png,forehead,a_degradation_17,0.21125663403020137
04009.png,under-eyes,a_degradation_17,0.20990265251431464
04011.png,left-cheek,original_roi,0.1355170135207583
04011.png,right-cheek,original_roi,0.18275638208398495
04011.png,bottom-face,original_roi,0.1746744564300746
04011.png,forehead,original_roi,0.18038852864236843
04011.png,under-eyes,original_roi,0.18730267603971953
04011.png,left-cheek,a_degradation_11,0.13722884458635015
04011.png,right-cheek,a_degradation_11,0.17953861987476544
04011.png,bottom-face,a_degradation_11,0.1659279662298636
04011.png,forehead,a_degradation_11,0.17548816692155095
04011.png,under-eyes,a_degradation_11,0.18088242481528033
04011.png,left-cheek,a_degradation_17,0.14076614756294809
04011.png,right-cheek,a_degradation_17,0.176782816205699
04011.png,bottom-face,a_degradation_17,0.15452699654939406
04011.png,forehead,a_degradation_17,0.17202490887790658
04011.png,under-eyes,a_degradation_17,0.18292696861774685
04012.png,left-cheek,original_roi,0.1800990735038009
04012.png,right-cheek,original_roi,0.1850026088593736
04012.png,bottom-face,original_roi,0.28316616494111935
04012.png,forehead,original_roi,0.15543574126264487
04012.png,under-eyes,original_roi,0.1667992725517756
04012.png,left-cheek,a_degradation_11,0.16964692065570164
04012.png,right-cheek,a_degradation_11,0.1769250773989002
04012.png,bottom-face,a_degradation_11,0.2541501917798079
04012.png,forehead,a_degradation_11,0.1498730436138145
04012.png,under-eyes,a_degradation_11,0.1622479521104136
04012.png,left-cheek,a_degradation_17,0.15862786269447315
04012.png,right-cheek,a_degradation_17,0.16555935785987574
04012.png,bottom-face,a_degradation_17,0.23544624945142306
04012.png,forehead,a_degradation_17,0.14909806085827038
04012.png,under-eyes,a_degradation_17,0.16060426570772013
04014.png,left-cheek,original_roi,0.35565363143534345
04014.png,right-cheek,original_roi,0.39685025636534754
04014.png,bottom-face,original_roi,0.2848671066636637
04014.png,forehead,original_roi,0.32149002786395636
04014.png,under-eyes,original_roi,0.2610848733122388
04014.png,left-cheek,a_degradation_11,0.3079629223142352
04014.png,right-cheek,a_degradation_11,0.3205520861105272
04014.png,bottom-face,a_degradation_11,0.25734873181230006
04014.png,forehead,a_degradation_11,0.29795953395416785
04014.png,under-eyes,a_degradation_11,0.25222521655985447
04014.png,left-cheek,a_degradation_17,0.2441552479073784
04014.png,right-cheek,a_degradation_17,0.2553618692517274
04014.png,bottom-face,a_degradation_17,0.23912206647629866
04014.png,forehead,a_degradation_17,0.27384181907992144
04014.png,under-eyes,a_degradation_17,0.23771654767777342
04015.png,left-cheek,original_roi,0.33764467584702074
04015.png,right-cheek,original_roi,0.300183265634472
04015.png,bottom-face,original_roi,0.2721241692128664
04015.png,forehead,original_roi,0.24536996263904678
04015.png,under-eyes,original_roi,0.2800083479699803
04015.png,left-cheek,a_degradation_11,0.3101374965251627
04015.png,right-cheek,a_degradation_11,0.29998532331269495
04015.png,bottom-face,a_degradation_11,0.2583550289271521
04015.png,forehead,a_degradation_11,0.23549315501643722
04015.png,under-eyes,a_degradation_11,0.2714787369852646
04015.png,left-cheek,a_degradation_17,0.2686281074825871
04015.png,right-cheek,a_degradation_17,0.2613873082476831
04015.png,bottom-face,a_degradation_17,0.2448656142355367
04015.png,forehead,a_degradation_17,0.21905580754084183
04015.png,under-eyes,a_degradation_17,0.2543094945537375
04017.png,left-cheek,original_roi,0.2980261670391552
04017.png,right-cheek,original_roi,0.3024442077120344
04017.png,bottom-face,original_roi,0.274697911750012
04017.png,forehead,original_roi,0.202890453599674
04017.png,under-eyes,original_roi,0.1880949309901734
04017.png,left-cheek,a_degradation_11,0.2926164559083241
04017.png,right-cheek,a_degradation_11,0.27544873694268796
04017.png,bottom-face,a_degradation_11,0.25076405974817656
04017.png,forehead,a_degradation_11,0.1943722640112897
04017.png,under-eyes,a_degradation_11,0.180129632829523
04017.png,left-cheek,a_degradation_17,0.2782149648564648
04017.png,right-cheek,a_degradation_17,0.2513272505561441
04017.png,bottom-face,a_degradation_17,0.23978045682749785
04017.png,forehead,a_degradation_17,0.18518169155223282
04017.png,under-eyes,a_degradation_17,0.17396212486111204
04019.png,left-cheek,original_roi,0.1671126649080801
04019.png,right-cheek,original_roi,0.25500223449727893
04019.png,bottom-face,original_roi,0.17607587280663523
04019.png,forehead,original_roi,0.23790614229619447
04019.png,under-eyes,original_roi,0.20549686414867244
04019.png,left-cheek,a_degradation_11,0.16084524931988847
04019.png,right-cheek,a_degradation_11,0.21730785327310856
04019.png,bottom-face,a_degradation_11,0.16837111329617302
04019.png,forehead,a_degradation_11,0.2269476917019596
04019.png,under-eyes,a_degradation_11,0.19099746730395878
04019.png,left-cheek,a_degradation_17,0.15046465869499737
04019.png,right-cheek,a_degradation_17,0.17335303275702119
04019.png,bottom-face,a_degradation_17,0.15733635134149435
04019.png,forehead,a_degradation_17,0.21598654648619478
04019.png,under-eyes,a_degradation_17,0.19048939924075264
04020.png,left-cheek,original_roi,0.29232634934594925
04020.png,right-cheek,original_roi,0.24977199015458745
04020.png,bottom-face,original_roi,0.19228617884866886
04020.png,forehead,original_roi,0.1993636108378781
04020.png,under-eyes,original_roi,0.20877686854453392
04020.png,left-cheek,a_degradation_11,0.2517686591879347
04020.png,right-cheek,a_degradation_11,0.24926523343682006
04020.png,bottom-face,a_degradation_11,0.17910267752461503
04020.png,forehead,a_degradation_11,0.19133856361251317
04020.png,under-eyes,a_degradation_11,0.20513368930969536
04020.png,left-cheek,a_degradation_17,0.20725613958297073
04020.png,right-cheek,a_degradation_17,0.23042161820009865
04020.png,bottom-face,a_degradation_17,0.16384494606930947
04020.png,forehead,a_degradation_17,0.1766350259085093
04020.png,under-eyes,a_degradation_17,0.19166814089789758
04023.png,left-cheek,original_roi,0.23393358362895936
04023.png,right-cheek,original_roi,0.24510799549781984
04023.png,bottom-face,original_roi,0.24504594592498455
04023.png,forehead,original_roi,0.24355020029637514
04023.png,under-eyes,original_roi,0.2780520429491916
04023.png,left-cheek,a_degradation_11,0.22968650034967836
04023.png,right-cheek,a_degradation_11,0.2224072748060086
04023.png,bottom-face,a_degradation_11,0.2230883606103135
04023.png,forehead,a_degradation_11,0.2363320152251697
04023.png,under-eyes,a_degradation_11,0.2657772388071417
04023.png,left-cheek,a_degradation_17,0.20958255886618837
04023.png,right-cheek,a_degradation_17,0.1815887469323159
04023.png,bottom-face,a_degradation_17,0.1930667234010312
04023.png,forehead,a_degradation_17,0.2244083946176471
04023.png,under-eyes,a_degradation_17,0.2609093687138284
04024.png,left-cheek,original_roi,0.25922665752562346
04024.png,right-cheek,original_roi,0.25405043196391247
04024.png,bottom-face,original_roi,0.35461616907248844
04024.png,forehead,original_roi,0.1857947271397753
04024.png,under-eyes,original_roi,0.20544092100297168
04024.png,left-cheek,a_degradation_11,0.22261748262471487
04024.png,right-cheek,a_degradation_11,0.21543021348978714
04024.png,bottom-face,a_degradation_11,0.33430870166629334
04024.png,forehead,a_degradation_11,0.17965896098811093
04024.png,under-eyes,a_degradation_11,0.1903044781632319
04024.png,left-cheek,a_degradation_17,0.1810747694064032
04024.png,right-cheek,a_degradation_17,0.17709652809687595
04024.png,bottom-face,a_degradation_17,0.27485670675806223
04024.png,forehead,a_degradation_17,0.17168653681045604
04024.png,under-eyes,a_degradation_17,0.1859795406648935
04027.png,left-cheek,original_roi,0.2442756158043907
04027.png,right-cheek,original_roi,0.20017053732745055
04027.png,bottom-face,original_roi,0.3205955110781865
04027.png,forehead,original_roi,0.22481428913177726
04027.png,under-eyes,original_roi,0.19603947449673903
04027.png,left-cheek,a_degradation_11,0.22221183531063382
04027.png,right-cheek,a_degradation_11,0.18596213060373598
04027.png,bottom-face,a_degradation_11,0.2913572931821142
04027.png,forehead,a_degradation_11,0.22634523544071058
04027.png,under-eyes,a_degradation_11,0.1890273297798981
04027.png,left-cheek,a_degradation_17,0.20691638585542185
04027.png,right-cheek,a_degradation_17,0.1662176611836898
04027.png,bottom-face,a_degradation_17,0.253752437040183
04027.png,forehead,a_degradation_17,0.21039362740115675
04027.png,under-eyes,a_degradation_17,0.1847604096355023
04037.png,left-cheek,original_roi,0.36894285740925886
04037.png,right-cheek,original_roi,0.3580651964749209
04037.png,bottom-face,original_roi,0.3624361720788411
04037.png,forehead,original_roi,0.2726268942824008
04037.png,under-eyes,original_roi,0.29389203517854107
04037.png,left-cheek,a_degradation_11,0.3101622448037428
04037.png,right-cheek,a_degradation_11,0.31904620102238906
04037.png,bottom-face,a_degradation_11,0.3075668429180239
04037.png,forehead,a_degradation_11,0.2712964002518139
04037.png,under-eyes,a_degradation_11,0.26616373193928133
04037.png,left-cheek,a_degradation_17,0.2575471646035639
04037.png,right-cheek,a_degradation_17,0.24555087650011037
04037.png,bottom-face,a_degradation_17,0.26562159007310693
04037.png,forehead,a_degradation_17,0.2496948269026628
04037.png,under-eyes,a_degradation_17,0.2644541649771551
04047.png,left-cheek,original_roi,0.18961140007223606
04047.png,right-cheek,original_roi,0.2322205317939228
04047.png,bottom-face,original_roi,0.288729801128375
04047.png,forehead,original_roi,0.21932533201456236
04047.png,under-eyes,original_roi,0.17061381047208246
04047.png,left-cheek,a_degradation_11,0.19722255534357835
04047.png,right-cheek,a_degradation_11,0.23757539919764525
04047.png,bottom-face,a_degradation_11,0.2619805216983928
04047.png,forehead,a_degradation_11,0.20936715432366695
04047.png,under-eyes,a_degradation_11,0.16514894733248656
04047.png,left-cheek,a_degradation_17,0.19626081278224305
04047.png,right-cheek,a_degradation_17,0.21365785510753116
04047.png,bottom-face,a_degradation_17,0.2351561066035066
04047.png,forehead,a_degradation_17,0.20269767670592767
04047.png,under-eyes,a_degradation_17,0.16117385454312322
04051.png,left-cheek,original_roi,0.3735609416316728
04051.png,right-cheek,original_roi,0.29031272931784463
04051.png,bottom-face,original_roi,0.31448077977902883
04051.png,forehead,original_roi,0.11459179419061274
04051.png,under-eyes,original_roi,0.1954768149201364
04051.png,left-cheek,a_degradation_11,0.36024338147788043
04051.png,right-cheek,a_degradation_11,0.2793970963732912
04051.png,bottom-face,a_degradation_11,0.2899624241051231
04051.png,forehead,a_degradation_11,0.11139252076224418
04051.png,under-eyes,a_degradation_11,0.18864663620875485
04051.png,left-cheek,a_degradation_17,0.36083171937399877
04051.png,right-cheek,a_degradation_17,0.2310572028955528
04051.png,bottom-face,a_degradation_17,0.2612680254630031
04051.png,forehead,a_degradation_17,0.11061257365784813
04051.png,under-eyes,a_degradation_17,0.18174176788636726
04052.png,left-cheek,original_roi,0.17243797358394847
04052.png,right-cheek,original_roi,0.19086367498452222
04052.png,bottom-face,original_roi,0.2212755094161033
04052.png,forehead,original_roi,0.15768700798306493
04052.png,under-eyes,original_roi,0.18191942616171305
04052.png,left-cheek,a_degradation_11,0.16420993226369265
04052.png,right-cheek,a_degradation_11,0.18320234928932708
04052.png,bottom-face,a_degradation_11,0.20960198139373037
04052.png,forehead,a_degradation_11,0.15718790487989295
04052.png,under-eyes,a_degradation_11,0.17419450660581667
04052.png,left-cheek,a_degradation_17,0.1461867628969169
04052.png,right-cheek,a_degradation_17,0.1638729691929895
04052.png,bottom-face,a_degradation_17,0.19386963024669152
04052.png,forehead,a_degradation_17,0.14799143689188823
04052.png,under-eyes,a_degradation_17,0.172243736938206
04055.png,left-cheek,original_roi,0.2201396569942629
04055.png,right-cheek,original_roi,0.31588321545896625
04055.png,bottom-face,original_roi,0.18985170051578457
04055.png,forehead,original_roi,0.2550797395880572
04055.png,under-eyes,original_roi,0.24604976637027054
04055.png,left-cheek,a_degradation_11,0.22419259247278162
04055.png,right-cheek,a_degradation_11,0.28268027594240525
04055.png,bottom-face,a_degradation_11,0.18165736681420833
04055.png,forehead,a_degradation_11,0.2408643670543652
04055.png,under-eyes,a_degradation_11,0.23709821725069086
04055.png,left-cheek,a_degradation_17,0.22556222890160935
04055.png,right-cheek,a_degradation_17,0.23781025447294535
04055.png,bottom-face,a_degradation_17,0.1644663875831748
04055.png,forehead,a_degradation_17,0.23397043800866474
04055.png,under-eyes,a_degradation_17,0.23144490608611676
04057.png,left-cheek,original_roi,0.332924106406576
04057.png,right-cheek,original_roi,0.3460163333982287
04057.png,bottom-face,original_roi,0.30523336710790966
04057.png,forehead,original_roi,0.3484423758809386
04057.png,under-eyes,original_roi,0.2987788488483569
04057.png,left-cheek,a_degradation_11,0.3033407893902236
04057.png,right-cheek,a_degradation_11,0.2989647584409573
04057.png,bottom-face,a_degradation_11,0.26129100530649707
04057.png,forehead,a_degradation_11,0.3142744802530017
04057.png,under-eyes,a_degradation_11,0.2825836974108269
04057.png,left-cheek,a_degradation_17,0.2455834893252806
04057.png,right-cheek,a_degradation_17,0.2523603914019718
04057.png,bottom-face,a_degradation_17,0.23419894038300043
04057.png,forehead,a_degradation_17,0.2983795559441259
04057.png,under-eyes,a_degradation_17,0.26849241161746734
04058.png,left-cheek,original_roi,0.29751946090401843
04058.png,right-cheek,original_roi,0.2813439126449818
04058.png,bottom-face,original_roi,0.34790687634303347
04058.png,forehead,original_roi,0.25957054301006705
04058.png,under-eyes,original_roi,0.30831435220777204
04058.png,left-cheek,a_degradation_11,0.29963765403064907
04058.png,right-cheek,a_degradation_11,0.2824649352506845
04058.png,bottom-face,a_degradation_11,0.3073959949659309
04058.png,forehead,a_degradation_11,0.247592284212909
04058.png,under-eyes,a_degradation_11,0.27641441049102894
04058.png,left-cheek,a_degradation_17,0.244792291249882
04058.png,right-cheek,a_degradation_17,0.2559276993314977
04058.png,bottom-face,a_degradation_17,0.27598778262873436
04058.png,forehead,a_degradation_17,0.23147697353364965
04058.png,under-eyes,a_degradation_17,0.2814204324995087
04059.png,left-cheek,original_roi,
04059.png,right-cheek,original_roi,0.34294900887111424
04059.png,bottom-face,original_roi,0.2138478089071303
04059.png,forehead,original_roi,0.24450343049184142
04059.png,under-eyes,original_roi,0.28629105533995086
04059.png,left-cheek,a_degradation_11,
04059.png,right-cheek,a_degradation_11,0.316757632603305
04059.png,bottom-face,a_degradation_11,0.20922848589618248
04059.png,forehead,a_degradation_11,0.23479086562242985
04059.png,under-eyes,a_degradation_11,0.26064719519901286
04059.png,left-cheek,a_degradation_17,
04059.png,right-cheek,a_degradation_17,0.26317249208008764
04059.png,bottom-face,a_degradation_17,0.2034032804248248
04059.png,forehead,a_degradation_17,0.23036657013245757
04059.png,under-eyes,a_degradation_17,0.2511784499767063
04060.png,left-cheek,original_roi,0.21438538626129303
04060.png,right-cheek,original_roi,0.20761842570463046
04060.png,bottom-face,original_roi,0.21945378599656645
04060.png,forehead,original_roi,0.11673269443560494
04060.png,under-eyes,original_roi,0.1197181393045083
04060.png,left-cheek,a_degradation_11,0.21241298080047374
04060.png,right-cheek,a_degradation_11,0.20513531009119507
04060.png,bottom-face,a_degradation_11,0.2233685055271537
04060.png,forehead,a_degradation_11,0.11577582723051152
04060.png,under-eyes,a_degradation_11,0.11730159448996318
04060.png,left-cheek,a_degradation_17,0.20593350962088422
04060.png,right-cheek,a_degradation_17,0.19792094959495976
04060.png,bottom-face,a_degradation_17,0.20065636666716244
04060.png,forehead,a_degradation_17,0.1139110955368457
04060.png,under-eyes,a_degradation_17,0.11712781699140509
04061.png,left-cheek,original_roi,0.21535960069288393
04061.png,right-cheek,original_roi,0.22842225206388084
04061.png,bottom-face,original_roi,0.23239768526851384
04061.png,forehead,original_roi,0.21210212627488526
04061.png,under-eyes,original_roi,0.2338025616147453
04061.png,left-cheek,a_degradation_11,0.21588420726022226
04061.png,right-cheek,a_degradation_11,0.2225694161948703
04061.png,bottom-face,a_degradation_11,0.21268561407703496
04061.png,forehead,a_degradation_11,0.20206668986427118
04061.png,under-eyes,a_degradation_11,0.2206388478832472
04061.png,left-cheek,a_degradation_17,0.19579614230944686
04061.png,right-cheek,a_degradation_17,0.21965846087757604
04061.png,bottom-face,a_degradation_17,0.18880036476071446
04061.png,forehead,a_degradation_17,0.19388230112551058
04061.png,under-eyes,a_degradation_17,0.21569405921695453
04064.png,left-cheek,original_roi,0.2614132820725372
04064.png,right-cheek,original_roi,0.2539361449859397
04064.png,bottom-face,original_roi,0.2284505588333635
04064.png,forehead,original_roi,0.22816765006151876
04064.png,under-eyes,original_roi,0.2216800674067857
04064.png,left-cheek,a_degradation_11,0.24082672774617214
04064.png,right-cheek,a_degradation_11,0.2310617222575576
04064.png,bottom-face,a_degradation_11,0.20689482627974065
04064.png,forehead,a_degradation_11,0.21984241680401018
04064.png,under-eyes,a_degradation_11,0.213401949688479
04064.png,left-cheek,a_degradation_17,0.21588008710783832
04064.png,right-cheek,a_degradation_17,0.18834764343488664
04064.png,bottom-face,a_degradation_17,0.20129415513777046
04064.png,forehead,a_degradation_17,0.2046545578615662
04064.png,under-eyes,a_degradation_17,0.20509348497154875
04068.png,left-cheek,original_roi,0.25663176148451583
04068.png,right-cheek,original_roi,0.25013544890521516
04068.png,bottom-face,original_roi,0.30322098813533616
04068.png,forehead,original_roi,0.3053007535286795
04068.png,under-eyes,original_roi,0.24157376654810472
04068.png,left-cheek,a_degradation_11,0.2447031172001612
04068.png,right-cheek,a_degradation_11,0.22771917002487152
04068.png,bottom-face,a_degradation_11,0.271160173207331
04068.png,forehead,a_degradation_11,0.2918668701718766
04068.png,under-eyes,a_degradation_11,0.2381539435434593
04068.png,left-cheek,a_degradation_17,0.19963973731723234
04068.png,right-cheek,a_degradation_17,0.22101607748814284
04068.png,bottom-face,a_degradation_17,0.24530829041599883
04068.png,forehead,a_degradation_17,0.2663087475771803
04068.png,under-eyes,a_degradation_17,0.2320812269908024
04073.png,left-cheek,original_roi,0.2972267782313988
04073.png,right-cheek,original_roi,0.3660062964314743
04073.png,bottom-face,original_roi,0.2790354706381309
04073.png,forehead,original_roi,0.21532377939337735
04073.png,under-eyes,original_roi,0.24613010685119016
04073.png,left-cheek,a_degradation_11,0.2816459696280603
04073.png,right-cheek,a_degradation_11,0.3534772993825775
04073.png,bottom-face,a_degradation_11,0.26316572282622935
04073.png,forehead,a_degradation_11,0.21151582629742652
04073.png,under-eyes,a_degradation_11,0.23713121292033307
04073.png,left-cheek,a_degradation_17,0.24493594625695964
04073.png,right-cheek,a_degradation_17,0.30246627104604595
04073.png,bottom-face,a_degradation_17,0.23314933195745546
04073.png,forehead,a_degradation_17,0.19977931225440765
04073.png,under-eyes,a_degradation_17,0.2333241385401124
04080.png,left-cheek,original_roi,0.22947217169752088
04080.png,right-cheek,original_roi,0.22185436126933802
04080.png,bottom-face,original_roi,0.20306273632094513
04080.png,forehead,original_roi,0.08945388632564234
04080.png,under-eyes,original_roi,0.20618963051937905
04080.png,left-cheek,a_degradation_11,0.19445136212230996
04080.png,right-cheek,a_degradation_11,0.19189301794422414
04080.png,bottom-face,a_degradation_11,0.18552319067860332
04080.png,forehead,a_degradation_11,0.08739023985527858
04080.png,under-eyes,a_degradation_11,0.19316581713179978
04080.png,left-cheek,a_degradation_17,0.1684128286726721
04080.png,right-cheek,a_degradation_17,0.15171296462566547
04080.png,bottom-face,a_degradation_17,0.16798566642230942
04080.png,forehead,a_degradation_17,0.08817150690702633
04080.png,under-eyes,a_degradation_17,0.18808098614341348
04086.png,left-cheek,original_roi,0.19996435324027115
04086.png,right-cheek,original_roi,0.223803553695352
04086.png,bottom-face,original_roi,0.25551640121255126
04086.png,forehead,original_roi,0.22823391871888496
04086.png,under-eyes,original_roi,0.18637549962087957
04086.png,left-cheek,a_degradation_11,0.19509143750623192
04086.png,right-cheek,a_degradation_11,0.2053792064668784
04086.png,bottom-face,a_degradation_11,0.23892837986658425
04086.png,forehead,a_degradation_11,0.22884976604180876
04086.png,under-eyes,a_degradation_11,0.18560082613551318
04086.png,left-cheek,a_degradation_17,0.18627118667853765
04086.png,right-cheek,a_degradation_17,0.18075210377462977
04086.png,bottom-face,a_degradation_17,0.2294395220345467
04086.png,forehead,a_degradation_17,0.2202221912360682
04086.png,under-eyes,a_degradation_17,0.17737539890184928
04089.png,left-cheek,original_roi,0.17297993259830963
04089.png,right-cheek,original_roi,0.24747498010305832
04089.png,bottom-face,original_roi,0.24223568533671658
04089.png,forehead,original_roi,0.17798609874007368
04089.png,under-eyes,original_roi,0.12515170336548462
04089.png,left-cheek,a_degradation_11,0.16385342574007158
04089.png,right-cheek,a_degradation_11,0.22380021120267724
04089.png,bottom-face,a_degradation_11,0.22323795284493805
04089.png,forehead,a_degradation_11,0.16219847978911148
04089.png,under-eyes,a_degradation_11,0.1174904034538958
04089.png,left-cheek,a_degradation_17,0.15018391397934228
04089.png,right-cheek,a_degradation_17,0.19796354547949357
04089.png,bottom-face,a_degradation_17,0.2045693540465553
04089.png,forehead,a_degradation_17,0.1564504533509659
04089.png,under-eyes,a_degradation_17,0.11280537457941928
04094.png,left-cheek,original_roi,0.2220840912934764
04094.png,right-cheek,original_roi,0.16408226425844585
04094.png,bottom-face,original_roi,0.17968920484725892
04094.png,forehead,original_roi,0.16414939789030555
04094.png,under-eyes,original_roi,0.15744897275595185
04094.png,left-cheek,a_degradation_11,0.21867188449272315
04094.png,right-cheek,a_degradation_11,0.1660098170472474
04094.png,bottom-face,a_degradation_11,0.1733303248058749
04094.png,forehead,a_degradation_11,0.16155154412592704
04094.png,under-eyes,a_degradation_11,0.1489639512553963
04094.png,left-cheek,a_degradation_17,0.2165150203906464
04094.png,right-cheek,a_degradation_17,0.16639843640922378
04094.png,bottom-face,a_degradation_17,0.1599991449020309
04094.png,forehead,a_degradation_17,0.1541190289414705
04094.png,under-eyes,a_degradation_17,0.15136712973687666
04095.png,left-cheek,original_roi,0.3314988833223423
04095.png,right-cheek,original_roi,0.3588991434085995
04095.png,bottom-face,original_roi,0.22920432953849332
04095.png,forehead,original_roi,0.2211556713407242
04095.png,under-eyes,original_roi,0.24325394817736587
04095.png,left-cheek,a_degradation_11,0.33291250350739754
04095.png,right-cheek,a_degradation_11,0.32369401795418484
04095.png,bottom-face,a_degradation_11,0.21348886710929788
04095.png,forehead,a_degradation_11,0.21363969115960305
04095.png,under-eyes,a_degradation_11,0.2250566109288868
04095.png,left-cheek,a_degradation_17,0.30790318423309776
04095.png,right-cheek,a_degradation_17,0.2521797742520295
04095.png,bottom-face,a_degradation_17,0.19608111992034127
04095.png,forehead,a_degradation_17,0.2055674672685962
04095.png,under-eyes,a_degradation_17,0.21863446059672623
04098.png,left-cheek,original_roi,0.33816220950815157
04098.png,right-cheek,original_roi,0.1980434227508552
04098.png,bottom-face,original_roi,0.20526002449733455
04098.png,forehead,original_roi,0.22788625458800763
04098.png,under-eyes,original_roi,0.19105729016583609
04098.png,left-cheek,a_degradation_11,0.33755558215090786
04098.png,right-cheek,a_degradation_11,0.187101650191443
04098.png,bottom-face,a_degradation_11,0.2002630570655776
04098.png,forehead,a_degradation_11,0.209016376736184
04098.png,under-eyes,a_degradation_11,0.1866900679696659
04098.png,left-cheek,a_degradation_17,0.29231926701036354
04098.png,right-cheek,a_degradation_17,0.16898315683957937
04098.png,bottom-face,a_degradation_17,0.18116199602708663
04098.png,forehead,a_degradation_17,0.1946881769967326
04098.png,under-eyes,a_degradation_17,0.17463018711334202
04100.png,left-cheek,original_roi,0.3057401133518198
04100.png,right-cheek,original_roi,0.38076879222935545
04100.png,bottom-face,original_roi,0.3177779906414422
04100.png,forehead,original_roi,0.26424815687511616
04100.png,under-eyes,original_roi,0.3137405361657806
04100.png,left-cheek,a_degradation_11,0.2855485087993422
04100.png,right-cheek,a_degradation_11,0.3592059186216183
04100.png,bottom-face,a_degradation_11,0.28336986872072184
04100.png,forehead,a_degradation_11,0.25867464913888305
04100.png,under-eyes,a_degradation_11,0.2949687326268343
04100.png,left-cheek,a_degradation_17,0.257538667788735
04100.png,right-cheek,a_degradation_17,0.33693115762084697
04100.png,bottom-face,a_degradation_17,0.2541532756690602
04100.png,forehead,a_degradation_17,0.23800154228461234
04100.png,under-eyes,a_degradation_17,0.27754199703753
04101.png,left-cheek,original_roi,0.182299915146279
04101.png,right-cheek,original_roi,0.2203040167319751
04101.png,bottom-face,original_roi,0.19167063190630024
04101.png,forehead,original_roi,0.20491863267951665
04101.png,under-eyes,original_roi,0.22057184723239875
04101.png,left-cheek,a_degradation_11,0.17629622492234512
04101.png,right-cheek,a_degradation_11,0.20977790943491215
04101.png,bottom-face,a_degradation_11,0.17788958458345006
04101.png,forehead,a_degradation_11,0.19823583836622405
04101.png,under-eyes,a_degradation_11,0.2102153332846458
04101.png,left-cheek,a_degradation_17,0.16707623002771144
04101.png,right-cheek,a_degradation_17,0.18820472490466061
04101.png,bottom-face,a_degradation_17,0.17197925268679243
04101.png,forehead,a_degradation_17,0.19376686458574258
04101.png,under-eyes,a_degradation_17,0.21179721908340154
04102.png,left-cheek,original_roi,0.26420725139583867
04102.png,right-cheek,original_roi,0.3261370063299001
04102.png,bottom-face,original_roi,0.3163164382195173
04102.png,forehead,original_roi,0.35811224651507234
04102.png,under-eyes,original_roi,0.270428984048348
04102.png,left-cheek,a_degradation_11,0.26158069985932764
04102.png,right-cheek,a_degradation_11,0.31206826106315827
04102.png,bottom-face,a_degradation_11,0.3052524702361386
04102.png,forehead,a_degradation_11,0.33150810931663716
04102.png,under-eyes,a_degradation_11,0.2513259019581306
04102.png,left-cheek,a_degradation_17,0.26369348185233327
04102.png,right-cheek,a_degradation_17,0.31270524220840534
04102.png,bottom-face,a_degradation_17,0.2734765833168522
04102.png,forehead,a_degradation_17,0.3003032517237967
04102.png,under-eyes,a_degradation_17,0.2514048226817127
04107.png,left-cheek,original_roi,0.24315821211699123
04107.png,right-cheek,original_roi,0.20396935968130137
04107.png,bottom-face,original_roi,0.22313798160681483
04107.png,forehead,original_roi,0.1877294209287593
04107.png,under-eyes,original_roi,0.23359452987772858
04107.png,left-cheek,a_degradation_11,0.21147591729469786
04107.png,right-cheek,a_degradation_11,0.1792160595484709
04107.png,bottom-face,a_degradation_11,0.19909112611877047
04107.png,forehead,a_degradation_11,0.18279636387902057
04107.png,under-eyes,a_degradation_11,0.222044056928298
04107.png,left-cheek,a_degradation_17,0.18140271619547033
04107.png,right-cheek,a_degradation_17,0.14423679767474945
04107.png,bottom-face,a_degradation_17,0.17817929851816333
04107.png,forehead,a_degradation_17,0.1753796328501992
04107.png,under-eyes,a_degradation_17,0.21633196908708183
04108.png,left-cheek,original_roi,0.26018624163413606
04108.png,right-cheek,original_roi,0.26239075636714326
04108.png,bottom-face,original_roi,0.24501056293429083
04108.png,forehead,original_roi,0.1945585062552184
04108.png,under-eyes,original_roi,0.23527204463243806
04108.png,left-cheek,a_degradation_11,0.28087742157518514
04108.png,right-cheek,a_degradation_11,0.257787869961088
04108.png,bottom-face,a_degradation_11,0.22070303581885092
04108.png,forehead,a_degradation_11,0.1855750106326243
04108.png,under-eyes,a_degradation_11,0.22370023516529464
04108.png,left-cheek,a_degradation_17,0.25622397469066915
04108.png,right-cheek,a_degradation_17,0.22077469705731367
04108.png,bottom-face,a_degradation_17,0.19923659107444053
04108.png,forehead,a_degradation_17,0.17795472660930906
04108.png,under-eyes,a_degradation_17,0.22626807828257367
04109.png,left-cheek,original_roi,0.4746497552789341
04109.png,right-cheek,original_roi,0.3017461821528411
04109.png,bottom-face,original_roi,0.22149830397353046
04109.png,forehead,original_roi,0.22457182847428594
04109.png,under-eyes,original_roi,0.24892650657694027
04109.png,left-cheek,a_degradation_11,0.4738499491419983
04109.png,right-cheek,a_degradation_11,0.2949823993932552
04109.png,bottom-face,a_degradation_11,0.21117654804778715
04109.png,forehead,a_degradation_11,0.2162192652305399
04109.png,under-eyes,a_degradation_11,0.23044874186400524
04109.png,left-cheek,a_degradation_17,0.4408224204793439
04109.png,right-cheek,a_degradation_17,0.2622383836917654
04109.png,bottom-face,a_degradation_17,0.1964619896028131
04109.png,forehead,a_degradation_17,0.1996104461396534
04109.png,under-eyes,a_degradation_17,0.2364894913835514
04111.png,left-cheek,original_roi,0.2674029068433597
04111.png,right-cheek,original_roi,0.29187712504583646
04111.png,bottom-face,original_roi,0.17666234483218507
04111.png,forehead,original_roi,0.23748928378262094
04111.png,under-eyes,original_roi,0.31869086963838295
04111.png,left-cheek,a_degradation_11,0.2716745424605067
04111.png,right-cheek,a_degradation_11,0.2863396220000414
04111.png,bottom-face,a_degradation_11,0.17102049802851998
04111.png,forehead,a_degradation_11,0.22727207827359303
04111.png,under-eyes,a_degradation_11,0.3011596938411591
04111.png,left-cheek,a_degradation_17,0.2889108668256941
04111.png,right-cheek,a_degradation_17,0.277398894691491
04111.png,bottom-face,a_degradation_17,0.1670208487797672
04111.png,forehead,a_degradation_17,0.2167901789237526
04111.png,under-eyes,a_degradation_17,0.28866816719416083
04112.png,left-cheek,original_roi,0.28594497003401087
04112.png,right-cheek,original_roi,0.1725994660520058
04112.png,bottom-face,original_roi,0.19606941386347382
04112.png,forehead,original_roi,0.24345666010500622
04112.png,under-eyes,original_roi,0.2221509602813418
04112.png,left-cheek,a_degradation_11,0.2732545060125413
04112.png,right-cheek,a_degradation_11,0.16552715100478668
04112.png,bottom-face,a_degradation_11,0.1888173311266746
04112.png,forehead,a_degradation_11,0.2357519798906558
04112.png,under-eyes,a_degradation_11,0.21599544077693045
04112.png,left-cheek,a_degradation_17,0.2509677286462414
04112.png,right-cheek,a_degradation_17,0.15453034245678848
04112.png,bottom-face,a_degradation_17,0.18106515934558468
04112.png,forehead,a_degradation_17,0.22139912713201568
04112.png,under-eyes,a_degradation_17,0.21011494052262017
04113.png,left-cheek,original_roi,0.24575666524525042
04113.png,right-cheek,original_roi,0.21606969188021502
04113.png,bottom-face,original_roi,0.26164838807625956
04113.png,forehead,original_roi,0.2958016596577956
04113.png,under-eyes,original_roi,0.3014470638316406
04113.png,left-cheek,a_degradation_11,0.2300437031063176
04113.png,right-cheek,a_degradation_11,0.20199986709140938
04113.png,bottom-face,a_degradation_11,0.25378359052285737
04113.png,forehead,a_degradation_11,0.27702627664348106
04113.png,under-eyes,a_degradation_11,0.2856536380920054
04113.png,left-cheek,a_degradation_17,0.2014380259044261
04113.png,right-cheek,a_degradation_17,0.19674768086231909
04113.png,bottom-face,a_degradation_17,0.22953000925660158
04113.png,forehead,a_degradation_17,0.2482712944499154
04113.png,under-eyes,a_degradation_17,0.261003157644839
04114.png,left-cheek,original_roi,0.2992988722059899
04114.png,right-cheek,original_roi,0.4718607016966831
04114.png,bottom-face,original_roi,0.23612768485839125
04114.png,forehead,original_roi,0.16587231030987154
04114.png,under-eyes,original_roi,0.18980477366990214
04114.png,left-cheek,a_degradation_11,0.2859940336108844
04114.png,right-cheek,a_degradation_11,0.46734847447312794
04114.png,bottom-face,a_degradation_11,0.22915160230880333
04114.png,forehead,a_degradation_11,0.16714817746721536
04114.png,under-eyes,a_degradation_11,0.1824031103938597
04114.png,left-cheek,a_degradation_17,0.2603453278262722
04114.png,right-cheek,a_degradation_17,0.4330660296053208
04114.png,bottom-face,a_degradation_17,0.21771689629311344
04114.png,forehead,a_degradation_17,0.16768142489808482
04114.png,under-eyes,a_degradation_17,0.18497484500185177
04120.png,left-cheek,original_roi,0.4484721131136198
04120.png,right-cheek,original_roi,0.43275690212964835
04120.png,bottom-face,original_roi,0.27493191143313844
04120.png,forehead,original_roi,0.23062712739170152
04120.png,under-eyes,original_roi,0.31996988442627544
04120.png,left-cheek,a_degradation_11,0.38455219467738483
04120.png,right-cheek,a_degradation_11,0.3695562197315061
04120.png,bottom-face,a_degradation_11,0.24818818889494332
04120.png,forehead,a_degradation_11,0.22294042981904363
04120.png,under-eyes,a_degradation_11,0.29574091569269234
04120.png,left-cheek,a_degradation_17,0.3257640973573849
04120.png,right-cheek,a_degradation_17,0.28254621591661316
04120.png,bottom-face,a_degradation_17,0.22277937166116255
04120.png,forehead,a_degradation_17,0.22285786009805258
04120.png,under-eyes,a_degradation_17,0.2769064624191372
04121.png,left-cheek,original_roi,0.16830611721588762
04121.png,right-cheek,original_roi,
04121.png,bottom-face,original_roi,0.17526384385188534
04121.png,forehead,original_roi,0.14082660096219835
04121.png,under-eyes,original_roi,0.1564430376814384
04121.png,left-cheek,a_degradation_11,0.15559397458113336
04121.png,right-cheek,a_degradation_11,
04121.png,bottom-face,a_degradation_11,0.16311938570564985
04121.png,forehead,a_degradation_11,0.13553814275533274
04121.png,under-eyes,a_degradation_11,0.1481130669984686
04121.png,left-cheek,a_degradation_17,0.1412479408517782
04121.png,right-cheek,a_degradation_17,
04121.png,bottom-face,a_degradation_17,0.14860219034594177
04121.png,forehead,a_degradation_17,0.1321596387217762
04121.png,under-eyes,a_degradation_17,0.1458147811610528
04122.png,left-cheek,original_roi,0.11184782451188803
04122.png,right-cheek,original_roi,0.2120962283154278
04122.png,bottom-face,original_roi,0.13077579690674987
04122.png,forehead,original_roi,0.18195501087150112
04122.png,under-eyes,original_roi,0.20265702907296468
04122.png,left-cheek,a_degradation_11,0.11213125572936755
04122.png,right-cheek,a_degradation_11,0.18541423018223965
04122.png,bottom-face,a_degradation_11,0.12383570142105045
04122.png,forehead,a_degradation_11,0.17223579884998436
04122.png,under-eyes,a_degradation_11,0.18923314339978328
04122.png,left-cheek,a_degradation_17,0.10541510729673362
04122.png,right-cheek,a_degradation_17,0.16473255088280653
04122.png,bottom-face,a_degradation_17,0.1175032955618622
04122.png,forehead,a_degradation_17,0.16089045005672395
04122.png,under-eyes,a_degradation_17,0.17656270839737995
04123.png,left-cheek,original_roi,0.2831525733103493
04123.png,right-cheek,original_roi,0.29331961353473157
04123.png,bottom-face,original_roi,0.29114932375335917
04123.png,forehead,original_roi,0.19238901163247402
04123.png,under-eyes,original_roi,0.2619721348182783
04123.png,left-cheek,a_degradation_11,0.27487952487168915
04123.png,right-cheek,a_degradation_11,0.2803265278619143
04123.png,bottom-face,a_degradation_11,0.2671104794681392
04123.png,forehead,a_degradation_11,0.1868629518065412
04123.png,under-eyes,a_degradation_11,0.24270197455571701
04123.png,left-cheek,a_degradation_17,0.23653987502119728
04123.png,right-cheek,a_degradation_17,0.26635427957676955
04123.png,bottom-face,a_degradation_17,0.22734382743193873
04123.png,forehead,a_degradation_17,0.18368000527334488
04123.png,under-eyes,a_degradation_17,0.2354906739370256
04124.png,left-cheek,original_roi,0.18590147688971229
04124.png,right-cheek,original_roi,0.18039846504678236
04124.png,bottom-face,original_roi,0.19234631567307647
04124.png,forehead,original_roi,0.17394686601197104
04124.png,under-eyes,original_roi,0.18282460002095138
04124.png,left-cheek,a_degradation_11,0.17617714821129665
04124.png,right-cheek,a_degradation_11,0.16808378734173157
04124.png,bottom-face,a_degradation_11,0.1878727504938167
04124.png,forehead,a_degradation_11,0.17047552403747307
04124.png,under-eyes,a_degradation_11,0.1763827124837108
04124.png,left-cheek,a_degradation_17,0.15454219776802156
04124.png,right-cheek,a_degradation_17,0.15698987908628062
04124.png,bottom-face,a_degradation_17,0.18301385110014168
04124.png,forehead,a_degradation_17,0.16184107808566237
04124.png,under-eyes,a_degradation_17,0.17596935156603932
04125.png,left-cheek,original_roi,0.22420274173344112
04125.png,right-cheek,original_roi,0.23658520562534813
04125.png,bottom-face,original_roi,0.30151478813319066
04125.png,forehead,original_roi,0.19753929747466856
04125.png,under-eyes,original_roi,0.25735285308756445
04125.png,left-cheek,a_degradation_11,0.23669229684263512
04125.png,right-cheek,a_degradation_11,0.2440249804823255
04125.png,bottom-face,a_degradation_11,0.2936550620436481
04125.png,forehead,a_degradation_11,0.18575424864331502
04125.png,under-eyes,a_degradation_11,0.2408391359668382
04125.png,left-cheek,a_degradation_17,0.22443585035636898
04125.png,right-cheek,a_degradation_17,0.23017688843498801
04125.png,bottom-face,a_degradation_17,0.25731037475631746
04125.png,forehead,a_degradation_17,0.1809990211225997
04125.png,under-eyes,a_degradation_17,0.23414214351085993
04129.png,left-cheek,original_roi,0.27142259937162716
04129.png,right-cheek,original_roi,0.23728117231756354
04129.png,bottom-face,original_roi,0.23546265386395823
04129.png,forehead,original_roi,0.25000755511703754
04129.png,under-eyes,original_roi,0.2196529634169315
04129.png,left-cheek,a_degradation_11,0.26433289194179305
04129.png,right-cheek,a_degradation_11,0.2268137176814284
04129.png,bottom-face,a_degradation_11,0.23039357263243143
04129.png,forehead,a_degradation_11,0.24472932507636916
04129.png,under-eyes,a_degradation_11,0.21141982253136699
04129.png,left-cheek,a_degradation_17,0.22996047526917887
04129.png,right-cheek,a_degradation_17,0.21108070376382382
04129.png,bottom-face,a_degradation_17,0.21093445812023864
04129.png,forehead,a_degradation_17,0.23127515824189315
04129.png,under-eyes,a_degradation_17,0.206480607467209
04132.png,left-cheek,original_roi,0.1919750847765569
04132.png,right-cheek,original_roi,0.2229638365871676
04132.png,bottom-face,original_roi,0.26085300505618564
04132.png,forehead,original_roi,0.1560265755081193
04132.png,under-eyes,original_roi,0.2007394871342877
04132.png,left-cheek,a_degradation_11,0.18727713002427587
04132.png,right-cheek,a_degradation_11,0.2259863049132411
04132.png,bottom-face,a_degradation_11,0.25243838391210865
04132.png,forehead,a_degradation_11,0.15150613527560763
04132.png,under-eyes,a_degradation_11,0.19075518474376207
04132.png,left-cheek,a_degradation_17,0.15720031200013856
04132.png,right-cheek,a_degradation_17,0.18841418504148316
04132.png,bottom-face,a_degradation_17,0.22610520024025466
04132.png,forehead,a_degradation_17,0.1422690658674551
04132.png,under-eyes,a_degradation_17,0.17979645652784912
04138.png,left-cheek,original_roi,0.2154316375709336
04138.png,right-cheek,original_roi,0.30817699254295855
04138.png,bottom-face,original_roi,0.3795128151505483
04138.png,forehead,original_roi,0.3750718715485719
04138.png,under-eyes,original_roi,0.21084385082322407
04138.png,left-cheek,a_degradation_11,0.21065800834265785
04138.png,right-cheek,a_degradation_11,0.2880948157509953
04138.png,bottom-face,a_degradation_11,0.32560010089611124
04138.png,forehead,a_degradation_11,0.3300599579235532
04138.png,under-eyes,a_degradation_11,0.19844427229155945
04138.png,left-cheek,a_degradation_17,0.19134924410003754
04138.png,right-cheek,a_degradation_17,0.23741795565442336
04138.png,bottom-face,a_degradation_17,0.2711181685425725
04138.png,forehead,a_degradation_17,0.31382235033719164
04138.png,under-eyes,a_degradation_17,0.1963815413981521
04141.png,left-cheek,original_roi,0.31795383624065304
04141.png,right-cheek,original_roi,0.3330079013816099
04141.png,bottom-face,original_roi,0.3354844789625185
04141.png,forehead,original_roi,0.25039055991894615
04141.png,under-eyes,original_roi,0.3189671093914465
04141.png,left-cheek,a_degradation_11,0.35315124234816286
04141.png,right-cheek,a_degradation_11,0.3167383270747153
04141.png,bottom-face,a_degradation_11,0.30298108820621794
04141.png,forehead,a_degradation_11,0.2374311763429039
04141.png,under-eyes,a_degradation_11,0.2941241841218161
04141.png,left-cheek,a_degradation_17,0.2950383539206706
04141.png,right-cheek,a_degradation_17,0.27305565333309695
04141.png,bottom-face,a_degradation_17,0.267083437759379
04141.png,forehead,a_degradation_17,0.22033098769893897
04141.png,under-eyes,a_degradation_17,0.2977526317536569
04142.png,left-cheek,original_roi,0.33935375732145245
04142.png,right-cheek,original_roi,0.24223671150431594
04142.png,bottom-face,original_roi,0.2106501051903548
04142.png,forehead,original_roi,0.25318413470032636
04142.png,under-eyes,original_roi,0.18324478527465307
04142.png,left-cheek,a_degradation_11,0.32493530700155704
04142.png,right-cheek,a_degradation_11,0.24520427348847149
04142.png,bottom-face,a_degradation_11,0.2072447523999256
04142.png,forehead,a_degradation_11,0.24426231966070824
04142.png,under-eyes,a_degradation_11,0.17741844709748658
04142.png,left-cheek,a_degradation_17,0.30163809617560755
04142.png,right-cheek,a_degradation_17,0.23690721598707995
04142.png,bottom-face,a_degradation_17,0.19193998712328877
04142.png,forehead,a_degradation_17,0.22849273526936364
04142.png,under-eyes,a_degradation_17,0.1720341484444308
04143.png,left-cheek,original_roi,0.33442441690274577
04143.png,right-cheek,original_roi,0.3145088261528083
04143.png,bottom-face,original_roi,0.34167989248030034
04143.png,forehead,original_roi,0.350197267043697
04143.png,under-eyes,original_roi,0.32280799387214143
04143.png,left-cheek,a_degradation_11,0.32163867089577314
04143.png,right-cheek,a_degradation_11,0.30050203056657915
04143.png,bottom-face,a_degradation_11,0.3034665838302974
04143.png,forehead,a_degradation_11,0.3197754494304405
04143.png,under-eyes,a_degradation_11,0.29645246509269896
04143.png,left-cheek,a_degradation_17,0.30815719560894306
04143.png,right-cheek,a_degradation_17,0.24944391464582497
04143.png,bottom-face,a_degradation_17,0.26434950509515803
04143.png,forehead,a_degradation_17,0.2996434433598866
04143.png,under-eyes,a_degradation_17,0.28007268020348214
04144.png,left-cheek,original_roi,0.1875883561424808
04144.png,right-cheek,original_roi,0.22029225447988016
04144.png,bottom-face,original_roi,0.19549783590865197
04144.png,forehead,original_roi,0.17680311755915265
04144.png,under-eyes,original_roi,0.18819336280426407
04144.png,left-cheek,a_degradation_11,0.18878359262715325
04144.png,right-cheek,a_degradation_11,0.21065335683724265
04144.png,bottom-face,a_degradation_11,0.1931656329822854
04144.png,forehead,a_degradation_11,0.16916245410828007
04144.png,under-eyes,a_degradation_11,0.18701435998981064
04144.png,left-cheek,a_degradation_17,0.1903302971483155
04144.png,right-cheek,a_degradation_17,0.1820197631491735
04144.png,bottom-face,a_degradation_17,0.18171593059278635
04144.png,forehead,a_degradation_17,0.16653167554079715
04144.png,under-eyes,a_degradation_17,0.1792026421014542
04145.png,left-cheek,original_roi,0.19574903488345935
04145.png,right-cheek,original_roi,0.2040610603257616
04145.png,bottom-face,original_roi,0.20735161347263834
04145.png,forehead,original_roi,0.1441412531935077
04145.png,under-eyes,original_roi,0.118343118467508
04145.png,left-cheek,a_degradation_11,0.18646520092227523
04145.png,right-cheek,a_degradation_11,0.18910145380480142
04145.png,bottom-face,a_degradation_11,0.19340103818766094
04145.png,forehead,a_degradation_11,0.14039127130161375
04145.png,under-eyes,a_degradation_11,0.11725837985864433
04145.png,left-cheek,a_degradation_17,0.18350086950095432
04145.png,right-cheek,a_degradation_17,0.16238953917343937
04145.png,bottom-face,a_degradation_17,0.1847680644508878
04145.png,forehead,a_degradation_17,0.1390501708470885
04145.png,under-eyes,a_degradation_17,0.1174545325475502
04151.png,left-cheek,original_roi,0.3132164077328616
04151.png,right-cheek,original_roi,0.10779750641574844
04151.png,bottom-face,original_roi,0.11154856100259536
04151.png,forehead,original_roi,0.11036323003277668
04151.png,under-eyes,original_roi,0.10138232393531874
04151.png,left-cheek,a_degradation_11,0.31141690883132606
04151.png,right-cheek,a_degradation_11,0.1019303643074699
04151.png,bottom-face,a_degradation_11,0.10806382700133234
04151.png,forehead,a_degradation_11,0.10716498701770098
04151.png,under-eyes,a_degradation_11,0.10176673462981906
04151.png,left-cheek,a_degradation_17,0.27954719396198896
04151.png,right-cheek,a_degradation_17,0.0945688500367103
04151.png,bottom-face,a_degradation_17,0.10310563523246802
04151.png,forehead,a_degradation_17,0.10421749251337062
04151.png,under-eyes,a_degradation_17,0.10053222996030457
04153.png,left-cheek,original_roi,0.2562414157290811
04153.png,right-cheek,original_roi,0.1402505617047529
04153.png,bottom-face,original_roi,0.16391370738413763
04153.png,forehead,original_roi,0.21674006968489148
04153.png,under-eyes,original_roi,0.18126894066952176
04153.png,left-cheek,a_degradation_11,0.25673508673973294
04153.png,right-cheek,a_degradation_11,0.13306002066182887
04153.png,bottom-face,a_degradation_11,0.16324286588626483
04153.png,forehead,a_degradation_11,0.19729189184321386
04153.png,under-eyes,a_degradation_11,0.16967870591150733
04153.png,left-cheek,a_degradation_17,0.2143085381185128
04153.png,right-cheek,a_degradation_17,0.12192181963423007
04153.png,bottom-face,a_degradation_17,0.15706252268750492
04153.png,forehead,a_degradation_17,0.1862248930212979
04153.png,under-eyes,a_degradation_17,0.16973164187602222
04154.png,left-cheek,original_roi,0.26735656318606643
04154.png,right-cheek,original_roi,0.2603395103788331
04154.png,bottom-face,original_roi,0.213933390989491
04154.png,forehead,original_roi,0.2287135768673192
04154.png,under-eyes,original_roi,0.2174528909094666
04154.png,left-cheek,a_degradation_11,0.2818745707608916
04154.png,right-cheek,a_degradation_11,0.26482248244824264
04154.png,bottom-face,a_degradation_11,0.2045798249590875
04154.png,forehead,a_degradation_11,0.21328774303486614
04154.png,under-eyes,a_degradation_11,0.21222201471836163
04154.png,left-cheek,a_degradation_17,0.2694623714929423
04154.png,right-cheek,a_degradation_17,0.24627837894972981
04154.png,bottom-face,a_degradation_17,0.19339265136106282
04154.png,forehead,a_degradation_17,0.21043525261693696
04154.png,under-eyes,a_degradation_17,0.203980880809496
04156.png,left-cheek,original_roi,0.20252226335262538
04156.png,right-cheek,original_roi,0.3052093491422112
04156.png,bottom-face,original_roi,0.28650947093815265
04156.png,forehead,original_roi,0.21818361293282895
04156.png,under-eyes,original_roi,0.25359017439406206
04156.png,left-cheek,a_degradation_11,0.19453124326223792
04156.png,right-cheek,a_degradation_11,0.28433588731814036
04156.png,bottom-face,a_degradation_11,0.2695878833824334
04156.png,forehead,a_degradation_11,0.2104929984671936
04156.png,under-eyes,a_degradation_11,0.25018783978085757
04156.png,left-cheek,a_degradation_17,0.1875510926778036
04156.png,right-cheek,a_degradation_17,0.2580592447299803
04156.png,bottom-face,a_degradation_17,0.23741036017001604
04156.png,forehead,a_degradation_17,0.20514961380816454
04156.png,under-eyes,a_degradation_17,0.23708740366644698
04157.png,left-cheek,original_roi,0.3127153979675971
04157.png,right-cheek,original_roi,0.2893986156502121
04157.png,bottom-face,original_roi,0.31701743916613434
04157.png,forehead,original_roi,0.23050029499179026
04157.png,under-eyes,original_roi,0.2826176367838696
04157.png,left-cheek,a_degradation_11,0.2875560792694611
04157.png,right-cheek,a_degradation_11,0.2712219635482762
04157.png,bottom-face,a_degradation_11,0.3046082544989045
04157.png,forehead,a_degradation_11,0.2211411158569818
04157.png,under-eyes,a_degradation_11,0.26063658307263043
04157.png,left-cheek,a_degradation_17,0.2522695281685292
04157.png,right-cheek,a_degradation_17,0.2435102537107302
04157.png,bottom-face,a_degradation_17,0.27328546406212917
04157.png,forehead,a_degradation_17,0.21145701904369218
04157.png,under-eyes,a_degradation_17,0.25641637298808584
04158.png,left-cheek,original_roi,0.17558338878488933
04158.png,right-cheek,original_roi,0.19385028434051646
04158.png,bottom-face,original_roi,0.21546735530124603
04158.png,forehead,original_roi,0.15055241012523596
04158.png,under-eyes,original_roi,0.19685419061834972
04158.png,left-cheek,a_degradation_11,0.17876337688934962
04158.png,right-cheek,a_degradation_11,0.18264395698236616
04158.png,bottom-face,a_degradation_11,0.2036990474282448
04158.png,forehead,a_degradation_11,0.15566323119112743
04158.png,under-eyes,a_degradation_11,0.18786308690312012
04158.png,left-cheek,a_degradation_17,0.17518866015739826
04158.png,right-cheek,a_degradation_17,0.16381930789363128
04158.png,bottom-face,a_degradation_17,0.18228436001443593
04158.png,forehead,a_degradation_17,0.15705943409891868
04158.png,under-eyes,a_degradation_17,0.19410391782485678
04161.png,left-cheek,original_roi,0.27187706203262096
04161.png,right-cheek,original_roi,0.2828512520045393
04161.png,bottom-face,original_roi,0.1863849399565708
04161.png,forehead,original_roi,0.28159089985658836
04161.png,under-eyes,original_roi,0.23212006079510966
04161.png,left-cheek,a_degradation_11,0.2659515847912247
04161.png,right-cheek,a_degradation_11,0.2675948109687827
04161.png,bottom-face,a_degradation_11,0.18240569480621294
04161.png,forehead,a_degradation_11,0.26447122862633143
04161.png,under-eyes,a_degradation_11,0.22249038191382117
04161.png,left-cheek,a_degradation_17,0.25523610034832334
04161.png,right-cheek,a_degradation_17,0.23241625233996324
04161.png,bottom-face,a_degradation_17,0.16810391340932113
04161.png,forehead,a_degradation_17,0.2544734852568664
04161.png,under-eyes,a_degradation_17,0.21791951960759828
04162.png,left-cheek,original_roi,0.274226014272423
04162.png,right-cheek,original_roi,
04162.png,bottom-face,original_roi,0.22569083705357454
04162.png,forehead,original_roi,0.2861563388010044
04162.png,under-eyes,original_roi,0.170186818919892
04162.png,left-cheek,a_degradation_11,0.2814970279954276
04162.png,right-cheek,a_degradation_11,
04162.png,bottom-face,a_degradation_11,0.22168645243103122
04162.png,forehead,a_degradation_11,0.2717155275950556
04162.png,under-eyes,a_degradation_11,0.16321941364869844
04162.png,left-cheek,a_degradation_17,0.27385564191837053
04162.png,right-cheek,a_degradation_17,
04162.png,bottom-face,a_degradation_17,0.2006834681116137
04162.png,forehead,a_degradation_17,0.24180466554286573
04162.png,under-eyes,a_degradation_17,0.1694602854040916
04163.png,left-cheek,original_roi,0.2245540012347005
04163.png,right-cheek,original_roi,0.23715482825606135
04163.png,bottom-face,original_roi,0.2297988911796314
04163.png,forehead,original_roi,0.24225958533692607
04163.png,under-eyes,original_roi,0.1915871868522796
04163.png,left-cheek,a_degradation_11,0.22485434693342543
04163.png,right-cheek,a_degradation_11,0.22941831602915852
04163.png,bottom-face,a_degradation_11,0.22084892708044063
04163.png,forehead,a_degradation_11,0.23151286811355437
04163.png,under-eyes,a_degradation_11,0.18584396790525634
04163.png,left-cheek,a_degradation_17,0.2259463850635678
04163.png,right-cheek,a_degradation_17,0.21562922446522023
04163.png,bottom-face,a_degradation_17,0.20725849920435724
04163.png,forehead,a_degradation_17,0.21794021749600292
04163.png,under-eyes,a_degradation_17,0.1859247908585252
04164.png,left-cheek,original_roi,0.2248266965213879
04164.png,right-cheek,original_roi,0.25040547343586306
04164.png,bottom-face,original_roi,0.22507686604028315
04164.png,forehead,original_roi,0.1150481021325983
04164.png,under-eyes,original_roi,0.2607604912105495
04164.png,left-cheek,a_degradation_11,0.21418448483653116
04164.png,right-cheek,a_degradation_11,0.23627482003201056
04164.png,bottom-face,a_degradation_11,0.20889160307655008
04164.png,forehead,a_degradation_11,0.11114846325080291
04164.png,under-eyes,a_degradation_11,0.24227991916015854
04164.png,left-cheek,a_degradation_17,0.19492177829446225
04164.png,right-cheek,a_degradation_17,0.1988048904913647
04164.png,bottom-face,a_degradation_17,0.19020346908612493
04164.png,forehead,a_degradation_17,0.11038329270308468
04164.png,under-eyes,a_degradation_17,0.2367148990144378
04165.png,left-cheek,original_roi,0.26560041170779153
04165.png,right-cheek,original_roi,0.2695053724932026
04165.png,bottom-face,original_roi,0.28288758241108763
04165.png,forehead,original_roi,0.21770141701697995
04165.png,under-eyes,original_roi,0.26473407212307876
04165.png,left-cheek,a_degradation_11,0.27977875666934054
04165.png,right-cheek,a_degradation_11,0.2698735417208105
04165.png,bottom-face,a_degradation_11,0.2756331214737462
04165.png,forehead,a_degradation_11,0.21643537668076604
04165.png,under-eyes,a_degradation_11,0.25068222355284814
04165.png,left-cheek,a_degradation_17,0.25435785256985255
04165.png,right-cheek,a_degradation_17,0.24387954249490426
04165.png,bottom-face,a_degradation_17,0.23856100760820512
04165.png,forehead,a_degradation_17,0.20599696457428987
04165.png,under-eyes,a_degradation_17,0.24235200609277552
04166.png,left-cheek,original_roi,0.2648112793372498
04166.png,right-cheek,original_roi,0.2692876026155215
04166.png,bottom-face,original_roi,0.2418855276952408
04166.png,forehead,original_roi,0.1892374195405607
04166.png,under-eyes,original_roi,0.2282288386780904
04166.png,left-cheek,a_degradation_11,0.24900654835007008
04166.png,right-cheek,a_degradation_11,0.2512403328600885
04166.png,bottom-face,a_degradation_11,0.23838855447301582
04166.png,forehead,a_degradation_11,0.18437826434178803
04166.png,under-eyes,a_degradation_11,0.2106924272955092
04166.png,left-cheek,a_degradation_17,0.24927992652944306
04166.png,right-cheek,a_degradation_17,0.22201278334656824
04166.png,bottom-face,a_degradation_17,0.22087770136355842
04166.png,forehead,a_degradation_17,0.1776969139835592
04166.png,under-eyes,a_degradation_17,0.21319587855242256
04167.png,left-cheek,original_roi,0.13313037110292816
04167.png,right-cheek,original_roi,0.14555131874060748
04167.png,bottom-face,original_roi,0.15722217768833016
04167.png,forehead,original_roi,0.16030398219891007
04167.png,under-eyes,original_roi,0.15614751467955745
04167.png,left-cheek,a_degradation_11,0.12870359148206303
04167.png,right-cheek,a_degradation_11,0.14157395892777402
04167.png,bottom-face,a_degradation_11,0.15537255044441034
04167.png,forehead,a_degradation_11,0.15817803962437382
04167.png,under-eyes,a_degradation_11,0.15145144841057392
04167.png,left-cheek,a_degradation_17,0.1200213901875821
04167.png,right-cheek,a_degradation_17,0.13635940939237176
04167.png,bottom-face,a_degradation_17,0.1475480513676391
04167.png,forehead,a_degradation_17,0.15221598194429775
04167.png,under-eyes,a_degradation_17,0.15030397456430442
04171.png,left-cheek,original_roi,0.2153307536621043
04171.png,right-cheek,original_roi,0.24884326083190814
04171.png,bottom-face,original_roi,0.2400860450896423
04171.png,forehead,original_roi,0.23104532967276234
04171.png,under-eyes,original_roi,0.24063912998908296
04171.png,left-cheek,a_degradation_11,0.2067394675637924
04171.png,right-cheek,a_degradation_11,0.23508013697004565
04171.png,bottom-face,a_degradation_11,0.22116498596667766
04171.png,forehead,a_degradation_11,0.2237575843702006
04171.png,under-eyes,a_degradation_11,0.225509559757698
04171.png,left-cheek,a_degradation_17,0.18116355943937543
04171.png,right-cheek,a_degradation_17,0.2030732084197617
04171.png,bottom-face,a_degradation_17,0.2033607076408663
04171.png,forehead,a_degradation_17,0.21416336232737138
04171.png,under-eyes,a_degradation_17,0.22750007155644164
04174.png,left-cheek,original_roi,0.32125537008910965
04174.png,right-cheek,original_roi,0.2994919300941745
04174.png,bottom-face,original_roi,0.2675844014564251
04174.png,forehead,original_roi,0.31067297265857496
04174.png,under-eyes,original_roi,0.24769332818463038
04174.png,left-cheek,a_degradation_11,0.3058841122758148
04174.png,right-cheek,a_degradation_11,0.27902548849471165
04174.png,bottom-face,a_degradation_11,0.2506311687589272
04174.png,forehead,a_degradation_11,0.30504841739893046
04174.png,under-eyes,a_degradation_11,0.235456420155843
04174.png,left-cheek,a_degradation_17,0.24357711022541895
04174.png,right-cheek,a_degradation_17,0.24238794903490643
04174.png,bottom-face,a_degradation_17,0.22229787669769752
04174.png,forehead,a_degradation_17,0.2762039888347263
04174.png,under-eyes,a_degradation_17,0.2373281290530096
04176.png,left-cheek,original_roi,0.32263052540040194
04176.png,right-cheek,original_roi,0.265356846159928
04176.png,bottom-face,original_roi,0.26018495607403425
04176.png,forehead,original_roi,0.21805561068864712
04176.png,under-eyes,original_roi,0.22232245855466856
04176.png,left-cheek,a_degradation_11,0.31335802882321073
04176.png,right-cheek,a_degradation_11,0.2655476621384786
04176.png,bottom-face,a_degradation_11,0.254627343527904
04176.png,forehead,a_degradation_11,0.21236186002149676
04176.png,under-eyes,a_degradation_11,0.21388560952316368
04176.png,left-cheek,a_degradation_17,0.26104570891502454
04176.png,right-cheek,a_degradation_17,0.2549084274725471
04176.png,bottom-face,a_degradation_17,0.23547948890439202
04176.png,forehead,a_degradation_17,0.19846404317416644
04176.png,under-eyes,a_degradation_17,0.20893044887680076
04179.png,left-cheek,original_roi,0.1636923009483927
04179.png,right-cheek,original_roi,0.15806882567053068
04179.png,bottom-face,original_roi,0.20379709538761984
04179.png,forehead,original_roi,0.12090176436187022
04179.png,under-eyes,original_roi,0.15259021821198954
04179.png,left-cheek,a_degradation_11,0.16607003908428886
04179.png,right-cheek,a_degradation_11,0.1593305502144795
04179.png,bottom-face,a_degradation_11,0.1995465834758231
04179.png,forehead,a_degradation_11,0.11654487119140683
04179.png,under-eyes,a_degradation_11,0.15065709408047925
04179.png,left-cheek,a_degradation_17,0.16792952944891903
04179.png,right-cheek,a_degradation_17,0.15476426900071363
04179.png,bottom-face,a_degradation_17,0.1809760159307413
04179.png,forehead,a_degradation_17,0.11354870165035759
04179.png,under-eyes,a_degradation_17,0.14644354740442642
04183.png,left-cheek,original_roi,0.21572025766405747
04183.png,right-cheek,original_roi,0.24428941280381136
04183.png,bottom-face,original_roi,0.2126145577504573
04183.png,forehead,original_roi,0.22297298944207714
04183.png,under-eyes,original_roi,0.14973962972566188
04183.png,left-cheek,a_degradation_11,0.22254197416291363
04183.png,right-cheek,a_degradation_11,0.25291786683269835
04183.png,bottom-face,a_degradation_11,0.20607093241360364
04183.png,forehead,a_degradation_11,0.21456953808391446
04183.png,under-eyes,a_degradation_11,0.14555976086965688
04183.png,left-cheek,a_degradation_17,0.21964858428078546
04183.png,right-cheek,a_degradation_17,0.2314170418104671
04183.png,bottom-face,a_degradation_17,0.18946909606504958
04183.png,forehead,a_degradation_17,0.2056885726250628
04183.png,under-eyes,a_degradation_17,0.14578374118511542
04185.png,left-cheek,original_roi,0.2675392850077951
04185.png,right-cheek,original_roi,0.17806922445006357
04185.png,bottom-face,original_roi,0.1946746768113011
04185.png,forehead,original_roi,0.13827518566713642
04185.png,under-eyes,original_roi,0.19986332321817393
04185.png,left-cheek,a_degradation_11,0.2502795682407972
04185.png,right-cheek,a_degradation_11,0.17110429151329723
04185.png,bottom-face,a_degradation_11,0.18485596812651237
04185.png,forehead,a_degradation_11,0.13340217667438814
04185.png,under-eyes,a_degradation_11,0.19363964076254453
04185.png,left-cheek,a_degradation_17,0.2539318833624522
04185.png,right-cheek,a_degradation_17,0.16108555406422465
04185.png,bottom-face,a_degradation_17,0.17993649002574158
04185.png,forehead,a_degradation_17,0.1355174864030062
04185.png,under-eyes,a_degradation_17,0.18067901377068454
04189.png,left-cheek,original_roi,0.27244122869454446
04189.png,right-cheek,original_roi,0.32666099060993853
04189.png,bottom-face,original_roi,0.3765259749104203
04189.png,forehead,original_roi,0.2338300530336792
04189.png,under-eyes,original_roi,0.23525820227742095
04189.png,left-cheek,a_degradation_11,0.27338207277893717
04189.png,right-cheek,a_degradation_11,0.3019871872681868
04189.png,bottom-face,a_degradation_11,0.3266142703940741
04189.png,forehead,a_degradation_11,0.22209514600885968
04189.png,under-eyes,a_degradation_11,0.2289043782056007
04189.png,left-cheek,a_degradation_17,0.258031261494428
04189.png,right-cheek,a_degradation_17,0.2494354701396209
04189.png,bottom-face,a_degradation_17,0.2890878065690884
04189.png,forehead,a_degradation_17,0.2049470645295713
04189.png,under-eyes,a_degradation_17,0.2174477417215806
04191.png,left-cheek,original_roi,0.21689728565869384
04191.png,right-cheek,original_roi,0.21145879405935614
04191.png,bottom-face,original_roi,0.15940511495306683
04191.png,forehead,original_roi,0.16960760396468547
04191.png,under-eyes,original_roi,0.1547606816869631
04191.png,left-cheek,a_degradation_11,0.22008920365439139
04191.png,right-cheek,a_degradation_11,0.22192084890921532
04191.png,bottom-face,a_degradation_11,0.15667483096042767
04191.png,forehead,a_degradation_11,0.17073192216354438
04191.png,under-eyes,a_degradation_11,0.14619775547080086
04191.png,left-cheek,a_degradation_17,0.20709103967798914
04191.png,right-cheek,a_degradation_17,0.2004814657492228
04191.png,bottom-face,a_degradation_17,0.1501728316034801
04191.png,forehead,a_degradation_17,0.164222014404594
04191.png,under-eyes,a_degradation_17,0.1501835413139282
04196.png,left-cheek,original_roi,0.23964418560228212
04196.png,right-cheek,original_roi,0.23748967711049124
04196.png,bottom-face,original_roi,0.13421858399244127
04196.png,forehead,original_roi,0.23382198148802094
04196.png,under-eyes,original_roi,0.1997623567012878
04196.png,left-cheek,a_degradation_11,0.22494251242210497
04196.png,right-cheek,a_degradation_11,0.22667774071646757
04196.png,bottom-face,a_degradation_11,0.13192040236920424
04196.png,forehead,a_degradation_11,0.2232966647406374
04196.png,under-eyes,a_degradation_11,0.19327977690365594
04196.png,left-cheek,a_degradation_17,0.19658527121025648
04196.png,right-cheek,a_degradation_17,0.19629833538861452
04196.png,bottom-face,a_degradation_17,0.13043844985094988
04196.png,forehead,a_degradation_17,0.21833967786492517
04196.png,under-eyes,a_degradation_17,0.18727858251301044
04197.png,left-cheek,original_roi,0.23433266943144276
04197.png,right-cheek,original_roi,0.22177339600090915
04197.png,bottom-face,original_roi,0.25629539514735505
04197.png,forehead,original_roi,0.2085582019972048
04197.png,under-eyes,original_roi,0.18623847839502944
04197.png,left-cheek,a_degradation_11,0.22491410763211644
04197.png,right-cheek,a_degradation_11,0.20796528855735147
04197.png,bottom-face,a_degradation_11,0.23651883071524116
04197.png,forehead,a_degradation_11,0.19968543777182968
04197.png,under-eyes,a_degradation_11,0.18276873855152756
04197.png,left-cheek,a_degradation_17,0.20856062402743095
04197.png,right-cheek,a_degradation_17,0.18665139624171678
04197.png,bottom-face,a_degradation_17,0.21603328348480252
04197.png,forehead,a_degradation_17,0.18991714996187625
04197.png,under-eyes,a_degradation_17,0.1761162891267159
04199.png,left-cheek,original_roi,0.19644484718287583
04199.png,right-cheek,original_roi,0.3008344545788964
04199.png,bottom-face,original_roi,0.34336382964677575
04199.png,forehead,original_roi,0.23656896266337538
04199.png,under-eyes,original_roi,0.21740698296485245
04199.png,left-cheek,a_degradation_11,0.18140568542167468
04199.png,right-cheek,a_degradation_11,0.28284011953019883
04199.png,bottom-face,a_degradation_11,0.30594470127194107
04199.png,forehead,a_degradation_11,0.20522149217763405
04199.png,under-eyes,a_degradation_11,0.19107183654153664
04199.png,left-cheek,a_degradation_17,0.15205073387601167
04199.png,right-cheek,a_degradation_17,0.2940644425243925
04199.png,bottom-face,a_degradation_17,0.26271826929689934
04199.png,forehead,a_degradation_17,0.19482848230554667
04199.png,under-eyes,a_degradation_17,0.17359143800149401
04201.png,left-cheek,original_roi,0.3178204396208412
04201.png,right-cheek,original_roi,0.3199342554534644
04201.png,bottom-face,original_roi,0.20581027520816
04201.png,forehead,original_roi,0.26906038986789577
04201.png,under-eyes,original_roi,0.25216786191872687
04201.png,left-cheek,a_degradation_11,0.32795851813097876
04201.png,right-cheek,a_degradation_11,0.3089726817301172
04201.png,bottom-face,a_degradation_11,0.20027781686376667
04201.png,forehead,a_degradation_11,0.25602788428690926
04201.png,under-eyes,a_degradation_11,0.23191013513226966
04201.png,left-cheek,a_degradation_17,0.29154999183854735
04201.png,right-cheek,a_degradation_17,0.27835451723248444
04201.png,bottom-face,a_degradation_17,0.18262914465068758
04201.png,forehead,a_degradation_17,0.23809589969511769
04201.png,under-eyes,a_degradation_17,0.23361246895324414
04205.png,left-cheek,original_roi,0.15027533092186734
04205.png,right-cheek,original_roi,0.22099537813553227
04205.png,bottom-face,original_roi,0.17996640347150542
04205.png,forehead,original_roi,0.26874200247744995
04205.png,under-eyes,original_roi,0.2083603084447953
04205.png,left-cheek,a_degradation_11,0.15383470101383473
04205.png,right-cheek,a_degradation_11,0.22978048501123133
04205.png,bottom-face,a_degradation_11,0.1765684513468397
04205.png,forehead,a_degradation_11,0.2622660323848687
04205.png,under-eyes,a_degradation_11,0.20507108986213382
04205.png,left-cheek,a_degradation_17,0.1512573822740733
04205.png,right-cheek,a_degradation_17,0.22240204220906024
04205.png,bottom-face,a_degradation_17,0.16059634035967846
04205.png,forehead,a_degradation_17,0.2538245597699882
04205.png,under-eyes,a_degradation_17,0.20035982714251013
04207.png,left-cheek,original_roi,0.3086145490257304
04207.png,right-cheek,original_roi,0.3716020575099816
04207.png,bottom-face,original_roi,0.3778049261975449
04207.png,forehead,original_roi,0.33952486744483973
04207.png,under-eyes,original_roi,0.36208282197463726
04207.png,left-cheek,a_degradation_11,0.2892684912842872
04207.png,right-cheek,a_degradation_11,0.35552923025390654
04207.png,bottom-face,a_degradation_11,0.3277514382910359
04207.png,forehead,a_degradation_11,0.3216549874516484
04207.png,under-eyes,a_degradation_11,0.32803866286600597
04207.png,left-cheek,a_degradation_17,0.25963067848213434
04207.png,right-cheek,a_degradation_17,0.2843042873627568
04207.png,bottom-face,a_degradation_17,0.2834042815789903
04207.png,forehead,a_degradation_17,0.3001208539294886
04207.png,under-eyes,a_degradation_17,0.3391139905350354
04208.png,left-cheek,original_roi,0.12477835189079453
04208.png,right-cheek,original_roi,0.2783973598639045
04208.png,bottom-face,original_roi,0.2426835286359709
04208.png,forehead,original_roi,0.2241561662449738
04208.png,under-eyes,original_roi,0.25515750834304274
04208.png,left-cheek,a_degradation_11,0.12193178178120967
04208.png,right-cheek,a_degradation_11,0.26045204410586575
04208.png,bottom-face,a_degradation_11,0.2252224491758935
04208.png,forehead,a_degradation_11,0.21411191210535466
04208.png,under-eyes,a_degradation_11,0.24163104434536667
04208.png,left-cheek,a_degradation_17,0.11651934547654347
04208.png,right-cheek,a_degradation_17,0.24472170435998028
04208.png,bottom-face,a_degradation_17,0.20482129421384962
04208.png,forehead,a_degradation_17,0.19795570844477875
04208.png,under-eyes,a_degradation_17,0.2222823859213044
04216.png,left-cheek,original_roi,0.3199064189764679
04216.png,right-cheek,original_roi,0.34509371036150344
04216.png,bottom-face,original_roi,0.34743878032827163
04216.png,forehead,original_roi,0.2715121491342965
04216.png,under-eyes,original_roi,0.3469562947262075
04216.png,left-cheek,a_degradation_11,0.3024714340168693
04216.png,right-cheek,a_degradation_11,0.33993848313155056
04216.png,bottom-face,a_degradation_11,0.3114369291033809
04216.png,forehead,a_degradation_11,0.2600583144391886
04216.png,under-eyes,a_degradation_11,0.30909145482214817
04216.png,left-cheek,a_degradation_17,0.2706062122741094
04216.png,right-cheek,a_degradation_17,0.3265801787386104
04216.png,bottom-face,a_degradation_17,0.27094158852973566
04216.png,forehead,a_degradation_17,0.2443420990251993
04216.png,under-eyes,a_degradation_17,0.3036662299289242
04218.png,left-cheek,original_roi,0.2360665467037614
04218.png,right-cheek,original_roi,0.2193463649292006
04218.png,bottom-face,original_roi,0.1916403815721164
04218.png,forehead,original_roi,0.21860000254962733
04218.png,under-eyes,original_roi,0.2620592107423643
04218.png,left-cheek,a_degradation_11,0.21916947358354444
04218.png,right-cheek,a_degradation_11,0.2018825973458685
04218.png,bottom-face,a_degradation_11,0.18438000047520348
04218.png,forehead,a_degradation_11,0.20676011873667768
04218.png,under-eyes,a_degradation_11,0.25014173894813047
04218.png,left-cheek,a_degradation_17,0.18825309568002377
04218.png,right-cheek,a_degradation_17,0.1773669065256869
04218.png,bottom-face,a_degradation_17,0.17359150912809734
04218.png,forehead,a_degradation_17,0.19642545169954825
04218.png,under-eyes,a_degradation_17,0.24596580444063532
04219.png,left-cheek,original_roi,0.27078784241155546
04219.png,right-cheek,original_roi,0.28117657714666294
04219.png,bottom-face,original_roi,0.3062711165666517
04219.png,forehead,original_roi,0.19136222019857627
04219.png,under-eyes,original_roi,0.27001656673628704
04219.png,left-cheek,a_degradation_11,0.2613022458446531
04219.png,right-cheek,a_degradation_11,0.26841462015406176
04219.png,bottom-face,a_degradation_11,0.30016312422174424
04219.png,forehead,a_degradation_11,0.18043780593679307
04219.png,under-eyes,a_degradation_11,0.25076918724814157
04219.png,left-cheek,a_degradation_17,0.23424411985995966
04219.png,right-cheek,a_degradation_17,0.2358943783155057
04219.png,bottom-face,a_degradation_17,0.2662021055193663
04219.png,forehead,a_degradation_17,0.1750006394633175
04219.png,under-eyes,a_degradation_17,0.24127473033067562
04224.png,left-cheek,original_roi,
04224.png,right-cheek,original_roi,0.29362613442458757
04224.png,bottom-face,original_roi,0.24043807278649643
04224.png,forehead,original_roi,0.21888475061669985
04224.png,under-eyes,original_roi,0.19494401333933917
04224.png,left-cheek,a_degradation_11,
04224.png,right-cheek,a_degradation_11,0.2989256291162279
04224.png,bottom-face,a_degradation_11,0.24059520131742543
04224.png,forehead,a_degradation_11,0.21055349663875003
04224.png,under-eyes,a_degradation_11,0.18136813416508882
04224.png,left-cheek,a_degradation_17,
04224.png,right-cheek,a_degradation_17,0.27522696540561176
04224.png,bottom-face,a_degradation_17,0.22416164344131462
04224.png,forehead,a_degradation_17,0.1953979578452147
04224.png,under-eyes,a_degradation_17,0.17889820656542357
04225.png,left-cheek,original_roi,0.2112078390638992
04225.png,right-cheek,original_roi,0.24668272613224057
04225.png,bottom-face,original_roi,0.25287535106483056
04225.png,forehead,original_roi,0.1667559359856287
04225.png,under-eyes,original_roi,0.20620604329293296
04225.png,left-cheek,a_degradation_11,0.20985563854114633
04225.png,right-cheek,a_degradation_11,0.23898780467928196
04225.png,bottom-face,a_degradation_11,0.24451908142180329
04225.png,forehead,a_degradation_11,0.16402693881109603
04225.png,under-eyes,a_degradation_11,0.1962174882614519
04225.png,left-cheek,a_degradation_17,0.20141109894099152
04225.png,right-cheek,a_degradation_17,0.2261993888518242
04225.png,bottom-face,a_degradation_17,0.2291346121459524
04225.png,forehead,a_degradation_17,0.157094262523967
04225.png,under-eyes,a_degradation_17,0.19289808280009507
04227.png,left-cheek,original_roi,0.11451322110979201
04227.png,right-cheek,original_roi,0.10781931102711073
04227.png,bottom-face,original_roi,0.13265685727763338
04227.png,forehead,original_roi,0.10288386866172271
04227.png,under-eyes,original_roi,0.0834366899877261
04227.png,left-cheek,a_degradation_11,0.11526923453378107
04227.png,right-cheek,a_degradation_11,0.10686747340393486
04227.png,bottom-face,a_degradation_11,0.1313317627351609
04227.png,forehead,a_degradation_11,0.10274640639868625
04227.png,under-eyes,a_degradation_11,0.0840815045872438
04227.png,left-cheek,a_degradation_17,0.11747529319199605
04227.png,right-cheek,a_degradation_17,0.10306702583618037
04227.png,bottom-face,a_degradation_17,0.12755889799849413
04227.png,forehead,a_degradation_17,0.1036938593703653
04227.png,under-eyes,a_degradation_17,0.08438207819314764
04232.png,left-cheek,original_roi,0.3181288993161297
04232.png,right-cheek,original_roi,0.35207185734175767
04232.png,bottom-face,original_roi,0.3414941354404117
04232.png,forehead,original_roi,0.19324191693532017
04232.png,under-eyes,original_roi,0.27061548324078455
04232.png,left-cheek,a_degradation_11,0.3191669339293079
04232.png,right-cheek,a_degradation_11,0.3330614256740961
04232.png,bottom-face,a_degradation_11,0.29483205064619755
04232.png,forehead,a_degradation_11,0.1809292504153123
04232.png,under-eyes,a_degradation_11,0.24998060689813445
04232.png,left-cheek,a_degradation_17,0.26467846420011687
04232.png,right-cheek,a_degradation_17,0.2640111321031468
04232.png,bottom-face,a_degradation_17,0.2521086308083961
04232.png,forehead,a_degradation_17,0.1772690598703733
04232.png,under-eyes,a_degradation_17,0.24357033126532293
04233.png,left-cheek,original_roi,0.18800675724588684
04233.png,right-cheek,original_roi,0.22397304461373732
04233.png,bottom-face,original_roi,0.21945649870699052
04233.png,forehead,original_roi,0.20185495687717997
04233.png,under-eyes,original_roi,0.16756008121592594
04233.png,left-cheek,a_degradation_11,0.18164568407594145
04233.png,right-cheek,a_degradation_11,0.21656720946373895
04233.png,bottom-face,a_degradation_11,0.21728228086136336
04233.png,forehead,a_degradation_11,0.1957006023558293
04233.png,under-eyes,a_degradation_11,0.16327322315504442
04233.png,left-cheek,a_degradation_17,0.17132772286193187
04233.png,right-cheek,a_degradation_17,0.2098709861836892
04233.png,bottom-face,a_degradation_17,0.20278453559054485
04233.png,forehead,a_degradation_17,0.19156123048645093
04233.png,under-eyes,a_degradation_17,0.16148918179447017
04234.png,left-cheek,original_roi,0.21985300055225807
04234.png,right-cheek,original_roi,0.21613407512069804
04234.png,bottom-face,original_roi,0.3147529069247977
04234.png,forehead,original_roi,0.23220828417142497
04234.png,under-eyes,original_roi,0.17788237366542328
04234.png,left-cheek,a_degradation_11,0.2142962593528441
04234.png,right-cheek,a_degradation_11,0.20643026284158608
04234.png,bottom-face,a_degradation_11,0.2972945252935429
04234.png,forehead,a_degradation_11,0.22752885560230984
04234.png,under-eyes,a_degradation_11,0.1768327027038467
04234.png,left-cheek,a_degradation_17,0.19161318964476035
04234.png,right-cheek,a_degradation_17,0.19546471770374216
04234.png,bottom-face,a_degradation_17,0.25513407915539876
04234.png,forehead,a_degradation_17,0.2233195631536372
04234.png,under-eyes,a_degradation_17,0.17436430453180013
04235.png,left-cheek,original_roi,0.2718595606596056
04235.png,right-cheek,original_roi,0.3237842781565142
04235.png,bottom-face,original_roi,0.25174567479729654
04235.png,forehead,original_roi,0.2249670202353037
04235.png,under-eyes,original_roi,0.21479208863363042
04235.png,left-cheek,a_degradation_11,0.23898157287626517
04235.png,right-cheek,a_degradation_11,0.3201946153581781
04235.png,bottom-face,a_degradation_11,0.2361376812039908
04235.png,forehead,a_degradation_11,0.21399574075259356
04235.png,under-eyes,a_degradation_11,0.21074142274422034
04235.png,left-cheek,a_degradation_17,0.199055406281281
04235.png,right-cheek,a_degradation_17,0.29602900439209134
04235.png,bottom-face,a_degradation_17,0.23470658527780722
04235.png,forehead,a_degradation_17,0.19770467183052
04235.png,under-eyes,a_degradation_17,0.1978766916647079
04238.png,left-cheek,original_roi,0.21319518608849847
04238.png,right-cheek,original_roi,0.28533685744844617
04238.png,bottom-face,original_roi,0.29220633066226476
04238.png,forehead,original_roi,0.21697170868378712
04238.png,under-eyes,original_roi,0.2358770600802335
04238.png,left-cheek,a_degradation_11,0.21095390763362062
04238.png,right-cheek,a_degradation_11,0.2889402073830659
04238.png,bottom-face,a_degradation_11,0.28283419744527727
04238.png,forehead,a_degradation_11,0.205903429743899
04238.png,under-eyes,a_degradation_11,0.2210910048699408
04238.png,left-cheek,a_degradation_17,0.21899525991600172
04238.png,right-cheek,a_degradation_17,0.2679105459401778
04238.png,bottom-face,a_degradation_17,0.2613938030526614
04238.png,forehead,a_degradation_17,0.19637126400901372
04238.png,under-eyes,a_degradation_17,0.22580974983850913
04240.png,left-cheek,original_roi,0.249045989641364
04240.png,right-cheek,original_roi,0.23666304065431898
04240.png,bottom-face,original_roi,0.21658134518899955
04240.png,forehead,original_roi,0.28257748621422124
04240.png,under-eyes,original_roi,0.24580929268477184
04240.png,left-cheek,a_degradation_11,0.2314282522229296
04240.png,right-cheek,a_degradation_11,0.2166335360345653
04240.png,bottom-face,a_degradation_11,0.2039087445478965
04240.png,forehead,a_degradation_11,0.2757650446846871
04240.png,under-eyes,a_degradation_11,0.22550042661195938
04240.png,left-cheek,a_degradation_17,0.20868689480413538
04240.png,right-cheek,a_degradation_17,0.18274849173382038
04240.png,bottom-face,a_degradation_17,0.18731711555622613
04240.png,forehead,a_degradation_17,0.2679567121049618
04240.png,under-eyes,a_degradation_17,0.2242742979792864
04248.png,left-cheek,original_roi,0.19484990176065506
04248.png,right-cheek,original_roi,0.22944820322665802
04248.png,bottom-face,original_roi,0.2513799181877006
04248.png,forehead,original_roi,0.21012070985674544
04248.png,under-eyes,original_roi,0.21678840403586921
04248.png,left-cheek,a_degradation_11,0.18209541140102004
04248.png,right-cheek,a_degradation_11,0.21971191239969784
04248.png,bottom-face,a_degradation_11,0.23173667955777494
04248.png,forehead,a_degradation_11,0.20978524204768867
04248.png,under-eyes,a_degradation_11,0.20221059703768052
04248.png,left-cheek,a_degradation_17,0.16792369635867843
04248.png,right-cheek,a_degradation_17,0.20479287924759215
04248.png,bottom-face,a_degradation_17,0.2094223296781708
04248.png,forehead,a_degradation_17,0.19970956886419608
04248.png,under-eyes,a_degradation_17,0.20556454301578542
04249.png,left-cheek,original_roi,0.31369422364794247
04249.png,right-cheek,original_roi,0.2806305431701251
04249.png,bottom-face,original_roi,0.31097086720367406
04249.png,forehead,original_roi,0.19923895049696788
04249.png,under-eyes,original_roi,0.2350243994127348
04249.png,left-cheek,a_degradation_11,0.30054907461079766
04249.png,right-cheek,a_degradation_11,0.266225965354865
04249.png,bottom-face,a_degradation_11,0.2831436276325221
04249.png,forehead,a_degradation_11,0.1926479790144852
04249.png,under-eyes,a_degradation_11,0.2267947380805124
04249.png,left-cheek,a_degradation_17,0.29161830497958763
04249.png,right-cheek,a_degradation_17,0.24202429776682058
04249.png,bottom-face,a_degradation_17,0.2500941921876005
04249.png,forehead,a_degradation_17,0.18409227848074097
04249.png,under-eyes,a_degradation_17,0.2226941011612754
05001.png,left-cheek,original_roi,0.21831197519235473
05001.png,right-cheek,original_roi,0.30406731310094476
05001.png,bottom-face,original_roi,0.22519105195352285
05001.png,forehead,original_roi,0.2130496052843688
05001.png,under-eyes,original_roi,0.2547035211454488
05001.png,left-cheek,a_degradation_11,0.21378630045155386
05001.png,right-cheek,a_degradation_11,0.2874911189829729
05001.png,bottom-face,a_degradation_11,0.21518134354135593
05001.png,forehead,a_degradation_11,0.20744006991717293
05001.png,under-eyes,a_degradation_11,0.24611260485601305
05001.png,left-cheek,a_degradation_17,0.21990668689154727
05001.png,right-cheek,a_degradation_17,0.2626438169289493
05001.png,bottom-face,a_degradation_17,0.19886446474388117
05001.png,forehead,a_degradation_17,0.20046060970340024
05001.png,under-eyes,a_degradation_17,0.22973512517832895
05006.png,left-cheek,original_roi,0.23123436355808122
05006.png,right-cheek,original_roi,0.19435834557689036
05006.png,bottom-face,original_roi,0.22377403358798464
05006.png,forehead,original_roi,0.24716099468631472
05006.png,under-eyes,original_roi,0.18933875874904327
05006.png,left-cheek,a_degradation_11,0.21241160118913416
05006.png,right-cheek,a_degradation_11,0.201507487689789
05006.png,bottom-face,a_degradation_11,0.20569842301606173
05006.png,forehead,a_degradation_11,0.2335289387111198
05006.png,under-eyes,a_degradation_11,0.18727040973496945
05006.png,left-cheek,a_degradation_17,0.19677614198496757
05006.png,right-cheek,a_degradation_17,0.19317753536747045
05006.png,bottom-face,a_degradation_17,0.1910064853158901
05006.png,forehead,a_degradation_17,0.22701186017983577
05006.png,under-eyes,a_degradation_17,0.18109337333033615
05011.png,left-cheek,original_roi,0.2029428597826235
05011.png,right-cheek,original_roi,0.20627881463511655
05011.png,bottom-face,original_roi,0.2429637738219061
05011.png,forehead,original_roi,0.14241326070289997
05011.png,under-eyes,original_roi,0.20075324490820967
05011.png,left-cheek,a_degradation_11,0.2074723692271575
05011.png,right-cheek,a_degradation_11,0.2108443086979423
05011.png,bottom-face,a_degradation_11,0.22704143333589086
05011.png,forehead,a_degradation_11,0.13583733369953857
05011.png,under-eyes,a_degradation_11,0.1932469811690135
05011.png,left-cheek,a_degradation_17,0.2018291857466395
05011.png,right-cheek,a_degradation_17,0.19098124955047074
05011.png,bottom-face,a_degradation_17,0.20269279266328857
05011.png,forehead,a_degradation_17,0.1342018599720769
05011.png,under-eyes,a_degradation_17,0.1854612286978849
05015.png,left-cheek,original_roi,0.2044653407545005
05015.png,right-cheek,original_roi,0.22247097195633359
05015.png,bottom-face,original_roi,0.2230724765151597
05015.png,forehead,original_roi,0.2022136328369113
05015.png,under-eyes,original_roi,0.20901608144316824
05015.png,left-cheek,a_degradation_11,0.18093298037078115
05015.png,right-cheek,a_degradation_11,0.19755571024031449
05015.png,bottom-face,a_degradation_11,0.19997381743870146
05015.png,forehead,a_degradation_11,0.1863796513127686
05015.png,under-eyes,a_degradation_11,0.19661431162661308
05015.png,left-cheek,a_degradation_17,0.15112904055587875
05015.png,right-cheek,a_degradation_17,0.1648997657044025
05015.png,bottom-face,a_degradation_17,0.17633492098794262
05015.png,forehead,a_degradation_17,0.1872301131693647
05015.png,under-eyes,a_degradation_17,0.19168907999635204
05017.png,left-cheek,original_roi,0.19766070757329093
05017.png,right-cheek,original_roi,0.18196587728086389
05017.png,bottom-face,original_roi,0.1828857562305291
05017.png,forehead,original_roi,0.20317627040609723
05017.png,under-eyes,original_roi,0.20514378010697182
05017.png,left-cheek,a_degradation_11,0.19463321611205667
05017.png,right-cheek,a_degradation_11,0.17628886918824
05017.png,bottom-face,a_degradation_11,0.17087590969702204
05017.png,forehead,a_degradation_11,0.1992222270596582
05017.png,under-eyes,a_degradation_11,0.19710946897186324
05017.png,left-cheek,a_degradation_17,0.18205524133167342
05017.png,right-cheek,a_degradation_17,0.17557842745106128
05017.png,bottom-face,a_degradation_17,0.16560920115520827
05017.png,forehead,a_degradation_17,0.18597910277599453
05017.png,under-eyes,a_degradation_17,0.1949867038375939
05021.png,left-cheek,original_roi,0.27355555461057973
05021.png,right-cheek,original_roi,0.49561756687630365
05021.png,bottom-face,original_roi,0.2751055516415288
05021.png,forehead,original_roi,0.27524387889988294
05021.png,under-eyes,original_roi,0.2554934138218546
05021.png,left-cheek,a_degradation_11,0.24940294577581795
05021.png,right-cheek,a_degradation_11,0.4930980874754885
05021.png,bottom-face,a_degradation_11,0.2465701304836093
05021.png,forehead,a_degradation_11,0.26221031298815467
05021.png,under-eyes,a_degradation_11,0.23178067763105067
05021.png,left-cheek,a_degradation_17,0.21399467951050527
05021.png,right-cheek,a_degradation_17,0.48486820297632016
05021.png,bottom-face,a_degradation_17,0.22503987481671933
05021.png,forehead,a_degradation_17,0.23654473146953695
05021.png,under-eyes,a_degradation_17,0.23793337427695568
05025.png,left-cheek,original_roi,0.30313151967956364
05025.png,right-cheek,original_roi,0.26410059420404686
05025.png,bottom-face,original_roi,0.3412632553626434
05025.png,forehead,original_roi,0.29621545096540064
05025.png,under-eyes,original_roi,0.27950596642844194
05025.png,left-cheek,a_degradation_11,0.2642036940192934
05025.png,right-cheek,a_degradation_11,0.23928466009508956
05025.png,bottom-face,a_degradation_11,0.306283002449473
05025.png,forehead,a_degradation_11,0.27104391235795083
05025.png,under-eyes,a_degradation_11,0.2594847010442664
05025.png,left-cheek,a_degradation_17,0.22264239049637508
05025.png,right-cheek,a_degradation_17,0.2081549196387937
05025.png,bottom-face,a_degradation_17,0.26333662854874224
05025.png,forehead,a_degradation_17,0.2516981213156243
05025.png,under-eyes,a_degradation_17,0.26572872197961783
05028.png,left-cheek,original_roi,0.2753793186790067
05028.png,right-cheek,original_roi,0.28378885343224997
05028.png,bottom-face,original_roi,0.2883131929418361
05028.png,forehead,original_roi,0.23903345932952405
05028.png,under-eyes,original_roi,0.2197919855795047
05028.png,left-cheek,a_degradation_11,0.24834014938359505
05028.png,right-cheek,a_degradation_11,0.2575534557389101
05028.png,bottom-face,a_degradation_11,0.2770573623129831
05028.png,forehead,a_degradation_11,0.23769861534270534
05028.png,under-eyes,a_degradation_11,0.21049761437017359
05028.png,left-cheek,a_degradation_17,0.21195391768546037
05028.png,right-cheek,a_degradation_17,0.20993524572716138
05028.png,bottom-face,a_degradation_17,0.24198921650393038
05028.png,forehead,a_degradation_17,0.21108129651521357
05028.png,under-eyes,a_degradation_17,0.20529510302265044
05031.png,left-cheek,original_roi,0.3296610983706585
05031.png,right-cheek,original_roi,0.3145448703814156
05031.png,bottom-face,original_roi,0.314248833021817
05031.png,forehead,original_roi,0.26516979703402904
05031.png,under-eyes,original_roi,0.3117063395400326
05031.png,left-cheek,a_degradation_11,0.3157947488329241
05031.png,right-cheek,a_degradation_11,0.30416172695007276
05031.png,bottom-face,a_degradation_11,0.30067039117759087
05031.png,forehead,a_degradation_11,0.24520261566277848
05031.png,under-eyes,a_degradation_11,0.27543967721676416
05031.png,left-cheek,a_degradation_17,0.27887511607484955
05031.png,right-cheek,a_degradation_17,0.2639520002647132
05031.png,bottom-face,a_degradation_17,0.2597363029126677
05031.png,forehead,a_degradation_17,0.23478341364099906
05031.png,under-eyes,a_degradation_17,0.27734597237502384
05032.png,left-cheek,original_roi,0.22343638065584454
05032.png,right-cheek,original_roi,0.26071321240813444
05032.png,bottom-face,original_roi,0.11189787764906761
05032.png,forehead,original_roi,0.15371282450015974
05032.png,under-eyes,original_roi,0.18202898067170709
05032.png,left-cheek,a_degradation_11,0.2212887376235048
05032.png,right-cheek,a_degradation_11,0.2466038122597672
05032.png,bottom-face,a_degradation_11,0.10969681579240124
05032.png,forehead,a_degradation_11,0.15263380713294514
05032.png,under-eyes,a_degradation_11,0.17872696631413018
05032.png,left-cheek,a_degradation_17,0.2168878475809242
05032.png,right-cheek,a_degradation_17,0.2281346222955303
05032.png,bottom-face,a_degradation_17,0.10765544276862911
05032.png,forehead,a_degradation_17,0.14725205745347597
05032.png,under-eyes,a_degradation_17,0.1694791245924861
05036.png,left-cheek,original_roi,0.1849439077762075
05036.png,right-cheek,original_roi,0.18776040074924308
05036.png,bottom-face,original_roi,0.161022799816994
05036.png,forehead,original_roi,0.24627781281025712
05036.png,under-eyes,original_roi,0.25200955391864027
05036.png,left-cheek,a_degradation_11,0.18940708033499945
05036.png,right-cheek,a_degradation_11,0.1916903297069384
05036.png,bottom-face,a_degradation_11,0.15727049150002043
05036.png,forehead,a_degradation_11,0.23221440492849701
05036.png,under-eyes,a_degradation_11,0.23739977205330656
05036.png,left-cheek,a_degradation_17,0.1859351685119476
05036.png,right-cheek,a_degradation_17,0.18070984381521557
05036.png,bottom-face,a_degradation_17,0.14866352599391483
05036.png,forehead,a_degradation_17,0.22755363581866483
05036.png,under-eyes,a_degradation_17,0.2418308146361568
05037.png,left-cheek,original_roi,0.18576967593493532
05037.png,right-cheek,original_roi,0.21785524466432668
05037.png,bottom-face,original_roi,0.15840936617494294
05037.png,forehead,original_roi,0.13854463843512377
05037.png,under-eyes,original_roi,0.2130334094507723
05037.png,left-cheek,a_degradation_11,0.17787181636077087
05037.png,right-cheek,a_degradation_11,0.21708696311295256
05037.png,bottom-face,a_degradation_11,0.1507731176033042
05037.png,forehead,a_degradation_11,0.1370387475798927
05037.png,under-eyes,a_degradation_11,0.2048099299814441
05037.png,left-cheek,a_degradation_17,0.16049160226377926
05037.png,right-cheek,a_degradation_17,0.22054169142728053
05037.png,bottom-face,a_degradation_17,0.14814197058464076
05037.png,forehead,a_degradation_17,0.13516485081737226
05037.png,under-eyes,a_degradation_17,0.2079418490378022
05039.png,left-cheek,original_roi,0.28987458093343554
05039.png,right-cheek,original_roi,0.2977597657929253
05039.png,bottom-face,original_roi,0.3582798009973418
05039.png,forehead,original_roi,0.39084821980456175
05039.png,under-eyes,original_roi,0.31207096723481553
05039.png,left-cheek,a_degradation_11,0.27647436258244906
05039.png,right-cheek,a_degradation_11,0.27505615896700225
05039.png,bottom-face,a_degradation_11,0.3072534914376164
05039.png,forehead,a_degradation_11,0.3570891320948323
05039.png,under-eyes,a_degradation_11,0.28748875137845287
05039.png,left-cheek,a_degradation_17,0.24468663976022376
05039.png,right-cheek,a_degradation_17,0.24907072000734257
05039.png,bottom-face,a_degradation_17,0.2634778268572091
05039.png,forehead,a_degradation_17,0.32147850138811696
05039.png,under-eyes,a_degradation_17,0.28504354602966875
05050.png,left-cheek,original_roi,0.2368670770327589
05050.png,right-cheek,original_roi,0.2512683662237947
05050.png,bottom-face,original_roi,0.2541667486381878
05050.png,forehead,original_roi,0.24695293993947487
05050.png,under-eyes,original_roi,0.24327237932363416
05050.png,left-cheek,a_degradation_11,0.22462440149319632
05050.png,right-cheek,a_degradation_11,0.24756151432660775
05050.png,bottom-face,a_degradation_11,0.24101125913337162
05050.png,forehead,a_degradation_11,0.23964006979145427
05050.png,under-eyes,a_degradation_11,0.22987461465121117
05050.png,left-cheek,a_degradation_17,0.20217131973487362
05050.png,right-cheek,a_degradation_17,0.23262995225832603
05050.png,bottom-face,a_degradation_17,0.22074719388166814
05050.png,forehead,a_degradation_17,0.2260427711770719
05050.png,under-eyes,a_degradation_17,0.2245753888508869
05051.png,left-cheek,original_roi,0.178634248413865
05051.png,right-cheek,original_roi,0.22488565032938734
05051.png,bottom-face,original_roi,0.1762374428840783
05051.png,forehead,original_roi,0.1574101454279133
05051.png,under-eyes,original_roi,0.1680240771546854
05051.png,left-cheek,a_degradation_11,0.17431552700309225
05051.png,right-cheek,a_degradation_11,0.21674828520555842
05051.png,bottom-face,a_degradation_11,0.17819165016891886
05051.png,forehead,a_degradation_11,0.1520003826334095
05051.png,under-eyes,a_degradation_11,0.16453885500563
05051.png,left-cheek,a_degradation_17,0.1672413039908028
05051.png,right-cheek,a_degradation_17,0.19642690053604642
05051.png,bottom-face,a_degradation_17,0.17197185297877368
05051.png,forehead,a_degradation_17,0.15370237099505674
05051.png,under-eyes,a_degradation_17,0.15727330974924628
05055.png,left-cheek,original_roi,0.23844899816553117
05055.png,right-cheek,original_roi,
05055.png,bottom-face,original_roi,0.23434292680258476
05055.png,forehead,original_roi,0.19029665302112309
05055.png,under-eyes,original_roi,0.2413950061542776
05055.png,left-cheek,a_degradation_11,0.21550095232802666
05055.png,right-cheek,a_degradation_11,
05055.png,bottom-face,a_degradation_11,0.22014097763747068
05055.png,forehead,a_degradation_11,0.18682802062805126
05055.png,under-eyes,a_degradation_11,0.2369070534050081
05055.png,left-cheek,a_degradation_17,0.18971544176381067
05055.png,right-cheek,a_degradation_17,
05055.png,bottom-face,a_degradation_17,0.19712773651769155
05055.png,forehead,a_degradation_17,0.17929722727017813
05055.png,under-eyes,a_degradation_17,0.22934046629274543
05056.png,left-cheek,original_roi,0.13034443893018938
05056.png,right-cheek,original_roi,0.22836594491888138
05056.png,bottom-face,original_roi,0.09999227368927478
05056.png,forehead,original_roi,0.13847800904423666
05056.png,under-eyes,original_roi,0.10187959029748316
05056.png,left-cheek,a_degradation_11,0.12758528125546595
05056.png,right-cheek,a_degradation_11,0.22585679618501134
05056.png,bottom-face,a_degradation_11,0.10093722954726833
05056.png,forehead,a_degradation_11,0.14124663087301814
05056.png,under-eyes,a_degradation_11,0.10166312526595105
05056.png,left-cheek,a_degradation_17,0.1222962592930147
05056.png,right-cheek,a_degradation_17,0.2339399013690728
05056.png,bottom-face,a_degradation_17,0.09818801877803159
05056.png,forehead,a_degradation_17,0.14615582105240962
05056.png,under-eyes,a_degradation_17,0.10196475562398492
05063.png,left-cheek,original_roi,0.32013431538649667
05063.png,right-cheek,original_roi,0.28826897391958306
05063.png,bottom-face,original_roi,0.23134187794275057
05063.png,forehead,original_roi,0.282791274034964
05063.png,under-eyes,original_roi,0.26545352775506764
05063.png,left-cheek,a_degradation_11,0.3301908973396696
05063.png,right-cheek,a_degradation_11,0.2600142928064635
05063.png,bottom-face,a_degradation_11,0.20530927074882782
05063.png,forehead,a_degradation_11,0.277992217292423
05063.png,under-eyes,a_degradation_11,0.2610890054172633
05063.png,left-cheek,a_degradation_17,0.3083618798589208
05063.png,right-cheek,a_degradation_17,0.21655294476951045
05063.png,bottom-face,a_degradation_17,0.18178245206338078
05063.png,forehead,a_degradation_17,0.2549239607338098
05063.png,under-eyes,a_degradation_17,0.24102334358247113
05070.png,left-cheek,original_roi,0.2705654275660713
05070.png,right-cheek,original_roi,0.24314461870800205
05070.png,bottom-face,original_roi,0.27137252123148436
05070.png,forehead,original_roi,0.2928659073249717
05070.png,under-eyes,original_roi,0.27364757003972145
05070.png,left-cheek,a_degradation_11,0.2580885275356223
05070.png,right-cheek,a_degradation_11,0.23384690770138314
05070.png,bottom-face,a_degradation_11,0.2503849232470772
05070.png,forehead,a_degradation_11,0.27106491141484285
05070.png,under-eyes,a_degradation_11,0.2533363340500116
05070.png,left-cheek,a_degradation_17,0.22399304054826105
05070.png,right-cheek,a_degradation_17,0.20759762584824415
05070.png,bottom-face,a_degradation_17,0.22642770921011252
05070.png,forehead,a_degradation_17,0.25503970406447546
05070.png,under-eyes,a_degradation_17,0.24786504252685618
05074.png,left-cheek,original_roi,0.19887926522311142
05074.png,right-cheek,original_roi,0.21211512997274803
05074.png,bottom-face,original_roi,0.08528556252164696
05074.png,forehead,original_roi,0.14635889883972744
05074.png,under-eyes,original_roi,0.14355844971931447
05074.png,left-cheek,a_degradation_11,0.2000703252986171
05074.png,right-cheek,a_degradation_11,0.20382293475404373
05074.png,bottom-face,a_degradation_11,0.08416883138535074
05074.png,forehead,a_degradation_11,0.14250447058382565
05074.png,under-eyes,a_degradation_11,0.1435808694419095
05074.png,left-cheek,a_degradation_17,0.21236056816501167
05074.png,right-cheek,a_degradation_17,0.19263120109019335
05074.png,bottom-face,a_degradation_17,0.08376147977314866
05074.png,forehead,a_degradation_17,0.14112481922006295
05074.png,under-eyes,a_degradation_17,0.14020567129143147
05076.png,left-cheek,original_roi,0.1612549365991276
05076.png,right-cheek,original_roi,0.15517121577025503
05076.png,bottom-face,original_roi,0.22415029580711113
05076.png,forehead,original_roi,0.182112001752803
05076.png,under-eyes,original_roi,0.17325332842652463
05076.png,left-cheek,a_degradation_11,0.16207468005245182
05076.png,right-cheek,a_degradation_11,0.1510359900239641
05076.png,bottom-face,a_degradation_11,0.22052335041837803
05076.png,forehead,a_degradation_11,0.17295558919702514
05076.png,under-eyes,a_degradation_11,0.17045249133575652
05076.png,left-cheek,a_degradation_17,0.16532755078344266
05076.png,right-cheek,a_degradation_17,0.14465540768150903
05076.png,bottom-face,a_degradation_17,0.20461946428662464
05076.png,forehead,a_degradation_17,0.17219506320923603
05076.png,under-eyes,a_degradation_17,0.1621350135313007
05081.png,left-cheek,original_roi,0.2481203693156044
05081.png,right-cheek,original_roi,0.27966295255532503
05081.png,bottom-face,original_roi,0.24668025176053204
05081.png,forehead,original_roi,0.13932222643196118
05081.png,under-eyes,original_roi,0.22664502160051764
05081.png,left-cheek,a_degradation_11,0.22947258411427643
05081.png,right-cheek,a_degradation_11,0.2706983608969462
05081.png,bottom-face,a_degradation_11,0.23392859309037625
05081.png,forehead,a_degradation_11,0.134555468685062
05081.png,under-eyes,a_degradation_11,0.21700806526988758
05081.png,left-cheek,a_degradation_17,0.2073903684865911
05081.png,right-cheek,a_degradation_17,0.24390185964450797
05081.png,bottom-face,a_degradation_17,0.21720171242489114
05081.png,forehead,a_degradation_17,0.13210008251499394
05081.png,under-eyes,a_degradation_17,0.2058067578203488
05084.png,left-cheek,original_roi,0.13726339856624797
05084.png,right-cheek,original_roi,0.15228700070172205
05084.png,bottom-face,original_roi,0.23462104839339093
05084.png,forehead,original_roi,0.17202362621242026
05084.png,under-eyes,original_roi,0.16113568961934224
05084.png,left-cheek,a_degradation_11,0.1342642745238691
05084.png,right-cheek,a_degradation_11,0.1471774844903667
05084.png,bottom-face,a_degradation_11,0.22529454898953935
05084.png,forehead,a_degradation_11,0.16575414767417845
05084.png,under-eyes,a_degradation_11,0.15421617853497638
05084.png,left-cheek,a_degradation_17,0.1321643086873449
05084.png,right-cheek,a_degradation_17,0.1385337905814928
05084.png,bottom-face,a_degradation_17,0.2089107010807175
05084.png,forehead,a_degradation_17,0.1585745674160021
05084.png,under-eyes,a_degradation_17,0.15244074987736933
05085.png,left-cheek,original_roi,0.25012934041499113
05085.png,right-cheek,original_roi,0.24840857908944677
05085.png,bottom-face,original_roi,0.1435398124913186
05085.png,forehead,original_roi,0.18173508817805756
05085.png,under-eyes,original_roi,0.24053520422590985
05085.png,left-cheek,a_degradation_11,0.238302488389675
05085.png,right-cheek,a_degradation_11,0.2361806912949817
05085.png,bottom-face,a_degradation_11,0.14000621717404688
05085.png,forehead,a_degradation_11,0.17792150432935974
05085.png,under-eyes,a_degradation_11,0.2313164839852961
05085.png,left-cheek,a_degradation_17,0.21040269395855
05085.png,right-cheek,a_degradation_17,0.1974083108739607
05085.png,bottom-face,a_degradation_17,0.13406016505030185
05085.png,forehead,a_degradation_17,0.16955148825240293
05085.png,under-eyes,a_degradation_17,0.2242410011648914
05094.png,left-cheek,original_roi,0.24463076789150365
05094.png,right-cheek,original_roi,0.25612641630153715
05094.png,bottom-face,original_roi,0.27350275220399756
05094.png,forehead,original_roi,0.2636033857771569
05094.png,under-eyes,original_roi,0.24231036015261662
05094.png,left-cheek,a_degradation_11,0.26308073925636044
05094.png,right-cheek,a_degradation_11,0.27283853563821253
05094.png,bottom-face,a_degradation_11,0.26494304544814
05094.png,forehead,a_degradation_11,0.25390909025639585
05094.png,under-eyes,a_degradation_11,0.22618747719077567
05094.png,left-cheek,a_degradation_17,0.2511802302070034
05094.png,right-cheek,a_degradation_17,0.2600944976240781
05094.png,bottom-face,a_degradation_17,0.2330249017090507
05094.png,forehead,a_degradation_17,0.24565012482532006
05094.png,under-eyes,a_degradation_17,0.22593262702274566
05095.png,left-cheek,original_roi,0.24250277881233973
05095.png,right-cheek,original_roi,0.36811795347036247
05095.png,bottom-face,original_roi,0.19588324545877564
05095.png,forehead,original_roi,0.1929203896025921
05095.png,under-eyes,original_roi,0.2155902415889052
05095.png,left-cheek,a_degradation_11,0.21477863587276283
05095.png,right-cheek,a_degradation_11,0.34074504414120854
05095.png,bottom-face,a_degradation_11,0.18658865607759073
05095.png,forehead,a_degradation_11,0.180153607229895
05095.png,under-eyes,a_degradation_11,0.19634376776683712
05095.png,left-cheek,a_degradation_17,0.1736024115857312
05095.png,right-cheek,a_degradation_17,0.36117230184718796
05095.png,bottom-face,a_degradation_17,0.16982619423315445
05095.png,forehead,a_degradation_17,0.16634477709258952
05095.png,under-eyes,a_degradation_17,0.177492349614341
05102.png,left-cheek,original_roi,0.20546980145462665
05102.png,right-cheek,original_roi,0.2062185165584392
05102.png,bottom-face,original_roi,0.26457102076257
05102.png,forehead,original_roi,0.2861043740748879
05102.png,under-eyes,original_roi,0.2460754904064297
05102.png,left-cheek,a_degradation_11,0.20097327070027743
05102.png,right-cheek,a_degradation_11,0.19766300466802444
05102.png,bottom-face,a_degradation_11,0.24831893780907482
05102.png,forehead,a_degradation_11,0.27326740434744357
05102.png,under-eyes,a_degradation_11,0.2301738473813299
05102.png,left-cheek,a_degradation_17,0.20108684403845722
05102.png,right-cheek,a_degradation_17,0.18495177231587648
05102.png,bottom-face,a_degradation_17,0.2355799066589299
05102.png,forehead,a_degradation_17,0.268282359920121
05102.png,under-eyes,a_degradation_17,0.22877903996976234
05104.png,left-cheek,original_roi,0.2065685510735035
05104.png,right-cheek,original_roi,0.2546117698848056
05104.png,bottom-face,original_roi,0.1973835204687452
05104.png,forehead,original_roi,0.1698494355821128
05104.png,under-eyes,original_roi,0.17385438327546884
05104.png,left-cheek,a_degradation_11,0.20029437366344147
05104.png,right-cheek,a_degradation_11,0.24815635895833082
05104.png,bottom-face,a_degradation_11,0.1908701162475853
05104.png,forehead,a_degradation_11,0.164544089300118
05104.png,under-eyes,a_degradation_11,0.16820177491823227
05104.png,left-cheek,a_degradation_17,0.18930135417000535
05104.png,right-cheek,a_degradation_17,0.2347057814915432
05104.png,bottom-face,a_degradation_17,0.1837828088621219
05104.png,forehead,a_degradation_17,0.16360956551347225
05104.png,under-eyes,a_degradation_17,0.163336644950828
05110.png,left-cheek,original_roi,0.23873077537997697
05110.png,right-cheek,original_roi,0.21447757317162255
05110.png,bottom-face,original_roi,0.2087310165584456
05110.png,forehead,original_roi,0.26914607916306127
05110.png,under-eyes,original_roi,0.2213879575474758
05110.png,left-cheek,a_degradation_11,0.23657397642659297
05110.png,right-cheek,a_degradation_11,0.21162969480721758
05110.png,bottom-face,a_degradation_11,0.20921591354488212
05110.png,forehead,a_degradation_11,0.24974519306981122
05110.png,under-eyes,a_degradation_11,0.20953632878908837
05110.png,left-cheek,a_degradation_17,0.23360594054388892
05110.png,right-cheek,a_degradation_17,0.1955639993126568
05110.png,bottom-face,a_degradation_17,0.19372145318413997
05110.png,forehead,a_degradation_17,0.24072390199166654
05110.png,under-eyes,a_degradation_17,0.20196385306958076
05111.png,left-cheek,original_roi,0.2773041622212265
05111.png,right-cheek,original_roi,0.3310706497130787
05111.png,bottom-face,original_roi,0.32389512290864336
05111.png,forehead,original_roi,0.2884233491526727
05111.png,under-eyes,original_roi,0.3334773539949216
05111.png,left-cheek,a_degradation_11,0.28510589607852077
05111.png,right-cheek,a_degradation_11,0.324708388061324
05111.png,bottom-face,a_degradation_11,0.2922284647525085
05111.png,forehead,a_degradation_11,0.26878446381012705
05111.png,under-eyes,a_degradation_11,0.3025231814306525
05111.png,left-cheek,a_degradation_17,0.24444551382414903
05111.png,right-cheek,a_degradation_17,0.2743302046204892
05111.png,bottom-face,a_degradation_17,0.25117587105666034
05111.png,forehead,a_degradation_17,0.24800412172606362
05111.png,under-eyes,a_degradation_17,0.29625782883945756
05113.png,left-cheek,original_roi,0.2154154907893274
05113.png,right-cheek,original_roi,0.20829920181448927
05113.png,bottom-face,original_roi,0.1886814869026279
05113.png,forehead,original_roi,0.14359470779355588
05113.png,under-eyes,original_roi,0.1921583638134319
05113.png,left-cheek,a_degradation_11,0.2358931604040466
05113.png,right-cheek,a_degradation_11,0.22065091880058665
05113.png,bottom-face,a_degradation_11,0.1904989144233756
05113.png,forehead,a_degradation_11,0.14158138249971663
05113.png,under-eyes,a_degradation_11,0.18481800845780297
05113.png,left-cheek,a_degradation_17,0.24433640471856763
05113.png,right-cheek,a_degradation_17,0.2092396224008395
05113.png,bottom-face,a_degradation_17,0.17816824956804872
05113.png,forehead,a_degradation_17,0.13802665185713592
05113.png,under-eyes,a_degradation_17,0.1835311125720871
05118.png,left-cheek,original_roi,0.27095277286626235
05118.png,right-cheek,original_roi,0.1947484301606262
05118.png,bottom-face,original_roi,0.2404112876474006
05118.png,forehead,original_roi,0.2328010674259835
05118.png,under-eyes,original_roi,0.21314498956206457
05118.png,left-cheek,a_degradation_11,0.2495524958264641
05118.png,right-cheek,a_degradation_11,0.18223122235161243
05118.png,bottom-face,a_degradation_11,0.2215095689238199
05118.png,forehead,a_degradation_11,0.21848800692484896
05118.png,under-eyes,a_degradation_11,0.20317658928938215
05118.png,left-cheek,a_degradation_17,0.2209177927006335
05118.png,right-cheek,a_degradation_17,0.16228823382388116
05118.png,bottom-face,a_degradation_17,0.21160019537546076
05118.png,forehead,a_degradation_17,0.21011924144115582
05118.png,under-eyes,a_degradation_17,0.19985781199737632
05123.png,left-cheek,original_roi,0.25288907312022546
05123.png,right-cheek,original_roi,0.2505763353271298
05123.png,bottom-face,original_roi,0.29729001165485175
05123.png,forehead,original_roi,0.12772352891963
05123.png,under-eyes,original_roi,0.13450664094759415
05123.png,left-cheek,a_degradation_11,0.2592330021399975
05123.png,right-cheek,a_degradation_11,0.25013520053221144
05123.png,bottom-face,a_degradation_11,0.2832221796673213
05123.png,forehead,a_degradation_11,0.12451516562129551
05123.png,under-eyes,a_degradation_11,0.13180766760890167
05123.png,left-cheek,a_degradation_17,0.2653751825140705
05123.png,right-cheek,a_degradation_17,0.24670721137760837
05123.png,bottom-face,a_degradation_17,0.27202684758379386
05123.png,forehead,a_degradation_17,0.12392805825742459
05123.png,under-eyes,a_degradation_17,0.13100937137941635
05126.png,left-cheek,original_roi,0.2549270146227365
05126.png,right-cheek,original_roi,0.20063424767183377
05126.png,bottom-face,original_roi,0.2183886567364322
05126.png,forehead,original_roi,0.3143312994590826
05126.png,under-eyes,original_roi,0.2562905536160008
05126.png,left-cheek,a_degradation_11,0.22405843576041018
05126.png,right-cheek,a_degradation_11,0.1834936480483585
05126.png,bottom-face,a_degradation_11,0.20030613336504124
05126.png,forehead,a_degradation_11,0.29301616378746115
05126.png,under-eyes,a_degradation_11,0.2536830066046035
05126.png,left-cheek,a_degradation_17,0.2004563631388174
05126.png,right-cheek,a_degradation_17,0.15277880608439856
05126.png,bottom-face,a_degradation_17,0.18361918135193336
05126.png,forehead,a_degradation_17,0.2786116627290103
05126.png,under-eyes,a_degradation_17,0.2413974756638305
05131.png,left-cheek,original_roi,0.17098641390450098
05131.png,right-cheek,original_roi,0.12100127069820639
05131.png,bottom-face,original_roi,0.2212091873446842
05131.png,forehead,original_roi,0.10733306459702913
05131.png,under-eyes,original_roi,0.13167016604319468
05131.png,left-cheek,a_degradation_11,0.17242749759109233
05131.png,right-cheek,a_degradation_11,0.1192894214971124
05131.png,bottom-face,a_degradation_11,0.21567012774564548
05131.png,forehead,a_degradation_11,0.10442168930849367
05131.png,under-eyes,a_degradation_11,0.1296471354410367
05131.png,left-cheek,a_degradation_17,0.16221611718289608
05131.png,right-cheek,a_degradation_17,0.12341125629278964
05131.png,bottom-face,a_degradation_17,0.19573832620603537
05131.png,forehead,a_degradation_17,0.10512785296006333
05131.png,under-eyes,a_degradation_17,0.1319983491520399
05133.png,left-cheek,original_roi,0.1356020553195207
05133.png,right-cheek,original_roi,0.15665965758264627
05133.png,bottom-face,original_roi,0.13414088952297615
05133.png,forehead,original_roi,0.14384904136638754
05133.png,under-eyes,original_roi,0.13930622186568672
05133.png,left-cheek,a_degradation_11,0.1420267500286784
05133.png,right-cheek,a_degradation_11,0.15640266297961
05133.png,bottom-face,a_degradation_11,0.13255684754069136
05133.png,forehead,a_degradation_11,0.13957472892177933
05133.png,under-eyes,a_degradation_11,0.13672557385185727
05133.png,left-cheek,a_degradation_17,0.14406123957322653
05133.png,right-cheek,a_degradation_17,0.154391074460363
05133.png,bottom-face,a_degradation_17,0.12353026682297188
05133.png,forehead,a_degradation_17,0.13703441985213913
05133.png,under-eyes,a_degradation_17,0.13269129657916262
05136.png,left-cheek,original_roi,0.2023373753188108
05136.png,right-cheek,original_roi,0.2633000137735977
05136.png,bottom-face,original_roi,0.31307676541588186
05136.png,forehead,original_roi,0.28996128751233613
05136.png,under-eyes,original_roi,0.24473602090353927
05136.png,left-cheek,a_degradation_11,0.19237061518745913
05136.png,right-cheek,a_degradation_11,0.25113399978452183
05136.png,bottom-face,a_degradation_11,0.28897890733991427
05136.png,forehead,a_degradation_11,0.27032394078036487
05136.png,under-eyes,a_degradation_11,0.23104184182328621
05136.png,left-cheek,a_degradation_17,0.18442326117738533
05136.png,right-cheek,a_degradation_17,0.22397615007382052
05136.png,bottom-face,a_degradation_17,0.2559916776143139
05136.png,forehead,a_degradation_17,0.2559986945379072
05136.png,under-eyes,a_degradation_17,0.2325436651142
05137.png,left-cheek,original_roi,0.20515479307633974
05137.png,right-cheek,original_roi,0.2519309408834427
05137.png,bottom-face,original_roi,0.1446899444713757
05137.png,forehead,original_roi,0.18231784088780373
05137.png,under-eyes,original_roi,0.1921030875949191
05137.png,left-cheek,a_degradation_11,0.194678112674848
05137.png,right-cheek,a_degradation_11,0.2370760543841199
05137.png,bottom-face,a_degradation_11,0.14066939922938207
05137.png,forehead,a_degradation_11,0.1788703977757334
05137.png,under-eyes,a_degradation_11,0.18010987598023565
05137.png,left-cheek,a_degradation_17,0.17081162649283643
05137.png,right-cheek,a_degradation_17,0.21253682669027255
05137.png,bottom-face,a_degradation_17,0.13220918490938702
05137.png,forehead,a_degradation_17,0.17191250066604094
05137.png,under-eyes,a_degradation_17,0.1767119087285863
05142.png,left-cheek,original_roi,0.14168262459598086
05142.png,right-cheek,original_roi,0.1522255281673304
05142.png,bottom-face,original_roi,0.18626495901138967
05142.png,forehead,original_roi,0.10520488738253075
05142.png,under-eyes,original_roi,0.14035593639891403
05142.png,left-cheek,a_degradation_11,0.13826321498789623
05142.png,right-cheek,a_degradation_11,0.14731987390445195
05142.png,bottom-face,a_degradation_11,0.1706616473698438
05142.png,forehead,a_degradation_11,0.10322035003194911
05142.png,under-eyes,a_degradation_11,0.13962720168589257
05142.png,left-cheek,a_degradation_17,0.12581172866731113
05142.png,right-cheek,a_degradation_17,0.14011829784108018
05142.png,bottom-face,a_degradation_17,0.16499565145628475
05142.png,forehead,a_degradation_17,0.10145611629850086
05142.png,under-eyes,a_degradation_17,0.138342289363321
05143.png,left-cheek,original_roi,0.30195510307408097
05143.png,right-cheek,original_roi,0.2411073699191828
05143.png,bottom-face,original_roi,0.2506654501567963
05143.png,forehead,original_roi,0.13407430796195696
05143.png,under-eyes,original_roi,0.21633136154247998
05143.png,left-cheek,a_degradation_11,0.2909216455250026
05143.png,right-cheek,a_degradation_11,0.2157344528114639
05143.png,bottom-face,a_degradation_11,0.22892151415933995
05143.png,forehead,a_degradation_11,0.13031873166721714
05143.png,under-eyes,a_degradation_11,0.21222263805759342
05143.png,left-cheek,a_degradation_17,0.23375317600567316
05143.png,right-cheek,a_degradation_17,0.18852813865413084
05143.png,bottom-face,a_degradation_17,0.20190258259502425
05143.png,forehead,a_degradation_17,0.1292857851680103
05143.png,under-eyes,a_degradation_17,0.1958848674444308
05145.png,left-cheek,original_roi,0.2920921313819864
05145.png,right-cheek,original_roi,0.2525590661618316
05145.png,bottom-face,original_roi,0.2434457292960017
05145.png,forehead,original_roi,0.29310889881800384
05145.png,under-eyes,original_roi,0.3089692199091169
05145.png,left-cheek,a_degradation_11,0.26456517814902497
05145.png,right-cheek,a_degradation_11,0.23485705524048472
05145.png,bottom-face,a_degradation_11,0.23512743058748373
05145.png,forehead,a_degradation_11,0.28287036036029595
05145.png,under-eyes,a_degradation_11,0.28318393925741014
05145.png,left-cheek,a_degradation_17,0.21712109750331682
05145.png,right-cheek,a_degradation_17,0.20212674938407132
05145.png,bottom-face,a_degradation_17,0.21886757327387718
05145.png,forehead,a_degradation_17,0.25765737508932196
05145.png,under-eyes,a_degradation_17,0.27807109736092994
05146.png,left-cheek,original_roi,0.22357872241659846
05146.png,right-cheek,original_roi,0.3017102523179508
05146.png,bottom-face,original_roi,0.21002552321182164
05146.png,forehead,original_roi,0.23116176053859055
05146.png,under-eyes,original_roi,0.2297977977175955
05146.png,left-cheek,a_degradation_11,0.21693178453024212
05146.png,right-cheek,a_degradation_11,0.2849867389021941
05146.png,bottom-face,a_degradation_11,0.20018336593650007
05146.png,forehead,a_degradation_11,0.21772656432958623
05146.png,under-eyes,a_degradation_11,0.22294129901875812
05146.png,left-cheek,a_degradation_17,0.21599214725128935
05146.png,right-cheek,a_degradation_17,0.25340585729592924
05146.png,bottom-face,a_degradation_17,0.18743749882832123
05146.png,forehead,a_degradation_17,0.21614479602500292
05146.png,under-eyes,a_degradation_17,0.2136793531845592
05154.png,left-cheek,original_roi,0.17544459054936695
05154.png,right-cheek,original_roi,0.180379521885015
05154.png,bottom-face,original_roi,0.19385350973402005
05154.png,forehead,original_roi,0.15274902125528844
05154.png,under-eyes,original_roi,0.13824568525255185
05154.png,left-cheek,a_degradation_11,0.1789572653973523
05154.png,right-cheek,a_degradation_11,0.18411859233022368
05154.png,bottom-face,a_degradation_11,0.1996338322149945
05154.png,forehead,a_degradation_11,0.15078738185155893
05154.png,under-eyes,a_degradation_11,0.13551924397762155
05154.png,left-cheek,a_degradation_17,0.17521399528671752
05154.png,right-cheek,a_degradation_17,0.18890501886508218
05154.png,bottom-face,a_degradation_17,0.18082805243609296
05154.png,forehead,a_degradation_17,0.14611867971992756
05154.png,under-eyes,a_degradation_17,0.1322228686753431
05158.png,left-cheek,original_roi,0.16367176588364235
05158.png,right-cheek,original_roi,0.16449883324892756
05158.png,bottom-face,original_roi,0.2099217656414132
05158.png,forehead,original_roi,0.2536988535360771
05158.png,under-eyes,original_roi,0.19278663808360694
05158.png,left-cheek,a_degradation_11,0.1603349330597801
05158.png,right-cheek,a_degradation_11,0.15706169693470068
05158.png,bottom-face,a_degradation_11,0.20396869014780764
05158.png,forehead,a_degradation_11,0.24815976821025285
05158.png,under-eyes,a_degradation_11,0.18618856718678822
05158.png,left-cheek,a_degradation_17,0.1426125798639716
05158.png,right-cheek,a_degradation_17,0.1398661058840267
05158.png,bottom-face,a_degradation_17,0.18530252774708647
05158.png,forehead,a_degradation_17,0.23295980467719501
05158.png,under-eyes,a_degradation_17,0.1783639682147147
05160.png,left-cheek,original_roi,0.30015775943449113
05160.png,right-cheek,original_roi,0.30114559464489643
05160.png,bottom-face,original_roi,0.26268553526075533
05160.png,forehead,original_roi,0.08734454635795663
05160.png,under-eyes,original_roi,0.22093709492122635
05160.png,left-cheek,a_degradation_11,0.29581523472678106
05160.png,right-cheek,a_degradation_11,0.28211315770396334
05160.png,bottom-face,a_degradation_11,0.23987148304064537
05160.png,forehead,a_degradation_11,0.0869714946599972
05160.png,under-eyes,a_degradation_11,0.2066328423925669
05160.png,left-cheek,a_degradation_17,0.23278485734920304
05160.png,right-cheek,a_degradation_17,0.22100269845075482
05160.png,bottom-face,a_degradation_17,0.20706180290311646
05160.png,forehead,a_degradation_17,0.0870795334491367
05160.png,under-eyes,a_degradation_17,0.20761570178685804
05161.png,left-cheek,original_roi,0.2491883429563126
05161.png,right-cheek,original_roi,0.20183084213938418
05161.png,bottom-face,original_roi,0.2706595054302548
05161.png,forehead,original_roi,0.2475564514107051
05161.png,under-eyes,original_roi,0.2386606307391083
05161.png,left-cheek,a_degradation_11,0.24291457341175257
05161.png,right-cheek,a_degradation_11,0.1949587783522651
05161.png,bottom-face,a_degradation_11,0.26514142714817795
05161.png,forehead,a_degradation_11,0.22857025707611747
05161.png,under-eyes,a_degradation_11,0.22885063136016714
05161.png,left-cheek,a_degradation_17,0.2357429403605552
05161.png,right-cheek,a_degradation_17,0.17706158036995953
05161.png,bottom-face,a_degradation_17,0.2331668877385143
05161.png,forehead,a_degradation_17,0.2305735325480964
05161.png,under-eyes,a_degradation_17,0.21882153875208346
05166.png,left-cheek,original_roi,0.14825322203026145
05166.png,right-cheek,original_roi,0.27228149705785104
05166.png,bottom-face,original_roi,0.14718923555188904
05166.png,forehead,original_roi,0.14878404551851676
05166.png,under-eyes,original_roi,0.14986442147493403
05166.png,left-cheek,a_degradation_11,0.14831678572375123
05166.png,right-cheek,a_degradation_11,0.25074703255535774
05166.png,bottom-face,a_degradation_11,0.1431552575053551
05166.png,forehead,a_degradation_11,0.1454943224990644
05166.png,under-eyes,a_degradation_11,0.14862508989190718
05166.png,left-cheek,a_degradation_17,0.15479475245883642
05166.png,right-cheek,a_degradation_17,0.21092076349904482
05166.png,bottom-face,a_degradation_17,0.1323473678922064
05166.png,forehead,a_degradation_17,0.14457207533759028
05166.png,under-eyes,a_degradation_17,0.14654712548976698
05167.png,left-cheek,original_roi,0.29024894000815205
05167.png,right-cheek,original_roi,0.3298919590903529
05167.png,bottom-face,original_roi,0.2518735089837967
05167.png,forehead,original_roi,0.25496942103884407
05167.png,under-eyes,original_roi,0.2517163315984389
05167.png,left-cheek,a_degradation_11,0.2855876792950311
05167.png,right-cheek,a_degradation_11,0.33073964141589707
05167.png,bottom-face,a_degradation_11,0.24781789602322435
05167.png,forehead,a_degradation_11,0.227497400668533
05167.png,under-eyes,a_degradation_11,0.2301922313497169
05167.png,left-cheek,a_degradation_17,0.2760367093395355
05167.png,right-cheek,a_degradation_17,0.3482262701542232
05167.png,bottom-face,a_degradation_17,0.2366263964857242
05167.png,forehead,a_degradation_17,0.21321376713723783
05167.png,under-eyes,a_degradation_17,0.21643889482957576
05171.png,left-cheek,original_roi,0.1916533853658169
05171.png,right-cheek,original_roi,0.16508206975461168
05171.png,bottom-face,original_roi,0.23902645279118512
05171.png,forehead,original_roi,0.2676309547806721
05171.png,under-eyes,original_roi,0.19400163860760933
05171.png,left-cheek,a_degradation_11,0.19199163390947668
05171.png,right-cheek,a_degradation_11,0.15674336633000463
05171.png,bottom-face,a_degradation_11,0.22667823135460913
05171.png,forehead,a_degradation_11,0.25632312295635473
05171.png,under-eyes,a_degradation_11,0.1850116719170767
05171.png,left-cheek,a_degradation_17,0.19972330137459596
05171.png,right-cheek,a_degradation_17,0.143178312454221
05171.png,bottom-face,a_degradation_17,0.20526938633849773
05171.png,forehead,a_degradation_17,0.23834056775319407
05171.png,under-eyes,a_degradation_17,0.18573075166048703
05178.png,left-cheek,original_roi,0.22907784632413927
05178.png,right-cheek,original_roi,0.22063542689850227
05178.png,bottom-face,original_roi,0.21957100004190078
05178.png,forehead,original_roi,0.19766257291074274
05178.png,under-eyes,original_roi,0.1808847662217137
05178.png,left-cheek,a_degradation_11,0.22733214424944936
05178.png,right-cheek,a_degradation_11,0.20323275493125809
05178.png,bottom-face,a_degradation_11,0.2100476644935988
05178.png,forehead,a_degradation_11,0.18613794670385236
05178.png,under-eyes,a_degradation_11,0.17563722404867904
05178.png,left-cheek,a_degradation_17,0.20355820252847845
05178.png,right-cheek,a_degradation_17,0.18421012387799504
05178.png,bottom-face,a_degradation_17,0.19002255416468408
05178.png,forehead,a_degradation_17,0.1814941712897196
05178.png,under-eyes,a_degradation_17,0.17445400338125502
05181.png,left-cheek,original_roi,0.15235874823133724
05181.png,right-cheek,original_roi,0.36699648223405523
05181.png,bottom-face,original_roi,0.16465995495865746
05181.png,forehead,original_roi,0.17275612194578713
05181.png,under-eyes,original_roi,0.18318053025207873
05181.png,left-cheek,a_degradation_11,0.15268396368808007
05181.png,right-cheek,a_degradation_11,0.3533102414288138
05181.png,bottom-face,a_degradation_11,0.15690396815192528
05181.png,forehead,a_degradation_11,0.165025399036399
05181.png,under-eyes,a_degradation_11,0.17361168233854196
05181.png,left-cheek,a_degradation_17,0.1495757559452642
05181.png,right-cheek,a_degradation_17,0.3147253696141312
05181.png,bottom-face,a_degradation_17,0.14410223893448068
05181.png,forehead,a_degradation_17,0.15811127492092394
05181.png,under-eyes,a_degradation_17,0.17572238692988665
05182.png,left-cheek,original_roi,0.3014573594746679
05182.png,right-cheek,original_roi,0.2696494740191247
05182.png,bottom-face,original_roi,0.26569847517644696
05182.png,forehead,original_roi,0.22297847298083406
05182.png,under-eyes,original_roi,0.2440076679873211
05182.png,left-cheek,a_degradation_11,0.27277137655677375
05182.png,right-cheek,a_degradation_11,0.2529598614092724
05182.png,bottom-face,a_degradation_11,0.25530757248519625
05182.png,forehead,a_degradation_11,0.21189331067050912
05182.png,under-eyes,a_degradation_11,0.23093262063390663
05182.png,left-cheek,a_degradation_17,0.2621047973130969
05182.png,right-cheek,a_degradation_17,0.22594957835162363
05182.png,bottom-face,a_degradation_17,0.2377780583148899
05182.png,forehead,a_degradation_17,0.2070369431881159
05182.png,under-eyes,a_degradation_17,0.22452820409044516
05184.png,left-cheek,original_roi,0.20738490499804613
05184.png,right-cheek,original_roi,0.15781511575163124
05184.png,bottom-face,original_roi,0.19038593825135772
05184.png,forehead,original_roi,0.29121017942565214
05184.png,under-eyes,original_roi,0.2174869831626512
05184.png,left-cheek,a_degradation_11,0.21616629617157035
05184.png,right-cheek,a_degradation_11,0.15726654293653927
05184.png,bottom-face,a_degradation_11,0.18278668850836877
05184.png,forehead,a_degradation_11,0.2707777651182244
05184.png,under-eyes,a_degradation_11,0.20961415706769168
05184.png,left-cheek,a_degradation_17,0.19784568551250017
05184.png,right-cheek,a_degradation_17,0.16244626812946533
05184.png,bottom-face,a_degradation_17,0.17249606123470673
05184.png,forehead,a_degradation_17,0.262814912265438
05184.png,under-eyes,a_degradation_17,0.2040050700389137
05185.png,left-cheek,original_roi,0.24851099953409933
05185.png,right-cheek,original_roi,0.23342889347953463
05185.png,bottom-face,original_roi,0.23492518880785496
05185.png,forehead,original_roi,0.2552445787119159
05185.png,under-eyes,original_roi,0.21035022893551128
05185.png,left-cheek,a_degradation_11,0.24672050073878732
05185.png,right-cheek,a_degradation_11,0.2282255135813259
05185.png,bottom-face,a_degradation_11,0.22942335315932907
05185.png,forehead,a_degradation_11,0.25375562872862606
05185.png,under-eyes,a_degradation_11,0.2039120635254483
05185.png,left-cheek,a_degradation_17,0.23066537901213283
05185.png,right-cheek,a_degradation_17,0.2114056860131784
05185.png,bottom-face,a_degradation_17,0.209934753964391
05185.png,forehead,a_degradation_17,0.23252272835710203
05185.png,under-eyes,a_degradation_17,0.20525400371609565
05190.png,left-cheek,original_roi,0.31520266080902154
05190.png,right-cheek,original_roi,0.21718093190103757
05190.png,bottom-face,original_roi,0.23488748256017544
05190.png,forehead,original_roi,0.09261863872552352
05190.png,under-eyes,original_roi,0.25669022472316366
05190.png,left-cheek,a_degradation_11,0.2854663005866418
05190.png,right-cheek,a_degradation_11,0.2001203220917362
05190.png,bottom-face,a_degradation_11,0.21600673863337785
05190.png,forehead,a_degradation_11,0.09095810070905656
05190.png,under-eyes,a_degradation_11,0.23050433085503724
05190.png,left-cheek,a_degradation_17,0.2521047712481968
05190.png,right-cheek,a_degradation_17,0.17985183435553365
05190.png,bottom-face,a_degradation_17,0.19359674182851563
05190.png,forehead,a_degradation_17,0.09007404202461702
05190.png,under-eyes,a_degradation_17,0.22169323857013098
05191.png,left-cheek,original_roi,0.09594644137177508
05191.png,right-cheek,original_roi,0.15715941303332714
05191.png,bottom-face,original_roi,0.11697181431522083
05191.png,forehead,original_roi,0.11775516912006079
05191.png,under-eyes,original_roi,0.11252164291765114
05191.png,left-cheek,a_degradation_11,0.09394410824766351
05191.png,right-cheek,a_degradation_11,0.15105623802928264
05191.png,bottom-face,a_degradation_11,0.11349373372478058
05191.png,forehead,a_degradation_11,0.11503581694875821
05191.png,under-eyes,a_degradation_11,0.10851853714791829
05191.png,left-cheek,a_degradation_17,0.09494448694427739
05191.png,right-cheek,a_degradation_17,0.14759238718468026
05191.png,bottom-face,a_degradation_17,0.11022590207205708
05191.png,forehead,a_degradation_17,0.11574814471779997
05191.png,under-eyes,a_degradation_17,0.1105880292093758
05198.png,left-cheek,original_roi,0.3153467563324336
05198.png,right-cheek,original_roi,0.3649185503777319
05198.png,bottom-face,original_roi,0.3056886732590009
05198.png,forehead,original_roi,0.18131871785019624
05198.png,under-eyes,original_roi,0.2818204255775306
05198.png,left-cheek,a_degradation_11,0.3116684103921591
05198.png,right-cheek,a_degradation_11,0.3387098548843696
05198.png,bottom-face,a_degradation_11,0.2868063998677914
05198.png,forehead,a_degradation_11,0.172853167805026
05198.png,under-eyes,a_degradation_11,0.2666562665121274
05198.png,left-cheek,a_degradation_17,0.2517675778754873
05198.png,right-cheek,a_degradation_17,0.2760668046935748
05198.png,bottom-face,a_degradation_17,0.2572376208438164
05198.png,forehead,a_degradation_17,0.17538484366881157
05198.png,under-eyes,a_degradation_17,0.27529185918812843
05201.png,left-cheek,original_roi,0.2109326346138851
05201.png,right-cheek,original_roi,0.16918262744423646
05201.png,bottom-face,original_roi,0.23990621227830106
05201.png,forehead,original_roi,0.34143573418351886
05201.png,under-eyes,original_roi,0.27581004830225475
05201.png,left-cheek,a_degradation_11,0.19489789370748428
05201.png,right-cheek,a_degradation_11,0.1584214875822042
05201.png,bottom-face,a_degradation_11,0.21967330332499604
05201.png,forehead,a_degradation_11,0.32594869549267463
05201.png,under-eyes,a_degradation_11,0.2602493223110821
05201.png,left-cheek,a_degradation_17,0.17684177478122917
05201.png,right-cheek,a_degradation_17,0.1471366585620497
05201.png,bottom-face,a_degradation_17,0.20478033488844605
05201.png,forehead,a_degradation_17,0.2987481465281799
05201.png,under-eyes,a_degradation_17,0.26051440181997304
05203.png,left-cheek,original_roi,0.20651537234504438
05203.png,right-cheek,original_roi,0.2874731900046593
05203.png,bottom-face,original_roi,0.26262589307190354
05203.png,forehead,original_roi,0.23700272634808864
05203.png,under-eyes,original_roi,0.2811462903071274
05203.png,left-cheek,a_degradation_11,0.19984487082306784
05203.png,right-cheek,a_degradation_11,0.266639118073856
05203.png,bottom-face,a_degradation_11,0.25438407963170545
05203.png,forehead,a_degradation_11,0.22117047540383036
05203.png,under-eyes,a_degradation_11,0.25852478231005044
05203.png,left-cheek,a_degradation_17,0.19559250480238294
05203.png,right-cheek,a_degradation_17,0.23512671881837305
05203.png,bottom-face,a_degradation_17,0.22186352888118283
05203.png,forehead,a_degradation_17,0.21659183369059704
05203.png,under-eyes,a_degradation_17,0.25924244753897097
05204.png,left-cheek,original_roi,0.22659573477250344
05204.png,right-cheek,original_roi,0.2196734224040134
05204.png,bottom-face,original_roi,0.22126445210050946
05204.png,forehead,original_roi,0.3139256904552015
05204.png,under-eyes,original_roi,0.19948218103087448
05204.png,left-cheek,a_degradation_11,0.21960894706720743
05204.png,right-cheek,a_degradation_11,0.21782570486903732
05204.png,bottom-face,a_degradation_11,0.21044012255587954
05204.png,forehead,a_degradation_11,0.29207425547902194
05204.png,under-eyes,a_degradation_11,0.18480099105016037
05204.png,left-cheek,a_degradation_17,0.21092853422653668
05204.png,right-cheek,a_degradation_17,0.20608052329220766
05204.png,bottom-face,a_degradation_17,0.1945173304675349
05204.png,forehead,a_degradation_17,0.26448048924158707
05204.png,under-eyes,a_degradation_17,0.1897508739387247
05211.png,left-cheek,original_roi,0.16223037838585802
05211.png,right-cheek,original_roi,0.1477345506097342
05211.png,bottom-face,original_roi,0.19980323047164658
05211.png,forehead,original_roi,0.23893738358254504
05211.png,under-eyes,original_roi,0.24173104808388934
05211.png,left-cheek,a_degradation_11,0.16205152561718433
05211.png,right-cheek,a_degradation_11,0.1449120153975097
05211.png,bottom-face,a_degradation_11,0.19094110445846235
05211.png,forehead,a_degradation_11,0.2234459633880332
05211.png,under-eyes,a_degradation_11,0.24618643818589783
05211.png,left-cheek,a_degradation_17,0.165896832345734
05211.png,right-cheek,a_degradation_17,0.13632386541269806
05211.png,bottom-face,a_degradation_17,0.17950247361003094
05211.png,forehead,a_degradation_17,0.2123052411428993
05211.png,under-eyes,a_degradation_17,0.2244073572563807
05213.png,left-cheek,original_roi,0.2726684783785928
05213.png,right-cheek,original_roi,0.22011558143070242
05213.png,bottom-face,original_roi,0.23134981936358134
05213.png,forehead,original_roi,0.10129679627735122
05213.png,under-eyes,original_roi,0.17492126923916307
05213.png,left-cheek,a_degradation_11,0.2625873746792181
05213.png,right-cheek,a_degradation_11,0.215329803503335
05213.png,bottom-face,a_degradation_11,0.22249949593777404
05213.png,forehead,a_degradation_11,0.10091797081499243
05213.png,under-eyes,a_degradation_11,0.16756441899539093
05213.png,left-cheek,a_degradation_17,0.22405488637023177
05213.png,right-cheek,a_degradation_17,0.18776166405945022
05213.png,bottom-face,a_degradation_17,0.19741740921854312
05213.png,forehead,a_degradation_17,0.10101028540109463
05213.png,under-eyes,a_degradation_17,0.16874385732793892
05215.png,left-cheek,original_roi,0.3324856290946836
05215.png,right-cheek,original_roi,0.222969554366482
05215.png,bottom-face,original_roi,0.34094725315979013
05215.png,forehead,original_roi,0.2071841462721938
05215.png,under-eyes,original_roi,0.33957549060148123
05215.png,left-cheek,a_degradation_11,0.31836856876112934
05215.png,right-cheek,a_degradation_11,0.20911655732621967
05215.png,bottom-face,a_degradation_11,0.3114131110972064
05215.png,forehead,a_degradation_11,0.19434461553958937
05215.png,under-eyes,a_degradation_11,0.317886365017163
05215.png,left-cheek,a_degradation_17,0.2837680052261488
05215.png,right-cheek,a_degradation_17,0.19276815356035357
05215.png,bottom-face,a_degradation_17,0.2676089630586541
05215.png,forehead,a_degradation_17,0.18603306027383348
05215.png,under-eyes,a_degradation_17,0.282342188891527
05219.png,left-cheek,original_roi,0.18110474584095612
05219.png,right-cheek,original_roi,0.32885967360275326
05219.png,bottom-face,original_roi,0.1831099960032613
05219.png,forehead,original_roi,0.22326742259213708
05219.png,under-eyes,original_roi,0.26047382878613184
05219.png,left-cheek,a_degradation_11,0.17291995952795366
05219.png,right-cheek,a_degradation_11,0.29375669153702266
05219.png,bottom-face,a_degradation_11,0.17920180831512258
05219.png,forehead,a_degradation_11,0.21378897783414158
05219.png,under-eyes,a_degradation_11,0.23633952388785387
05219.png,left-cheek,a_degradation_17,0.15586267087427225
05219.png,right-cheek,a_degradation_17,0.28273482925056764
05219.png,bottom-face,a_degradation_17,0.1660404727690262
05219.png,forehead,a_degradation_17,0.20361669667942423
05219.png,under-eyes,a_degradation_17,0.24938949266042215
05220.png,left-cheek,original_roi,0.2673218351508254
05220.png,right-cheek,original_roi,0.39341790883268324
05220.png,bottom-face,original_roi,0.2382458884716524
05220.png,forehead,original_roi,0.1931617819359334
05220.png,under-eyes,original_roi,0.20915976265488537
05220.png,left-cheek,a_degradation_11,0.26068015952506746
05220.png,right-cheek,a_degradation_11,0.3854243303905338
05220.png,bottom-face,a_degradation_11,0.2135545591422413
05220.png,forehead,a_degradation_11,0.18929598330626116
05220.png,under-eyes,a_degradation_11,0.1994719863660459
05220.png,left-cheek,a_degradation_17,0.24094444571909918
05220.png,right-cheek,a_degradation_17,0.4010293114088377
05220.png,bottom-face,a_degradation_17,0.19761400178132293
05220.png,forehead,a_degradation_17,0.18358356474901633
05220.png,under-eyes,a_degradation_17,0.19673804200134376
05221.png,left-cheek,original_roi,0.21071553830361026
05221.png,right-cheek,original_roi,0.17106739217204467
05221.png,bottom-face,original_roi,0.21580804486736715
05221.png,forehead,original_roi,0.13288379875573067
05221.png,under-eyes,original_roi,0.10307678946602664
05221.png,left-cheek,a_degradation_11,0.2083229640899939
05221.png,right-cheek,a_degradation_11,0.17053510496734098
05221.png,bottom-face,a_degradation_11,0.2135731001191783
05221.png,forehead,a_degradation_11,0.13280848925821848
05221.png,under-eyes,a_degradation_11,0.10295198273589456
05221.png,left-cheek,a_degradation_17,0.1917750049851486
05221.png,right-cheek,a_degradation_17,0.16575535033934524
05221.png,bottom-face,a_degradation_17,0.1942471993624078
05221.png,forehead,a_degradation_17,0.13087560602067402
05221.png,under-eyes,a_degradation_17,0.10175789081555402
05222.png,left-cheek,original_roi,0.22933471616773488
05222.png,right-cheek,original_roi,0.14140589413511834
05222.png,bottom-face,original_roi,0.1782629594047309
05222.png,forehead,original_roi,0.1447268977783333
05222.png,under-eyes,original_roi,0.15046986658053457
05222.png,left-cheek,a_degradation_11,0.22031160897202268
05222.png,right-cheek,a_degradation_11,0.13225990181432581
05222.png,bottom-face,a_degradation_11,0.17534795549299134
05222.png,forehead,a_degradation_11,0.13990633106115324
05222.png,under-eyes,a_degradation_11,0.14704851357682314
05222.png,left-cheek,a_degradation_17,0.20150293963505572
05222.png,right-cheek,a_degradation_17,0.12252112330593487
05222.png,bottom-face,a_degradation_17,0.16327996184929158
05222.png,forehead,a_degradation_17,0.1357295317356008
05222.png,under-eyes,a_degradation_17,0.14837657737783372
05224.png,left-cheek,original_roi,0.30068308305864727
05224.png,right-cheek,original_roi,0.2308428481364872
05224.png,bottom-face,original_roi,0.2773009529238529
05224.png,forehead,original_roi,0.2205164478928156
05224.png,under-eyes,original_roi,0.25542043071383813
05224.png,left-cheek,a_degradation_11,0.28156578015106665
05224.png,right-cheek,a_degradation_11,0.22374553639603126
05224.png,bottom-face,a_degradation_11,0.25682147524640697
05224.png,forehead,a_degradation_11,0.21140284263393141
05224.png,under-eyes,a_degradation_11,0.23955542512388855
05224.png,left-cheek,a_degradation_17,0.2396095013820036
05224.png,right-cheek,a_degradation_17,0.20147464959515812
05224.png,bottom-face,a_degradation_17,0.23192890139299707
05224.png,forehead,a_degradation_17,0.20315919389678452
05224.png,under-eyes,a_degradation_17,0.23717842415441812
05225.png,left-cheek,original_roi,0.28632845953285296
05225.png,right-cheek,original_roi,0.28530759783210513
05225.png,bottom-face,original_roi,0.3089396849223332
05225.png,forehead,original_roi,0.32170489086574855
05225.png,under-eyes,original_roi,0.2661422542539627
05225.png,left-cheek,a_degradation_11,0.2951894320580942
05225.png,right-cheek,a_degradation_11,0.3020755359600316
05225.png,bottom-face,a_degradation_11,0.2978315151832452
05225.png,forehead,a_degradation_11,0.3053120841673197
05225.png,under-eyes,a_degradation_11,0.25313191833955084
05225.png,left-cheek,a_degradation_17,0.2808108071411989
05225.png,right-cheek,a_degradation_17,0.2851439682146937
05225.png,bottom-face,a_degradation_17,0.2584059193511108
05225.png,forehead,a_degradation_17,0.2799539082691042
05225.png,under-eyes,a_degradation_17,0.24778880910760745
05237.png,left-cheek,original_roi,0.28792551065301064
05237.png,right-cheek,original_roi,0.26021083677249657
05237.png,bottom-face,original_roi,0.2860830701284747
05237.png,forehead,original_roi,0.19825499844319186
05237.png,under-eyes,original_roi,0.22652210620715615
05237.png,left-cheek,a_degradation_11,0.26854479025172395
05237.png,right-cheek,a_degradation_11,0.25015609243971815
05237.png,bottom-face,a_degradation_11,0.2678752658149185
05237.png,forehead,a_degradation_11,0.1941082673637126
05237.png,under-eyes,a_degradation_11,0.21414140760221134
05237.png,left-cheek,a_degradation_17,0.2269672109100847
05237.png,right-cheek,a_degradation_17,0.2139748372045122
05237.png,bottom-face,a_degradation_17,0.2373112763831096
05237.png,forehead,a_degradation_17,0.18650489270616266
05237.png,under-eyes,a_degradation_17,0.21452644409275645
05241.png,left-cheek,original_roi,0.29819669624851664
05241.png,right-cheek,original_roi,0.32408222272549797
05241.png,bottom-face,original_roi,0.3016995780637275
05241.png,forehead,original_roi,0.2024198152705584
05241.png,under-eyes,original_roi,0.20883597236349344
05241.png,left-cheek,a_degradation_11,0.28644838063802014
05241.png,right-cheek,a_degradation_11,0.2963175418634142
05241.png,bottom-face,a_degradation_11,0.26641136306039775
05241.png,forehead,a_degradation_11,0.195308756409664
05241.png,under-eyes,a_degradation_11,0.19614467379403686
05241.png,left-cheek,a_degradation_17,0.2515849558182197
05241.png,right-cheek,a_degradation_17,0.2358144944500451
05241.png,bottom-face,a_degradation_17,0.24424914657517766
05241.png,forehead,a_degradation_17,0.19177213247554886
05241.png,under-eyes,a_degradation_17,0.1906178019187477
05245.png,left-cheek,original_roi,0.22239993544188275
05245.png,right-cheek,original_roi,0.2561705956386367
05245.png,bottom-face,original_roi,0.26800468199764915
05245.png,forehead,original_roi,0.25734131384944714
05245.png,under-eyes,original_roi,0.22199485247975007
05245.png,left-cheek,a_degradation_11,0.21162245371275984
05245.png,right-cheek,a_degradation_11,0.23271781998623262
05245.png,bottom-face,a_degradation_11,0.25345218368036826
05245.png,forehead,a_degradation_11,0.24714628162754781
05245.png,under-eyes,a_degradation_11,0.21242786237914857
05245.png,left-cheek,a_degradation_17,0.19937478810833933
05245.png,right-cheek,a_degradation_17,0.20717422675453603
05245.png,bottom-face,a_degradation_17,0.23312134732682957
05245.png,forehead,a_degradation_17,0.240628537686631
05245.png,under-eyes,a_degradation_17,0.2161236709963052
05248.png,left-cheek,original_roi,0.17584678112235394
05248.png,right-cheek,original_roi,0.2329891017025511
05248.png,bottom-face,original_roi,0.1398385998109682
05248.png,forehead,original_roi,0.1903731797556447
05248.png,under-eyes,original_roi,0.1928424081784597
05248.png,left-cheek,a_degradation_11,0.16453227920531963
05248.png,right-cheek,a_degradation_11,0.22439688152565102
05248.png,bottom-face,a_degradation_11,0.13254623849615454
05248.png,forehead,a_degradation_11,0.18511280283839007
05248.png,under-eyes,a_degradation_11,0.18502625986978924
05248.png,left-cheek,a_degradation_17,0.16071702647230257
05248.png,right-cheek,a_degradation_17,0.20300819004138884
05248.png,bottom-face,a_degradation_17,0.12644325615959973
05248.png,forehead,a_degradation_17,0.17582169715811113
05248.png,under-eyes,a_degradation_17,0.19072107023924786
05253.png,left-cheek,original_roi,0.25312679687800926
05253.png,right-cheek,original_roi,0.15538428665961448
05253.png,bottom-face,original_roi,0.15252266762484007
05253.png,forehead,original_roi,0.1586538567287667
05253.png,under-eyes,original_roi,0.13109267946052028
05253.png,left-cheek,a_degradation_11,0.26078826693049845
05253.png,right-cheek,a_degradation_11,0.15491061938540143
05253.png,bottom-face,a_degradation_11,0.14372451899542854
05253.png,forehead,a_degradation_11,0.15649788666956074
05253.png,under-eyes,a_degradation_11,0.12631799425924822
05253.png,left-cheek,a_degradation_17,0.2598594577580323
05253.png,right-cheek,a_degradation_17,0.14903116890138796
05253.png,bottom-face,a_degradation_17,0.14281215138859463
05253.png,forehead,a_degradation_17,0.14865008745513328
05253.png,under-eyes,a_degradation_17,0.1249649682498769
05258.png,left-cheek,original_roi,0.18833930477730274
05258.png,right-cheek,original_roi,0.29209930798722344
05258.png,bottom-face,original_roi,0.2568785736391524
05258.png,forehead,original_roi,0.1304858989343671
05258.png,under-eyes,original_roi,0.16648423727450745
05258.png,left-cheek,a_degradation_11,0.17728713950265051
05258.png,right-cheek,a_degradation_11,0.2719329514590419
05258.png,bottom-face,a_degradation_11,0.24150627173506872
05258.png,forehead,a_degradation_11,0.12757481744306798
05258.png,under-eyes,a_degradation_11,0.16319067069593643
05258.png,left-cheek,a_degradation_17,0.16138348861988736
05258.png,right-cheek,a_degradation_17,0.22013874711150833
05258.png,bottom-face,a_degradation_17,0.21339835857271183
05258.png,forehead,a_degradation_17,0.12792273143778904
05258.png,under-eyes,a_degradation_17,0.16067248259407999
05259.png,left-cheek,original_roi,0.21783957260667622
05259.png,right-cheek,original_roi,0.1734680112934462
05259.png,bottom-face,original_roi,0.18397600363572342
05259.png,forehead,original_roi,0.22226785136560262
05259.png,under-eyes,original_roi,0.20243766904118077
05259.png,left-cheek,a_degradation_11,0.22174240962255512
05259.png,right-cheek,a_degradation_11,0.17524067210831545
05259.png,bottom-face,a_degradation_11,0.18324483571104527
05259.png,forehead,a_degradation_11,0.21665781777813334
05259.png,under-eyes,a_degradation_11,0.19544149491711643
05259.png,left-cheek,a_degradation_17,0.22565241457443133
05259.png,right-cheek,a_degradation_17,0.16945713054223435
05259.png,bottom-face,a_degradation_17,0.17130683324837706
05259.png,forehead,a_degradation_17,0.20372818828937264
05259.png,under-eyes,a_degradation_17,0.19134624291579225
05261.png,left-cheek,original_roi,0.27932770813608854
05261.png,right-cheek,original_roi,0.19196138101159538
05261.png,bottom-face,original_roi,0.2521251887078716
05261.png,forehead,original_roi,0.1887076696702275
05261.png,under-eyes,original_roi,0.2349047860285355
05261.png,left-cheek,a_degradation_11,0.26481896867742244
05261.png,right-cheek,a_degradation_11,0.18423958877541613
05261.png,bottom-face,a_degradation_11,0.24708350375302301
05261.png,forehead,a_degradation_11,0.18210863220448217
05261.png,under-eyes,a_degradation_11,0.2261993888518242
05261.png,left-cheek,a_degradation_17,0.2318659725406282
05261.png,right-cheek,a_degradation_17,0.18395452636866305
05261.png,bottom-face,a_degradation_17,0.2218133644891712
05261.png,forehead,a_degradation_17,0.17277255290133334
05261.png,under-eyes,a_degradation_17,0.21755513373516477
05263.png,left-cheek,original_roi,0.3708712024422884
05263.png,right-cheek,original_roi,
05263.png,bottom-face,original_roi,0.17297441107842823
05263.png,forehead,original_roi,0.12292720272533947
05263.png,under-eyes,original_roi,0.18100830779567031
05263.png,left-cheek,a_degradation_11,0.35535272190230993
05263.png,right-cheek,a_degradation_11,
05263.png,bottom-face,a_degradation_11,0.16422270015412418
05263.png,forehead,a_degradation_11,0.12415917377389661
05263.png,under-eyes,a_degradation_11,0.1759888185296299
05263.png,left-cheek,a_degradation_17,0.29415832511993384
05263.png,right-cheek,a_degradation_17,
05263.png,bottom-face,a_degradation_17,0.15639995457794365
05263.png,forehead,a_degradation_17,0.12191913399296532
05263.png,under-eyes,a_degradation_17,0.16751797425651024
05264.png,left-cheek,original_roi,0.1726545954217308
05264.png,right-cheek,original_roi,0.18603027922768778
05264.png,bottom-face,original_roi,0.1542607985012086
05264.png,forehead,original_roi,0.1264780454610567
05264.png,under-eyes,original_roi,0.1409373568908228
05264.png,left-cheek,a_degradation_11,0.1695178267792491
05264.png,right-cheek,a_degradation_11,0.18158229071856793
05264.png,bottom-face,a_degradation_11,0.15193879447659556
05264.png,forehead,a_degradation_11,0.1253407671775819
05264.png,under-eyes,a_degradation_11,0.13967162191702237
05264.png,left-cheek,a_degradation_17,0.17324678473101124
05264.png,right-cheek,a_degradation_17,0.17814573357047622
05264.png,bottom-face,a_degradation_17,0.14531124004079535
05264.png,forehead,a_degradation_17,0.12456933622640734
05264.png,under-eyes,a_degradation_17,0.13189217354198604
05265.png,left-cheek,original_roi,0.3259873298903644
05265.png,right-cheek,original_roi,0.32283339679402795
05265.png,bottom-face,original_roi,0.2818735393108777
05265.png,forehead,original_roi,0.19885575012522289
05265.png,under-eyes,original_roi,0.252060353899058
05265.png,left-cheek,a_degradation_11,0.28238883884678895
05265.png,right-cheek,a_degradation_11,0.2752149541045398
05265.png,bottom-face,a_degradation_11,0.2681517574472202
05265.png,forehead,a_degradation_11,0.18792027634930997
05265.png,under-eyes,a_degradation_11,0.24847966305377017
05265.png,left-cheek,a_degradation_17,0.23150413923851004
05265.png,right-cheek,a_degradation_17,0.22400175590976037
05265.png,bottom-face,a_degradation_17,0.2391973197333717
05265.png,forehead,a_degradation_17,0.18725583822244998
05265.png,under-eyes,a_degradation_17,0.24266681029680062
05267.png,left-cheek,original_roi,0.10022879758744929
05267.png,right-cheek,original_roi,0.11698273991506018
05267.png,bottom-face,original_roi,0.12394825639976347
05267.png,forehead,original_roi,0.0763099303058467
05267.png,under-eyes,original_roi,0.12717463938475757
05267.png,left-cheek,a_degradation_11,0.095292692043519
05267.png,right-cheek,a_degradation_11,0.11249321897970327
05267.png,bottom-face,a_degradation_11,0.11881529454461326
05267.png,forehead,a_degradation_11,0.07594579796861707
05267.png,under-eyes,a_degradation_11,0.12224065154849231
05267.png,left-cheek,a_degradation_17,0.09257155403182236
05267.png,right-cheek,a_degradation_17,0.10937925300334075
05267.png,bottom-face,a_degradation_17,0.11236621891205917
05267.png,forehead,a_degradation_17,0.07520411263884566
05267.png,under-eyes,a_degradation_17,0.11781928478866195
05272.png,left-cheek,original_roi,0.23037139845724744
05272.png,right-cheek,original_roi,0.21608302132254348
05272.png,bottom-face,original_roi,0.205864973786721
05272.png,forehead,original_roi,0.22466324361441348
05272.png,under-eyes,original_roi,0.14781225368722642
05272.png,left-cheek,a_degradation_11,0.221669686595945
05272.png,right-cheek,a_degradation_11,0.20642321317005125
05272.png,bottom-face,a_degradation_11,0.19879629981396757
05272.png,forehead,a_degradation_11,0.21382581581515103
05272.png,under-eyes,a_degradation_11,0.14651608620070072
05272.png,left-cheek,a_degradation_17,0.21199062736770308
05272.png,right-cheek,a_degradation_17,0.1848691308250106
05272.png,bottom-face,a_degradation_17,0.18001037795770025
05272.png,forehead,a_degradation_17,0.2060032339083033
05272.png,under-eyes,a_degradation_17,0.14256239251110742
05274.png,left-cheek,original_roi,0.2452711857842961
05274.png,right-cheek,original_roi,0.21653491406750205
05274.png,bottom-face,original_roi,0.21555554492302934
05274.png,forehead,original_roi,0.1381922252844192
05274.png,under-eyes,original_roi,0.1438400506472328
05274.png,left-cheek,a_degradation_11,0.23942325941288767
05274.png,right-cheek,a_degradation_11,0.21223924728941762
05274.png,bottom-face,a_degradation_11,0.2076284155563904
05274.png,forehead,a_degradation_11,0.13552477314752065
05274.png,under-eyes,a_degradation_11,0.1399635385035296
05274.png,left-cheek,a_degradation_17,0.21593130517316814
05274.png,right-cheek,a_degradation_17,0.2081127835945181
05274.png,bottom-face,a_degradation_17,0.1908878866944325
05274.png,forehead,a_degradation_17,0.13384365831733705
05274.png,under-eyes,a_degradation_17,0.1395124843779961
05285.png,left-cheek,original_roi,0.2433999946031095
05285.png,right-cheek,original_roi,0.27834141682122954
05285.png,bottom-face,original_roi,0.26317165983690854
05285.png,forehead,original_roi,0.22579644056042902
05285.png,under-eyes,original_roi,0.2220346257965239
05285.png,left-cheek,a_degradation_11,0.23757274688444638
05285.png,right-cheek,a_degradation_11,0.2763637928709806
05285.png,bottom-face,a_degradation_11,0.2568703686514361
05285.png,forehead,a_degradation_11,0.22445849653413494
05285.png,under-eyes,a_degradation_11,0.21296757045671671
05285.png,left-cheek,a_degradation_17,0.22258942274624938
05285.png,right-cheek,a_degradation_17,0.24783982607656033
05285.png,bottom-face,a_degradation_17,0.23440292183022093
05285.png,forehead,a_degradation_17,0.2061791036343138
05285.png,under-eyes,a_degradation_17,0.2024744064518133
05286.png,left-cheek,original_roi,0.16725635144751694
05286.png,right-cheek,original_roi,0.1845714819787394
05286.png,bottom-face,original_roi,0.19369639662378493
05286.png,forehead,original_roi,0.15110906700733034
05286.png,under-eyes,original_roi,0.15451076096449576
05286.png,left-cheek,a_degradation_11,0.16454866740226176
05286.png,right-cheek,a_degradation_11,0.17160880079857363
05286.png,bottom-face,a_degradation_11,0.1905262817111565
05286.png,forehead,a_degradation_11,0.14611241727406424
05286.png,under-eyes,a_degradation_11,0.15380724926028255
05286.png,left-cheek,a_degradation_17,0.15489353344432666
05286.png,right-cheek,a_degradation_17,0.14976146627115272
05286.png,bottom-face,a_degradation_17,0.17947958458579807
05286.png,forehead,a_degradation_17,0.14355518619679952
05286.png,under-eyes,a_degradation_17,0.14859596906848702
05287.png,left-cheek,original_roi,0.35176023465588124
05287.png,right-cheek,original_roi,0.36129275736628585
05287.png,bottom-face,original_roi,0.3763706489016205
05287.png,forehead,original_roi,0.3009863333476257
05287.png,under-eyes,original_roi,0.3033271564856676
05287.png,left-cheek,a_degradation_11,0.32255621592970535
05287.png,right-cheek,a_degradation_11,0.32824681107985204
05287.png,bottom-face,a_degradation_11,0.3255397263526986
05287.png,forehead,a_degradation_11,0.2788822086199833
05287.png,under-eyes,a_degradation_11,0.2774442721648917
05287.png,left-cheek,a_degradation_17,0.2626866457593732
05287.png,right-cheek,a_degradation_17,0.2759422308322882
05287.png,bottom-face,a_degradation_17,0.2751572892686025
05287.png,forehead,a_degradation_17,0.28275549160318514
05287.png,under-eyes,a_degradation_17,0.2674547000428703
05289.png,left-cheek,original_roi,0.20350666446936802
05289.png,right-cheek,original_roi,0.2089205066100529
05289.png,bottom-face,original_roi,0.2980880250902561
05289.png,forehead,original_roi,0.19952763852019936
05289.png,under-eyes,original_roi,0.2951689783786906
05289.png,left-cheek,a_degradation_11,0.20185723008782447
05289.png,right-cheek,a_degradation_11,0.1979288175025347
05289.png,bottom-face,a_degradation_11,0.28269264763043794
05289.png,forehead,a_degradation_11,0.19252303894015385
05289.png,under-eyes,a_degradation_11,0.2697151824729373
05289.png,left-cheek,a_degradation_17,0.17675318741618634
05289.png,right-cheek,a_degradation_17,0.18550263545907603
05289.png,bottom-face,a_degradation_17,0.2432186745744776
05289.png,forehead,a_degradation_17,0.1900119786530355
05289.png,under-eyes,a_degradation_17,0.2695202339746725
05290.png,left-cheek,original_roi,0.18863589260210561
05290.png,right-cheek,original_roi,0.21505467036701723
05290.png,bottom-face,original_roi,0.1685751651017596
05290.png,forehead,original_roi,0.23762433834045382
05290.png,under-eyes,original_roi,0.1726400287399706
05290.png,left-cheek,a_degradation_11,0.19261952117605596
05290.png,right-cheek,a_degradation_11,0.21641138093070514
05290.png,bottom-face,a_degradation_11,0.1644315701931351
05290.png,forehead,a_degradation_11,0.2240905523504146
05290.png,under-eyes,a_degradation_11,0.16881369865490348
05290.png,left-cheek,a_degradation_17,0.19730482607859365
05290.png,right-cheek,a_degradation_17,0.19933903036955247
05290.png,bottom-face,a_degradation_17,0.1548791097381642
05290.png,forehead,a_degradation_17,0.21430545351293886
05290.png,under-eyes,a_degradation_17,0.1637614693388264
05292.png,left-cheek,original_roi,0.3446235281689277
05292.png,right-cheek,original_roi,0.4048906873534144
05292.png,bottom-face,original_roi,0.3228960882282484
05292.png,forehead,original_roi,0.30973783517544967
05292.png,under-eyes,original_roi,0.3411789483321263
05292.png,left-cheek,a_degradation_11,0.32403041881229677
05292.png,right-cheek,a_degradation_11,0.3320169105867806
05292.png,bottom-face,a_degradation_11,0.2842461057946217
05292.png,forehead,a_degradation_11,0.2832807133420709
05292.png,under-eyes,a_degradation_11,0.30695267527996095
05292.png,left-cheek,a_degradation_17,0.26265386779212474
05292.png,right-cheek,a_degradation_17,0.25872578766006304
05292.png,bottom-face,a_degradation_17,0.24164649258182186
05292.png,forehead,a_degradation_17,0.2678408724047129
05292.png,under-eyes,a_degradation_17,0.2950435139175582
05293.png,left-cheek,original_roi,0.21669870417444886
05293.png,right-cheek,original_roi,0.23097708088416957
05293.png,bottom-face,original_roi,0.2614421503772451
05293.png,forehead,original_roi,0.24781253271265735
05293.png,under-eyes,original_roi,0.27569550769246787
05293.png,left-cheek,a_degradation_11,0.19810078989515106
05293.png,right-cheek,a_degradation_11,0.2026038015021785
05293.png,bottom-face,a_degradation_11,0.2325271021976318
05293.png,forehead,a_degradation_11,0.23444581529347458
05293.png,under-eyes,a_degradation_11,0.256341564495514
05293.png,left-cheek,a_degradation_17,0.18142011279594328
05293.png,right-cheek,a_degradation_17,0.1721638101934941
05293.png,bottom-face,a_degradation_17,0.2121555124169101
05293.png,forehead,a_degradation_17,0.22857279066002215
05293.png,under-eyes,a_degradation_17,0.2543429087569168
05296.png,left-cheek,original_roi,0.3017259672102677
05296.png,right-cheek,original_roi,0.341598421686976
05296.png,bottom-face,original_roi,0.23379779365227524
05296.png,forehead,original_roi,0.1605730835367319
05296.png,under-eyes,original_roi,0.2225143264117967
05296.png,left-cheek,a_degradation_11,0.2667813993720864
05296.png,right-cheek,a_degradation_11,0.2940964724349223
05296.png,bottom-face,a_degradation_11,0.21132309615494507
05296.png,forehead,a_degradation_11,0.15669923777062303
05296.png,under-eyes,a_degradation_11,0.21446070553312055
05296.png,left-cheek,a_degradation_17,0.23462845463365709
05296.png,right-cheek,a_degradation_17,0.22595331401069718
05296.png,bottom-face,a_degradation_17,0.18260253930611361
05296.png,forehead,a_degradation_17,0.1541851828338675
05296.png,under-eyes,a_degradation_17,0.20644225570426863
05297.png,left-cheek,original_roi,0.15806550169655226
05297.png,right-cheek,original_roi,0.19406961342529394
05297.png,bottom-face,original_roi,0.20474067369058027
05297.png,forehead,original_roi,0.22559429211863075
05297.png,under-eyes,original_roi,0.1796833229145408
05297.png,left-cheek,a_degradation_11,0.1500911435230886
05297.png,right-cheek,a_degradation_11,0.1865894068717535
05297.png,bottom-face,a_degradation_11,0.18884578608384875
05297.png,forehead,a_degradation_11,0.21060841873599587
05297.png,under-eyes,a_degradation_11,0.17182686858724922
05297.png,left-cheek,a_degradation_17,0.1402564246012002
05297.png,right-cheek,a_degradation_17,0.17819290382433903
05297.png,bottom-face,a_degradation_17,0.17460460512036227
05297.png,forehead,a_degradation_17,0.1990883279351824
05297.png,under-eyes,a_degradation_17,0.16609975209052516
05307.png,left-cheek,original_roi,0.1389734266779627
05307.png,right-cheek,original_roi,0.14578085452336534
05307.png,bottom-face,original_roi,0.2403219829057165
05307.png,forehead,original_roi,0.25796189039382983
05307.png,under-eyes,original_roi,0.16854936945886892
05307.png,left-cheek,a_degradation_11,0.1308621923275404
05307.png,right-cheek,a_degradation_11,0.13774809621806514
05307.png,bottom-face,a_degradation_11,0.21487415825185666
05307.png,forehead,a_degradation_11,0.2561201806117269
05307.png,under-eyes,a_degradation_11,0.16484521711901895
05307.png,left-cheek,a_degradation_17,0.12467137510832121
05307.png,right-cheek,a_degradation_17,0.12537811623456493
05307.png,bottom-face,a_degradation_17,0.19729296510723213
05307.png,forehead,a_degradation_17,0.24669769093669466
05307.png,under-eyes,a_degradation_17,0.1603128327485212
05312.png,left-cheek,original_roi,0.23800239918991084
05312.png,right-cheek,original_roi,0.22290357239077838
05312.png,bottom-face,original_roi,0.26405018156131843
05312.png,forehead,original_roi,0.22563146038590215
05312.png,under-eyes,original_roi,0.2222974048386106
05312.png,left-cheek,a_degradation_11,0.2456579264926388
05312.png,right-cheek,a_degradation_11,0.22409180229313236
05312.png,bottom-face,a_degradation_11,0.2538455471181699
05312.png,forehead,a_degradation_11,0.2145437122051404
05312.png,under-eyes,a_degradation_11,0.2112004545244157
05312.png,left-cheek,a_degradation_17,0.222876207783991
05312.png,right-cheek,a_degradation_17,0.22388141042410453
05312.png,bottom-face,a_degradation_17,0.22097564661611244
05312.png,forehead,a_degradation_17,0.20683553995135995
05312.png,under-eyes,a_degradation_17,0.2149675940492129
05316.png,left-cheek,original_roi,0.07767235095461734
05316.png,right-cheek,original_roi,0.09566301485625611
05316.png,bottom-face,original_roi,0.10614080491681051
05316.png,forehead,original_roi,0.14427133582285737
05316.png,under-eyes,original_roi,0.08764305558216859
05316.png,left-cheek,a_degradation_11,0.07296194627683926
05316.png,right-cheek,a_degradation_11,0.08945323728830677
05316.png,bottom-face,a_degradation_11,0.0980027024821687
05316.png,forehead,a_degradation_11,0.13909124809936912
05316.png,under-eyes,a_degradation_11,0.08499678707466117
05316.png,left-cheek,a_degradation_17,0.0693069293842329
05316.png,right-cheek,a_degradation_17,0.08167369510628619
05316.png,bottom-face,a_degradation_17,0.09078697441517578
05316.png,forehead,a_degradation_17,0.13581727081569797
05316.png,under-eyes,a_degradation_17,0.08326068732968801
05317.png,left-cheek,original_roi,0.1895694806760261
05317.png,right-cheek,original_roi,0.2146341374049511
05317.png,bottom-face,original_roi,0.13568112425525308
05317.png,forehead,original_roi,0.1520960303749948
05317.png,under-eyes,original_roi,0.14097231141820352
05317.png,left-cheek,a_degradation_11,0.18606225699375473
05317.png,right-cheek,a_degradation_11,0.21107738154950828
05317.png,bottom-face,a_degradation_11,0.13035170499264612
05317.png,forehead,a_degradation_11,0.1510868014513728
05317.png,under-eyes,a_degradation_11,0.1347404597577953
05317.png,left-cheek,a_degradation_17,0.16431590250005174
05317.png,right-cheek,a_degradation_17,0.20137182703954393
05317.png,bottom-face,a_degradation_17,0.12808820488080794
05317.png,forehead,a_degradation_17,0.14195335742638115
05317.png,under-eyes,a_degradation_17,0.1346445123264553
05319.png,left-cheek,original_roi,0.2601818693290519
05319.png,right-cheek,original_roi,0.3748348844212397
05319.png,bottom-face,original_roi,0.32856801023682297
05319.png,forehead,original_roi,0.3375465482356348
05319.png,under-eyes,original_roi,0.3098565741751868
05319.png,left-cheek,a_degradation_11,0.25956543961037853
05319.png,right-cheek,a_degradation_11,0.34845757149392975
05319.png,bottom-face,a_degradation_11,0.29615404763284825
05319.png,forehead,a_degradation_11,0.3081140953862384
05319.png,under-eyes,a_degradation_11,0.29215762182264826
05319.png,left-cheek,a_degradation_17,0.2530981755047139
05319.png,right-cheek,a_degradation_17,0.27551367020732453
05319.png,bottom-face,a_degradation_17,0.2485321942321835
05319.png,forehead,a_degradation_17,0.27447885052426974
05319.png,under-eyes,a_degradation_17,0.26871744163403216
05320.png,left-cheek,original_roi,0.27774600422644613
05320.png,right-cheek,original_roi,0.23936158321017886
05320.png,bottom-face,original_roi,0.29474240706111704
05320.png,forehead,original_roi,0.22418360882489918
05320.png,under-eyes,original_roi,0.17616178466489163
05320.png,left-cheek,a_degradation_11,0.26246983990187317
05320.png,right-cheek,a_degradation_11,0.22903417043714733
05320.png,bottom-face,a_degradation_11,0.27241896486107536
05320.png,forehead,a_degradation_11,0.21011156811935225
05320.png,under-eyes,a_degradation_11,0.17203590121646695
05320.png,left-cheek,a_degradation_17,0.2248746253316228
05320.png,right-cheek,a_degradation_17,0.20553278056307706
05320.png,bottom-face,a_degradation_17,0.23364707854403957
05320.png,forehead,a_degradation_17,0.20319993249251508
05320.png,under-eyes,a_degradation_17,0.17147052826175263
05325.png,left-cheek,original_roi,0.2738608801571325
05325.png,right-cheek,original_roi,0.326054588581952
05325.png,bottom-face,original_roi,0.2705839174144583
05325.png,forehead,original_roi,0.2531016531647315
05325.png,under-eyes,original_roi,0.26406258466790117
05325.png,left-cheek,a_degradation_11,0.240515782831836
05325.png,right-cheek,a_degradation_11,0.30494732633053484
05325.png,bottom-face,a_degradation_11,0.23890510809853455
05325.png,forehead,a_degradation_11,0.2416094602153548
05325.png,under-eyes,a_degradation_11,0.24556517377102047
05325.png,left-cheek,a_degradation_17,0.20026205451096604
05325.png,right-cheek,a_degradation_17,0.2690816963790067
05325.png,bottom-face,a_degradation_17,0.2217102400154177
05325.png,forehead,a_degradation_17,0.22705626705312443
05325.png,under-eyes,a_degradation_17,0.24851239760353058
05326.png,left-cheek,original_roi,0.165500657517548
05326.png,right-cheek,original_roi,0.19717790422084092
05326.png,bottom-face,original_roi,0.19167444343214352
05326.png,forehead,original_roi,0.12626926447761475
05326.png,under-eyes,original_roi,0.14990039619048287
05326.png,left-cheek,a_degradation_11,0.16405500112821686
05326.png,right-cheek,a_degradation_11,0.1909986571317673
05326.png,bottom-face,a_degradation_11,0.18884445840319367
05326.png,forehead,a_degradation_11,0.12697893444101394
05326.png,under-eyes,a_degradation_11,0.14801319898317855
05326.png,left-cheek,a_degradation_17,0.16242058179195956
05326.png,right-cheek,a_degradation_17,0.18846683635241104
05326.png,bottom-face,a_degradation_17,0.17626694233983833
05326.png,forehead,a_degradation_17,0.12721206165852317
05326.png,under-eyes,a_degradation_17,0.1453264970615009
05329.png,left-cheek,original_roi,0.2602138007061482
05329.png,right-cheek,original_roi,0.22671538268917946
05329.png,bottom-face,original_roi,0.26740110403405254
05329.png,forehead,original_roi,0.21166739782678656
05329.png,under-eyes,original_roi,0.19609887553674726
05329.png,left-cheek,a_degradation_11,0.27386764751800197
05329.png,right-cheek,a_degradation_11,0.21285621000219476
05329.png,bottom-face,a_degradation_11,0.24372689734247166
05329.png,forehead,a_degradation_11,0.20039749023823442
05329.png,under-eyes,a_degradation_11,0.1877432834370623
05329.png,left-cheek,a_degradation_17,0.2528776562660623
05329.png,right-cheek,a_degradation_17,0.18624209554185966
05329.png,bottom-face,a_degradation_17,0.21338436170370503
05329.png,forehead,a_degradation_17,0.19441001675392525
05329.png,under-eyes,a_degradation_17,0.18950881330582567
06002.png,left-cheek,original_roi,0.17128340540830994
06002.png,right-cheek,original_roi,0.20732334990359866
06002.png,bottom-face,original_roi,0.23266892927364724
06002.png,forehead,original_roi,0.20238449949390655
06002.png,under-eyes,original_roi,0.1599796577379937
06002.png,left-cheek,a_degradation_11,0.15551876439278572
06002.png,right-cheek,a_degradation_11,0.18248031737405265
06002.png,bottom-face,a_degradation_11,0.21200312071854485
06002.png,forehead,a_degradation_11,0.18211283793246796
06002.png,under-eyes,a_degradation_11,0.1521696301815677
06002.png,left-cheek,a_degradation_17,0.13418329721001573
06002.png,right-cheek,a_degradation_17,0.1515956978003891
06002.png,bottom-face,a_degradation_17,0.19362662347607124
06002.png,forehead,a_degradation_17,0.16804009589995017
06002.png,under-eyes,a_degradation_17,0.1440783576664408
06004.png,left-cheek,original_roi,0.20476310464800915
06004.png,right-cheek,original_roi,0.27367504531244
06004.png,bottom-face,original_roi,0.31315325184429205
06004.png,forehead,original_roi,0.2019045463483002
06004.png,under-eyes,original_roi,0.24682137021673453
06004.png,left-cheek,a_degradation_11,0.19250789304901741
06004.png,right-cheek,a_degradation_11,0.2611373497908335
06004.png,bottom-face,a_degradation_11,0.27572376688451067
06004.png,forehead,a_degradation_11,0.20414407949053223
06004.png,under-eyes,a_degradation_11,0.22972299110419475
06004.png,left-cheek,a_degradation_17,0.16770950238823173
06004.png,right-cheek,a_degradation_17,0.21956267000698804
06004.png,bottom-face,a_degradation_17,0.24692753257392086
06004.png,forehead,a_degradation_17,0.1999643146302357
06004.png,under-eyes,a_degradation_17,0.22842359558105793
06005.png,left-cheek,original_roi,0.24488661952417393
06005.png,right-cheek,original_roi,0.24557158544088648
06005.png,bottom-face,original_roi,0.31025533905726754
06005.png,forehead,original_roi,0.17353127930907847
06005.png,under-eyes,original_roi,0.21744905562910835
06005.png,left-cheek,a_degradation_11,0.23389243859501938
06005.png,right-cheek,a_degradation_11,0.23409926700845046
06005.png,bottom-face,a_degradation_11,0.2833542073480993
06005.png,forehead,a_degradation_11,0.17087325636893014
06005.png,under-eyes,a_degradation_11,0.20276917022700228
06005.png,left-cheek,a_degradation_17,0.19664542669446486
06005.png,right-cheek,a_degradation_17,0.2177906768408839
06005.png,bottom-face,a_degradation_17,0.2476363249569283
06005.png,forehead,a_degradation_17,0.16068687534008919
06005.png,under-eyes,a_degradation_17,0.20613593093486182
06006.png,left-cheek,original_roi,0.21019648426255994
06006.png,right-cheek,original_roi,0.1754900006955285
06006.png,bottom-face,original_roi,0.14629438418727717
06006.png,forehead,original_roi,0.10848411633871786
06006.png,under-eyes,original_roi,0.1572166192070442
06006.png,left-cheek,a_degradation_11,0.2141352480980626
06006.png,right-cheek,a_degradation_11,0.16524434976199606
06006.png,bottom-face,a_degradation_11,0.14817751876626406
06006.png,forehead,a_degradation_11,0.10529349770708019
06006.png,under-eyes,a_degradation_11,0.15589652460654788
06006.png,left-cheek,a_degradation_17,0.19579166744545085
06006.png,right-cheek,a_degradation_17,0.15480981870160915
06006.png,bottom-face,a_degradation_17,0.14268816309551405
06006.png,forehead,a_degradation_17,0.10396466155711524
06006.png,under-eyes,a_degradation_17,0.15013947820010717
06010.png,left-cheek,original_roi,0.2913051022694942
06010.png,right-cheek,original_roi,0.2658024020946322
06010.png,bottom-face,original_roi,0.2928859050054805
06010.png,forehead,original_roi,0.375258644870867
06010.png,under-eyes,original_roi,0.23545735400140158
06010.png,left-cheek,a_degradation_11,0.28555842508452617
06010.png,right-cheek,a_degradation_11,0.2728672466313734
06010.png,bottom-face,a_degradation_11,0.28814838354590755
06010.png,forehead,a_degradation_11,0.3390550437509969
06010.png,under-eyes,a_degradation_11,0.22574138209697037
06010.png,left-cheek,a_degradation_17,0.25540909910808973
06010.png,right-cheek,a_degradation_17,0.2985856949942488
06010.png,bottom-face,a_degradation_17,0.2717825996062506
06010.png,forehead,a_degradation_17,0.3050622703683416
06010.png,under-eyes,a_degradation_17,0.2264148934876379
06011.png,left-cheek,original_roi,0.3380532607026613
06011.png,right-cheek,original_roi,0.3278430071289274
06011.png,bottom-face,original_roi,0.18628741481591035
06011.png,forehead,original_roi,0.11202146989858602
06011.png,under-eyes,original_roi,0.2460463304100242
06011.png,left-cheek,a_degradation_11,0.31295338671082534
06011.png,right-cheek,a_degradation_11,0.2983906031501105
06011.png,bottom-face,a_degradation_11,0.17723930832560056
06011.png,forehead,a_degradation_11,0.10917138046007868
06011.png,under-eyes,a_degradation_11,0.230574890083079
06011.png,left-cheek,a_degradation_17,0.2604607269713206
06011.png,right-cheek,a_degradation_17,0.23796801235360482
06011.png,bottom-face,a_degradation_17,0.16483804834397095
06011.png,forehead,a_degradation_17,0.10848636138689383
06011.png,under-eyes,a_degradation_17,0.2248956019691695
06013.png,left-cheek,original_roi,0.34757845660677744
06013.png,right-cheek,original_roi,0.21637107502351768
06013.png,bottom-face,original_roi,0.15646031749092965
06013.png,forehead,original_roi,0.2696120576866404
06013.png,under-eyes,original_roi,0.2944650022416226
06013.png,left-cheek,a_degradation_11,0.32627242887927294
06013.png,right-cheek,a_degradation_11,0.20038092931085622
06013.png,bottom-face,a_degradation_11,0.14917837517628108
06013.png,forehead,a_degradation_11,0.2633768108841765
06013.png,under-eyes,a_degradation_11,0.27933825607460894
06013.png,left-cheek,a_degradation_17,0.31446427051863723
06013.png,right-cheek,a_degradation_17,0.1778939236378793
06013.png,bottom-face,a_degradation_17,0.13944126609849344
06013.png,forehead,a_degradation_17,0.2419421495719518
06013.png,under-eyes,a_degradation_17,0.2581291328727691
06015.png,left-cheek,original_roi,0.14185376184738033
06015.png,right-cheek,original_roi,0.12669487804659235
06015.png,bottom-face,original_roi,0.14158504295992885
06015.png,forehead,original_roi,0.0968399628497663
06015.png,under-eyes,original_roi,0.11388077989104593
06015.png,left-cheek,a_degradation_11,0.13807194106486964
06015.png,right-cheek,a_degradation_11,0.12094875198383821
06015.png,bottom-face,a_degradation_11,0.1359057416765824
06015.png,forehead,a_degradation_11,0.09514993069916587
06015.png,under-eyes,a_degradation_11,0.11350815219301853
06015.png,left-cheek,a_degradation_17,0.13048227475754842
06015.png,right-cheek,a_degradation_17,0.11576518340988991
06015.png,bottom-face,a_degradation_17,0.1303053262169745
06015.png,forehead,a_degradation_17,0.09331512095395082
06015.png,under-eyes,a_degradation_17,0.11040451609659616
06017.png,left-cheek,original_roi,0.14474069720025867
06017.png,right-cheek,original_roi,0.16226327256827228
06017.png,bottom-face,original_roi,0.20853484792574795
06017.png,forehead,original_roi,0.20441593360225124
06017.png,under-eyes,original_roi,0.17470495434087477
06017.png,left-cheek,a_degradation_11,0.13546903313375988
06017.png,right-cheek,a_degradation_11,0.1490652975394238
06017.png,bottom-face,a_degradation_11,0.19908104792332343
06017.png,forehead,a_degradation_11,0.18628771639787275
06017.png,under-eyes,a_degradation_11,0.163053645134565
06017.png,left-cheek,a_degradation_17,0.12217647765547923
06017.png,right-cheek,a_degradation_17,0.1322679911495476
06017.png,bottom-face,a_degradation_17,0.18183302251706535
06017.png,forehead,a_degradation_17,0.17892207408703717
06017.png,under-eyes,a_degradation_17,0.1526700235597471
06018.png,left-cheek,original_roi,0.23615731144039337
06018.png,right-cheek,original_roi,0.3438576093089068
06018.png,bottom-face,original_roi,0.27481407176305667
06018.png,forehead,original_roi,0.2562212277322345
06018.png,under-eyes,original_roi,0.2239839329396493
06018.png,left-cheek,a_degradation_11,0.23498857488689026
06018.png,right-cheek,a_degradation_11,0.3267353309415
06018.png,bottom-face,a_degradation_11,0.26665323791314754
06018.png,forehead,a_degradation_11,0.2384734807556454
06018.png,under-eyes,a_degradation_11,0.21903018240137115
06018.png,left-cheek,a_degradation_17,0.23504402872623864
06018.png,right-cheek,a_degradation_17,0.28866671887847467
06018.png,bottom-face,a_degradation_17,0.2424774335645895
06018.png,forehead,a_degradation_17,0.2271576660791992
06018.png,under-eyes,a_degradation_17,0.2131931769932764
06019.png,left-cheek,original_roi,0.24738471116994018
06019.png,right-cheek,original_roi,0.1279894368092985
06019.png,bottom-face,original_roi,0.22622794901223978
06019.png,forehead,original_roi,0.1292601639178062
06019.png,under-eyes,original_roi,0.14558796295156942
06019.png,left-cheek,a_degradation_11,0.2593313184531886
06019.png,right-cheek,a_degradation_11,0.1241786432738086
06019.png,bottom-face,a_degradation_11,0.22692731948466452
06019.png,forehead,a_degradation_11,0.12364755839920527
06019.png,under-eyes,a_degradation_11,0.1411022584514682
06019.png,left-cheek,a_degradation_17,0.25218456747570295
06019.png,right-cheek,a_degradation_17,0.11735955123191975
06019.png,bottom-face,a_degradation_17,0.20823844737645114
06019.png,forehead,a_degradation_17,0.12086212549263056
06019.png,under-eyes,a_degradation_17,0.13286653444374166
06021.png,left-cheek,original_roi,0.2028379817774986
06021.png,right-cheek,original_roi,0.16029980265291235
06021.png,bottom-face,original_roi,0.1778484996818676
06021.png,forehead,original_roi,0.1714460906200148
06021.png,under-eyes,original_roi,0.2047459267806897
06021.png,left-cheek,a_degradation_11,0.19937260458272205
06021.png,right-cheek,a_degradation_11,0.153138963858297
06021.png,bottom-face,a_degradation_11,0.16393445314050514
06021.png,forehead,a_degradation_11,0.1670170299110718
06021.png,under-eyes,a_degradation_11,0.20321925781236863
06021.png,left-cheek,a_degradation_17,0.1826450342715054
06021.png,right-cheek,a_degradation_17,0.13912018440068813
06021.png,bottom-face,a_degradation_17,0.14305987526048936
06021.png,forehead,a_degradation_17,0.15899904911509796
06021.png,under-eyes,a_degradation_17,0.19780939100921402
06023.png,left-cheek,original_roi,0.17057477797269455
06023.png,right-cheek,original_roi,0.15241491985658467
06023.png,bottom-face,original_roi,0.22578477366764105
06023.png,forehead,original_roi,0.2862193173029218
06023.png,under-eyes,original_roi,0.18652536083648633
06023.png,left-cheek,a_degradation_11,0.16935136896707823
06023.png,right-cheek,a_degradation_11,0.15021635747738588
06023.png,bottom-face,a_degradation_11,0.2280784680101969
06023.png,forehead,a_degradation_11,0.2637628353350212
06023.png,under-eyes,a_degradation_11,0.1802465848970876
06023.png,left-cheek,a_degradation_17,0.16049578076307203
06023.png,right-cheek,a_degradation_17,0.14777408776461104
06023.png,bottom-face,a_degradation_17,0.21332916891809942
06023.png,forehead,a_degradation_17,0.2507966836701151
06023.png,under-eyes,a_degradation_17,0.17596992298748254
06024.png,left-cheek,original_roi,0.2876525449711111
06024.png,right-cheek,original_roi,0.2649926168040179
06024.png,bottom-face,original_roi,0.252328814422137
06024.png,forehead,original_roi,0.22490622200220356
06024.png,under-eyes,original_roi,0.15670320532004164
06024.png,left-cheek,a_degradation_11,0.2864082872329249
06024.png,right-cheek,a_degradation_11,0.25708945658559407
06024.png,bottom-face,a_degradation_11,0.243041604339377
06024.png,forehead,a_degradation_11,0.2174925402134018
06024.png,under-eyes,a_degradation_11,0.15784136530787984
06024.png,left-cheek,a_degradation_17,0.2812680370215926
06024.png,right-cheek,a_degradation_17,0.22698750737294016
06024.png,bottom-face,a_degradation_17,0.21484487655606702
06024.png,forehead,a_degradation_17,0.20523879513242332
06024.png,under-eyes,a_degradation_17,0.15492527299629544
06026.png,left-cheek,original_roi,0.24053940050318526
06026.png,right-cheek,original_roi,0.24485615177449813
06026.png,bottom-face,original_roi,0.2474357195068928
06026.png,forehead,original_roi,0.1482042841834421
06026.png,under-eyes,original_roi,0.1487989050613408
06026.png,left-cheek,a_degradation_11,0.23253641310904025
06026.png,right-cheek,a_degradation_11,0.22528719752994844
06026.png,bottom-face,a_degradation_11,0.22587634714011576
06026.png,forehead,a_degradation_11,0.14802332077084987
06026.png,under-eyes,a_degradation_11,0.14619757660467905
06026.png,left-cheek,a_degradation_17,0.21058567378236165
06026.png,right-cheek,a_degradation_17,0.19569541281697542
06026.png,bottom-face,a_degradation_17,0.20136390489266776
06026.png,forehead,a_degradation_17,0.14367672643378251
06026.png,under-eyes,a_degradation_17,0.14838250155692162
06027.png,left-cheek,original_roi,0.19259713664264547
06027.png,right-cheek,original_roi,0.22504735142154544
06027.png,bottom-face,original_roi,0.18425211020477072
06027.png,forehead,original_roi,0.241777681693711
06027.png,under-eyes,original_roi,0.19165715285512705
06027.png,left-cheek,a_degradation_11,0.19098019298738866
06027.png,right-cheek,a_degradation_11,0.21962358099852813
06027.png,bottom-face,a_degradation_11,0.1793656273632376
06027.png,forehead,a_degradation_11,0.23178127706526536
06027.png,under-eyes,a_degradation_11,0.18715599053412726
06027.png,left-cheek,a_degradation_17,0.2022916516741428
06027.png,right-cheek,a_degradation_17,0.20759669184843038
06027.png,bottom-face,a_degradation_17,0.1704622299049209
06027.png,forehead,a_degradation_17,0.23556937401226452
06027.png,under-eyes,a_degradation_17,0.17837570370685393
06033.png,left-cheek,original_roi,0.1383104123248979
06033.png,right-cheek,original_roi,0.10779304831798801
06033.png,bottom-face,original_roi,0.1773263730490619
06033.png,forehead,original_roi,0.18537004623160253
06033.png,under-eyes,original_roi,0.22859666628081282
06033.png,left-cheek,a_degradation_11,0.13467481518465554
06033.png,right-cheek,a_degradation_11,0.10304237765380853
06033.png,bottom-face,a_degradation_11,0.17228666748923413
06033.png,forehead,a_degradation_11,0.18789914867426777
06033.png,under-eyes,a_degradation_11,0.21156857189617484
06033.png,left-cheek,a_degradation_17,0.12856650479353088
06033.png,right-cheek,a_degradation_17,0.10098802906674587
06033.png,bottom-face,a_degradation_17,0.17307387168151242
06033.png,forehead,a_degradation_17,0.17562496916631778
06033.png,under-eyes,a_degradation_17,0.21264005707425454
06034.png,left-cheek,original_roi,0.19407171870655687
06034.png,right-cheek,original_roi,0.2034585499949407
06034.png,bottom-face,original_roi,0.2882061953361166
06034.png,forehead,original_roi,0.25329288590260335
06034.png,under-eyes,original_roi,0.2908212691758683
06034.png,left-cheek,a_degradation_11,0.18373299895066228
06034.png,right-cheek,a_degradation_11,0.1934912164272525
06034.png,bottom-face,a_degradation_11,0.25532221022857554
06034.png,forehead,a_degradation_11,0.22652794738425588
06034.png,under-eyes,a_degradation_11,0.2679993879782348
06034.png,left-cheek,a_degradation_17,0.15298736441492714
06034.png,right-cheek,a_degradation_17,0.17745943488419888
06034.png,bottom-face,a_degradation_17,0.219873647238806
06034.png,forehead,a_degradation_17,0.21075737678694095
06034.png,under-eyes,a_degradation_17,0.2427312700874829
06041.png,left-cheek,original_roi,0.2896421315806425
06041.png,right-cheek,original_roi,0.20848507758159607
06041.png,bottom-face,original_roi,0.24195440292489329
06041.png,forehead,original_roi,0.22266819761103895
06041.png,under-eyes,original_roi,0.20003746018960616
06041.png,left-cheek,a_degradation_11,0.27686485045619086
06041.png,right-cheek,a_degradation_11,0.20016092554652032
06041.png,bottom-face,a_degradation_11,0.23055208219503975
06041.png,forehead,a_degradation_11,0.2106390941361475
06041.png,under-eyes,a_degradation_11,0.19218143104765195
06041.png,left-cheek,a_degradation_17,0.2424674294069366
06041.png,right-cheek,a_degradation_17,0.182420838649768
06041.png,bottom-face,a_degradation_17,0.20713014843029173
06041.png,forehead,a_degradation_17,0.21664286638832417
06041.png,under-eyes,a_degradation_17,0.18687105533892118
06042.png,left-cheek,original_roi,0.34096440266298367
06042.png,right-cheek,original_roi,0.3901184031895941
06042.png,bottom-face,original_roi,0.347290973187321
06042.png,forehead,original_roi,0.35612161977709594
06042.png,under-eyes,original_roi,0.33829472785595116
06042.png,left-cheek,a_degradation_11,0.32145039001132897
06042.png,right-cheek,a_degradation_11,0.33732511188837616
06042.png,bottom-face,a_degradation_11,0.3161700932873508
06042.png,forehead,a_degradation_11,0.31892101981284016
06042.png,under-eyes,a_degradation_11,0.32484345301019785
06042.png,left-cheek,a_degradation_17,0.2952752225495917
06042.png,right-cheek,a_degradation_17,0.2744837893011487
06042.png,bottom-face,a_degradation_17,0.28534510363018384
06042.png,forehead,a_degradation_17,0.29749968960384626
06042.png,under-eyes,a_degradation_17,0.27831721422909156
06043.png,left-cheek,original_roi,0.2216587848916189
06043.png,right-cheek,original_roi,0.1489058358634722
06043.png,bottom-face,original_roi,0.3249617709489273
06043.png,forehead,original_roi,0.10999807428155028
06043.png,under-eyes,original_roi,0.147358877203087
06043.png,left-cheek,a_degradation_11,0.22075792244218884
06043.png,right-cheek,a_degradation_11,0.1453770126342115
06043.png,bottom-face,a_degradation_11,0.29626441116118224
06043.png,forehead,a_degradation_11,0.10664317303592069
06043.png,under-eyes,a_degradation_11,0.1482559621847307
06043.png,left-cheek,a_degradation_17,0.19523390336857294
06043.png,right-cheek,a_degradation_17,0.13959339597363146
06043.png,bottom-face,a_degradation_17,0.2631143071864166
06043.png,forehead,a_degradation_17,0.10503589896367033
06043.png,under-eyes,a_degradation_17,0.1351950471554608
06044.png,left-cheek,original_roi,0.2521388226472975
06044.png,right-cheek,original_roi,0.27821978985567153
06044.png,bottom-face,original_roi,0.1410619234246938
06044.png,forehead,original_roi,0.2309748485932345
06044.png,under-eyes,original_roi,0.2511276123775984
06044.png,left-cheek,a_degradation_11,0.24557333237164244
06044.png,right-cheek,a_degradation_11,0.2780292756467626
06044.png,bottom-face,a_degradation_11,0.1367237768256102
06044.png,forehead,a_degradation_11,0.2271612701663487
06044.png,under-eyes,a_degradation_11,0.23853952279003449
06044.png,left-cheek,a_degradation_17,0.23813367577963757
06044.png,right-cheek,a_degradation_17,0.27262775550442764
06044.png,bottom-face,a_degradation_17,0.13097465104413253
06044.png,forehead,a_degradation_17,0.21524543200599172
06044.png,under-eyes,a_degradation_17,0.22828574917378278
06046.png,left-cheek,original_roi,0.1809474029072378
06046.png,right-cheek,original_roi,0.23659352913112516
06046.png,bottom-face,original_roi,0.16600184001721005
06046.png,forehead,original_roi,0.17053109874529962
06046.png,under-eyes,original_roi,0.21733625948435414
06046.png,left-cheek,a_degradation_11,0.1834097525330652
06046.png,right-cheek,a_degradation_11,0.25073989585405837
06046.png,bottom-face,a_degradation_11,0.16489047729644316
06046.png,forehead,a_degradation_11,0.16782344751685493
06046.png,under-eyes,a_degradation_11,0.20988088206711258
06046.png,left-cheek,a_degradation_17,0.18663164036605323
06046.png,right-cheek,a_degradation_17,0.24216770693849687
06046.png,bottom-face,a_degradation_17,0.15337486677712633
06046.png,forehead,a_degradation_17,0.15947487611707778
06046.png,under-eyes,a_degradation_17,0.20199494219941647
06047.png,left-cheek,original_roi,0.2644409672970632
06047.png,right-cheek,original_roi,0.2508771022806572
06047.png,bottom-face,original_roi,0.2127832228784437
06047.png,forehead,original_roi,0.18297269654126094
06047.png,under-eyes,original_roi,0.17823611120766875
06047.png,left-cheek,a_degradation_11,0.25874795252915134
06047.png,right-cheek,a_degradation_11,0.23404874217907537
06047.png,bottom-face,a_degradation_11,0.2066361040485863
06047.png,forehead,a_degradation_11,0.17959251707208443
06047.png,under-eyes,a_degradation_11,0.17032267944595716
06047.png,left-cheek,a_degradation_17,0.2100870693440515
06047.png,right-cheek,a_degradation_17,0.200902072099591
06047.png,bottom-face,a_degradation_17,0.1814162179555712
06047.png,forehead,a_degradation_17,0.1740612556510458
06047.png,under-eyes,a_degradation_17,0.1698269121130392
06048.png,left-cheek,original_roi,0.2685397456659632
06048.png,right-cheek,original_roi,0.2512391815872447
06048.png,bottom-face,original_roi,0.19877630159183918
06048.png,forehead,original_roi,0.2177141552228036
06048.png,under-eyes,original_roi,0.186593620395872
06048.png,left-cheek,a_degradation_11,0.2676696603822611
06048.png,right-cheek,a_degradation_11,0.23473273497483102
06048.png,bottom-face,a_degradation_11,0.1925573238194445
06048.png,forehead,a_degradation_11,0.2065489130842259
06048.png,under-eyes,a_degradation_11,0.18349295085966078
06048.png,left-cheek,a_degradation_17,0.2711356021915788
06048.png,right-cheek,a_degradation_17,0.2123870325867139
06048.png,bottom-face,a_degradation_17,0.17342634227066595
06048.png,forehead,a_degradation_17,0.20379374896031846
06048.png,under-eyes,a_degradation_17,0.17618296934451602
06049.png,left-cheek,original_roi,0.18357678874331296
06049.png,right-cheek,original_roi,0.24085432751038513
06049.png,bottom-face,original_roi,0.22628361318061974
06049.png,forehead,original_roi,0.20843432418018978
06049.png,under-eyes,original_roi,0.19534485954309075
06049.png,left-cheek,a_degradation_11,0.17642748418992646
06049.png,right-cheek,a_degradation_11,0.23546880462084532
06049.png,bottom-face,a_degradation_11,0.21110832282205177
06049.png,forehead,a_degradation_11,0.2002631603335757
06049.png,under-eyes,a_degradation_11,0.18391945459003706
06049.png,left-cheek,a_degradation_17,0.16342382654309856
06049.png,right-cheek,a_degradation_17,0.226297809591927
06049.png,bottom-face,a_degradation_17,0.19577270501163527
06049.png,forehead,a_degradation_17,0.2005235273567008
06049.png,under-eyes,a_degradation_17,0.1841544677930858
06050.png,left-cheek,original_roi,0.28359827509287727
06050.png,right-cheek,original_roi,0.3423695207618575
06050.png,bottom-face,original_roi,0.2138541138063736
06050.png,forehead,original_roi,0.1775091225733243
06050.png,under-eyes,original_roi,0.23708303750149773
06050.png,left-cheek,a_degradation_11,0.27722682975605717
06050.png,right-cheek,a_degradation_11,0.34154705595887686
06050.png,bottom-face,a_degradation_11,0.20319918383216615
06050.png,forehead,a_degradation_11,0.17700016931957704
06050.png,under-eyes,a_degradation_11,0.22071206671258048
06050.png,left-cheek,a_degradation_17,0.24883922822370128
06050.png,right-cheek,a_degradation_17,0.28500854221286726
06050.png,bottom-face,a_degradation_17,0.18617493703119145
06050.png,forehead,a_degradation_17,0.16868635163420914
06050.png,under-eyes,a_degradation_17,0.22300605478965313
06051.png,left-cheek,original_roi,0.2112452578524355
06051.png,right-cheek,original_roi,0.22760619707001375
06051.png,bottom-face,original_roi,0.2481368963023659
06051.png,forehead,original_roi,0.278864945160353
06051.png,under-eyes,original_roi,0.21131582332615426
06051.png,left-cheek,a_degradation_11,0.20866380620135272
06051.png,right-cheek,a_degradation_11,0.21995710848341316
06051.png,bottom-face,a_degradation_11,0.24044883441516812
06051.png,forehead,a_degradation_11,0.275800817895314
06051.png,under-eyes,a_degradation_11,0.20630507713295465
06051.png,left-cheek,a_degradation_17,0.20465155168012014
06051.png,right-cheek,a_degradation_17,0.2120679641708475
06051.png,bottom-face,a_degradation_17,0.22582522733457705
06051.png,forehead,a_degradation_17,0.2560758357396729
06051.png,under-eyes,a_degradation_17,0.20302860221216495
06056.png,left-cheek,original_roi,0.27953916210597046
06056.png,right-cheek,original_roi,0.15709535869072658
06056.png,bottom-face,original_roi,0.202992684664697
06056.png,forehead,original_roi,0.2894415280968886
06056.png,under-eyes,original_roi,0.2301160883068536
06056.png,left-cheek,a_degradation_11,0.2530287488371471
06056.png,right-cheek,a_degradation_11,0.15009271212224692
06056.png,bottom-face,a_degradation_11,0.19276010058425055
06056.png,forehead,a_degradation_11,0.2699361150838189
06056.png,under-eyes,a_degradation_11,0.21750118846268654
06056.png,left-cheek,a_degradation_17,0.21656241410287708
06056.png,right-cheek,a_degradation_17,0.157848475731361
06056.png,bottom-face,a_degradation_17,0.17538205176675453
06056.png,forehead,a_degradation_17,0.2428112225013535
06056.png,under-eyes,a_degradation_17,0.21485411290047038
06057.png,left-cheek,original_roi,0.2945721831404708
06057.png,right-cheek,original_roi,0.31344079251399504
06057.png,bottom-face,original_roi,0.1726931842219986
06057.png,forehead,original_roi,0.15174818203550272
06057.png,under-eyes,original_roi,0.22746564356485446
06057.png,left-cheek,a_degradation_11,0.29636520711257447
06057.png,right-cheek,a_degradation_11,0.2926267818992156
06057.png,bottom-face,a_degradation_11,0.16472436134113205
06057.png,forehead,a_degradation_11,0.14841567908687534
06057.png,under-eyes,a_degradation_11,0.2119583231400426
06057.png,left-cheek,a_degradation_17,0.2868572780155741
06057.png,right-cheek,a_degradation_17,0.2572821843899718
06057.png,bottom-face,a_degradation_17,0.1548948925615513
06057.png,forehead,a_degradation_17,0.1443471768096534
06057.png,under-eyes,a_degradation_17,0.20985576138897835
06058.png,left-cheek,original_roi,0.1360496590805028
06058.png,right-cheek,original_roi,0.14039317871690846
06058.png,bottom-face,original_roi,0.11646916295455984
06058.png,forehead,original_roi,0.1438189435239118
06058.png,under-eyes,original_roi,0.125696460458418
06058.png,left-cheek,a_degradation_11,0.13268547108479073
06058.png,right-cheek,a_degradation_11,0.13517668306895658
06058.png,bottom-face,a_degradation_11,0.11313761724782422
06058.png,forehead,a_degradation_11,0.13997178207872998
06058.png,under-eyes,a_degradation_11,0.11957912032918402
06058.png,left-cheek,a_degradation_17,0.12381539520330646
06058.png,right-cheek,a_degradation_17,0.1225880041133858
06058.png,bottom-face,a_degradation_17,0.10784582861729518
06058.png,forehead,a_degradation_17,0.13249692534801558
06058.png,under-eyes,a_degradation_17,0.115677659702878
06059.png,left-cheek,original_roi,0.168107439529265
06059.png,right-cheek,original_roi,0.18174091739224776
06059.png,bottom-face,original_roi,0.1704218364484856
06059.png,forehead,original_roi,0.18437967950689843
06059.png,under-eyes,original_roi,0.1507637673018269
06059.png,left-cheek,a_degradation_11,0.17457935107389944
06059.png,right-cheek,a_degradation_11,0.1820211885515304
06059.png,bottom-face,a_degradation_11,0.17261963631744615
06059.png,forehead,a_degradation_11,0.18383308450460867
06059.png,under-eyes,a_degradation_11,0.14818741330458984
06059.png,left-cheek,a_degradation_17,0.18544835052818395
06059.png,right-cheek,a_degradation_17,0.19577778350764632
06059.png,bottom-face,a_degradation_17,0.16794829005895745
06059.png,forehead,a_degradation_17,0.18501529298173477
06059.png,under-eyes,a_degradation_17,0.14707414393150176
06060.png,left-cheek,original_roi,0.18643682482890395
06060.png,right-cheek,original_roi,0.2318629616740586
06060.png,bottom-face,original_roi,0.20126274678742329
06060.png,forehead,original_roi,0.2320626845180277
06060.png,under-eyes,original_roi,0.2198653746142049
06060.png,left-cheek,a_degradation_11,0.1839936576008294
06060.png,right-cheek,a_degradation_11,0.22351944402411758
06060.png,bottom-face,a_degradation_11,0.19855875209425186
06060.png,forehead,a_degradation_11,0.22503484903528237
06060.png,under-eyes,a_degradation_11,0.20901077099850374
06060.png,left-cheek,a_degradation_17,0.1822206305984306
06060.png,right-cheek,a_degradation_17,0.2010034097129108
06060.png,bottom-face,a_degradation_17,0.18635924495550668
06060.png,forehead,a_degradation_17,0.20921085121675476
06060.png,under-eyes,a_degradation_17,0.20285437299501158
06061.png,left-cheek,original_roi,0.2810165319644376
06061.png,right-cheek,original_roi,0.2640227761744029
06061.png,bottom-face,original_roi,0.2083445242925768
06061.png,forehead,original_roi,0.22950481935174608
06061.png,under-eyes,original_roi,0.23807431613554222
06061.png,left-cheek,a_degradation_11,0.2724021579181795
06061.png,right-cheek,a_degradation_11,0.25216318189411524
06061.png,bottom-face,a_degradation_11,0.2037089886674301
06061.png,forehead,a_degradation_11,0.22559142008819089
06061.png,under-eyes,a_degradation_11,0.2339328203563246
06061.png,left-cheek,a_degradation_17,0.24228565657312637
06061.png,right-cheek,a_degradation_17,0.22972110570983717
06061.png,bottom-face,a_degradation_17,0.187877571300804
06061.png,forehead,a_degradation_17,0.21186729180532618
06061.png,under-eyes,a_degradation_17,0.22526580478951658
06063.png,left-cheek,original_roi,0.20102636892809272
06063.png,right-cheek,original_roi,0.3227678571316919
06063.png,bottom-face,original_roi,0.2054827475320207
06063.png,forehead,original_roi,0.17025134164996183
06063.png,under-eyes,original_roi,0.17071845981040135
06063.png,left-cheek,a_degradation_11,0.19321294292391322
06063.png,right-cheek,a_degradation_11,0.30832975794630096
06063.png,bottom-face,a_degradation_11,0.20780287945560819
06063.png,forehead,a_degradation_11,0.16804076846324698
06063.png,under-eyes,a_degradation_11,0.1639557290479814
06063.png,left-cheek,a_degradation_17,0.18995261881610342
06063.png,right-cheek,a_degradation_17,0.26851881111305104
06063.png,bottom-face,a_degradation_17,0.19374281112795233
06063.png,forehead,a_degradation_17,0.16398222062694975
06063.png,under-eyes,a_degradation_17,0.16415178001620728
06064.png,left-cheek,original_roi,0.33244145507305667
06064.png,right-cheek,original_roi,0.2212540261430349
06064.png,bottom-face,original_roi,0.2663867086426717
06064.png,forehead,original_roi,0.16782611273872325
06064.png,under-eyes,original_roi,0.29194282085738643
06064.png,left-cheek,a_degradation_11,0.32919390942402216
06064.png,right-cheek,a_degradation_11,0.19957644136325742
06064.png,bottom-face,a_degradation_11,0.2531134408063375
06064.png,forehead,a_degradation_11,0.16080100053451532
06064.png,under-eyes,a_degradation_11,0.27810967871947584
06064.png,left-cheek,a_degradation_17,0.27684106018626037
06064.png,right-cheek,a_degradation_17,0.17478698973284623
06064.png,bottom-face,a_degradation_17,0.2210981164878535
06064.png,forehead,a_degradation_17,0.15745147291145775
06064.png,under-eyes,a_degradation_17,0.2566143237900566
06065.png,left-cheek,original_roi,0.17519433382559066
06065.png,right-cheek,original_roi,0.18082511962930659
06065.png,bottom-face,original_roi,0.20387284939393807
06065.png,forehead,original_roi,0.2651085540369843
06065.png,under-eyes,original_roi,0.2425749258421693
06065.png,left-cheek,a_degradation_11,0.16904420683762386
06065.png,right-cheek,a_degradation_11,0.16645523674390264
06065.png,bottom-face,a_degradation_11,0.19067588146016842
06065.png,forehead,a_degradation_11,0.2412699088002858
06065.png,under-eyes,a_degradation_11,0.22357763371847927
06065.png,left-cheek,a_degradation_17,0.15502470027191262
06065.png,right-cheek,a_degradation_17,0.14358490387766165
06065.png,bottom-face,a_degradation_17,0.17450727889956547
06065.png,forehead,a_degradation_17,0.22704497289845726
06065.png,under-eyes,a_degradation_17,0.219739526002863
06066.png,left-cheek,original_roi,0.18121530107042436
06066.png,right-cheek,original_roi,0.1756675889733313
06066.png,bottom-face,original_roi,0.16381311481242639
06066.png,forehead,original_roi,0.17204636143560958
06066.png,under-eyes,original_roi,0.18630682602631604
06066.png,left-cheek,a_degradation_11,0.18484460351601928
06066.png,right-cheek,a_degradation_11,0.17508253516330438
06066.png,bottom-face,a_degradation_11,0.16125760930614572
06066.png,forehead,a_degradation_11,0.16766545033013008
06066.png,under-eyes,a_degradation_11,0.1786325571751938
06066.png,left-cheek,a_degradation_17,0.1786703677690636
06066.png,right-cheek,a_degradation_17,0.179667244825711
06066.png,bottom-face,a_degradation_17,0.1579771995385984
06066.png,forehead,a_degradation_17,0.15915568269750377
06066.png,under-eyes,a_degradation_17,0.17513489545455083
06067.png,left-cheek,original_roi,0.21617273852642174
06067.png,right-cheek,original_roi,0.2167184854902235
06067.png,bottom-face,original_roi,0.16563123778392796
06067.png,forehead,original_roi,0.260092850076198
06067.png,under-eyes,original_roi,0.2022403403918229
06067.png,left-cheek,a_degradation_11,0.20770019962880415
06067.png,right-cheek,a_degradation_11,0.2108628065916355
06067.png,bottom-face,a_degradation_11,0.15985485590819065
06067.png,forehead,a_degradation_11,0.24826528328013722
06067.png,under-eyes,a_degradation_11,0.19642274450234368
06067.png,left-cheek,a_degradation_17,0.1850621886545528
06067.png,right-cheek,a_degradation_17,0.2158586788477962
06067.png,bottom-face,a_degradation_17,0.15062681135005176
06067.png,forehead,a_degradation_17,0.23320462120011742
06067.png,under-eyes,a_degradation_17,0.18503121118828134
06069.png,left-cheek,original_roi,0.33984558516430846
06069.png,right-cheek,original_roi,0.4076522918887734
06069.png,bottom-face,original_roi,0.3110262178025919
06069.png,forehead,original_roi,0.25902511821479685
06069.png,under-eyes,original_roi,0.24365345526780136
06069.png,left-cheek,a_degradation_11,0.333811954791687
06069.png,right-cheek,a_degradation_11,0.3702211237624146
06069.png,bottom-face,a_degradation_11,0.29281875379771977
06069.png,forehead,a_degradation_11,0.24909620088122827
06069.png,under-eyes,a_degradation_11,0.22171738625227813
06069.png,left-cheek,a_degradation_17,0.29305295038285634
06069.png,right-cheek,a_degradation_17,0.395821360827171
06069.png,bottom-face,a_degradation_17,0.2736661059027771
06069.png,forehead,a_degradation_17,0.23327983284447767
06069.png,under-eyes,a_degradation_17,0.22661268658171363
06070.png,left-cheek,original_roi,0.22272611518719596
06070.png,right-cheek,original_roi,0.20692155824971734
06070.png,bottom-face,original_roi,0.17340166660824327
06070.png,forehead,original_roi,0.254821558386325
06070.png,under-eyes,original_roi,0.22410677575127352
06070.png,left-cheek,a_degradation_11,0.22940940559397643
06070.png,right-cheek,a_degradation_11,0.19978987667665693
06070.png,bottom-face,a_degradation_11,0.171053801524171
06070.png,forehead,a_degradation_11,0.24333613846767435
06070.png,under-eyes,a_degradation_11,0.21584875609469942
06070.png,left-cheek,a_degradation_17,0.23427062588692357
06070.png,right-cheek,a_degradation_17,0.18367431885096525
06070.png,bottom-face,a_degradation_17,0.15862984428099527
06070.png,forehead,a_degradation_17,0.22962068101712893
06070.png,under-eyes,a_degradation_17,0.20601293232264775
06071.png,left-cheek,original_roi,0.10745174323449379
06071.png,right-cheek,original_roi,0.2162260668876551
06071.png,bottom-face,original_roi,0.14593468619201294
06071.png,forehead,original_roi,0.16123230862661375
06071.png,under-eyes,original_roi,0.09325211753006074
06071.png,left-cheek,a_degradation_11,0.10432668022027551
06071.png,right-cheek,a_degradation_11,0.21024326696241313
06071.png,bottom-face,a_degradation_11,0.13879789508955404
06071.png,forehead,a_degradation_11,0.15557429400428227
06071.png,under-eyes,a_degradation_11,0.0921246888496708
06071.png,left-cheek,a_degradation_17,0.1025176217010878
06071.png,right-cheek,a_degradation_17,0.19071243815986966
06071.png,bottom-face,a_degradation_17,0.13060966545728306
06071.png,forehead,a_degradation_17,0.149718530644473
06071.png,under-eyes,a_degradation_17,0.09089838422040056
06072.png,left-cheek,original_roi,0.2715260146248046
06072.png,right-cheek,original_roi,0.22468765269376467
06072.png,bottom-face,original_roi,0.20856862786073763
06072.png,forehead,original_roi,0.16581098088034346
06072.png,under-eyes,original_roi,0.20377211791728292
06072.png,left-cheek,a_degradation_11,0.2688615546747043
06072.png,right-cheek,a_degradation_11,0.22158473651532717
06072.png,bottom-face,a_degradation_11,0.2062082285146249
06072.png,forehead,a_degradation_11,0.1593369837269924
06072.png,under-eyes,a_degradation_11,0.19993544278856074
06072.png,left-cheek,a_degradation_17,0.2755668283463355
06072.png,right-cheek,a_degradation_17,0.21173022757731866
06072.png,bottom-face,a_degradation_17,0.19249159270491106
06072.png,forehead,a_degradation_17,0.15479896865446957
06072.png,under-eyes,a_degradation_17,0.19193527573251817
06074.png,left-cheek,original_roi,0.16554800141090034
06074.png,right-cheek,original_roi,0.24598325310333927
06074.png,bottom-face,original_roi,0.19764317512197518
06074.png,forehead,original_roi,0.19229151841353775
06074.png,under-eyes,original_roi,0.21225817444768816
06074.png,left-cheek,a_degradation_11,0.15266356204585313
06074.png,right-cheek,a_degradation_11,0.2172943773614237
06074.png,bottom-face,a_degradation_11,0.18036579005670833
06074.png,forehead,a_degradation_11,0.1735192551580859
06074.png,under-eyes,a_degradation_11,0.19142513777469197
06074.png,left-cheek,a_degradation_17,0.14389771731326395
06074.png,right-cheek,a_degradation_17,0.1891480718628863
06074.png,bottom-face,a_degradation_17,0.15829064651449484
06074.png,forehead,a_degradation_17,0.16767653206164684
06074.png,under-eyes,a_degradation_17,0.17649181024688979
06076.png,left-cheek,original_roi,0.2756346294327
06076.png,right-cheek,original_roi,0.30522320173972184
06076.png,bottom-face,original_roi,0.24789048167238367
06076.png,forehead,original_roi,0.3055252528093766
06076.png,under-eyes,original_roi,0.24816404312167858
06076.png,left-cheek,a_degradation_11,0.27721867508132464
06076.png,right-cheek,a_degradation_11,0.2943530003111361
06076.png,bottom-face,a_degradation_11,0.24330293051206078
06076.png,forehead,a_degradation_11,0.290212989512927
06076.png,under-eyes,a_degradation_11,0.235616054671546
06076.png,left-cheek,a_degradation_17,0.2750199051228459
06076.png,right-cheek,a_degradation_17,0.25956953098851143
06076.png,bottom-face,a_degradation_17,0.22824053596483904
06076.png,forehead,a_degradation_17,0.2644909588704686
06076.png,under-eyes,a_degradation_17,0.23201542588294258
06079.png,left-cheek,original_roi,0.40557566653720983
06079.png,right-cheek,original_roi,0.2975463016573997
06079.png,bottom-face,original_roi,0.23101086815514915
06079.png,forehead,original_roi,0.1919687822250414
06079.png,under-eyes,original_roi,0.29096795382269514
06079.png,left-cheek,a_degradation_11,0.37208672508886054
06079.png,right-cheek,a_degradation_11,0.28263547943044476
06079.png,bottom-face,a_degradation_11,0.2241948411935881
06079.png,forehead,a_degradation_11,0.184754645135815
06079.png,under-eyes,a_degradation_11,0.27195619127944576
06079.png,left-cheek,a_degradation_17,0.34114329059047493
06079.png,right-cheek,a_degradation_17,0.23847465834058876
06079.png,bottom-face,a_degradation_17,0.20563831854389952
06079.png,forehead,a_degradation_17,0.1754897661024855
06079.png,under-eyes,a_degradation_17,0.24774075654177058
06083.png,left-cheek,original_roi,0.2572329353259043
06083.png,right-cheek,original_roi,0.2910939662822272
06083.png,bottom-face,original_roi,0.2574118586393468
06083.png,forehead,original_roi,0.2375070090350654
06083.png,under-eyes,original_roi,0.1916852363514117
06083.png,left-cheek,a_degradation_11,0.24497971663566695
06083.png,right-cheek,a_degradation_11,0.2889780561877172
06083.png,bottom-face,a_degradation_11,0.24953298058011414
06083.png,forehead,a_degradation_11,0.22424714071868912
06083.png,under-eyes,a_degradation_11,0.18489384069492582
06083.png,left-cheek,a_degradation_17,0.22230173117221924
06083.png,right-cheek,a_degradation_17,0.2822610597433366
06083.png,bottom-face,a_degradation_17,0.22275263909420068
06083.png,forehead,a_degradation_17,0.21848238352483856
06083.png,under-eyes,a_degradation_17,0.17238549156785943
06085.png,left-cheek,original_roi,0.21080500548803416
06085.png,right-cheek,original_roi,0.18157161509401495
06085.png,bottom-face,original_roi,0.21946421350528675
06085.png,forehead,original_roi,0.19732474235333008
06085.png,under-eyes,original_roi,0.20229055845927388
06085.png,left-cheek,a_degradation_11,0.20058603126102317
06085.png,right-cheek,a_degradation_11,0.17204708550513362
06085.png,bottom-face,a_degradation_11,0.20653665153436573
06085.png,forehead,a_degradation_11,0.19416596165474273
06085.png,under-eyes,a_degradation_11,0.18801584396974327
06085.png,left-cheek,a_degradation_17,0.18734599373796065
06085.png,right-cheek,a_degradation_17,0.1494654307667078
06085.png,bottom-face,a_degradation_17,0.19312476047922764
06085.png,forehead,a_degradation_17,0.18614048934154662
06085.png,under-eyes,a_degradation_17,0.1823611203870812
06088.png,left-cheek,original_roi,0.2560695532669646
06088.png,right-cheek,original_roi,0.3094680186526924
06088.png,bottom-face,original_roi,0.3095312745436027
06088.png,forehead,original_roi,0.2932191809539632
06088.png,under-eyes,original_roi,0.3069606613634335
06088.png,left-cheek,a_degradation_11,0.24581916608065163
06088.png,right-cheek,a_degradation_11,0.2983175816257484
06088.png,bottom-face,a_degradation_11,0.2869068141606474
06088.png,forehead,a_degradation_11,0.28427899771534265
06088.png,under-eyes,a_degradation_11,0.27713862973053993
06088.png,left-cheek,a_degradation_17,0.221722555035397
06088.png,right-cheek,a_degradation_17,0.2409869692552619
06088.png,bottom-face,a_degradation_17,0.2507498522714241
06088.png,forehead,a_degradation_17,0.2700485245374066
06088.png,under-eyes,a_degradation_17,0.27698471920881645
06093.png,left-cheek,original_roi,0.2886642067110417
06093.png,right-cheek,original_roi,0.25284867964999563
06093.png,bottom-face,original_roi,0.27335197868423594
06093.png,forehead,original_roi,0.31316025387855095
06093.png,under-eyes,original_roi,0.23588289223880057
06093.png,left-cheek,a_degradation_11,0.26538702278374177
06093.png,right-cheek,a_degradation_11,0.2447990387437343
06093.png,bottom-face,a_degradation_11,0.24294238154243905
06093.png,forehead,a_degradation_11,0.294562519980201
06093.png,under-eyes,a_degradation_11,0.2149993243953954
06093.png,left-cheek,a_degradation_17,0.2345314663882964
06093.png,right-cheek,a_degradation_17,0.22615848275523265
06093.png,bottom-face,a_degradation_17,0.2224042816879601
06093.png,forehead,a_degradation_17,0.26698832630096486
06093.png,under-eyes,a_degradation_17,0.21722813159782947
06094.png,left-cheek,original_roi,0.19867466414597074
06094.png,right-cheek,original_roi,0.25350004380778535
06094.png,bottom-face,original_roi,0.22247669634679137
06094.png,forehead,original_roi,0.23886196933507392
06094.png,under-eyes,original_roi,0.28670652325347945
06094.png,left-cheek,a_degradation_11,0.18135255767481884
06094.png,right-cheek,a_degradation_11,0.22941346545927535
06094.png,bottom-face,a_degradation_11,0.20152056666935453
06094.png,forehead,a_degradation_11,0.21884086174641693
06094.png,under-eyes,a_degradation_11,0.2692436055442882
06094.png,left-cheek,a_degradation_17,0.1666197882195906
06094.png,right-cheek,a_degradation_17,0.19438787902471924
06094.png,bottom-face,a_degradation_17,0.19199595653046872
06094.png,forehead,a_degradation_17,0.21401409306180397
06094.png,under-eyes,a_degradation_17,0.2650362980522457
06095.png,left-cheek,original_roi,0.14631814443275865
06095.png,right-cheek,original_roi,0.1620800518575294
06095.png,bottom-face,original_roi,0.16465608766870132
06095.png,forehead,original_roi,0.14009505538809702
06095.png,under-eyes,original_roi,0.14151921370416734
06095.png,left-cheek,a_degradation_11,0.14009515646217177
06095.png,right-cheek,a_degradation_11,0.1552911580554106
06095.png,bottom-face,a_degradation_11,0.16042377078783032
06095.png,forehead,a_degradation_11,0.1368612251178818
06095.png,under-eyes,a_degradation_11,0.1376474532537972
06095.png,left-cheek,a_degradation_17,0.13434296788838426
06095.png,right-cheek,a_degradation_17,0.14693376228249547
06095.png,bottom-face,a_degradation_17,0.15891216119438967
06095.png,forehead,a_degradation_17,0.13558332016362162
06095.png,under-eyes,a_degradation_17,0.13724135217683037
06096.png,left-cheek,original_roi,0.3951670055735001
06096.png,right-cheek,original_roi,0.3057612559371266
06096.png,bottom-face,original_roi,0.2756664797497718
06096.png,forehead,original_roi,0.1916541735312446
06096.png,under-eyes,original_roi,0.2522710234704393
06096.png,left-cheek,a_degradation_11,0.33656908063059204
06096.png,right-cheek,a_degradation_11,0.2705321694808799
06096.png,bottom-face,a_degradation_11,0.2560958530639492
06096.png,forehead,a_degradation_11,0.18535532661329182
06096.png,under-eyes,a_degradation_11,0.23985403886613027
06096.png,left-cheek,a_degradation_17,0.28000217797066124
06096.png,right-cheek,a_degradation_17,0.23538253303778675
06096.png,bottom-face,a_degradation_17,0.2419578700137256
06096.png,forehead,a_degradation_17,0.17663673978861172
06096.png,under-eyes,a_degradation_17,0.23562995108479576
06098.png,left-cheek,original_roi,0.13473395825078438
06098.png,right-cheek,original_roi,0.19885974670556095
06098.png,bottom-face,original_roi,0.129815096162492
06098.png,forehead,original_roi,0.15891717367036648
06098.png,under-eyes,original_roi,0.13163569324514515
06098.png,left-cheek,a_degradation_11,0.12386998903283693
06098.png,right-cheek,a_degradation_11,0.2076435732922351
06098.png,bottom-face,a_degradation_11,0.12217576979516774
06098.png,forehead,a_degradation_11,0.15560525329185504
06098.png,under-eyes,a_degradation_11,0.12452427507475496
06098.png,left-cheek,a_degradation_17,0.11494778180727853
06098.png,right-cheek,a_degradation_17,0.198761965720273
06098.png,bottom-face,a_degradation_17,0.11136065938234178
06098.png,forehead,a_degradation_17,0.15398577195292468
06098.png,under-eyes,a_degradation_17,0.12003124821676084
06099.png,left-cheek,original_roi,0.17087256407373852
06099.png,right-cheek,original_roi,0.15375851823779832
06099.png,bottom-face,original_roi,0.17876111407904746
06099.png,forehead,original_roi,0.21168736736462632
06099.png,under-eyes,original_roi,0.16250727529612033
06099.png,left-cheek,a_degradation_11,0.16162051222405635
06099.png,right-cheek,a_degradation_11,0.14729610846321198
06099.png,bottom-face,a_degradation_11,0.17025381087400066
06099.png,forehead,a_degradation_11,0.2034906519196673
06099.png,under-eyes,a_degradation_11,0.15099217383718191
06099.png,left-cheek,a_degradation_17,0.14316436952407816
06099.png,right-cheek,a_degradation_17,0.14430135077777417
06099.png,bottom-face,a_degradation_17,0.1596539683675937
06099.png,forehead,a_degradation_17,0.18765566568011113
06099.png,under-eyes,a_degradation_17,0.1404087317952175
06100.png,left-cheek,original_roi,0.22560177284538294
06100.png,right-cheek,original_roi,0.2763170519689834
06100.png,bottom-face,original_roi,0.23743824088247623
06100.png,forehead,original_roi,0.28770240946645453
06100.png,under-eyes,original_roi,0.25852005695497815
06100.png,left-cheek,a_degradation_11,0.22351829158113717
06100.png,right-cheek,a_degradation_11,0.27413935020669894
06100.png,bottom-face,a_degradation_11,0.23894734358535508
06100.png,forehead,a_degradation_11,0.2751470912623354
06100.png,under-eyes,a_degradation_11,0.24641864044815096
06100.png,left-cheek,a_degradation_17,0.21200340522341915
06100.png,right-cheek,a_degradation_17,0.26159867956753224
06100.png,bottom-face,a_degradation_17,0.21690520519299203
06100.png,forehead,a_degradation_17,0.2743699112412254
06100.png,under-eyes,a_degradation_17,0.24168470820193494
06102.png,left-cheek,original_roi,0.19296094793508403
06102.png,right-cheek,original_roi,0.2148316350541617
06102.png,bottom-face,original_roi,0.2288570034514089
06102.png,forehead,original_roi,0.23469780302938376
06102.png,under-eyes,original_roi,0.2737242928443436
06102.png,left-cheek,a_degradation_11,0.18971372340422715
06102.png,right-cheek,a_degradation_11,0.21153178259480804
06102.png,bottom-face,a_degradation_11,0.22063537467054975
06102.png,forehead,a_degradation_11,0.22647867843750627
06102.png,under-eyes,a_degradation_11,0.2537005522788948
06102.png,left-cheek,a_degradation_17,0.19580277272296642
06102.png,right-cheek,a_degradation_17,0.1872114830003539
06102.png,bottom-face,a_degradation_17,0.19193842190405422
06102.png,forehead,a_degradation_17,0.22176002009294127
06102.png,under-eyes,a_degradation_17,0.2527631948116455
06103.png,left-cheek,original_roi,0.3232057080926311
06103.png,right-cheek,original_roi,0.27908862609134816
06103.png,bottom-face,original_roi,0.2525191816757162
06103.png,forehead,original_roi,0.29570996201234334
06103.png,under-eyes,original_roi,0.29905704678670775
06103.png,left-cheek,a_degradation_11,0.3249281253211328
06103.png,right-cheek,a_degradation_11,0.2730586891219568
06103.png,bottom-face,a_degradation_11,0.24185710117775092
06103.png,forehead,a_degradation_11,0.27940975190865197
06103.png,under-eyes,a_degradation_11,0.27994801393766405
06103.png,left-cheek,a_degradation_17,0.27846493052139637
06103.png,right-cheek,a_degradation_17,0.24133844633783513
06103.png,bottom-face,a_degradation_17,0.20713171345587178
06103.png,forehead,a_degradation_17,0.2587565221435373
06103.png,under-eyes,a_degradation_17,0.2698925154387969
06104.png,left-cheek,original_roi,0.15579498927086213
06104.png,right-cheek,original_roi,0.20120809894086894
06104.png,bottom-face,original_roi,0.1504361771621071
06104.png,forehead,original_roi,0.09786766846899837
06104.png,under-eyes,original_roi,0.18918354583824812
06104.png,left-cheek,a_degradation_11,0.1588621431728029
06104.png,right-cheek,a_degradation_11,0.19950484099630833
06104.png,bottom-face,a_degradation_11,0.14818759707279977
06104.png,forehead,a_degradation_11,0.09808486966548362
06104.png,under-eyes,a_degradation_11,0.18393133727773286
06104.png,left-cheek,a_degradation_17,0.17108863482753706
06104.png,right-cheek,a_degradation_17,0.1945025267114543
06104.png,bottom-face,a_degradation_17,0.1418846841625519
06104.png,forehead,a_degradation_17,0.09727016255741225
06104.png,under-eyes,a_degradation_17,0.18290048460100658
06105.png,left-cheek,original_roi,0.35646773329807896
06105.png,right-cheek,original_roi,0.3511162799669528
06105.png,bottom-face,original_roi,0.14238041544198202
06105.png,forehead,original_roi,0.23976199590264213
06105.png,under-eyes,original_roi,0.2287835043448806
06105.png,left-cheek,a_degradation_11,0.33573409168091806
06105.png,right-cheek,a_degradation_11,0.33902637034687094
06105.png,bottom-face,a_degradation_11,0.1400099186199091
06105.png,forehead,a_degradation_11,0.22872984230547636
06105.png,under-eyes,a_degradation_11,0.2199369235788586
06105.png,left-cheek,a_degradation_17,0.28450218571581976
06105.png,right-cheek,a_degradation_17,0.2870931030005058
06105.png,bottom-face,a_degradation_17,0.13437359233720575
06105.png,forehead,a_degradation_17,0.22642687861932673
06105.png,under-eyes,a_degradation_17,0.21810565134172288
06106.png,left-cheek,original_roi,0.1982938190698818
06106.png,right-cheek,original_roi,0.23320756781772103
06106.png,bottom-face,original_roi,0.14306568552322427
06106.png,forehead,original_roi,0.1497180256093861
06106.png,under-eyes,original_roi,0.13711098925077414
06106.png,left-cheek,a_degradation_11,0.19131578072434519
06106.png,right-cheek,a_degradation_11,0.225033968867471
06106.png,bottom-face,a_degradation_11,0.13832441522669672
06106.png,forehead,a_degradation_11,0.1503461408052153
06106.png,under-eyes,a_degradation_11,0.13377737526131223
06106.png,left-cheek,a_degradation_17,0.1855628481296488
06106.png,right-cheek,a_degradation_17,0.20548963344418564
06106.png,bottom-face,a_degradation_17,0.1392079554481067
06106.png,forehead,a_degradation_17,0.14555384627589305
06106.png,under-eyes,a_degradation_17,0.13748942413693163
06107.png,left-cheek,original_roi,0.26690917962939475
06107.png,right-cheek,original_roi,0.2656049226133284
06107.png,bottom-face,original_roi,0.2762375836822229
06107.png,forehead,original_roi,0.2849064910284548
06107.png,under-eyes,original_roi,0.28967175589982563
06107.png,left-cheek,a_degradation_11,0.2605771245069309
06107.png,right-cheek,a_degradation_11,0.267476428466921
06107.png,bottom-face,a_degradation_11,0.2649661076434414
06107.png,forehead,a_degradation_11,0.25957884911371343
06107.png,under-eyes,a_degradation_11,0.2699570992089205
06107.png,left-cheek,a_degradation_17,0.24221916082884185
06107.png,right-cheek,a_degradation_17,0.2297710932797355
06107.png,bottom-face,a_degradation_17,0.22873536005859216
06107.png,forehead,a_degradation_17,0.2478312525978591
06107.png,under-eyes,a_degradation_17,0.2571585578481143
06108.png,left-cheek,original_roi,0.3670545888033716
06108.png,right-cheek,original_roi,0.40110064597578515
06108.png,bottom-face,original_roi,0.37336450947307054
06108.png,forehead,original_roi,0.31380803373911603
06108.png,under-eyes,original_roi,0.3529266054071072
06108.png,left-cheek,a_degradation_11,0.354201962945243
06108.png,right-cheek,a_degradation_11,0.3503421136382756
06108.png,bottom-face,a_degradation_11,0.3358308535709135
06108.png,forehead,a_degradation_11,0.30421107567767497
06108.png,under-eyes,a_degradation_11,0.3159478897321749
06108.png,left-cheek,a_degradation_17,0.2948375112031144
06108.png,right-cheek,a_degradation_17,0.2830971192180579
06108.png,bottom-face,a_degradation_17,0.29730340125172244
06108.png,forehead,a_degradation_17,0.28021159252016875
06108.png,under-eyes,a_degradation_17,0.3084791015150779
06109.png,left-cheek,original_roi,0.09214521361774505
06109.png,right-cheek,original_roi,0.18830563796410438
06109.png,bottom-face,original_roi,0.19675382348141754
06109.png,forehead,original_roi,0.13274620677514115
06109.png,under-eyes,original_roi,0.1462728077714711
06109.png,left-cheek,a_degradation_11,0.09225136759228361
06109.png,right-cheek,a_degradation_11,0.19331564294628809
06109.png,bottom-face,a_degradation_11,0.1951181878810652
06109.png,forehead,a_degradation_11,0.13325177373959987
06109.png,under-eyes,a_degradation_11,0.1389387562303048
06109.png,left-cheek,a_degradation_17,0.08966589978448522
06109.png,right-cheek,a_degradation_17,0.17888064139065668
06109.png,bottom-face,a_degradation_17,0.17795902806910116
06109.png,forehead,a_degradation_17,0.12822107844850839
06109.png,under-eyes,a_degradation_17,0.13709235104672704
06110.png,left-cheek,original_roi,0.24101685559710362
06110.png,right-cheek,original_roi,0.21741829711032862
06110.png,bottom-face,original_roi,0.3221101530197633
06110.png,forehead,original_roi,0.3291265523383461
06110.png,under-eyes,original_roi,0.24488648440973046
06110.png,left-cheek,a_degradation_11,0.22675645740945885
06110.png,right-cheek,a_degradation_11,0.1951221826886274
06110.png,bottom-face,a_degradation_11,0.28153101295943883
06110.png,forehead,a_degradation_11,0.2980762948692079
06110.png,under-eyes,a_degradation_11,0.24603949125114366
06110.png,left-cheek,a_degradation_17,0.19097523512343528
06110.png,right-cheek,a_degradation_17,0.17288193951299374
06110.png,bottom-face,a_degradation_17,0.26601314962319406
06110.png,forehead,a_degradation_17,0.28707483016710345
06110.png,under-eyes,a_degradation_17,0.23890609399463456
06113.png,left-cheek,original_roi,0.11575959913474067
06113.png,right-cheek,original_roi,0.10518649898579252
06113.png,bottom-face,original_roi,0.12217285195984212
06113.png,forehead,original_roi,0.07611508843004902
06113.png,under-eyes,original_roi,0.12051824064086875
06113.png,left-cheek,a_degradation_11,0.11084774449540767
06113.png,right-cheek,a_degradation_11,0.10038269312596496
06113.png,bottom-face,a_degradation_11,0.11695922348541422
06113.png,forehead,a_degradation_11,0.07510284305970298
06113.png,under-eyes,a_degradation_11,0.11600439150726527
06113.png,left-cheek,a_degradation_17,0.09920585508457812
06113.png,right-cheek,a_degradation_17,0.0932543492597075
06113.png,bottom-face,a_degradation_17,0.10901963553972371
06113.png,forehead,a_degradation_17,0.07458576841447388
06113.png,under-eyes,a_degradation_17,0.1089495064989229
06115.png,left-cheek,original_roi,0.2647623699396655
06115.png,right-cheek,original_roi,0.31545514934594315
06115.png,bottom-face,original_roi,0.24753417046678194
06115.png,forehead,original_roi,0.2732115897622882
06115.png,under-eyes,original_roi,0.3089420708610404
06115.png,left-cheek,a_degradation_11,0.2555050610900213
06115.png,right-cheek,a_degradation_11,0.29486158949514535
06115.png,bottom-face,a_degradation_11,0.23130201829527017
06115.png,forehead,a_degradation_11,0.2559636278246997
06115.png,under-eyes,a_degradation_11,0.28585345075706364
06115.png,left-cheek,a_degradation_17,0.25611288960330153
06115.png,right-cheek,a_degradation_17,0.261417549223253
06115.png,bottom-face,a_degradation_17,0.22687435337010203
06115.png,forehead,a_degradation_17,0.2393141563965219
06115.png,under-eyes,a_degradation_17,0.27193724366350613
06116.png,left-cheek,original_roi,0.22231336963333395
06116.png,right-cheek,original_roi,0.23205703973526945
06116.png,bottom-face,original_roi,0.20936789268831266
06116.png,forehead,original_roi,0.15538491612932753
06116.png,under-eyes,original_roi,0.15347388519540092
06116.png,left-cheek,a_degradation_11,0.226906072622955
06116.png,right-cheek,a_degradation_11,0.2300148696248166
06116.png,bottom-face,a_degradation_11,0.21068899822914514
06116.png,forehead,a_degradation_11,0.1525214920806646
06116.png,under-eyes,a_degradation_11,0.15006302064833782
06116.png,left-cheek,a_degradation_17,0.2500978360836506
06116.png,right-cheek,a_degradation_17,0.2255680261384385
06116.png,bottom-face,a_degradation_17,0.19189695289405312
06116.png,forehead,a_degradation_17,0.14926602825413926
06116.png,under-eyes,a_degradation_17,0.14984625991319342
06117.png,left-cheek,original_roi,0.3982932122285595
06117.png,right-cheek,original_roi,0.32073917788004025
06117.png,bottom-face,original_roi,0.35346128750921624
06117.png,forehead,original_roi,0.2340721648824343
06117.png,under-eyes,original_roi,0.2772089626569355
06117.png,left-cheek,a_degradation_11,0.3847586884064643
06117.png,right-cheek,a_degradation_11,0.3453798441174278
06117.png,bottom-face,a_degradation_11,0.31975098616189596
06117.png,forehead,a_degradation_11,0.21664731281374683
06117.png,under-eyes,a_degradation_11,0.26763316798430925
06117.png,left-cheek,a_degradation_17,0.3650460359510297
06117.png,right-cheek,a_degradation_17,0.28300772288899106
06117.png,bottom-face,a_degradation_17,0.2753386849521716
06117.png,forehead,a_degradation_17,0.22232194416763626
06117.png,under-eyes,a_degradation_17,0.23669504974866065
06118.png,left-cheek,original_roi,0.27821186731179104
06118.png,right-cheek,original_roi,0.30022518119753105
06118.png,bottom-face,original_roi,0.2709567742475299
06118.png,forehead,original_roi,0.28139570000635844
06118.png,under-eyes,original_roi,0.26067031017655345
06118.png,left-cheek,a_degradation_11,0.26755305489475
06118.png,right-cheek,a_degradation_11,0.27570765068741
06118.png,bottom-face,a_degradation_11,0.249708312981135
06118.png,forehead,a_degradation_11,0.26168666820094366
06118.png,under-eyes,a_degradation_11,0.24407061163278715
06118.png,left-cheek,a_degradation_17,0.23576866548778136
06118.png,right-cheek,a_degradation_17,0.24068515054518164
06118.png,bottom-face,a_degradation_17,0.2267306426344271
06118.png,forehead,a_degradation_17,0.23823079888883897
06118.png,under-eyes,a_degradation_17,0.2401256307614202
06119.png,left-cheek,original_roi,0.2401666404348197
06119.png,right-cheek,original_roi,0.22047312784796244
06119.png,bottom-face,original_roi,0.22637488256844523
06119.png,forehead,original_roi,0.2100408909808616
06119.png,under-eyes,original_roi,0.2047293678682579
06119.png,left-cheek,a_degradation_11,0.23798698191513154
06119.png,right-cheek,a_degradation_11,0.21466258054960244
06119.png,bottom-face,a_degradation_11,0.2228327867932744
06119.png,forehead,a_degradation_11,0.2062863749191655
06119.png,under-eyes,a_degradation_11,0.1910899775730432
06119.png,left-cheek,a_degradation_17,0.23069237738451678
06119.png,right-cheek,a_degradation_17,0.20391404425707924
06119.png,bottom-face,a_degradation_17,0.20376336878537923
06119.png,forehead,a_degradation_17,0.19246135293979894
06119.png,under-eyes,a_degradation_17,0.1918389563831682
06121.png,left-cheek,original_roi,0.13794783162860774
06121.png,right-cheek,original_roi,0.18259272347685956
06121.png,bottom-face,original_roi,0.1316055383114627
06121.png,forehead,original_roi,0.12346077770396145
06121.png,under-eyes,original_roi,0.15849628715347647
06121.png,left-cheek,a_degradation_11,0.13850528702803377
06121.png,right-cheek,a_degradation_11,0.1833144932413711
06121.png,bottom-face,a_degradation_11,0.13047284261215644
06121.png,forehead,a_degradation_11,0.122050773812604
06121.png,under-eyes,a_degradation_11,0.1539697821513023
06121.png,left-cheek,a_degradation_17,0.137030124631006
06121.png,right-cheek,a_degradation_17,0.16734153734448684
06121.png,bottom-face,a_degradation_17,0.12442085570159445
06121.png,forehead,a_degradation_17,0.12024297549394708
06121.png,under-eyes,a_degradation_17,0.15468036017967746
06122.png,left-cheek,original_roi,0.20891983695770608
06122.png,right-cheek,original_roi,0.1716713203999652
06122.png,bottom-face,original_roi,0.24342504038798465
06122.png,forehead,original_roi,0.16662153367167395
06122.png,under-eyes,original_roi,0.15764746057012172
06122.png,left-cheek,a_degradation_11,0.20160093813681185
06122.png,right-cheek,a_degradation_11,0.1646565181666082
06122.png,bottom-face,a_degradation_11,0.22825340268831457
06122.png,forehead,a_degradation_11,0.16471093900820377
06122.png,under-eyes,a_degradation_11,0.1547416583412662
06122.png,left-cheek,a_degradation_17,0.17556240756486696
06122.png,right-cheek,a_degradation_17,0.15195206630032257
06122.png,bottom-face,a_degradation_17,0.2073517149549475
06122.png,forehead,a_degradation_17,0.15190197346887868
06122.png,under-eyes,a_degradation_17,0.15508376352894068
06123.png,left-cheek,original_roi,0.17881303599548642
06123.png,right-cheek,original_roi,0.16542876754419647
06123.png,bottom-face,original_roi,0.17316535837555055
06123.png,forehead,original_roi,0.16353153863524927
06123.png,under-eyes,original_roi,0.1520872597636026
06123.png,left-cheek,a_degradation_11,0.18840212738468237
06123.png,right-cheek,a_degradation_11,0.16996560143942083
06123.png,bottom-face,a_degradation_11,0.1690263040753995
06123.png,forehead,a_degradation_11,0.15776556419111257
06123.png,under-eyes,a_degradation_11,0.14846395735665285
06123.png,left-cheek,a_degradation_17,0.18889730838638621
06123.png,right-cheek,a_degradation_17,0.1694533411661914
06123.png,bottom-face,a_degradation_17,0.15608392689086892
06123.png,forehead,a_degradation_17,0.15141709176292636
06123.png,under-eyes,a_degradation_17,0.14544613116052793
06124.png,left-cheek,original_roi,0.16831632938596608
06124.png,right-cheek,original_roi,0.14832389945242672
06124.png,bottom-face,original_roi,0.20029886302053618
06124.png,forehead,original_roi,0.12821249946234284
06124.png,under-eyes,original_roi,0.17998462045479513
06124.png,left-cheek,a_degradation_11,0.16816304018857078
06124.png,right-cheek,a_degradation_11,0.14364571771523105
06124.png,bottom-face,a_degradation_11,0.19763635662231074
06124.png,forehead,a_degradation_11,0.12892794162644616
06124.png,under-eyes,a_degradation_11,0.1756573723694906
06124.png,left-cheek,a_degradation_17,0.15256728930172983
06124.png,right-cheek,a_degradation_17,0.1376323148225796
06124.png,bottom-face,a_degradation_17,0.18339161505110507
06124.png,forehead,a_degradation_17,0.12533621303240414
06124.png,under-eyes,a_degradation_17,0.1734347583806117
06126.png,left-cheek,original_roi,0.26467772762899433
06126.png,right-cheek,original_roi,0.22555999087672202
06126.png,bottom-face,original_roi,0.2571225768631741
06126.png,forehead,original_roi,0.21535379882367947
06126.png,under-eyes,original_roi,0.21537946177292283
06126.png,left-cheek,a_degradation_11,0.27408820822949403
06126.png,right-cheek,a_degradation_11,0.2300728107372168
06126.png,bottom-face,a_degradation_11,0.2607811309167748
06126.png,forehead,a_degradation_11,0.20699420579388925
06126.png,under-eyes,a_degradation_11,0.20894646245813947
06126.png,left-cheek,a_degradation_17,0.2646975112484423
06126.png,right-cheek,a_degradation_17,0.21479308850138434
06126.png,bottom-face,a_degradation_17,0.2296428127445929
06126.png,forehead,a_degradation_17,0.1955382054368357
06126.png,under-eyes,a_degradation_17,0.19844589049105432
06129.png,left-cheek,original_roi,0.33279630509571057
06129.png,right-cheek,original_roi,0.343990637210862
06129.png,bottom-face,original_roi,0.2935424272384493
06129.png,forehead,original_roi,0.30772856400271315
06129.png,under-eyes,original_roi,0.28538779222784244
06129.png,left-cheek,a_degradation_11,0.31509503772779246
06129.png,right-cheek,a_degradation_11,0.34125014250269525
06129.png,bottom-face,a_degradation_11,0.2763193374403155
06129.png,forehead,a_degradation_11,0.2909444118535328
06129.png,under-eyes,a_degradation_11,0.275303389306527
06129.png,left-cheek,a_degradation_17,0.30393992999648994
06129.png,right-cheek,a_degradation_17,0.2827885885369753
06129.png,bottom-face,a_degradation_17,0.2546216744734718
06129.png,forehead,a_degradation_17,0.27004188983559446
06129.png,under-eyes,a_degradation_17,0.248938207711663
06132.png,left-cheek,original_roi,0.13508364528957806
06132.png,right-cheek,original_roi,0.18462167447543826
06132.png,bottom-face,original_roi,0.15553385252090438
06132.png,forehead,original_roi,0.11007519911157643
06132.png,under-eyes,original_roi,0.1430445767203558
06132.png,left-cheek,a_degradation_11,0.12700733158002236
06132.png,right-cheek,a_degradation_11,0.16765019046283372
06132.png,bottom-face,a_degradation_11,0.14791927768852853
06132.png,forehead,a_degradation_11,0.10356333380589425
06132.png,under-eyes,a_degradation_11,0.13700068986965905
06132.png,left-cheek,a_degradation_17,0.11962460629059239
06132.png,right-cheek,a_degradation_17,0.1563333500787488
06132.png,bottom-face,a_degradation_17,0.13957691519624468
06132.png,forehead,a_degradation_17,0.10082885262019593
06132.png,under-eyes,a_degradation_17,0.1316460938048976
06137.png,left-cheek,original_roi,0.3259274043188188
06137.png,right-cheek,original_roi,0.3093959148447772
06137.png,bottom-face,original_roi,0.3129931848211203
06137.png,forehead,original_roi,0.2658992114700885
06137.png,under-eyes,original_roi,0.29774412842543935
06137.png,left-cheek,a_degradation_11,0.3026353665046407
06137.png,right-cheek,a_degradation_11,0.27726041822066233
06137.png,bottom-face,a_degradation_11,0.29420662616760096
06137.png,forehead,a_degradation_11,0.27999676525038314
06137.png,under-eyes,a_degradation_11,0.26952743540783547
06137.png,left-cheek,a_degradation_17,0.25442986151926567
06137.png,right-cheek,a_degradation_17,0.22582209774395687
06137.png,bottom-face,a_degradation_17,0.255479029545592
06137.png,forehead,a_degradation_17,0.2543914044596821
06137.png,under-eyes,a_degradation_17,0.27801299661629875
06140.png,left-cheek,original_roi,0.20905708828607544
06140.png,right-cheek,original_roi,0.1983032017367189
06140.png,bottom-face,original_roi,0.23642430359593367
06140.png,forehead,original_roi,0.2314211443161885
06140.png,under-eyes,original_roi,0.23064134327616181
06140.png,left-cheek,a_degradation_11,0.20731860470406865
06140.png,right-cheek,a_degradation_11,0.19179010285821027
06140.png,bottom-face,a_degradation_11,0.22805056583541647
06140.png,forehead,a_degradation_11,0.22052351737824133
06140.png,under-eyes,a_degradation_11,0.2217361585255062
06140.png,left-cheek,a_degradation_17,0.20419714879748743
06140.png,right-cheek,a_degradation_17,0.18557676937677484
06140.png,bottom-face,a_degradation_17,0.2089672289696429
06140.png,forehead,a_degradation_17,0.21143146691803782
06140.png,under-eyes,a_degradation_17,0.21347658429962932
06141.png,left-cheek,original_roi,0.2298105403123208
06141.png,right-cheek,original_roi,0.28648657443214365
06141.png,bottom-face,original_roi,0.21912897358345354
06141.png,forehead,original_roi,0.17552847252576295
06141.png,under-eyes,original_roi,0.17816908057582467
06141.png,left-cheek,a_degradation_11,0.2439762562345405
06141.png,right-cheek,a_degradation_11,0.2908825233701602
06141.png,bottom-face,a_degradation_11,0.20934654335398542
06141.png,forehead,a_degradation_11,0.17158971263563627
06141.png,under-eyes,a_degradation_11,0.17431261256380093
06141.png,left-cheek,a_degradation_17,0.2641957408207673
06141.png,right-cheek,a_degradation_17,0.2658519770968578
06141.png,bottom-face,a_degradation_17,0.1864209248641586
06141.png,forehead,a_degradation_17,0.16763112254925644
06141.png,under-eyes,a_degradation_17,0.16924007871586902
06142.png,left-cheek,original_roi,0.18053296898905555
06142.png,right-cheek,original_roi,0.22024735182848332
06142.png,bottom-face,original_roi,0.16179196587990718
06142.png,forehead,original_roi,0.1804182992321293
06142.png,under-eyes,original_roi,0.17425437029880445
06142.png,left-cheek,a_degradation_11,0.19294618839993927
06142.png,right-cheek,a_degradation_11,0.2197519080184976
06142.png,bottom-face,a_degradation_11,0.15882260228982042
06142.png,forehead,a_degradation_11,0.17141882255100718
06142.png,under-eyes,a_degradation_11,0.1743540563120955
06142.png,left-cheek,a_degradation_17,0.18737257179045164
06142.png,right-cheek,a_degradation_17,0.1977897755204666
06142.png,bottom-face,a_degradation_17,0.14861854441315847
06142.png,forehead,a_degradation_17,0.1706974152611231
06142.png,under-eyes,a_degradation_17,0.16707468467496597
06147.png,left-cheek,original_roi,0.27103931727753516
06147.png,right-cheek,original_roi,0.2575291113210443
06147.png,bottom-face,original_roi,0.22927178271997883
06147.png,forehead,original_roi,0.19228459211091586
06147.png,under-eyes,original_roi,0.243391350554064
06147.png,left-cheek,a_degradation_11,0.2624275250579005
06147.png,right-cheek,a_degradation_11,0.25089933399579156
06147.png,bottom-face,a_degradation_11,0.22558343229681208
06147.png,forehead,a_degradation_11,0.18680436354143207
06147.png,under-eyes,a_degradation_11,0.2244635722829436
06147.png,left-cheek,a_degradation_17,0.23461797736232068
06147.png,right-cheek,a_degradation_17,0.22949112745130493
06147.png,bottom-face,a_degradation_17,0.20832951084170215
06147.png,forehead,a_degradation_17,0.18589975647855414
06147.png,under-eyes,a_degradation_17,0.21919232713556377
06148.png,left-cheek,original_roi,0.4390974530736244
06148.png,right-cheek,original_roi,0.36460280001696316
06148.png,bottom-face,original_roi,0.320457162194509
06148.png,forehead,original_roi,0.2904013268703204
06148.png,under-eyes,original_roi,0.24227544781925098
06148.png,left-cheek,a_degradation_11,0.34323032541574083
06148.png,right-cheek,a_degradation_11,0.3203467694144045
06148.png,bottom-face,a_degradation_11,0.2617268115518678
06148.png,forehead,a_degradation_11,0.26804935427906473
06148.png,under-eyes,a_degradation_11,0.22876917965295598
06148.png,left-cheek,a_degradation_17,0.34063822192686505
06148.png,right-cheek,a_degradation_17,0.2690966665513005
06148.png,bottom-face,a_degradation_17,0.23902436255614753
06148.png,forehead,a_degradation_17,0.25113863491777105
06148.png,under-eyes,a_degradation_17,0.211549753112499
06149.png,left-cheek,original_roi,0.20013403809700447
06149.png,right-cheek,original_roi,
06149.png,bottom-face,original_roi,0.22673611399327134
06149.png,forehead,original_roi,0.14553087893367364
06149.png,under-eyes,original_roi,0.1341352256077477
06149.png,left-cheek,a_degradation_11,0.19326334157933708
06149.png,right-cheek,a_degradation_11,
06149.png,bottom-face,a_degradation_11,0.2123173363267334
06149.png,forehead,a_degradation_11,0.13653539558670416
06149.png,under-eyes,a_degradation_11,0.12421819325531364
06149.png,left-cheek,a_degradation_17,0.17072666205531853
06149.png,right-cheek,a_degradation_17,
06149.png,bottom-face,a_degradation_17,0.19542470220673383
06149.png,forehead,a_degradation_17,0.13153509684861645
06149.png,under-eyes,a_degradation_17,0.118819702187566
06152.png,left-cheek,original_roi,0.20762359625788512
06152.png,right-cheek,original_roi,0.29571887495711013
06152.png,bottom-face,original_roi,0.25041138013709785
06152.png,forehead,original_roi,0.197495130536962
06152.png,under-eyes,original_roi,0.2205323144336151
06152.png,left-cheek,a_degradation_11,0.20420766217304748
06152.png,right-cheek,a_degradation_11,0.30859360260681334
06152.png,bottom-face,a_degradation_11,0.2424427064047203
06152.png,forehead,a_degradation_11,0.19837414891467714
06152.png,under-eyes,a_degradation_11,0.20666838258631498
06152.png,left-cheek,a_degradation_17,0.20962358558409735
06152.png,right-cheek,a_degradation_17,0.28408447906982015
06152.png,bottom-face,a_degradation_17,0.21102203307306738
06152.png,forehead,a_degradation_17,0.18885308674792098
06152.png,under-eyes,a_degradation_17,0.1970666856433361
06154.png,left-cheek,original_roi,0.16635552162653036
06154.png,right-cheek,original_roi,0.18116939078268568
06154.png,bottom-face,original_roi,0.2045997549829661
06154.png,forehead,original_roi,0.16680005461928057
06154.png,under-eyes,original_roi,0.20090893158357817
06154.png,left-cheek,a_degradation_11,0.1583160756846522
06154.png,right-cheek,a_degradation_11,0.17233533567082931
06154.png,bottom-face,a_degradation_11,0.19670120625189116
06154.png,forehead,a_degradation_11,0.16255202600659413
06154.png,under-eyes,a_degradation_11,0.20242634355573408
06154.png,left-cheek,a_degradation_17,0.14541103284245607
06154.png,right-cheek,a_degradation_17,0.1575335806245997
06154.png,bottom-face,a_degradation_17,0.1839784984464177
06154.png,forehead,a_degradation_17,0.15716495686972098
06154.png,under-eyes,a_degradation_17,0.18861320295028847
06161.png,left-cheek,original_roi,0.1994379519300074
06161.png,right-cheek,original_roi,0.2256229891376322
06161.png,bottom-face,original_roi,0.258118367389929
06161.png,forehead,original_roi,0.17734206188230403
06161.png,under-eyes,original_roi,0.2422948836084204
06161.png,left-cheek,a_degradation_11,0.19927415682187957
06161.png,right-cheek,a_degradation_11,0.2312039174989492
06161.png,bottom-face,a_degradation_11,0.24362091840601707
06161.png,forehead,a_degradation_11,0.16802700925336672
06161.png,under-eyes,a_degradation_11,0.2272879730453184
06161.png,left-cheek,a_degradation_17,0.2018040503737033
06161.png,right-cheek,a_degradation_17,0.2286916912123468
06161.png,bottom-face,a_degradation_17,0.21502511623023593
06161.png,forehead,a_degradation_17,0.16929713236166594
06161.png,under-eyes,a_degradation_17,0.22621615513070725
06162.png,left-cheek,original_roi,0.20040169552964984
06162.png,right-cheek,original_roi,0.1821582166399702
06162.png,bottom-face,original_roi,0.15126835034939862
06162.png,forehead,original_roi,0.10479994850033046
06162.png,under-eyes,original_roi,0.13207614854213615
06162.png,left-cheek,a_degradation_11,0.20213625718703093
06162.png,right-cheek,a_degradation_11,0.18294849746705355
06162.png,bottom-face,a_degradation_11,0.14733247213897765
06162.png,forehead,a_degradation_11,0.10445797928696103
06162.png,under-eyes,a_degradation_11,0.1318949768435748
06162.png,left-cheek,a_degradation_17,0.1863042267077619
06162.png,right-cheek,a_degradation_17,0.17926914258958607
06162.png,bottom-face,a_degradation_17,0.14090185310266673
06162.png,forehead,a_degradation_17,0.10247901642559953
06162.png,under-eyes,a_degradation_17,0.12918904782726578
06166.png,left-cheek,original_roi,0.41195870699109605
06166.png,right-cheek,original_roi,0.32978414263440303
06166.png,bottom-face,original_roi,0.37968573279919265
06166.png,forehead,original_roi,0.23559680015666667
06166.png,under-eyes,original_roi,0.22648633350567599
06166.png,left-cheek,a_degradation_11,0.3849864885181627
06166.png,right-cheek,a_degradation_11,0.3011858037061688
06166.png,bottom-face,a_degradation_11,0.3338877977943736
06166.png,forehead,a_degradation_11,0.2284154899340535
06166.png,under-eyes,a_degradation_11,0.21246418431473044
06166.png,left-cheek,a_degradation_17,0.3238167760531272
06166.png,right-cheek,a_degradation_17,0.23680887052221852
06166.png,bottom-face,a_degradation_17,0.2934729186871459
06166.png,forehead,a_degradation_17,0.217968167412073
06166.png,under-eyes,a_degradation_17,0.22161101033123043
06170.png,left-cheek,original_roi,0.20558030776327416
06170.png,right-cheek,original_roi,0.22390008301638964
06170.png,bottom-face,original_roi,0.2552603207454273
06170.png,forehead,original_roi,0.1987964185349531
06170.png,under-eyes,original_roi,0.19598954641175503
06170.png,left-cheek,a_degradation_11,0.20107518335502725
06170.png,right-cheek,a_degradation_11,0.2205866672029644
06170.png,bottom-face,a_degradation_11,0.24915164045345567
06170.png,forehead,a_degradation_11,0.18859367834035526
06170.png,under-eyes,a_degradation_11,0.18789411843454526
06170.png,left-cheek,a_degradation_17,0.18882771286408961
06170.png,right-cheek,a_degradation_17,0.20340341358981268
06170.png,bottom-face,a_degradation_17,0.21902042398100652
06170.png,forehead,a_degradation_17,0.1879548856901939
06170.png,under-eyes,a_degradation_17,0.18230817331535518
06172.png,left-cheek,original_roi,0.23598904372270274
06172.png,right-cheek,original_roi,0.6110990005243374
06172.png,bottom-face,original_roi,0.2703763149568356
06172.png,forehead,original_roi,0.10310054403251091
06172.png,under-eyes,original_roi,0.20456868056828767
06172.png,left-cheek,a_degradation_11,0.22760407392290874
06172.png,right-cheek,a_degradation_11,0.6110990005243374
06172.png,bottom-face,a_degradation_11,0.2520374593418877
06172.png,forehead,a_degradation_11,0.1015826431376983
06172.png,under-eyes,a_degradation_11,0.19378450973311953
06172.png,left-cheek,a_degradation_17,0.19646232502782615
06172.png,right-cheek,a_degradation_17,0.7021170017700846
06172.png,bottom-face,a_degradation_17,0.23134383597200997
06172.png,forehead,a_degradation_17,0.10163240784097724
06172.png,under-eyes,a_degradation_17,0.1907993487490338
06173.png,left-cheek,original_roi,0.3216812528136441
06173.png,right-cheek,original_roi,0.24846876007711344
06173.png,bottom-face,original_roi,0.3252935928344861
06173.png,forehead,original_roi,0.18124449229958597
06173.png,under-eyes,original_roi,0.26122449386323415
06173.png,left-cheek,a_degradation_11,0.34831231971560905
06173.png,right-cheek,a_degradation_11,0.24992729752166126
06173.png,bottom-face,a_degradation_11,0.2963400111171026
06173.png,forehead,a_degradation_11,0.17666770247483907
06173.png,under-eyes,a_degradation_11,0.24311510283797297
06173.png,left-cheek,a_degradation_17,0.3369480942813015
06173.png,right-cheek,a_degradation_17,0.22871245442413976
06173.png,bottom-face,a_degradation_17,0.2554953958135582
06173.png,forehead,a_degradation_17,0.1729462375549533
06173.png,under-eyes,a_degradation_17,0.24367127175089215
06174.png,left-cheek,original_roi,0.1663111273897928
06174.png,right-cheek,original_roi,0.11642847328368258
06174.png,bottom-face,original_roi,0.11884205139426615
06174.png,forehead,original_roi,0.15476951150614632
06174.png,under-eyes,original_roi,0.13973428509760139
06174.png,left-cheek,a_degradation_11,0.1660693822036802
06174.png,right-cheek,a_degradation_11,0.11347636234678081
06174.png,bottom-face,a_degradation_11,0.1163834085760153
06174.png,forehead,a_degradation_11,0.15422437981142245
06174.png,under-eyes,a_degradation_11,0.1361907811556831
06174.png,left-cheek,a_degradation_17,0.15037563146554905
06174.png,right-cheek,a_degradation_17,0.11840796341252467
06174.png,bottom-face,a_degradation_17,0.1112755296750487
06174.png,forehead,a_degradation_17,0.15113996551743336
06174.png,under-eyes,a_degradation_17,0.13319925030199486
06178.png,left-cheek,original_roi,0.2117557990510721
06178.png,right-cheek,original_roi,0.17451579371627904
06178.png,bottom-face,original_roi,0.1755386609166367
06178.png,forehead,original_roi,0.16883821121916626
06178.png,under-eyes,original_roi,0.19187281633545125
06178.png,left-cheek,a_degradation_11,0.21203608014186762
06178.png,right-cheek,a_degradation_11,0.175862268951589
06178.png,bottom-face,a_degradation_11,0.17347054887674565
06178.png,forehead,a_degradation_11,0.1630601660298697
06178.png,under-eyes,a_degradation_11,0.18546301480877625
06178.png,left-cheek,a_degradation_17,0.20298210151626922
06178.png,right-cheek,a_degradation_17,0.17771854745184712
06178.png,bottom-face,a_degradation_17,0.16033343818726772
06178.png,forehead,a_degradation_17,0.15994580266642205
06178.png,under-eyes,a_degradation_17,0.18007260177948722
06181.png,left-cheek,original_roi,0.2474124291980353
06181.png,right-cheek,original_roi,0.28377013915376004
06181.png,bottom-face,original_roi,0.26480247702047743
06181.png,forehead,original_roi,0.17242758690599233
06181.png,under-eyes,original_roi,0.23066682325649296
06181.png,left-cheek,a_degradation_11,0.22691364060161792
06181.png,right-cheek,a_degradation_11,0.27429528812114906
06181.png,bottom-face,a_degradation_11,0.24291549771453155
06181.png,forehead,a_degradation_11,0.17086488341930228
06181.png,under-eyes,a_degradation_11,0.22763576962377904
06181.png,left-cheek,a_degradation_17,0.20900735427077277
06181.png,right-cheek,a_degradation_17,0.28469492040854155
06181.png,bottom-face,a_degradation_17,0.2343559663310648
06181.png,forehead,a_degradation_17,0.16213949804515262
06181.png,under-eyes,a_degradation_17,0.2146147100383191
06182.png,left-cheek,original_roi,0.26076344579313776
06182.png,right-cheek,original_roi,0.2544069962918728
06182.png,bottom-face,original_roi,0.24036800620129722
06182.png,forehead,original_roi,0.2870216121343545
06182.png,under-eyes,original_roi,0.3368539623936476
06182.png,left-cheek,a_degradation_11,0.2680470763723519
06182.png,right-cheek,a_degradation_11,0.2615462413779886
06182.png,bottom-face,a_degradation_11,0.23580369026154796
06182.png,forehead,a_degradation_11,0.26925056275202863
06182.png,under-eyes,a_degradation_11,0.30701988254339485
06182.png,left-cheek,a_degradation_17,0.2600108510707349
06182.png,right-cheek,a_degradation_17,0.24431994140264726
06182.png,bottom-face,a_degradation_17,0.20787425571734008
06182.png,forehead,a_degradation_17,0.2616763716489141
06182.png,under-eyes,a_degradation_17,0.30375428693676726
06186.png,left-cheek,original_roi,0.22512457533426336
06186.png,right-cheek,original_roi,0.22895136203072497
06186.png,bottom-face,original_roi,0.29863139936893446
06186.png,forehead,original_roi,0.1741875205215632
06186.png,under-eyes,original_roi,0.21013173783996802
06186.png,left-cheek,a_degradation_11,0.21953146838206056
06186.png,right-cheek,a_degradation_11,0.22143900290614987
06186.png,bottom-face,a_degradation_11,0.27678061199029913
06186.png,forehead,a_degradation_11,0.17731121318839066
06186.png,under-eyes,a_degradation_11,0.19827464305339235
06186.png,left-cheek,a_degradation_17,0.19307032270120328
06186.png,right-cheek,a_degradation_17,0.1927250500709936
06186.png,bottom-face,a_degradation_17,0.25043171935051595
06186.png,forehead,a_degradation_17,0.16944785149273667
06186.png,under-eyes,a_degradation_17,0.19502115370485765
06189.png,left-cheek,original_roi,0.22043107075014445
06189.png,right-cheek,original_roi,0.28403803328144067
06189.png,bottom-face,original_roi,0.288956940259007
06189.png,forehead,original_roi,0.2522851443643716
06189.png,under-eyes,original_roi,0.2383581338200662
06189.png,left-cheek,a_degradation_11,0.20941549762826303
06189.png,right-cheek,a_degradation_11,0.273143302390548
06189.png,bottom-face,a_degradation_11,0.27468557420397965
06189.png,forehead,a_degradation_11,0.24383377225269537
06189.png,under-eyes,a_degradation_11,0.2235781753846911
06189.png,left-cheek,a_degradation_17,0.19218323006509147
06189.png,right-cheek,a_degradation_17,0.23893725495325346
06189.png,bottom-face,a_degradation_17,0.24141761499360648
06189.png,forehead,a_degradation_17,0.23686100950994382
06189.png,under-eyes,a_degradation_17,0.22275820762808393
06191.png,left-cheek,original_roi,0.21392689483393612
06191.png,right-cheek,original_roi,0.2160840933596661
06191.png,bottom-face,original_roi,0.2393351172588173
06191.png,forehead,original_roi,0.20849253462305334
06191.png,under-eyes,original_roi,0.20414761181665778
06191.png,left-cheek,a_degradation_11,0.22370276931582608
06191.png,right-cheek,a_degradation_11,0.2186408149852976
06191.png,bottom-face,a_degradation_11,0.23557113038027663
06191.png,forehead,a_degradation_11,0.20606233555342365
06191.png,under-eyes,a_degradation_11,0.19662765907913932
06191.png,left-cheek,a_degradation_17,0.22005705990228885
06191.png,right-cheek,a_degradation_17,0.21444110726835966
06191.png,bottom-face,a_degradation_17,0.21094819748802243
06191.png,forehead,a_degradation_17,0.19517682748701357
06191.png,under-eyes,a_degradation_17,0.19615136911378506
06198.png,left-cheek,original_roi,0.3694660295714385
06198.png,right-cheek,original_roi,0.19131149260264985
06198.png,bottom-face,original_roi,0.16557002175457664
06198.png,forehead,original_roi,0.21758568209451246
06198.png,under-eyes,original_roi,0.14848040873800017
06198.png,left-cheek,a_degradation_11,0.37299571243424834
06198.png,right-cheek,a_degradation_11,0.18048483146128816
06198.png,bottom-face,a_degradation_11,0.1650200201320062
06198.png,forehead,a_degradation_11,0.2105328749483751
06198.png,under-eyes,a_degradation_11,0.13965945846784458
06198.png,left-cheek,a_degradation_17,0.36526395364960473
06198.png,right-cheek,a_degradation_17,0.163813443025342
06198.png,bottom-face,a_degradation_17,0.16188380370434002
06198.png,forehead,a_degradation_17,0.20464572829736144
06198.png,under-eyes,a_degradation_17,0.12746750883862626
06200.png,left-cheek,original_roi,0.26610841075520686
06200.png,right-cheek,original_roi,0.24102877231893818
06200.png,bottom-face,original_roi,0.24217518200247548
06200.png,forehead,original_roi,0.23344786542330864
06200.png,under-eyes,original_roi,0.2250312795084847
06200.png,left-cheek,a_degradation_11,0.26789846403047074
06200.png,right-cheek,a_degradation_11,0.24507013307988507
06200.png,bottom-face,a_degradation_11,0.23176565244208241
06200.png,forehead,a_degradation_11,0.21525967907169674
06200.png,under-eyes,a_degradation_11,0.21677494205411776
06200.png,left-cheek,a_degradation_17,0.25903189209249194
06200.png,right-cheek,a_degradation_17,0.2139255003969512
06200.png,bottom-face,a_degradation_17,0.20535497985473633
06200.png,forehead,a_degradation_17,0.20469837545251887
06200.png,under-eyes,a_degradation_17,0.21199932578587374
07004.png,left-cheek,original_roi,0.1563956979579148
07004.png,right-cheek,original_roi,0.14622003460429447
07004.png,bottom-face,original_roi,0.16537116907049923
07004.png,forehead,original_roi,0.13602808023201787
07004.png,under-eyes,original_roi,0.18489351793514566
07004.png,left-cheek,a_degradation_11,0.15770774709795018
07004.png,right-cheek,a_degradation_11,0.14517991394071877
07004.png,bottom-face,a_degradation_11,0.16364310187113593
07004.png,forehead,a_degradation_11,0.13192518988616153
07004.png,under-eyes,a_degradation_11,0.18155593290442257
07004.png,left-cheek,a_degradation_17,0.16386435209899777
07004.png,right-cheek,a_degradation_17,0.14747963268939077
07004.png,bottom-face,a_degradation_17,0.1593035307778625
07004.png,forehead,a_degradation_17,0.13346174345666584
07004.png,under-eyes,a_degradation_17,0.1816042260267171
07018.png,left-cheek,original_roi,0.20807233677522574
07018.png,right-cheek,original_roi,0.1910539887524593
07018.png,bottom-face,original_roi,0.19737509398519326
07018.png,forehead,original_roi,0.23687646183947728
07018.png,under-eyes,original_roi,0.18117810680540508
07018.png,left-cheek,a_degradation_11,0.1953782565882314
07018.png,right-cheek,a_degradation_11,0.17890614910699382
07018.png,bottom-face,a_degradation_11,0.1932270943590582
07018.png,forehead,a_degradation_11,0.22416571916661143
07018.png,under-eyes,a_degradation_11,0.17994190567194143
07018.png,left-cheek,a_degradation_17,0.1696721761763712
07018.png,right-cheek,a_degradation_17,0.15447500757670038
07018.png,bottom-face,a_degradation_17,0.18923011602432527
07018.png,forehead,a_degradation_17,0.21147778379420007
07018.png,under-eyes,a_degradation_17,0.16769732406295296
07030.png,left-cheek,original_roi,0.21007552995199485
07030.png,right-cheek,original_roi,0.20616981368458637
07030.png,bottom-face,original_roi,0.1908083402494827
07030.png,forehead,original_roi,0.2161997203720648
07030.png,under-eyes,original_roi,0.20006159485337685
07030.png,left-cheek,a_degradation_11,0.21637960919810098
07030.png,right-cheek,a_degradation_11,0.202215422772815
07030.png,bottom-face,a_degradation_11,0.18655410740687597
07030.png,forehead,a_degradation_11,0.2055805254126019
07030.png,under-eyes,a_degradation_11,0.19169265965251878
07030.png,left-cheek,a_degradation_17,0.21265349069740858
07030.png,right-cheek,a_degradation_17,0.18609831061270116
07030.png,bottom-face,a_degradation_17,0.16634894826520122
07030.png,forehead,a_degradation_17,0.19670587223614278
07030.png,under-eyes,a_degradation_17,0.19082949041181338
07062.png,left-cheek,original_roi,0.2309463134137588
07062.png,right-cheek,original_roi,0.17681699652232416
07062.png,bottom-face,original_roi,0.2556040461808299
07062.png,forehead,original_roi,0.18621247777532687
07062.png,under-eyes,original_roi,0.1519122033126405
07062.png,left-cheek,a_degradation_11,0.2164496359429019
07062.png,right-cheek,a_degradation_11,0.16674585858294158
07062.png,bottom-face,a_degradation_11,0.24252136448820458
07062.png,forehead,a_degradation_11,0.1845748665273669
07062.png,under-eyes,a_degradation_11,0.14681470807895755
07062.png,left-cheek,a_degradation_17,0.18795697031237205
07062.png,right-cheek,a_degradation_17,0.14593089790462072
07062.png,bottom-face,a_degradation_17,0.2282028663820716
07062.png,forehead,a_degradation_17,0.17413071510313757
07062.png,under-eyes,a_degradation_17,0.1417759586055023
07105.png,left-cheek,original_roi,0.33661220066342384
07105.png,right-cheek,original_roi,0.29845441880173806
07105.png,bottom-face,original_roi,0.32471938370343484
07105.png,forehead,original_roi,0.27010371159934404
07105.png,under-eyes,original_roi,0.31927929286330503
07105.png,left-cheek,a_degradation_11,0.3179644279843362
07105.png,right-cheek,a_degradation_11,0.28453548437603665
07105.png,bottom-face,a_degradation_11,0.30518629425179766
07105.png,forehead,a_degradation_11,0.25421041392213767
07105.png,under-eyes,a_degradation_11,0.29532960852567314
07105.png,left-cheek,a_degradation_17,0.27681693693273324
07105.png,right-cheek,a_degradation_17,0.2652856930742458
07105.png,bottom-face,a_degradation_17,0.26813983119257456
07105.png,forehead,a_degradation_17,0.2356515047871979
07105.png,under-eyes,a_degradation_17,0.27595175665498184
07108.png,left-cheek,original_roi,0.3577551682540429
07108.png,right-cheek,original_roi,0.3914214421633656
07108.png,bottom-face,original_roi,0.34304527175617006
07108.png,forehead,original_roi,0.341507686236133
07108.png,under-eyes,original_roi,0.33850430317828184
07108.png,left-cheek,a_degradation_11,0.3350643149040121
07108.png,right-cheek,a_degradation_11,0.3348503386549336
07108.png,bottom-face,a_degradation_11,0.2909664823380069
07108.png,forehead,a_degradation_11,0.30423554254031815
07108.png,under-eyes,a_degradation_11,0.29854846739126994
07108.png,left-cheek,a_degradation_17,0.2589421399794448
07108.png,right-cheek,a_degradation_17,0.2537449348159933
07108.png,bottom-face,a_degradation_17,0.2462574790664169
07108.png,forehead,a_degradation_17,0.2717064266392327
07108.png,under-eyes,a_degradation_17,0.2951963035599586
07121.png,left-cheek,original_roi,0.25018597285720096
07121.png,right-cheek,original_roi,0.24228253906475122
07121.png,bottom-face,original_roi,0.2413004963077544
07121.png,forehead,original_roi,0.22389562432924093
07121.png,under-eyes,original_roi,0.23622592623110042
07121.png,left-cheek,a_degradation_11,0.2498393294829394
07121.png,right-cheek,a_degradation_11,0.2336885239877952
07121.png,bottom-face,a_degradation_11,0.23361546687422813
07121.png,forehead,a_degradation_11,0.2184134973278324
07121.png,under-eyes,a_degradation_11,0.22195921085989823
07121.png,left-cheek,a_degradation_17,0.21811581331248053
07121.png,right-cheek,a_degradation_17,0.20119121702913303
07121.png,bottom-face,a_degradation_17,0.20476278976197965
07121.png,forehead,a_degradation_17,0.21505741930968644
07121.png,under-eyes,a_degradation_17,0.2222091494115455
07134.png,left-cheek,original_roi,0.3626956197971538
07134.png,right-cheek,original_roi,0.17092465537287588
07134.png,bottom-face,original_roi,0.15508054843022848
07134.png,forehead,original_roi,0.23164879683354517
07134.png,under-eyes,original_roi,0.2802694866424517
07134.png,left-cheek,a_degradation_11,0.30646433371368736
07134.png,right-cheek,a_degradation_11,0.16333874020407577
07134.png,bottom-face,a_degradation_11,0.15335151476147776
07134.png,forehead,a_degradation_11,0.21448250861730586
07134.png,under-eyes,a_degradation_11,0.25845570463629153
07134.png,left-cheek,a_degradation_17,0.2746317116174787
07134.png,right-cheek,a_degradation_17,0.14878344701855167
07134.png,bottom-face,a_degradation_17,0.15085040318645754
07134.png,forehead,a_degradation_17,0.2120469048742051
07134.png,under-eyes,a_degradation_17,0.2573261595132807
07139.png,left-cheek,original_roi,0.25834801113135597
07139.png,right-cheek,original_roi,0.1897631975805308
07139.png,bottom-face,original_roi,0.21182571438441913
07139.png,forehead,original_roi,0.17966770544612312
07139.png,under-eyes,original_roi,0.18613346751841067
07139.png,left-cheek,a_degradation_11,0.2584981390160903
07139.png,right-cheek,a_degradation_11,0.1846038412958113
07139.png,bottom-face,a_degradation_11,0.20513288570051064
07139.png,forehead,a_degradation_11,0.16757072122516656
07139.png,under-eyes,a_degradation_11,0.1725654589845769
07139.png,left-cheek,a_degradation_17,0.22273260851585608
07139.png,right-cheek,a_degradation_17,0.17957498828448037
07139.png,bottom-face,a_degradation_17,0.18925429547009584
07139.png,forehead,a_degradation_17,0.16733590124922754
07139.png,under-eyes,a_degradation_17,0.16757772291965078
07145.png,left-cheek,original_roi,0.24112787881738304
07145.png,right-cheek,original_roi,0.2326334069340441
07145.png,bottom-face,original_roi,0.2640044243279905
07145.png,forehead,original_roi,0.16193084482761783
07145.png,under-eyes,original_roi,0.2722188016874616
07145.png,left-cheek,a_degradation_11,0.22473354983918087
07145.png,right-cheek,a_degradation_11,0.22614919271722111
07145.png,bottom-face,a_degradation_11,0.2572481638832448
07145.png,forehead,a_degradation_11,0.1601022179714784
07145.png,under-eyes,a_degradation_11,0.24790126142896612
07145.png,left-cheek,a_degradation_17,0.20132267281126387
07145.png,right-cheek,a_degradation_17,0.1869128392077317
07145.png,bottom-face,a_degradation_17,0.22393662512526014
07145.png,forehead,a_degradation_17,0.15288768856977766
07145.png,under-eyes,a_degradation_17,0.24819072665462902
07148.png,left-cheek,original_roi,0.18752984795816238
07148.png,right-cheek,original_roi,0.24111461125758576
07148.png,bottom-face,original_roi,0.1985216162395989
07148.png,forehead,original_roi,0.1931424809797801
07148.png,under-eyes,original_roi,0.18883772080728659
07148.png,left-cheek,a_degradation_11,0.184402813971156
07148.png,right-cheek,a_degradation_11,0.23532243363178582
07148.png,bottom-face,a_degradation_11,0.19150493187395354
07148.png,forehead,a_degradation_11,0.18970490040764557
07148.png,under-eyes,a_degradation_11,0.18577324897530048
07148.png,left-cheek,a_degradation_17,0.18472278207333062
07148.png,right-cheek,a_degradation_17,0.2130795687110669
07148.png,bottom-face,a_degradation_17,0.1792052744364892
07148.png,forehead,a_degradation_17,0.18170307137637964
07148.png,under-eyes,a_degradation_17,0.1766033385093926
07155.png,left-cheek,original_roi,0.17982043945384524
07155.png,right-cheek,original_roi,0.1844040507450464
07155.png,bottom-face,original_roi,0.2114110277452553
07155.png,forehead,original_roi,0.17554641043927044
07155.png,under-eyes,original_roi,0.2039790550189438
07155.png,left-cheek,a_degradation_11,0.1756570479472297
07155.png,right-cheek,a_degradation_11,0.17389100900220827
07155.png,bottom-face,a_degradation_11,0.19800059900517478
07155.png,forehead,a_degradation_11,0.16978826662711435
07155.png,under-eyes,a_degradation_11,0.19252120969576703
07155.png,left-cheek,a_degradation_17,0.16043355690147454
07155.png,right-cheek,a_degradation_17,0.15492703439709318
07155.png,bottom-face,a_degradation_17,0.1726715636681065
07155.png,forehead,a_degradation_17,0.1673663635150215
07155.png,under-eyes,a_degradation_17,0.19383690413547242
07173.png,left-cheek,original_roi,0.2960484302386287
07173.png,right-cheek,original_roi,0.26691980420808603
07173.png,bottom-face,original_roi,0.2863560726120832
07173.png,forehead,original_roi,0.15322421070272446
07173.png,under-eyes,original_roi,0.30251936186442163
07173.png,left-cheek,a_degradation_11,0.26548383980147044
07173.png,right-cheek,a_degradation_11,0.23817202376656185
07173.png,bottom-face,a_degradation_11,0.262154418180425
07173.png,forehead,a_degradation_11,0.14700695691368051
07173.png,under-eyes,a_degradation_11,0.2750266325037617
07173.png,left-cheek,a_degradation_17,0.2541914389274076
07173.png,right-cheek,a_degradation_17,0.19173492389315208
07173.png,bottom-face,a_degradation_17,0.22849763660870007
07173.png,forehead,a_degradation_17,0.14340583777143487
07173.png,under-eyes,a_degradation_17,0.2711506203507568
07174.png,left-cheek,original_roi,0.2110735432076423
07174.png,right-cheek,original_roi,0.21342916303622103
07174.png,bottom-face,original_roi,0.14851911555125663
07174.png,forehead,original_roi,0.12660268105514239
07174.png,under-eyes,original_roi,0.1069470940907591
07174.png,left-cheek,a_degradation_11,0.19412188316550744
07174.png,right-cheek,a_degradation_11,0.19766236751230967
07174.png,bottom-face,a_degradation_11,0.14379508728322274
07174.png,forehead,a_degradation_11,0.12214835212643964
07174.png,under-eyes,a_degradation_11,0.10119316112066964
07174.png,left-cheek,a_degradation_17,0.16884413860384126
07174.png,right-cheek,a_degradation_17,0.17214011559187684
07174.png,bottom-face,a_degradation_17,0.1380940628113939
07174.png,forehead,a_degradation_17,0.11785761126484239
07174.png,under-eyes,a_degradation_17,0.09876056213159538
07176.png,left-cheek,original_roi,0.31008047080672924
07176.png,right-cheek,original_roi,0.2703092257128088
07176.png,bottom-face,original_roi,0.32599920476804645
07176.png,forehead,original_roi,0.23026373162699013
07176.png,under-eyes,original_roi,0.28038635883795004
07176.png,left-cheek,a_degradation_11,0.30257714679184466
07176.png,right-cheek,a_degradation_11,0.24842311176981835
07176.png,bottom-face,a_degradation_11,0.30909427361564534
07176.png,forehead,a_degradation_11,0.21687524120548093
07176.png,under-eyes,a_degradation_11,0.2614914032593314
07176.png,left-cheek,a_degradation_17,0.25424563297414143
07176.png,right-cheek,a_degradation_17,0.2146421248470309
07176.png,bottom-face,a_degradation_17,0.27793675602295914
07176.png,forehead,a_degradation_17,0.2146406765847592
07176.png,under-eyes,a_degradation_17,0.24034628145567924
07177.png,left-cheek,original_roi,0.2852269858881052
07177.png,right-cheek,original_roi,0.3104249043679906
07177.png,bottom-face,original_roi,0.2731640916358593
07177.png,forehead,original_roi,0.1874351844807694
07177.png,under-eyes,original_roi,0.27653810659069167
07177.png,left-cheek,a_degradation_11,0.286019844369702
07177.png,right-cheek,a_degradation_11,0.2921540320430807
07177.png,bottom-face,a_degradation_11,0.26011837126587223
07177.png,forehead,a_degradation_11,0.18691772707975418
07177.png,under-eyes,a_degradation_11,0.2644506159547255
07177.png,left-cheek,a_degradation_17,0.26503174615130265
07177.png,right-cheek,a_degradation_17,0.24769795566585234
07177.png,bottom-face,a_degradation_17,0.22980691399655803
07177.png,forehead,a_degradation_17,0.18305423324872713
07177.png,under-eyes,a_degradation_17,0.2611988942459912
07187.png,left-cheek,original_roi,0.17337829444384004
07187.png,right-cheek,original_roi,0.328658146985009
07187.png,bottom-face,original_roi,0.1386547079378867
07187.png,forehead,original_roi,0.10297086534906344
07187.png,under-eyes,original_roi,0.1519262629304546
07187.png,left-cheek,a_degradation_11,0.17057058884027848
07187.png,right-cheek,a_degradation_11,0.3059691665689579
07187.png,bottom-face,a_degradation_11,0.1318945027748809
07187.png,forehead,a_degradation_11,0.10408476282963276
07187.png,under-eyes,a_degradation_11,0.14832203952649334
07187.png,left-cheek,a_degradation_17,0.16671272928001493
07187.png,right-cheek,a_degradation_17,0.25745169664054124
07187.png,bottom-face,a_degradation_17,0.12664385754883736
07187.png,forehead,a_degradation_17,0.10157306530630168
07187.png,under-eyes,a_degradation_17,0.14094004639669452
07192.png,left-cheek,original_roi,0.15397211198887656
07192.png,right-cheek,original_roi,0.22410397918882127
07192.png,bottom-face,original_roi,0.20555195381079547
07192.png,forehead,original_roi,0.1381316905569857
07192.png,under-eyes,original_roi,0.15314861110722142
07192.png,left-cheek,a_degradation_11,0.15496403822087945
07192.png,right-cheek,a_degradation_11,0.22195355006593775
07192.png,bottom-face,a_degradation_11,0.19835718619218892
07192.png,forehead,a_degradation_11,0.13884818018186984
07192.png,under-eyes,a_degradation_11,0.14782910489616977
07192.png,left-cheek,a_degradation_17,0.15241491487190156
07192.png,right-cheek,a_degradation_17,0.2115729805566039
07192.png,bottom-face,a_degradation_17,0.18844203856756042
07192.png,forehead,a_degradation_17,0.13402778296819964
07192.png,under-eyes,a_degradation_17,0.14938623890810548
07193.png,left-cheek,original_roi,0.18648499619749792
07193.png,right-cheek,original_roi,0.17874984202305777
07193.png,bottom-face,original_roi,0.15405438823229076
07193.png,forehead,original_roi,0.22833145574626848
07193.png,under-eyes,original_roi,0.1916675891009988
07193.png,left-cheek,a_degradation_11,0.1877266456479683
07193.png,right-cheek,a_degradation_11,0.1776252951663072
07193.png,bottom-face,a_degradation_11,0.15572417141392642
07193.png,forehead,a_degradation_11,0.21521738581063632
07193.png,under-eyes,a_degradation_11,0.1865002129879046
07193.png,left-cheek,a_degradation_17,0.1805375988162413
07193.png,right-cheek,a_degradation_17,0.17792598080092134
07193.png,bottom-face,a_degradation_17,0.14785191219050772
07193.png,forehead,a_degradation_17,0.20904962831599164
07193.png,under-eyes,a_degradation_17,0.17982961251572435
07195.png,left-cheek,original_roi,0.2361531828965667
07195.png,right-cheek,original_roi,0.21943877171138979
07195.png,bottom-face,original_roi,0.36462009399705464
07195.png,forehead,original_roi,0.17099508423949028
07195.png,under-eyes,original_roi,0.19767467540461767
07195.png,left-cheek,a_degradation_11,0.23355352157160508
07195.png,right-cheek,a_degradation_11,0.21438952845726794
07195.png,bottom-face,a_degradation_11,0.33991665777141394
07195.png,forehead,a_degradation_11,0.1607463295149598
07195.png,under-eyes,a_degradation_11,0.18961960872573788
07195.png,left-cheek,a_degradation_17,0.210092491449382
07195.png,right-cheek,a_degradation_17,0.1983240332494561
07195.png,bottom-face,a_degradation_17,0.2844770258187614
07195.png,forehead,a_degradation_17,0.15317542546868812
07195.png,under-eyes,a_degradation_17,0.18217756374097735
07199.png,left-cheek,original_roi,0.14677551614135104
07199.png,right-cheek,original_roi,0.175670462814226
07199.png,bottom-face,original_roi,0.23112349886379815
07199.png,forehead,original_roi,0.16589366704269012
07199.png,under-eyes,original_roi,0.1337068228913934
07199.png,left-cheek,a_degradation_11,0.14633230871392422
07199.png,right-cheek,a_degradation_11,0.17286904973216038
07199.png,bottom-face,a_degradation_11,0.23716588334560762
07199.png,forehead,a_degradation_11,0.16277305126143174
07199.png,under-eyes,a_degradation_11,0.13270612329635278
07199.png,left-cheek,a_degradation_17,0.1426121958210365
07199.png,right-cheek,a_degradation_17,0.16797409577034958
07199.png,bottom-face,a_degradation_17,0.22173155351238505
07199.png,forehead,a_degradation_17,0.15887988842273398
07199.png,under-eyes,a_degradation_17,0.13107440275764556
07221.png,left-cheek,original_roi,0.23101429781226918
07221.png,right-cheek,original_roi,0.24294492080781036
07221.png,bottom-face,original_roi,0.2690701222448878
07221.png,forehead,original_roi,0.2513357761991365
07221.png,under-eyes,original_roi,0.19723885708150377
07221.png,left-cheek,a_degradation_11,0.21079984212969968
07221.png,right-cheek,a_degradation_11,0.22075751461234216
07221.png,bottom-face,a_degradation_11,0.24678109485752475
07221.png,forehead,a_degradation_11,0.23786584627461227
07221.png,under-eyes,a_degradation_11,0.18456586083207877
07221.png,left-cheek,a_degradation_17,0.1830098444087941
07221.png,right-cheek,a_degradation_17,0.19141446060642542
07221.png,bottom-face,a_degradation_17,0.22974794577004928
07221.png,forehead,a_degradation_17,0.22898141457521898
07221.png,under-eyes,a_degradation_17,0.1873391555438904
07228.png,left-cheek,original_roi,0.15989661591713614
07228.png,right-cheek,original_roi,0.35450460007166235
07228.png,bottom-face,original_roi,0.15003980873242623
07228.png,forehead,original_roi,0.16739653924039155
07228.png,under-eyes,original_roi,0.16599539508957967
07228.png,left-cheek,a_degradation_11,0.15861366097358953
07228.png,right-cheek,a_degradation_11,0.3285288543939621
07228.png,bottom-face,a_degradation_11,0.14295291115215963
07228.png,forehead,a_degradation_11,0.16366259518093346
07228.png,under-eyes,a_degradation_11,0.16017713252822877
07228.png,left-cheek,a_degradation_17,0.15240884875418922
07228.png,right-cheek,a_degradation_17,0.28374520789738816
07228.png,bottom-face,a_degradation_17,0.1350132811217669
07228.png,forehead,a_degradation_17,0.16130462493200212
07228.png,under-eyes,a_degradation_17,0.1608104553971542
07256.png,left-cheek,original_roi,0.16394899790487275
07256.png,right-cheek,original_roi,0.14776544774550823
07256.png,bottom-face,original_roi,0.17867910188760192
07256.png,forehead,original_roi,0.2654154754856314
07256.png,under-eyes,original_roi,0.22924212188443788
07256.png,left-cheek,a_degradation_11,0.17349209226875045
07256.png,right-cheek,a_degradation_11,0.15138468817904208
07256.png,bottom-face,a_degradation_11,0.16708882751579363
07256.png,forehead,a_degradation_11,0.24914626587660316
07256.png,under-eyes,a_degradation_11,0.21763891716992323
07256.png,left-cheek,a_degradation_17,0.17630398812162104
07256.png,right-cheek,a_degradation_17,0.16144139022047319
07256.png,bottom-face,a_degradation_17,0.15592556199655846
07256.png,forehead,a_degradation_17,0.23545825811371315
07256.png,under-eyes,a_degradation_17,0.20354199073742882
07265.png,left-cheek,original_roi,0.23586404770566397
07265.png,right-cheek,original_roi,0.18904824797585984
07265.png,bottom-face,original_roi,0.21588801754110729
07265.png,forehead,original_roi,0.16948670582064587
07265.png,under-eyes,original_roi,0.15540162095855345
07265.png,left-cheek,a_degradation_11,0.2300588068100743
07265.png,right-cheek,a_degradation_11,0.1791242174677561
07265.png,bottom-face,a_degradation_11,0.2016525144089726
07265.png,forehead,a_degradation_11,0.1653844087070023
07265.png,under-eyes,a_degradation_11,0.15461758699776415
07265.png,left-cheek,a_degradation_17,0.20501093653340258
07265.png,right-cheek,a_degradation_17,0.16290076762568467
07265.png,bottom-face,a_degradation_17,0.1955873168906249
07265.png,forehead,a_degradation_17,0.15848988361998773
07265.png,under-eyes,a_degradation_17,0.15037340919672898
07267.png,left-cheek,original_roi,0.21190197219907178
07267.png,right-cheek,original_roi,0.235833677157549
07267.png,bottom-face,original_roi,0.21995950662777822
07267.png,forehead,original_roi,0.23966301662367961
07267.png,under-eyes,original_roi,0.2517773984375812
07267.png,left-cheek,a_degradation_11,0.21573452271832472
07267.png,right-cheek,a_degradation_11,0.2366034508424984
07267.png,bottom-face,a_degradation_11,0.21477166762902813
07267.png,forehead,a_degradation_11,0.23690941387772768
07267.png,under-eyes,a_degradation_11,0.23862799620886624
07267.png,left-cheek,a_degradation_17,0.2003107265663764
07267.png,right-cheek,a_degradation_17,0.21413919368213244
07267.png,bottom-face,a_degradation_17,0.19470724716552512
07267.png,forehead,a_degradation_17,0.22498580376227795
07267.png,under-eyes,a_degradation_17,0.23686360983880111
07291.png,left-cheek,original_roi,0.17269852140964498
07291.png,right-cheek,original_roi,0.21414683928006312
07291.png,bottom-face,original_roi,0.21643646729466484
07291.png,forehead,original_roi,0.2186180403926923
07291.png,under-eyes,original_roi,0.24393382042157466
07291.png,left-cheek,a_degradation_11,0.1743076054325723
07291.png,right-cheek,a_degradation_11,0.21161182600968656
07291.png,bottom-face,a_degradation_11,0.21942255590471302
07291.png,forehead,a_degradation_11,0.2054042218933419
07291.png,under-eyes,a_degradation_11,0.2373731517384141
07291.png,left-cheek,a_degradation_17,0.17818424442316197
07291.png,right-cheek,a_degradation_17,0.1909515450183761
07291.png,bottom-face,a_degradation_17,0.19490744683983802
07291.png,forehead,a_degradation_17,0.20650792337695328
07291.png,under-eyes,a_degradation_17,0.23219366045535703
07292.png,left-cheek,original_roi,0.2225826666780621
07292.png,right-cheek,original_roi,0.14625763141259013
07292.png,bottom-face,original_roi,0.14834117916649134
07292.png,forehead,original_roi,0.251793749604781
07292.png,under-eyes,original_roi,0.19435216519900678
07292.png,left-cheek,a_degradation_11,0.198766365451454
07292.png,right-cheek,a_degradation_11,0.1364875269285846
07292.png,bottom-face,a_degradation_11,0.14201653151706564
07292.png,forehead,a_degradation_11,0.24271678893106483
07292.png,under-eyes,a_degradation_11,0.1844774222048703
07292.png,left-cheek,a_degradation_17,0.18021558864858997
07292.png,right-cheek,a_degradation_17,0.12057361779603613
07292.png,bottom-face,a_degradation_17,0.13117695016862227
07292.png,forehead,a_degradation_17,0.22806948834532612
07292.png,under-eyes,a_degradation_17,0.18342479644526644
07296.png,left-cheek,original_roi,0.16420020650613817
07296.png,right-cheek,original_roi,0.16881728213346137
07296.png,bottom-face,original_roi,0.24087237812779816
07296.png,forehead,original_roi,0.20791913370669493
07296.png,under-eyes,original_roi,0.13853232044503636
07296.png,left-cheek,a_degradation_11,0.16098202325750666
07296.png,right-cheek,a_degradation_11,0.16794694036547506
07296.png,bottom-face,a_degradation_11,0.229318911863091
07296.png,forehead,a_degradation_11,0.21076006938900466
07296.png,under-eyes,a_degradation_11,0.1343784200797916
07296.png,left-cheek,a_degradation_17,0.145044947136038
07296.png,right-cheek,a_degradation_17,0.15819832813233362
07296.png,bottom-face,a_degradation_17,0.20874149710664397
07296.png,forehead,a_degradation_17,0.19721920017433028
07296.png,under-eyes,a_degradation_17,0.13589957504360378
07304.png,left-cheek,original_roi,0.18572264680259104
07304.png,right-cheek,original_roi,0.19599693591235048
07304.png,bottom-face,original_roi,0.19162246287164703
07304.png,forehead,original_roi,0.24844856626453632
07304.png,under-eyes,original_roi,0.2092695949270859
07304.png,left-cheek,a_degradation_11,0.1879240045871371
07304.png,right-cheek,a_degradation_11,0.19584081167434056
07304.png,bottom-face,a_degradation_11,0.19527283435222573
07304.png,forehead,a_degradation_11,0.24925353486717006
07304.png,under-eyes,a_degradation_11,0.19869464615718702
07304.png,left-cheek,a_degradation_17,0.17805674690238843
07304.png,right-cheek,a_degradation_17,0.1907356435242034
07304.png,bottom-face,a_degradation_17,0.18363573576818715
07304.png,forehead,a_degradation_17,0.23287127124865392
07304.png,under-eyes,a_degradation_17,0.198545906701908
07306.png,left-cheek,original_roi,0.1530608392699927
07306.png,right-cheek,original_roi,0.11740914051247335
07306.png,bottom-face,original_roi,0.1367398434355552
07306.png,forehead,original_roi,0.07846787716227455
07306.png,under-eyes,original_roi,0.1708962932624045
07306.png,left-cheek,a_degradation_11,0.1585938001064218
07306.png,right-cheek,a_degradation_11,0.12587098040847053
07306.png,bottom-face,a_degradation_11,0.13451409505000053
07306.png,forehead,a_degradation_11,0.07790034725472607
07306.png,under-eyes,a_degradation_11,0.16612595215422674
07306.png,left-cheek,a_degradation_17,0.16706974932120783
07306.png,right-cheek,a_degradation_17,0.12362894049960499
07306.png,bottom-face,a_degradation_17,0.13240353602052077
07306.png,forehead,a_degradation_17,0.077587922304417
07306.png,under-eyes,a_degradation_17,0.1600898050162768
07332.png,left-cheek,original_roi,0.2039012326375116
07332.png,right-cheek,original_roi,0.19805821068953655
07332.png,bottom-face,original_roi,0.290782355444995
07332.png,forehead,original_roi,0.23658266545126666
07332.png,under-eyes,original_roi,0.2135243103505565
07332.png,left-cheek,a_degradation_11,0.19698303970272202
07332.png,right-cheek,a_degradation_11,0.19085939928905432
07332.png,bottom-face,a_degradation_11,0.2670136582547503
07332.png,forehead,a_degradation_11,0.22334806967862048
07332.png,under-eyes,a_degradation_11,0.2086700146738517
07332.png,left-cheek,a_degradation_17,0.17144924428655942
07332.png,right-cheek,a_degradation_17,0.16900304841027927
07332.png,bottom-face,a_degradation_17,0.23819218240464277
07332.png,forehead,a_degradation_17,0.21092447695709113
07332.png,under-eyes,a_degradation_17,0.20101139022003287
07336.png,left-cheek,original_roi,0.28243607335298826
07336.png,right-cheek,original_roi,0.26098108703419126
07336.png,bottom-face,original_roi,0.31779292098702505
07336.png,forehead,original_roi,0.33878364248435305
07336.png,under-eyes,original_roi,0.2919051605401515
07336.png,left-cheek,a_degradation_11,0.2554501258299114
07336.png,right-cheek,a_degradation_11,0.2433928505067833
07336.png,bottom-face,a_degradation_11,0.27881118263703103
07336.png,forehead,a_degradation_11,0.31891837904229453
07336.png,under-eyes,a_degradation_11,0.2684532898889539
07336.png,left-cheek,a_degradation_17,0.23341728966567457
07336.png,right-cheek,a_degradation_17,0.20934910598463702
07336.png,bottom-face,a_degradation_17,0.2553843606463834
07336.png,forehead,a_degradation_17,0.29730919556589025
07336.png,under-eyes,a_degradation_17,0.2699102099750843
07375.png,left-cheek,original_roi,0.13301893876384818
07375.png,right-cheek,original_roi,0.24092295916296264
07375.png,bottom-face,original_roi,0.20178158153980136
07375.png,forehead,original_roi,0.17001847469094217
07375.png,under-eyes,original_roi,0.21876591108047055
07375.png,left-cheek,a_degradation_11,0.1312303737361638
07375.png,right-cheek,a_degradation_11,0.2353558639639241
07375.png,bottom-face,a_degradation_11,0.19361342293535322
07375.png,forehead,a_degradation_11,0.16612349462187828
07375.png,under-eyes,a_degradation_11,0.20997185542296878
07375.png,left-cheek,a_degradation_17,0.13167937771367322
07375.png,right-cheek,a_degradation_17,0.2056312593456102
07375.png,bottom-face,a_degradation_17,0.1880772972157228
07375.png,forehead,a_degradation_17,0.1596559866126472
07375.png,under-eyes,a_degradation_17,0.20234933221937662
07436.png,left-cheek,original_roi,0.28321106100361987
07436.png,right-cheek,original_roi,0.31875292708106456
07436.png,bottom-face,original_roi,0.3107627369701605
07436.png,forehead,original_roi,0.28321741196002903
07436.png,under-eyes,original_roi,0.33697423647505825
07436.png,left-cheek,a_degradation_11,0.2601171154132767
07436.png,right-cheek,a_degradation_11,0.26971453467367923
07436.png,bottom-face,a_degradation_11,0.27830100948895525
07436.png,forehead,a_degradation_11,0.26009687100066675
07436.png,under-eyes,a_degradation_11,0.31268707259925194
07436.png,left-cheek,a_degradation_17,0.23788114464806245
07436.png,right-cheek,a_degradation_17,0.22216151860068623
07436.png,bottom-face,a_degradation_17,0.24681913489366664
07436.png,forehead,a_degradation_17,0.25358103288958517
07436.png,under-eyes,a_degradation_17,0.2989022197012242
07567.png,left-cheek,original_roi,0.1795201922433736
07567.png,right-cheek,original_roi,0.1649757925995052
07567.png,bottom-face,original_roi,0.20155765188726316
07567.png,forehead,original_roi,0.24503439524715398
07567.png,under-eyes,original_roi,0.1658564719723333
07567.png,left-cheek,a_degradation_11,0.17802431618076503
07567.png,right-cheek,a_degradation_11,0.15677016759586937
07567.png,bottom-face,a_degradation_11,0.19482013410726534
07567.png,forehead,a_degradation_11,0.24271561964201896
07567.png,under-eyes,a_degradation_11,0.16067952906672783
07567.png,left-cheek,a_degradation_17,0.1665184538839625
07567.png,right-cheek,a_degradation_17,0.1450845707024876
07567.png,bottom-face,a_degradation_17,0.17811101723897962
07567.png,forehead,a_degradation_17,0.2224557862253857
07567.png,under-eyes,a_degradation_17,0.16210561931445316
07591.png,left-cheek,original_roi,0.15894159030400154
07591.png,right-cheek,original_roi,0.18863044872560852
07591.png,bottom-face,original_roi,0.14269960580372962
07591.png,forehead,original_roi,0.15516406810691707
07591.png,under-eyes,original_roi,0.14621535528540483
07591.png,left-cheek,a_degradation_11,0.14924384365551088
07591.png,right-cheek,a_degradation_11,0.18508969940112022
07591.png,bottom-face,a_degradation_11,0.14067406151208706
07591.png,forehead,a_degradation_11,0.1537766181337092
07591.png,under-eyes,a_degradation_11,0.1394807796929241
07591.png,left-cheek,a_degradation_17,0.13740235582294433
07591.png,right-cheek,a_degradation_17,0.17093631007108764
07591.png,bottom-face,a_degradation_17,0.13467918586687996
07591.png,forehead,a_degradation_17,0.15162819918931753
07591.png,under-eyes,a_degradation_17,0.14054365550077097
07592.png,left-cheek,original_roi,0.15248557558832707
07592.png,right-cheek,original_roi,0.17053471182507293
07592.png,bottom-face,original_roi,0.20754670737876457
07592.png,forehead,original_roi,0.21888669878600506
07592.png,under-eyes,original_roi,0.16020014812894498
07592.png,left-cheek,a_degradation_11,0.15437583391966012
07592.png,right-cheek,a_degradation_11,0.1724170866596358
07592.png,bottom-face,a_degradation_11,0.20310975198319586
07592.png,forehead,a_degradation_11,0.20808306716936634
07592.png,under-eyes,a_degradation_11,0.15850209821501368
07592.png,left-cheek,a_degradation_17,0.1596148824556796
07592.png,right-cheek,a_degradation_17,0.16792735712003146
07592.png,bottom-face,a_degradation_17,0.19184440539357658
07592.png,forehead,a_degradation_17,0.20096500290501312
07592.png,under-eyes,a_degradation_17,0.15373742778589553
07649.png,left-cheek,original_roi,0.24194984938127168
07649.png,right-cheek,original_roi,0.19548150499269554
07649.png,bottom-face,original_roi,0.21722578757926214
07649.png,forehead,original_roi,0.17574537475596563
07649.png,under-eyes,original_roi,0.22221657155124264
07649.png,left-cheek,a_degradation_11,0.24254362309269265
07649.png,right-cheek,a_degradation_11,0.1881043451205695
07649.png,bottom-face,a_degradation_11,0.2107799872495391
07649.png,forehead,a_degradation_11,0.17288349796002364
07649.png,under-eyes,a_degradation_11,0.22125539695590044
07649.png,left-cheek,a_degradation_17,0.23784829199451774
07649.png,right-cheek,a_degradation_17,0.17709615795818823
07649.png,bottom-face,a_degradation_17,0.20397372961120253
07649.png,forehead,a_degradation_17,0.1733594684031601
07649.png,under-eyes,a_degradation_17,0.20055209031113613
07655.png,left-cheek,original_roi,0.17051694119137595
07655.png,right-cheek,original_roi,0.1962179013364862
07655.png,bottom-face,original_roi,0.27005924402516623
07655.png,forehead,original_roi,0.2029414369527075
07655.png,under-eyes,original_roi,0.19828388048658155
07655.png,left-cheek,a_degradation_11,0.17060843584713828
07655.png,right-cheek,a_degradation_11,0.20309014214642832
07655.png,bottom-face,a_degradation_11,0.24615721288466602
07655.png,forehead,a_degradation_11,0.19378741867097282
07655.png,under-eyes,a_degradation_11,0.1898481776839648
07655.png,left-cheek,a_degradation_17,0.1587147642339702
07655.png,right-cheek,a_degradation_17,0.1989783892895732
07655.png,bottom-face,a_degradation_17,0.22384866024025454
07655.png,forehead,a_degradation_17,0.18103778400364307
07655.png,under-eyes,a_degradation_17,0.1831505177666269
07658.png,left-cheek,original_roi,0.28658927624783953
07658.png,right-cheek,original_roi,0.279597944498771
07658.png,bottom-face,original_roi,0.27254002653693776
07658.png,forehead,original_roi,0.19196277264918962
07658.png,under-eyes,original_roi,0.2244622965672901
07658.png,left-cheek,a_degradation_11,0.2782290084778142
07658.png,right-cheek,a_degradation_11,0.2650087855512796
07658.png,bottom-face,a_degradation_11,0.252629683490297
07658.png,forehead,a_degradation_11,0.18745171032595462
07658.png,under-eyes,a_degradation_11,0.2146521248157799
07658.png,left-cheek,a_degradation_17,0.23750233086064648
07658.png,right-cheek,a_degradation_17,0.23539788817882493
07658.png,bottom-face,a_degradation_17,0.22170177060724197
07658.png,forehead,a_degradation_17,0.18652044120760608
07658.png,under-eyes,a_degradation_17,0.21129771050511814
07694.png,left-cheek,original_roi,0.303845148611326
07694.png,right-cheek,original_roi,0.24714348994864738
07694.png,bottom-face,original_roi,0.24941146149378482
07694.png,forehead,original_roi,0.17239978892133614
07694.png,under-eyes,original_roi,0.22213692996563872
07694.png,left-cheek,a_degradation_11,0.3037992158760163
07694.png,right-cheek,a_degradation_11,0.23601534850638095
07694.png,bottom-face,a_degradation_11,0.2432413724119463
07694.png,forehead,a_degradation_11,0.1681532652508167
07694.png,under-eyes,a_degradation_11,0.21452990539323566
07694.png,left-cheek,a_degradation_17,0.264639371468369
07694.png,right-cheek,a_degradation_17,0.2164563163774482
07694.png,bottom-face,a_degradation_17,0.21708136609732892
07694.png,forehead,a_degradation_17,0.16537777101787193
07694.png,under-eyes,a_degradation_17,0.20958668249422796
07717.png,left-cheek,original_roi,0.1781251295417092
07717.png,right-cheek,original_roi,0.19648048938140444
07717.png,bottom-face,original_roi,0.24900962841951665
07717.png,forehead,original_roi,0.1546885544228413
07717.png,under-eyes,original_roi,0.20059919380703825
07717.png,left-cheek,a_degradation_11,0.16562457438132203
07717.png,right-cheek,a_degradation_11,0.17878171462280645
07717.png,bottom-face,a_degradation_11,0.22576721816880987
07717.png,forehead,a_degradation_11,0.15059544098059063
07717.png,under-eyes,a_degradation_11,0.18979939739212628
07717.png,left-cheek,a_degradation_17,0.1548809421514343
07717.png,right-cheek,a_degradation_17,0.15964628965769934
07717.png,bottom-face,a_degradation_17,0.21058937069252723
07717.png,forehead,a_degradation_17,0.1527127623393436
07717.png,under-eyes,a_degradation_17,0.19197474472871162
07738.png,left-cheek,original_roi,0.18685000934182333
07738.png,right-cheek,original_roi,0.24051228867933713
07738.png,bottom-face,original_roi,0.21921830474182596
07738.png,forehead,original_roi,0.12557519389811783
07738.png,under-eyes,original_roi,0.17440882749086012
07738.png,left-cheek,a_degradation_11,0.1800505827339301
07738.png,right-cheek,a_degradation_11,0.22218965077743244
07738.png,bottom-face,a_degradation_11,0.19900309333438299
07738.png,forehead,a_degradation_11,0.12619046197118833
07738.png,under-eyes,a_degradation_11,0.16928200448041733
07738.png,left-cheek,a_degradation_17,0.18559653906746781
07738.png,right-cheek,a_degradation_17,0.19855335065169966
07738.png,bottom-face,a_degradation_17,0.18722808224823648
07738.png,forehead,a_degradation_17,0.11939175295684595
07738.png,under-eyes,a_degradation_17,0.16480709187780518
07748.png,left-cheek,original_roi,0.21298981564800198
07748.png,right-cheek,original_roi,0.24402846883216944
07748.png,bottom-face,original_roi,0.19186659553905855
07748.png,forehead,original_roi,0.2443444434400419
07748.png,under-eyes,original_roi,0.20670901885305146
07748.png,left-cheek,a_degradation_11,0.1977217957614428
07748.png,right-cheek,a_degradation_11,0.23000715580791506
07748.png,bottom-face,a_degradation_11,0.18393974754810113
07748.png,forehead,a_degradation_11,0.22904441946211235
07748.png,under-eyes,a_degradation_11,0.2075418317956727
07748.png,left-cheek,a_degradation_17,0.1796342802353172
07748.png,right-cheek,a_degradation_17,0.1968190319800918
07748.png,bottom-face,a_degradation_17,0.16723698892542746
07748.png,forehead,a_degradation_17,0.22146712603948085
07748.png,under-eyes,a_degradation_17,0.2023566643169055
07750.png,left-cheek,original_roi,0.20014782904650724
07750.png,right-cheek,original_roi,0.3113893383459869
07750.png,bottom-face,original_roi,0.24820994658203693
07750.png,forehead,original_roi,0.21869678956099164
07750.png,under-eyes,original_roi,0.23166930586119358
07750.png,left-cheek,a_degradation_11,0.20038235523514333
07750.png,right-cheek,a_degradation_11,0.31017513652660683
07750.png,bottom-face,a_degradation_11,0.23640631384901534
07750.png,forehead,a_degradation_11,0.2099164705359057
07750.png,under-eyes,a_degradation_11,0.22106705634755816
07750.png,left-cheek,a_degradation_17,0.19323751799837396
07750.png,right-cheek,a_degradation_17,0.2787058782022452
07750.png,bottom-face,a_degradation_17,0.21346144787658036
07750.png,forehead,a_degradation_17,0.19718942596300798
07750.png,under-eyes,a_degradation_17,0.21469730682620178
07757.png,left-cheek,original_roi,0.3838994413793878
07757.png,right-cheek,original_roi,0.2578520969700505
07757.png,bottom-face,original_roi,0.3228065852003408
07757.png,forehead,original_roi,0.21225555460397222
07757.png,under-eyes,original_roi,0.3054496790048675
07757.png,left-cheek,a_degradation_11,0.3962770569870864
07757.png,right-cheek,a_degradation_11,0.24258286170055282
07757.png,bottom-face,a_degradation_11,0.2994772889983321
07757.png,forehead,a_degradation_11,0.19924984971004286
07757.png,under-eyes,a_degradation_11,0.28490984394803814
07757.png,left-cheek,a_degradation_17,0.3677707255842588
07757.png,right-cheek,a_degradation_17,0.20246506911888898
07757.png,bottom-face,a_degradation_17,0.26290954988646753
07757.png,forehead,a_degradation_17,0.19250242616254132
07757.png,under-eyes,a_degradation_17,0.2684971914518316
07769.png,left-cheek,original_roi,0.29063579438356546
07769.png,right-cheek,original_roi,0.3836319855522263
07769.png,bottom-face,original_roi,0.42099536607430804
07769.png,forehead,original_roi,0.15484680256185027
07769.png,under-eyes,original_roi,0.42355640590016047
07769.png,left-cheek,a_degradation_11,0.27433015617525747
07769.png,right-cheek,a_degradation_11,0.3487455158367744
07769.png,bottom-face,a_degradation_11,0.36439036418848275
07769.png,forehead,a_degradation_11,0.1487764173793888
07769.png,under-eyes,a_degradation_11,0.36174923254983854
07769.png,left-cheek,a_degradation_17,0.24924755602227616
07769.png,right-cheek,a_degradation_17,0.27630132911481076
07769.png,bottom-face,a_degradation_17,0.31746662075037335
07769.png,forehead,a_degradation_17,0.14602748978886962
07769.png,under-eyes,a_degradation_17,0.3322916591692226
07798.png,left-cheek,original_roi,0.2459749893469878
07798.png,right-cheek,original_roi,0.2518991308869681
07798.png,bottom-face,original_roi,0.27133122087249867
07798.png,forehead,original_roi,0.26640632216285803
07798.png,under-eyes,original_roi,0.20676396692394902
07798.png,left-cheek,a_degradation_11,0.23905931290265114
07798.png,right-cheek,a_degradation_11,0.23400795025951882
07798.png,bottom-face,a_degradation_11,0.24605906148090098
07798.png,forehead,a_degradation_11,0.2525336587871329
07798.png,under-eyes,a_degradation_11,0.1840412795468837
07798.png,left-cheek,a_degradation_17,0.24949906164755278
07798.png,right-cheek,a_degradation_17,0.199841751479421
07798.png,bottom-face,a_degradation_17,0.22370514781866369
07798.png,forehead,a_degradation_17,0.2355125770702073
07798.png,under-eyes,a_degradation_17,0.176351963049264
07814.png,left-cheek,original_roi,0.19617472375401032
07814.png,right-cheek,original_roi,0.15155994486407456
07814.png,bottom-face,original_roi,0.18523734821517307
07814.png,forehead,original_roi,0.1345749661835119
07814.png,under-eyes,original_roi,0.14819020286082815
07814.png,left-cheek,a_degradation_11,0.1826663249709693
07814.png,right-cheek,a_degradation_11,0.1541093660692673
07814.png,bottom-face,a_degradation_11,0.1806065917833746
07814.png,forehead,a_degradation_11,0.1297244439617365
07814.png,under-eyes,a_degradation_11,0.14505054053589336
07814.png,left-cheek,a_degradation_17,0.15786470914363093
07814.png,right-cheek,a_degradation_17,0.15181671732443364
07814.png,bottom-face,a_degradation_17,0.16977013789634401
07814.png,forehead,a_degradation_17,0.12344302363077998
07814.png,under-eyes,a_degradation_17,0.1442728096993338
07816.png,left-cheek,original_roi,0.15686616945390552
07816.png,right-cheek,original_roi,0.18785016075431357
07816.png,bottom-face,original_roi,0.1226797196071295
07816.png,forehead,original_roi,0.17990638511570864
07816.png,under-eyes,original_roi,0.17347118812699355
07816.png,left-cheek,a_degradation_11,0.15009606937299658
07816.png,right-cheek,a_degradation_11,0.18267430131251247
07816.png,bottom-face,a_degradation_11,0.11964397264688603
07816.png,forehead,a_degradation_11,0.18270493149468944
07816.png,under-eyes,a_degradation_11,0.1666169765102027
07816.png,left-cheek,a_degradation_17,0.1348476828667931
07816.png,right-cheek,a_degradation_17,0.1627523710426747
07816.png,bottom-face,a_degradation_17,0.11581101379113666
07816.png,forehead,a_degradation_17,0.175282525423318
07816.png,under-eyes,a_degradation_17,0.16790789338285284
07819.png,left-cheek,original_roi,0.2794323060602747
07819.png,right-cheek,original_roi,0.3203987622832609
07819.png,bottom-face,original_roi,0.2996215587517595
07819.png,forehead,original_roi,0.24522843384232182
07819.png,under-eyes,original_roi,0.21740615131258806
07819.png,left-cheek,a_degradation_11,0.26228415071629724
07819.png,right-cheek,a_degradation_11,0.28186065960794876
07819.png,bottom-face,a_degradation_11,0.26634959095678246
07819.png,forehead,a_degradation_11,0.2319152938200801
07819.png,under-eyes,a_degradation_11,0.20254841866846182
07819.png,left-cheek,a_degradation_17,0.25080686056179763
07819.png,right-cheek,a_degradation_17,0.22412850402443152
07819.png,bottom-face,a_degradation_17,0.23976864471541648
07819.png,forehead,a_degradation_17,0.21757964792323423
07819.png,under-eyes,a_degradation_17,0.18850335523450382
07820.png,left-cheek,original_roi,0.2616891148072938
07820.png,right-cheek,original_roi,0.31144458826653326
07820.png,bottom-face,original_roi,0.24450296227767324
07820.png,forehead,original_roi,0.2533505951202401
07820.png,under-eyes,original_roi,0.31358502735088084
07820.png,left-cheek,a_degradation_11,0.22869923287274047
07820.png,right-cheek,a_degradation_11,0.28207670153379216
07820.png,bottom-face,a_degradation_11,0.2130593210444487
07820.png,forehead,a_degradation_11,0.24284289806584264
07820.png,under-eyes,a_degradation_11,0.29212023566335105
07820.png,left-cheek,a_degradation_17,0.19880028976478467
07820.png,right-cheek,a_degradation_17,0.24400387681492636
07820.png,bottom-face,a_degradation_17,0.20232557794014921
07820.png,forehead,a_degradation_17,0.23510210612116555
07820.png,under-eyes,a_degradation_17,0.30193536384773856
07821.png,left-cheek,original_roi,0.2770191217512178
07821.png,right-cheek,original_roi,0.262433576589353
07821.png,bottom-face,original_roi,0.35126792447550853
07821.png,forehead,original_roi,0.292433969714703
07821.png,under-eyes,original_roi,0.29153495429384363
07821.png,left-cheek,a_degradation_11,0.25978447342341965
07821.png,right-cheek,a_degradation_11,0.25789082978116873
07821.png,bottom-face,a_degradation_11,0.3223396739665995
07821.png,forehead,a_degradation_11,0.2717310774619966
07821.png,under-eyes,a_degradation_11,0.26603843353867973
07821.png,left-cheek,a_degradation_17,0.22054571485600577
07821.png,right-cheek,a_degradation_17,0.24006636844579318
07821.png,bottom-face,a_degradation_17,0.28503319913596487
07821.png,forehead,a_degradation_17,0.2556990043165984
07821.png,under-eyes,a_degradation_17,0.25820324319967175
07822.png,left-cheek,original_roi,0.2611912160711226
07822.png,right-cheek,original_roi,0.24450151274928905
07822.png,bottom-face,original_roi,0.2871680844312115
07822.png,forehead,original_roi,0.15608742943421614
07822.png,under-eyes,original_roi,0.18039900274710904
07822.png,left-cheek,a_degradation_11,0.2507093502370359
07822.png,right-cheek,a_degradation_11,0.22494934736071712
07822.png,bottom-face,a_degradation_11,0.25887200508912633
07822.png,forehead,a_degradation_11,0.15152442063179514
07822.png,under-eyes,a_degradation_11,0.17673841360985026
07822.png,left-cheek,a_degradation_17,0.2235059317073782
07822.png,right-cheek,a_degradation_17,0.20116223730237065
07822.png,bottom-face,a_degradation_17,0.2382674239711604
07822.png,forehead,a_degradation_17,0.14655530100357386
07822.png,under-eyes,a_degradation_17,0.17263052574483254
07824.png,left-cheek,original_roi,0.2666584331087723
07824.png,right-cheek,original_roi,0.2527590067381396
07824.png,bottom-face,original_roi,0.20565416267374378
07824.png,forehead,original_roi,0.282510867957353
07824.png,under-eyes,original_roi,0.2614918654367872
07824.png,left-cheek,a_degradation_11,0.25232181280888627
07824.png,right-cheek,a_degradation_11,0.23793372656018846
07824.png,bottom-face,a_degradation_11,0.20317102669120188
07824.png,forehead,a_degradation_11,0.26727778823205245
07824.png,under-eyes,a_degradation_11,0.25098461010668877
07824.png,left-cheek,a_degradation_17,0.2520510565305818
07824.png,right-cheek,a_degradation_17,0.22082605117131712
07824.png,bottom-face,a_degradation_17,0.18763506962002424
07824.png,forehead,a_degradation_17,0.25338685066977995
07824.png,under-eyes,a_degradation_17,0.23431553261089583
07825.png,left-cheek,original_roi,0.22860495299903436
07825.png,right-cheek,original_roi,0.23991803177344437
07825.png,bottom-face,original_roi,0.28236349959734136
07825.png,forehead,original_roi,0.22584853238130737
07825.png,under-eyes,original_roi,0.1656676840719053
07825.png,left-cheek,a_degradation_11,0.2482767239304568
07825.png,right-cheek,a_degradation_11,0.25536972277278563
07825.png,bottom-face,a_degradation_11,0.2697731301664821
07825.png,forehead,a_degradation_11,0.21815175273776144
07825.png,under-eyes,a_degradation_11,0.16149145935541678
07825.png,left-cheek,a_degradation_17,0.2587188646102335
07825.png,right-cheek,a_degradation_17,0.236125872326227
07825.png,bottom-face,a_degradation_17,0.2342434193155572
07825.png,forehead,a_degradation_17,0.21098339905848362
07825.png,under-eyes,a_degradation_17,0.16071218246571642
07829.png,left-cheek,original_roi,0.24919142086260337
07829.png,right-cheek,original_roi,0.3194027744189653
07829.png,bottom-face,original_roi,0.29071801504030914
07829.png,forehead,original_roi,0.31119382169672744
07829.png,under-eyes,original_roi,0.27714579079755536
07829.png,left-cheek,a_degradation_11,0.24366462768798733
07829.png,right-cheek,a_degradation_11,0.28952936078462704
07829.png,bottom-face,a_degradation_11,0.2762429707508119
07829.png,forehead,a_degradation_11,0.30110396155696545
07829.png,under-eyes,a_degradation_11,0.2606412913682094
07829.png,left-cheek,a_degradation_17,0.20442759042550454
07829.png,right-cheek,a_degradation_17,0.27799350243582266
07829.png,bottom-face,a_degradation_17,0.2532758095120993
07829.png,forehead,a_degradation_17,0.26663765354079233
07829.png,under-eyes,a_degradation_17,0.265361560332838
07833.png,left-cheek,original_roi,0.15724993884980373
07833.png,right-cheek,original_roi,0.1866693505821411
07833.png,bottom-face,original_roi,0.2093115990952765
07833.png,forehead,original_roi,0.14120289752661358
07833.png,under-eyes,original_roi,0.18235808769151776
07833.png,left-cheek,a_degradation_11,0.15229693906065817
07833.png,right-cheek,a_degradation_11,0.18535085921263642
07833.png,bottom-face,a_degradation_11,0.2067122416545464
07833.png,forehead,a_degradation_11,0.13126591380178163
07833.png,under-eyes,a_degradation_11,0.1714349717174666
07833.png,left-cheek,a_degradation_17,0.136738391067396
07833.png,right-cheek,a_degradation_17,0.17209857675458004
07833.png,bottom-face,a_degradation_17,0.18194489515873
07833.png,forehead,a_degradation_17,0.12643595619932027
07833.png,under-eyes,a_degradation_17,0.1628814268963258
07834.png,left-cheek,original_roi,0.21287687610224887
07834.png,right-cheek,original_roi,0.3534697657796683
07834.png,bottom-face,original_roi,0.19512898812603813
07834.png,forehead,original_roi,0.18431079202002132
07834.png,under-eyes,original_roi,0.197342949546274
07834.png,left-cheek,a_degradation_11,0.18675316448645404
07834.png,right-cheek,a_degradation_11,0.3054310816481211
07834.png,bottom-face,a_degradation_11,0.17739292628078412
07834.png,forehead,a_degradation_11,0.17766068252507253
07834.png,under-eyes,a_degradation_11,0.1823443454930227
07834.png,left-cheek,a_degradation_17,0.1680745550333284
07834.png,right-cheek,a_degradation_17,0.2693965837002884
07834.png,bottom-face,a_degradation_17,0.15756037582901497
07834.png,forehead,a_degradation_17,0.1716068608278155
07834.png,under-eyes,a_degradation_17,0.16820822839395178
07836.png,left-cheek,original_roi,0.2811389040560028
07836.png,right-cheek,original_roi,0.2673766956216638
07836.png,bottom-face,original_roi,0.2160865681028024
07836.png,forehead,original_roi,0.19523022703764728
07836.png,under-eyes,original_roi,0.2001706490977745
07836.png,left-cheek,a_degradation_11,0.2785387933782434
07836.png,right-cheek,a_degradation_11,0.2713612232123888
07836.png,bottom-face,a_degradation_11,0.20658975422285225
07836.png,forehead,a_degradation_11,0.18947860203242675
07836.png,under-eyes,a_degradation_11,0.19336629176717485
07836.png,left-cheek,a_degradation_17,0.2517727805016703
07836.png,right-cheek,a_degradation_17,0.2981147730653385
07836.png,bottom-face,a_degradation_17,0.19989849762288872
07836.png,forehead,a_degradation_17,0.17904703084572332
07836.png,under-eyes,a_degradation_17,0.1918029454187588
07839.png,left-cheek,original_roi,0.23942263824995194
07839.png,right-cheek,original_roi,0.24554930454883675
07839.png,bottom-face,original_roi,0.3051536416163313
07839.png,forehead,original_roi,0.26595804278883733
07839.png,under-eyes,original_roi,0.28897815474192545
07839.png,left-cheek,a_degradation_11,0.2221518233359794
07839.png,right-cheek,a_degradation_11,0.22528538968894202
07839.png,bottom-face,a_degradation_11,0.26623941786127286
07839.png,forehead,a_degradation_11,0.24660449734197226
07839.png,under-eyes,a_degradation_11,0.2665260378781414
07839.png,left-cheek,a_degradation_17,0.20105554805060633
07839.png,right-cheek,a_degradation_17,0.1861380136144807
07839.png,bottom-face,a_degradation_17,0.24887860987790267
07839.png,forehead,a_degradation_17,0.23640904811410476
07839.png,under-eyes,a_degradation_17,0.25934559858622
07844.png,left-cheek,original_roi,0.2601835761084015
07844.png,right-cheek,original_roi,0.40051250426098567
07844.png,bottom-face,original_roi,0.27686046296965383
07844.png,forehead,original_roi,0.24977694329237748
07844.png,under-eyes,original_roi,0.26611934018525213
07844.png,left-cheek,a_degradation_11,0.25927373763534256
07844.png,right-cheek,a_degradation_11,0.33446932955436437
07844.png,bottom-face,a_degradation_11,0.24685654593774764
07844.png,forehead,a_degradation_11,0.23366527172277782
07844.png,under-eyes,a_degradation_11,0.24948280012891869
07844.png,left-cheek,a_degradation_17,0.24918064852322405
07844.png,right-cheek,a_degradation_17,0.27743062144294106
07844.png,bottom-face,a_degradation_17,0.240620921745169
07844.png,forehead,a_degradation_17,0.2142597959691673
07844.png,under-eyes,a_degradation_17,0.22827185013094095
07847.png,left-cheek,original_roi,0.16562184913350633
07847.png,right-cheek,original_roi,0.22447906311456617
07847.png,bottom-face,original_roi,0.188143963121432
07847.png,forehead,original_roi,0.2682991720404064
07847.png,under-eyes,original_roi,0.2281949328232663
07847.png,left-cheek,a_degradation_11,0.17181648571606975
07847.png,right-cheek,a_degradation_11,0.23218610925354083
07847.png,bottom-face,a_degradation_11,0.18725845287636128
07847.png,forehead,a_degradation_11,0.24729664702698353
07847.png,under-eyes,a_degradation_11,0.21647390664194785
07847.png,left-cheek,a_degradation_17,0.17617046836879752
07847.png,right-cheek,a_degradation_17,0.239168177487195
07847.png,bottom-face,a_degradation_17,0.1691695955945848
07847.png,forehead,a_degradation_17,0.2288462205524558
07847.png,under-eyes,a_degradation_17,0.2155697832150649
07850.png,left-cheek,original_roi,0.2231143086075682
07850.png,right-cheek,original_roi,0.2390848041023021
07850.png,bottom-face,original_roi,0.2490408259006012
07850.png,forehead,original_roi,0.21708920301126658
07850.png,under-eyes,original_roi,0.20482028600918656
07850.png,left-cheek,a_degradation_11,0.22160683202491308
07850.png,right-cheek,a_degradation_11,0.22322447453945227
07850.png,bottom-face,a_degradation_11,0.23089294191562545
07850.png,forehead,a_degradation_11,0.20786506734730323
07850.png,under-eyes,a_degradation_11,0.20745157553739763
07850.png,left-cheek,a_degradation_17,0.21315172103740865
07850.png,right-cheek,a_degradation_17,0.19796942786760108
07850.png,bottom-face,a_degradation_17,0.21927345603061157
07850.png,forehead,a_degradation_17,0.2036994614416818
07850.png,under-eyes,a_degradation_17,0.19844817207042628
07851.png,left-cheek,original_roi,0.20284735795364695
07851.png,right-cheek,original_roi,0.19007251515804544
07851.png,bottom-face,original_roi,0.2581281177623378
07851.png,forehead,original_roi,0.1803664671746265
07851.png,under-eyes,original_roi,0.15211803332631177
07851.png,left-cheek,a_degradation_11,0.18946587626967212
07851.png,right-cheek,a_degradation_11,0.17076542934189834
07851.png,bottom-face,a_degradation_11,0.24043665244752804
07851.png,forehead,a_degradation_11,0.1778421234481084
07851.png,under-eyes,a_degradation_11,0.1406449336812808
07851.png,left-cheek,a_degradation_17,0.16976029272939452
07851.png,right-cheek,a_degradation_17,0.14664522268006705
07851.png,bottom-face,a_degradation_17,0.21041674415418213
07851.png,forehead,a_degradation_17,0.17209703560420564
07851.png,under-eyes,a_degradation_17,0.13583669625157271
07852.png,left-cheek,original_roi,0.22273378480688008
07852.png,right-cheek,original_roi,0.25744696065502426
07852.png,bottom-face,original_roi,0.18513047709305058
07852.png,forehead,original_roi,0.1990130191627913
07852.png,under-eyes,original_roi,0.20395629564496687
07852.png,left-cheek,a_degradation_11,0.2227459103769304
07852.png,right-cheek,a_degradation_11,0.255591219409475
07852.png,bottom-face,a_degradation_11,0.17703078209637235
07852.png,forehead,a_degradation_11,0.19211794809615867
07852.png,under-eyes,a_degradation_11,0.20541947311373246
07852.png,left-cheek,a_degradation_17,0.22736855072028878
07852.png,right-cheek,a_degradation_17,0.23189479891251982
07852.png,bottom-face,a_degradation_17,0.16537453746489683
07852.png,forehead,a_degradation_17,0.18408647924502855
07852.png,under-eyes,a_degradation_17,0.19085129006382778
07853.png,left-cheek,original_roi,0.22089009158237818
07853.png,right-cheek,original_roi,0.2190767424475359
07853.png,bottom-face,original_roi,0.20594650964944872
07853.png,forehead,original_roi,0.1882387586129091
07853.png,under-eyes,original_roi,0.2564580838515574
07853.png,left-cheek,a_degradation_11,0.23015712018080764
07853.png,right-cheek,a_degradation_11,0.21184718237783448
07853.png,bottom-face,a_degradation_11,0.1946279082716012
07853.png,forehead,a_degradation_11,0.18810587880203986
07853.png,under-eyes,a_degradation_11,0.23530769426477943
07853.png,left-cheek,a_degradation_17,0.20797269453961895
07853.png,right-cheek,a_degradation_17,0.1967504925477333
07853.png,bottom-face,a_degradation_17,0.17909260805326976
07853.png,forehead,a_degradation_17,0.1772166895431732
07853.png,under-eyes,a_degradation_17,0.23627851558512003
07854.png,left-cheek,original_roi,0.3463176969772087
07854.png,right-cheek,original_roi,0.3131071493477426
07854.png,bottom-face,original_roi,0.360012874377025
07854.png,forehead,original_roi,0.3526391761963898
07854.png,under-eyes,original_roi,0.3587934541193725
07854.png,left-cheek,a_degradation_11,0.33570421793322686
07854.png,right-cheek,a_degradation_11,0.29090383088346233
07854.png,bottom-face,a_degradation_11,0.3331845563723515
07854.png,forehead,a_degradation_11,0.31779912431888424
07854.png,under-eyes,a_degradation_11,0.33869998983751604
07854.png,left-cheek,a_degradation_17,0.29923527616904944
07854.png,right-cheek,a_degradation_17,0.24513653376833477
07854.png,bottom-face,a_degradation_17,0.27253486261136783
07854.png,forehead,a_degradation_17,0.3030440302350923
07854.png,under-eyes,a_degradation_17,0.3161964090761566
07862.png,left-cheek,original_roi,0.20227075531525907
07862.png,right-cheek,original_roi,0.20839828590474074
07862.png,bottom-face,original_roi,0.13057211282679965
07862.png,forehead,original_roi,0.0885187397579011
07862.png,under-eyes,original_roi,0.1507078360475941
07862.png,left-cheek,a_degradation_11,0.20578713263983173
07862.png,right-cheek,a_degradation_11,0.20013013623499024
07862.png,bottom-face,a_degradation_11,0.12844439062325178
07862.png,forehead,a_degradation_11,0.08890040436133272
07862.png,under-eyes,a_degradation_11,0.1458970131348302
07862.png,left-cheek,a_degradation_17,0.19964443257178746
07862.png,right-cheek,a_degradation_17,0.1874855325545321
07862.png,bottom-face,a_degradation_17,0.1253623861833357
07862.png,forehead,a_degradation_17,0.0878460591174532
07862.png,under-eyes,a_degradation_17,0.14475156778329518
07865.png,left-cheek,original_roi,0.18504738562778875
07865.png,right-cheek,original_roi,0.1519702612348654
07865.png,bottom-face,original_roi,0.2493789767515819
07865.png,forehead,original_roi,0.24356803668872237
07865.png,under-eyes,original_roi,0.17597486660234246
07865.png,left-cheek,a_degradation_11,0.17922616358500698
07865.png,right-cheek,a_degradation_11,0.14386743921426412
07865.png,bottom-face,a_degradation_11,0.23971634615792656
07865.png,forehead,a_degradation_11,0.23368753381213947
07865.png,under-eyes,a_degradation_11,0.16976202420866568
07865.png,left-cheek,a_degradation_17,0.16204823206505578
07865.png,right-cheek,a_degradation_17,0.13375474141976892
07865.png,bottom-face,a_degradation_17,0.21651093144805247
07865.png,forehead,a_degradation_17,0.21375078489368285
07865.png,under-eyes,a_degradation_17,0.170528350036721
07867.png,left-cheek,original_roi,0.22731298909041497
07867.png,right-cheek,original_roi,0.2221004806069671
07867.png,bottom-face,original_roi,0.1923429536849725
07867.png,forehead,original_roi,0.27733515350044413
07867.png,under-eyes,original_roi,0.20589046244157402
07867.png,left-cheek,a_degradation_11,0.23668402348320516
07867.png,right-cheek,a_degradation_11,0.2253949634825228
07867.png,bottom-face,a_degradation_11,0.19376849199448798
07867.png,forehead,a_degradation_11,0.2476002557748404
07867.png,under-eyes,a_degradation_11,0.19742903424297728
07867.png,left-cheek,a_degradation_17,0.23909561052846026
07867.png,right-cheek,a_degradation_17,0.24025250415009838
07867.png,bottom-face,a_degradation_17,0.17877693437988715
07867.png,forehead,a_degradation_17,0.23990824386412074
07867.png,under-eyes,a_degradation_17,0.19434451018080595
07871.png,left-cheek,original_roi,0.216958855199068
07871.png,right-cheek,original_roi,0.30655851806816964
07871.png,bottom-face,original_roi,0.3013711649216686
07871.png,forehead,original_roi,0.3066037559995206
07871.png,under-eyes,original_roi,0.23945288832285153
07871.png,left-cheek,a_degradation_11,0.203290326134458
07871.png,right-cheek,a_degradation_11,0.26203406606415214
07871.png,bottom-face,a_degradation_11,0.277879353443607
07871.png,forehead,a_degradation_11,0.2950685366249471
07871.png,under-eyes,a_degradation_11,0.22235034507555287
07871.png,left-cheek,a_degradation_17,0.1856260573257754
07871.png,right-cheek,a_degradation_17,0.2120385353875399
07871.png,bottom-face,a_degradation_17,0.23842761890423556
07871.png,forehead,a_degradation_17,0.2672753739668344
07871.png,under-eyes,a_degradation_17,0.22053418768135521
07874.png,left-cheek,original_roi,0.2641987962302257
07874.png,right-cheek,original_roi,0.24122317117994385
07874.png,bottom-face,original_roi,0.2660350468856591
07874.png,forehead,original_roi,0.24032436234775914
07874.png,under-eyes,original_roi,0.24231206729178148
07874.png,left-cheek,a_degradation_11,0.2528393651883121
07874.png,right-cheek,a_degradation_11,0.22412662311200265
07874.png,bottom-face,a_degradation_11,0.2512158739675306
07874.png,forehead,a_degradation_11,0.2348493209386487
07874.png,under-eyes,a_degradation_11,0.23981804744269197
07874.png,left-cheek,a_degradation_17,0.20989037240590624
07874.png,right-cheek,a_degradation_17,0.196332026194149
07874.png,bottom-face,a_degradation_17,0.2200360878670101
07874.png,forehead,a_degradation_17,0.2257891274162931
07874.png,under-eyes,a_degradation_17,0.23077232482081306
07878.png,left-cheek,original_roi,0.3391147739985072
07878.png,right-cheek,original_roi,0.3000258894849256
07878.png,bottom-face,original_roi,0.27467765738616756
07878.png,forehead,original_roi,0.23008047784284544
07878.png,under-eyes,original_roi,0.24756241515282632
07878.png,left-cheek,a_degradation_11,0.30792911841569864
07878.png,right-cheek,a_degradation_11,0.2755346100780706
07878.png,bottom-face,a_degradation_11,0.24927562642060355
07878.png,forehead,a_degradation_11,0.22802192298522453
07878.png,under-eyes,a_degradation_11,0.23866994430715593
07878.png,left-cheek,a_degradation_17,0.27339151487877944
07878.png,right-cheek,a_degradation_17,0.23129636453917823
07878.png,bottom-face,a_degradation_17,0.22929461438453402
07878.png,forehead,a_degradation_17,0.20976909492471355
07878.png,under-eyes,a_degradation_17,0.23248958765059594
07880.png,left-cheek,original_roi,0.21780556822937913
07880.png,right-cheek,original_roi,0.2102030876725807
07880.png,bottom-face,original_roi,0.23810760230843292
07880.png,forehead,original_roi,0.20437986863868388
07880.png,under-eyes,original_roi,0.22046838219495615
07880.png,left-cheek,a_degradation_11,0.2144954553706866
07880.png,right-cheek,a_degradation_11,0.19208842336962575
07880.png,bottom-face,a_degradation_11,0.22694447566538467
07880.png,forehead,a_degradation_11,0.19489945866161237
07880.png,under-eyes,a_degradation_11,0.2086998709538123
07880.png,left-cheek,a_degradation_17,0.20600157206509565
07880.png,right-cheek,a_degradation_17,0.17253895158862673
07880.png,bottom-face,a_degradation_17,0.20522006432840212
07880.png,forehead,a_degradation_17,0.1839723323561341
07880.png,under-eyes,a_degradation_17,0.20908442886788065
07881.png,left-cheek,original_roi,0.15745780344745428
07881.png,right-cheek,original_roi,0.21821490002724342
07881.png,bottom-face,original_roi,0.17222244516080704
07881.png,forehead,original_roi,0.19727080060765725
07881.png,under-eyes,original_roi,0.21136003337009074
07881.png,left-cheek,a_degradation_11,0.14959875485789775
07881.png,right-cheek,a_degradation_11,0.20131391969138326
07881.png,bottom-face,a_degradation_11,0.16556693361287828
07881.png,forehead,a_degradation_11,0.19717082998770893
07881.png,under-eyes,a_degradation_11,0.20166303790059012
07881.png,left-cheek,a_degradation_17,0.14195449461674228
07881.png,right-cheek,a_degradation_17,0.18404035651939338
07881.png,bottom-face,a_degradation_17,0.1583415130264433
07881.png,forehead,a_degradation_17,0.1935952781462955
07881.png,under-eyes,a_degradation_17,0.20187349815276637
07882.png,left-cheek,original_roi,0.15678227150542032
07882.png,right-cheek,original_roi,0.27810082480324144
07882.png,bottom-face,original_roi,0.14340761616016942
07882.png,forehead,original_roi,0.18093201801350084
07882.png,under-eyes,original_roi,0.1742376269873941
07882.png,left-cheek,a_degradation_11,0.14742702529137153
07882.png,right-cheek,a_degradation_11,0.27637620788001827
07882.png,bottom-face,a_degradation_11,0.1387405541904994
07882.png,forehead,a_degradation_11,0.16208376667181607
07882.png,under-eyes,a_degradation_11,0.15606471274834802
07882.png,left-cheek,a_degradation_17,0.1418973981804084
07882.png,right-cheek,a_degradation_17,0.24934733428704253
07882.png,bottom-face,a_degradation_17,0.13174455471672367
07882.png,forehead,a_degradation_17,0.1564440197445943
07882.png,under-eyes,a_degradation_17,0.14335398823211265
07885.png,left-cheek,original_roi,0.27955580482548464
07885.png,right-cheek,original_roi,0.42761281831588444
07885.png,bottom-face,original_roi,0.2946582020278272
07885.png,forehead,original_roi,0.3266364183341221
07885.png,under-eyes,original_roi,0.3331375590431165
07885.png,left-cheek,a_degradation_11,0.278249956122751
07885.png,right-cheek,a_degradation_11,0.4420064915235222
07885.png,bottom-face,a_degradation_11,0.28536353696741523
07885.png,forehead,a_degradation_11,0.30738033267185516
07885.png,under-eyes,a_degradation_11,0.3061929201975963
07885.png,left-cheek,a_degradation_17,0.26376099916920365
07885.png,right-cheek,a_degradation_17,0.44365018295237424
07885.png,bottom-face,a_degradation_17,0.25632238986132033
07885.png,forehead,a_degradation_17,0.2723686218854086
07885.png,under-eyes,a_degradation_17,0.29800218369892023
07893.png,left-cheek,original_roi,0.23268228852628964
07893.png,right-cheek,original_roi,0.18392611436790973
07893.png,bottom-face,original_roi,0.25811143392223285
07893.png,forehead,original_roi,0.2704119353420748
07893.png,under-eyes,original_roi,0.30661796745875086
07893.png,left-cheek,a_degradation_11,0.21421282369241929
07893.png,right-cheek,a_degradation_11,0.17985916765730872
07893.png,bottom-face,a_degradation_11,0.24734745495100388
07893.png,forehead,a_degradation_11,0.2546747926284411
07893.png,under-eyes,a_degradation_11,0.27211160895182435
07893.png,left-cheek,a_degradation_17,0.19363229519352132
07893.png,right-cheek,a_degradation_17,0.18059015910424334
07893.png,bottom-face,a_degradation_17,0.22032711793068263
07893.png,forehead,a_degradation_17,0.23808199673401173
07893.png,under-eyes,a_degradation_17,0.2770252474359899
07894.png,left-cheek,original_roi,0.24328065932841375
07894.png,right-cheek,original_roi,0.25270787682344303
07894.png,bottom-face,original_roi,0.26141782783931294
07894.png,forehead,original_roi,0.21370492237583583
07894.png,under-eyes,original_roi,0.2628423639471838
07894.png,left-cheek,a_degradation_11,0.21416483368123618
07894.png,right-cheek,a_degradation_11,0.2553649931111549
07894.png,bottom-face,a_degradation_11,0.2431510948929504
07894.png,forehead,a_degradation_11,0.21119508514465016
07894.png,under-eyes,a_degradation_11,0.24797274141118514
07894.png,left-cheek,a_degradation_17,0.20412253047767956
07894.png,right-cheek,a_degradation_17,0.21860172519401788
07894.png,bottom-face,a_degradation_17,0.20710857650225795
07894.png,forehead,a_degradation_17,0.1980701007163755
07894.png,under-eyes,a_degradation_17,0.23845190799335397
07895.png,left-cheek,original_roi,0.1800005259719959
07895.png,right-cheek,original_roi,0.21986269327637167
07895.png,bottom-face,original_roi,0.24864175723794513
07895.png,forehead,original_roi,0.16246849616924225
07895.png,under-eyes,original_roi,0.2528327261382244
07895.png,left-cheek,a_degradation_11,0.16983800289066492
07895.png,right-cheek,a_degradation_11,0.20465351085561345
07895.png,bottom-face,a_degradation_11,0.24283384434988384
07895.png,forehead,a_degradation_11,0.15180807779700706
07895.png,under-eyes,a_degradation_11,0.23628659589243048
07895.png,left-cheek,a_degradation_17,0.14725135955130586
07895.png,right-cheek,a_degradation_17,0.1922500632502242
07895.png,bottom-face,a_degradation_17,0.2269209715265092
07895.png,forehead,a_degradation_17,0.1407706461756156
07895.png,under-eyes,a_degradation_17,0.21748910952569836
07896.png,left-cheek,original_roi,0.2070043195595524
07896.png,right-cheek,original_roi,0.19235365529747875
07896.png,bottom-face,original_roi,0.13694827278020744
07896.png,forehead,original_roi,0.26520903155176057
07896.png,under-eyes,original_roi,0.21092979917186935
07896.png,left-cheek,a_degradation_11,0.20373380815834674
07896.png,right-cheek,a_degradation_11,0.1967920500723177
07896.png,bottom-face,a_degradation_11,0.1333614671506343
07896.png,forehead,a_degradation_11,0.2513288499172715
07896.png,under-eyes,a_degradation_11,0.20598959392816943
07896.png,left-cheek,a_degradation_17,0.19364881344934165
07896.png,right-cheek,a_degradation_17,0.19460310425501878
07896.png,bottom-face,a_degradation_17,0.1263564625047971
07896.png,forehead,a_degradation_17,0.23135332800297645
07896.png,under-eyes,a_degradation_17,0.19683517146960747
07906.png,left-cheek,original_roi,0.3474341179676122
07906.png,right-cheek,original_roi,0.28870126785082073
07906.png,bottom-face,original_roi,0.3897696778242076
07906.png,forehead,original_roi,0.2893616267973378
07906.png,under-eyes,original_roi,0.2087574490062151
07906.png,left-cheek,a_degradation_11,0.331922646942373
07906.png,right-cheek,a_degradation_11,0.2641852720860374
07906.png,bottom-face,a_degradation_11,0.3291940547577445
07906.png,forehead,a_degradation_11,0.2724935901162577
07906.png,under-eyes,a_degradation_11,0.19794365138640793
07906.png,left-cheek,a_degradation_17,0.3067279314105721
07906.png,right-cheek,a_degradation_17,0.2320269831474155
07906.png,bottom-face,a_degradation_17,0.28426796064774945
07906.png,forehead,a_degradation_17,0.2539893650600747
07906.png,under-eyes,a_degradation_17,0.19271212357967069
07907.png,left-cheek,original_roi,0.16719998393178714
07907.png,right-cheek,original_roi,0.3035719750839032
07907.png,bottom-face,original_roi,0.18553692869774147
07907.png,forehead,original_roi,0.2531293610200975
07907.png,under-eyes,original_roi,0.18923464175595883
07907.png,left-cheek,a_degradation_11,0.1645810816089012
07907.png,right-cheek,a_degradation_11,0.2853435574348027
07907.png,bottom-face,a_degradation_11,0.17891440831253386
07907.png,forehead,a_degradation_11,0.25658891337090783
07907.png,under-eyes,a_degradation_11,0.18618096157418912
07907.png,left-cheek,a_degradation_17,0.1460966741980534
07907.png,right-cheek,a_degradation_17,0.23742464443722083
07907.png,bottom-face,a_degradation_17,0.16411685872986248
07907.png,forehead,a_degradation_17,0.2413785273790526
07907.png,under-eyes,a_degradation_17,0.18690410614645842
07908.png,left-cheek,original_roi,0.2911460952018641
07908.png,right-cheek,original_roi,0.29828419139509954
07908.png,bottom-face,original_roi,0.3479856548540889
07908.png,forehead,original_roi,0.2021117684096923
07908.png,under-eyes,original_roi,0.3128394080673519
07908.png,left-cheek,a_degradation_11,0.27143343613059495
07908.png,right-cheek,a_degradation_11,0.2756967064496203
07908.png,bottom-face,a_degradation_11,0.3012722233394808
07908.png,forehead,a_degradation_11,0.19233022127010735
07908.png,under-eyes,a_degradation_11,0.2894837250107388
07908.png,left-cheek,a_degradation_17,0.272023036826409
07908.png,right-cheek,a_degradation_17,0.2288372589891293
07908.png,bottom-face,a_degradation_17,0.26614927630046326
07908.png,forehead,a_degradation_17,0.18210403530269811
07908.png,under-eyes,a_degradation_17,0.2703064271306192
07909.png,left-cheek,original_roi,0.2668866644331853
07909.png,right-cheek,original_roi,0.248652138095111
07909.png,bottom-face,original_roi,0.2559892520137658
07909.png,forehead,original_roi,0.23829064477036246
07909.png,under-eyes,original_roi,0.2589366152625428
07909.png,left-cheek,a_degradation_11,0.2796541588863626
07909.png,right-cheek,a_degradation_11,0.2510716079241543
07909.png,bottom-face,a_degradation_11,0.24043437001656312
07909.png,forehead,a_degradation_11,0.22944237992115943
07909.png,under-eyes,a_degradation_11,0.24897188785488916
07909.png,left-cheek,a_degradation_17,0.25645866248059934
07909.png,right-cheek,a_degradation_17,0.2404279385080582
07909.png,bottom-face,a_degradation_17,0.21385836798345806
07909.png,forehead,a_degradation_17,0.2112187995721855
07909.png,under-eyes,a_degradation_17,0.24865208502782232
07911.png,left-cheek,original_roi,0.16053372884180828
07911.png,right-cheek,original_roi,0.1401674575606441
07911.png,bottom-face,original_roi,0.2184517979130141
07911.png,forehead,original_roi,0.22065253810675642
07911.png,under-eyes,original_roi,0.1794589542104987
07911.png,left-cheek,a_degradation_11,0.15943393060301445
07911.png,right-cheek,a_degradation_11,0.13325936756574489
07911.png,bottom-face,a_degradation_11,0.21071995435957744
07911.png,forehead,a_degradation_11,0.21171055771601074
07911.png,under-eyes,a_degradation_11,0.17369358410395336
07911.png,left-cheek,a_degradation_17,0.15251561213595052
07911.png,right-cheek,a_degradation_17,0.1268612802486533
07911.png,bottom-face,a_degradation_17,0.19146223407268584
07911.png,forehead,a_degradation_17,0.19727479636363487
07911.png,under-eyes,a_degradation_17,0.16625501844969934
07914.png,left-cheek,original_roi,0.17123627323221313
07914.png,right-cheek,original_roi,0.14355380654084843
07914.png,bottom-face,original_roi,0.14320944093587587
07914.png,forehead,original_roi,0.16525156271082797
07914.png,under-eyes,original_roi,0.1855544993390642
07914.png,left-cheek,a_degradation_11,0.1599760057960667
07914.png,right-cheek,a_degradation_11,0.14157005390808886
07914.png,bottom-face,a_degradation_11,0.1409220913080474
07914.png,forehead,a_degradation_11,0.1658131872921002
07914.png,under-eyes,a_degradation_11,0.17990651707187172
07914.png,left-cheek,a_degradation_17,0.13626574900946384
07914.png,right-cheek,a_degradation_17,0.13223938449140554
07914.png,bottom-face,a_degradation_17,0.13217406195904324
07914.png,forehead,a_degradation_17,0.16178323769187355
07914.png,under-eyes,a_degradation_17,0.1644987345398918
07917.png,left-cheek,original_roi,0.2724850344105822
07917.png,right-cheek,original_roi,0.2360584037188559
07917.png,bottom-face,original_roi,0.27503681752456366
07917.png,forehead,original_roi,0.2674696969598899
07917.png,under-eyes,original_roi,0.1963380560338719
07917.png,left-cheek,a_degradation_11,0.24895481058415384
07917.png,right-cheek,a_degradation_11,0.23024665578346076
07917.png,bottom-face,a_degradation_11,0.25824248226207763
07917.png,forehead,a_degradation_11,0.25643830618732066
07917.png,under-eyes,a_degradation_11,0.18316162462332697
07917.png,left-cheek,a_degradation_17,0.2229567804410334
07917.png,right-cheek,a_degradation_17,0.2424595452489803
07917.png,bottom-face,a_degradation_17,0.22549953734278833
07917.png,forehead,a_degradation_17,0.234283781038005
07917.png,under-eyes,a_degradation_17,0.1883679812857175
07919.png,left-cheek,original_roi,0.22190145366528616
07919.png,right-cheek,original_roi,0.23549965247930607
07919.png,bottom-face,original_roi,0.21087542021920097
07919.png,forehead,original_roi,0.23161606591494383
07919.png,under-eyes,original_roi,0.18262632846806234
07919.png,left-cheek,a_degradation_11,0.22160253796506374
07919.png,right-cheek,a_degradation_11,0.22184687882055154
07919.png,bottom-face,a_degradation_11,0.20519557709557226
07919.png,forehead,a_degradation_11,0.2243103361532627
07919.png,under-eyes,a_degradation_11,0.1760657084337858
07919.png,left-cheek,a_degradation_17,0.21120832245098464
07919.png,right-cheek,a_degradation_17,0.18891380973180255
07919.png,bottom-face,a_degradation_17,0.1881566638539568
07919.png,forehead,a_degradation_17,0.21912578471541977
07919.png,under-eyes,a_degradation_17,0.16741068550856442
07928.png,left-cheek,original_roi,0.28916963803876766
07928.png,right-cheek,original_roi,0.23895194408838621
07928.png,bottom-face,original_roi,0.2593428420156212
07928.png,forehead,original_roi,0.19523162967037486
07928.png,under-eyes,original_roi,0.25756524176988094
07928.png,left-cheek,a_degradation_11,0.2644808644827808
07928.png,right-cheek,a_degradation_11,0.2214222481767115
07928.png,bottom-face,a_degradation_11,0.23752888330740876
07928.png,forehead,a_degradation_11,0.19314958930297027
07928.png,under-eyes,a_degradation_11,0.2402437725912801
07928.png,left-cheek,a_degradation_17,0.24094552326180954
07928.png,right-cheek,a_degradation_17,0.19089524445595782
07928.png,bottom-face,a_degradation_17,0.2113048527463564
07928.png,forehead,a_degradation_17,0.18378857086033168
07928.png,under-eyes,a_degradation_17,0.24136184459867166
07932.png,left-cheek,original_roi,0.13445744518723718
07932.png,right-cheek,original_roi,0.13665792514662553
07932.png,bottom-face,original_roi,0.17883986270008276
07932.png,forehead,original_roi,0.17882809350386517
07932.png,under-eyes,original_roi,0.14363588912497977
07932.png,left-cheek,a_degradation_11,0.12566300444081063
07932.png,right-cheek,a_degradation_11,0.12830428923708398
07932.png,bottom-face,a_degradation_11,0.175010572789076
07932.png,forehead,a_degradation_11,0.17367483192391212
07932.png,under-eyes,a_degradation_11,0.14020573034443423
07932.png,left-cheek,a_degradation_17,0.11651855307624909
07932.png,right-cheek,a_degradation_17,0.11691286129528838
07932.png,bottom-face,a_degradation_17,0.16423484494585963
07932.png,forehead,a_degradation_17,0.1662212538671134
07932.png,under-eyes,a_degradation_17,0.1396949585651952
07940.png,left-cheek,original_roi,0.251622113858247
07940.png,right-cheek,original_roi,0.2339977691876893
07940.png,bottom-face,original_roi,0.2458252862987403
07940.png,forehead,original_roi,0.29283993650379136
07940.png,under-eyes,original_roi,0.27315160329997923
07940.png,left-cheek,a_degradation_11,0.23086151639312938
07940.png,right-cheek,a_degradation_11,0.21315126770964143
07940.png,bottom-face,a_degradation_11,0.22357562260451705
07940.png,forehead,a_degradation_11,0.2872261274984354
07940.png,under-eyes,a_degradation_11,0.25333598976589533
07940.png,left-cheek,a_degradation_17,0.20532307406566225
07940.png,right-cheek,a_degradation_17,0.18653137075046272
07940.png,bottom-face,a_degradation_17,0.2091440589466256
07940.png,forehead,a_degradation_17,0.259380962935338
07940.png,under-eyes,a_degradation_17,0.2458919671451172
07948.png,left-cheek,original_roi,0.21406538811744696
07948.png,right-cheek,original_roi,0.21389843522655358
07948.png,bottom-face,original_roi,0.2919872138083541
07948.png,forehead,original_roi,0.26695354858659426
07948.png,under-eyes,original_roi,0.2491972171263151
07948.png,left-cheek,a_degradation_11,0.21120348867969663
07948.png,right-cheek,a_degradation_11,0.2095760415084384
07948.png,bottom-face,a_degradation_11,0.2773478292461443
07948.png,forehead,a_degradation_11,0.26525662652941984
07948.png,under-eyes,a_degradation_11,0.23324761418929477
07948.png,left-cheek,a_degradation_17,0.20593716784589594
07948.png,right-cheek,a_degradation_17,0.1992094447006047
07948.png,bottom-face,a_degradation_17,0.25092237350502994
07948.png,forehead,a_degradation_17,0.25053277811472746
07948.png,under-eyes,a_degradation_17,0.22852144610541117
07950.png,left-cheek,original_roi,0.24544993728430323
07950.png,right-cheek,original_roi,0.1387396248624108
07950.png,bottom-face,original_roi,0.2509835422768981
07950.png,forehead,original_roi,0.1589794576964682
07950.png,under-eyes,original_roi,0.10978700467151989
07950.png,left-cheek,a_degradation_11,0.2187169886891412
07950.png,right-cheek,a_degradation_11,0.12614522100204797
07950.png,bottom-face,a_degradation_11,0.22830583477099609
07950.png,forehead,a_degradation_11,0.144901287400573
07950.png,under-eyes,a_degradation_11,0.1068750291598109
07950.png,left-cheek,a_degradation_17,0.18759456312536044
07950.png,right-cheek,a_degradation_17,0.11008957079783255
07950.png,bottom-face,a_degradation_17,0.2025996706298518
07950.png,forehead,a_degradation_17,0.1377331351021894
07950.png,under-eyes,a_degradation_17,0.10207969008184913
07952.png,left-cheek,original_roi,0.161800057425599
07952.png,right-cheek,original_roi,0.1720512045604359
07952.png,bottom-face,original_roi,0.14930097484085372
07952.png,forehead,original_roi,0.16888366513998013
07952.png,under-eyes,original_roi,0.18035637724811995
07952.png,left-cheek,a_degradation_11,0.15863986095955454
07952.png,right-cheek,a_degradation_11,0.1620082186366865
07952.png,bottom-face,a_degradation_11,0.14242475729540394
07952.png,forehead,a_degradation_11,0.16688977238473834
07952.png,under-eyes,a_degradation_11,0.17726672010542655
07952.png,left-cheek,a_degradation_17,0.13629517171816954
07952.png,right-cheek,a_degradation_17,0.14793785799010503
07952.png,bottom-face,a_degradation_17,0.134277582286015
07952.png,forehead,a_degradation_17,0.15923089988397562
07952.png,under-eyes,a_degradation_17,0.17161438714829227
07953.png,left-cheek,original_roi,0.28787974774117603
07953.png,right-cheek,original_roi,0.231870096747226
07953.png,bottom-face,original_roi,0.1694130979776208
07953.png,forehead,original_roi,0.3022592693195586
07953.png,under-eyes,original_roi,0.25482766133125645
07953.png,left-cheek,a_degradation_11,0.2675098377202288
07953.png,right-cheek,a_degradation_11,0.22259460037270162
07953.png,bottom-face,a_degradation_11,0.16679259841142638
07953.png,forehead,a_degradation_11,0.28234700843051025
07953.png,under-eyes,a_degradation_11,0.24038359713372906
07953.png,left-cheek,a_degradation_17,0.24873642426172876
07953.png,right-cheek,a_degradation_17,0.21817777026411952
07953.png,bottom-face,a_degradation_17,0.158102394918606
07953.png,forehead,a_degradation_17,0.27046924101920355
07953.png,under-eyes,a_degradation_17,0.2306978589000702
07955.png,left-cheek,original_roi,0.2002416054481324
07955.png,right-cheek,original_roi,0.19760018914347632
07955.png,bottom-face,original_roi,0.26812236800939016
07955.png,forehead,original_roi,0.19943761053476544
07955.png,under-eyes,original_roi,0.2291103649680442
07955.png,left-cheek,a_degradation_11,0.1856664725691096
07955.png,right-cheek,a_degradation_11,0.17924954646078808
07955.png,bottom-face,a_degradation_11,0.25003351645927674
07955.png,forehead,a_degradation_11,0.17540356424904988
07955.png,under-eyes,a_degradation_11,0.2086458649048588
07955.png,left-cheek,a_degradation_17,0.15987183370558078
07955.png,right-cheek,a_degradation_17,0.1551008166179818
07955.png,bottom-face,a_degradation_17,0.22566170208615766
07955.png,forehead,a_degradation_17,0.16611148040799867
07955.png,under-eyes,a_degradation_17,0.19395539061715067
07960.png,left-cheek,original_roi,0.17992494422001737
07960.png,right-cheek,original_roi,0.18237759860653782
07960.png,bottom-face,original_roi,0.21166207677784085
07960.png,forehead,original_roi,0.1900009821441874
07960.png,under-eyes,original_roi,0.17865387460199258
07960.png,left-cheek,a_degradation_11,0.17526461503061436
07960.png,right-cheek,a_degradation_11,0.1744570629604346
07960.png,bottom-face,a_degradation_11,0.20401483575520238
07960.png,forehead,a_degradation_11,0.18511303445335447
07960.png,under-eyes,a_degradation_11,0.176883382714197
07960.png,left-cheek,a_degradation_17,0.16840120518825538
07960.png,right-cheek,a_degradation_17,0.16707591256919418
07960.png,bottom-face,a_degradation_17,0.19508736229151447
07960.png,forehead,a_degradation_17,0.17519879267123803
07960.png,under-eyes,a_degradation_17,0.1744311072911314
07966.png,left-cheek,original_roi,0.14980848601848265
07966.png,right-cheek,original_roi,0.21621864828723475
07966.png,bottom-face,original_roi,0.21387829175704373
07966.png,forehead,original_roi,0.21713560913457466
07966.png,under-eyes,original_roi,0.21402019645482054
07966.png,left-cheek,a_degradation_11,0.14739250284917102
07966.png,right-cheek,a_degradation_11,0.20533184456832335
07966.png,bottom-face,a_degradation_11,0.20912345903223592
07966.png,forehead,a_degradation_11,0.21022996067250427
07966.png,under-eyes,a_degradation_11,0.2066856095689349
07966.png,left-cheek,a_degradation_17,0.1444312034283375
07966.png,right-cheek,a_degradation_17,0.19134625862855362
07966.png,bottom-face,a_degradation_17,0.19514992211086105
07966.png,forehead,a_degradation_17,0.20126782292280634
07966.png,under-eyes,a_degradation_17,0.20698861146715716
07970.png,left-cheek,original_roi,0.22563816792472663
07970.png,right-cheek,original_roi,0.14197008417687768
07970.png,bottom-face,original_roi,0.2538775325380265
07970.png,forehead,original_roi,0.10691756032035583
07970.png,under-eyes,original_roi,0.10816842677863017
07970.png,left-cheek,a_degradation_11,0.22642071263588104
07970.png,right-cheek,a_degradation_11,0.1345737343090546
07970.png,bottom-face,a_degradation_11,0.24697733488279863
07970.png,forehead,a_degradation_11,0.10236824285184887
07970.png,under-eyes,a_degradation_11,0.10571480008511819
07970.png,left-cheek,a_degradation_17,0.23041141643284932
07970.png,right-cheek,a_degradation_17,0.12131423893826439
07970.png,bottom-face,a_degradation_17,0.219467680948976
07970.png,forehead,a_degradation_17,0.09888692373690129
07970.png,under-eyes,a_degradation_17,0.1000356882576388
07973.png,left-cheek,original_roi,0.23559829490425468
07973.png,right-cheek,original_roi,0.23610454874853168
07973.png,bottom-face,original_roi,0.267349837710842
07973.png,forehead,original_roi,0.2514004150473461
07973.png,under-eyes,original_roi,0.22425466186049725
07973.png,left-cheek,a_degradation_11,0.22750164857583793
07973.png,right-cheek,a_degradation_11,0.22335496863418777
07973.png,bottom-face,a_degradation_11,0.2539259062614247
07973.png,forehead,a_degradation_11,0.2501552800606255
07973.png,under-eyes,a_degradation_11,0.21434030585197486
07973.png,left-cheek,a_degradation_17,0.2020333495890795
07973.png,right-cheek,a_degradation_17,0.1969097808534206
07973.png,bottom-face,a_degradation_17,0.2352952376422273
07973.png,forehead,a_degradation_17,0.23066355803415176
07973.png,under-eyes,a_degradation_17,0.2165550881274022
07990.png,left-cheek,original_roi,0.2004936097007055
07990.png,right-cheek,original_roi,0.3128322576283622
07990.png,bottom-face,original_roi,0.25732245823309347
07990.png,forehead,original_roi,0.14804999288006684
07990.png,under-eyes,original_roi,0.24343919925777202
07990.png,left-cheek,a_degradation_11,0.19510391329499746
07990.png,right-cheek,a_degradation_11,0.2890525465024031
07990.png,bottom-face,a_degradation_11,0.24415357225839684
07990.png,forehead,a_degradation_11,0.1437282157579589
07990.png,under-eyes,a_degradation_11,0.23814544295349396
07990.png,left-cheek,a_degradation_17,0.20540183640712076
07990.png,right-cheek,a_degradation_17,0.24802430935129638
07990.png,bottom-face,a_degradation_17,0.22220985928783213
07990.png,forehead,a_degradation_17,0.14026248639754813
07990.png,under-eyes,a_degradation_17,0.2312579607532794
07992.png,left-cheek,original_roi,0.2341754628846873
07992.png,right-cheek,original_roi,0.28941738771816883
07992.png,bottom-face,original_roi,0.2596190497807617
07992.png,forehead,original_roi,0.18770638177952273
07992.png,under-eyes,original_roi,0.17931319090453807
07992.png,left-cheek,a_degradation_11,0.21479953341691657
07992.png,right-cheek,a_degradation_11,0.27283445452696914
07992.png,bottom-face,a_degradation_11,0.23091914687571546
07992.png,forehead,a_degradation_11,0.18102309392052496
07992.png,under-eyes,a_degradation_11,0.17134719377190494
07992.png,left-cheek,a_degradation_17,0.18901326934254334
07992.png,right-cheek,a_degradation_17,0.2309192498538918
07992.png,bottom-face,a_degradation_17,0.21178109279303212
07992.png,forehead,a_degradation_17,0.17207372787901065
07992.png,under-eyes,a_degradation_17,0.16649575228231206
08001.png,left-cheek,original_roi,0.19355550180839218
08001.png,right-cheek,original_roi,0.24680473044949883
08001.png,bottom-face,original_roi,0.16896591023860852
08001.png,forehead,original_roi,0.2491405185993083
08001.png,under-eyes,original_roi,0.20745960529575316
08001.png,left-cheek,a_degradation_11,0.18483689104090498
08001.png,right-cheek,a_degradation_11,0.2275199136081517
08001.png,bottom-face,a_degradation_11,0.162648878424343
08001.png,forehead,a_degradation_11,0.22936408489417115
08001.png,under-eyes,a_degradation_11,0.19462524226801114
08001.png,left-cheek,a_degradation_17,0.1735445653168337
08001.png,right-cheek,a_degradation_17,0.19038053288896029
08001.png,bottom-face,a_degradation_17,0.15512097651259552
08001.png,forehead,a_degradation_17,0.23130070384406726
08001.png,under-eyes,a_degradation_17,0.1937584298903185
08004.png,left-cheek,original_roi,0.19424903726336076
08004.png,right-cheek,original_roi,0.315734698758075
08004.png,bottom-face,original_roi,0.24664554397332347
08004.png,forehead,original_roi,0.21455387586529115
08004.png,under-eyes,original_roi,0.2294684148186242
08004.png,left-cheek,a_degradation_11,0.18516449675403324
08004.png,right-cheek,a_degradation_11,0.2718902430769252
08004.png,bottom-face,a_degradation_11,0.22981171322331953
08004.png,forehead,a_degradation_11,0.2084089008249629
08004.png,under-eyes,a_degradation_11,0.2087508659808127
08004.png,left-cheek,a_degradation_17,0.1681357903001263
08004.png,right-cheek,a_degradation_17,0.223069406740796
08004.png,bottom-face,a_degradation_17,0.20141770595800382
08004.png,forehead,a_degradation_17,0.2023067998432559
08004.png,under-eyes,a_degradation_17,0.21607505151089756
08011.png,left-cheek,original_roi,0.20964172372046183
08011.png,right-cheek,original_roi,0.2045712308293911
08011.png,bottom-face,original_roi,0.2215257313909875
08011.png,forehead,original_roi,0.19858824314594234
08011.png,under-eyes,original_roi,0.2456036035108101
08011.png,left-cheek,a_degradation_11,0.2072335000877195
08011.png,right-cheek,a_degradation_11,0.20315562484389962
08011.png,bottom-face,a_degradation_11,0.21985257531587452
08011.png,forehead,a_degradation_11,0.18911885038212992
08011.png,under-eyes,a_degradation_11,0.233281123177096
08011.png,left-cheek,a_degradation_17,0.19654591467723787
08011.png,right-cheek,a_degradation_17,0.19847555511562434
08011.png,bottom-face,a_degradation_17,0.19984616486508128
08011.png,forehead,a_degradation_17,0.17675118302088194
08011.png,under-eyes,a_degradation_17,0.22317733198785708
08014.png,left-cheek,original_roi,0.25115815848831763
08014.png,right-cheek,original_roi,0.27474858502697624
08014.png,bottom-face,original_roi,0.24601460589721252
08014.png,forehead,original_roi,0.20852889942275166
08014.png,under-eyes,original_roi,0.278499402190976
08014.png,left-cheek,a_degradation_11,0.2376871347341071
08014.png,right-cheek,a_degradation_11,0.24968443237800553
08014.png,bottom-face,a_degradation_11,0.2285362216924884
08014.png,forehead,a_degradation_11,0.20371228333604052
08014.png,under-eyes,a_degradation_11,0.2525136745148257
08014.png,left-cheek,a_degradation_17,0.20162436117975754
08014.png,right-cheek,a_degradation_17,0.21651136900279583
08014.png,bottom-face,a_degradation_17,0.2020541443602863
08014.png,forehead,a_degradation_17,0.19577742163038642
08014.png,under-eyes,a_degradation_17,0.24822642600813197
08015.png,left-cheek,original_roi,0.27106234547720576
08015.png,right-cheek,original_roi,0.223556601937348
08015.png,bottom-face,original_roi,0.29036509890714
08015.png,forehead,original_roi,0.36796957282392667
08015.png,under-eyes,original_roi,0.28085911468902786
08015.png,left-cheek,a_degradation_11,0.24958823380908113
08015.png,right-cheek,a_degradation_11,0.20890986760634295
08015.png,bottom-face,a_degradation_11,0.2679456813044917
08015.png,forehead,a_degradation_11,0.34306232361232053
08015.png,under-eyes,a_degradation_11,0.2549635135603039
08015.png,left-cheek,a_degradation_17,0.21806139069828137
08015.png,right-cheek,a_degradation_17,0.1954832720277006
08015.png,bottom-face,a_degradation_17,0.24446185621605224
08015.png,forehead,a_degradation_17,0.31032813334376463
08015.png,under-eyes,a_degradation_17,0.2563504830876944
08017.png,left-cheek,original_roi,0.1282203728964529
08017.png,right-cheek,original_roi,0.16540615952855783
08017.png,bottom-face,original_roi,0.19606121880560032
08017.png,forehead,original_roi,0.0997175928569301
08017.png,under-eyes,original_roi,0.13799882242959646
08017.png,left-cheek,a_degradation_11,0.11655724469640796
08017.png,right-cheek,a_degradation_11,0.15446930628518685
08017.png,bottom-face,a_degradation_11,0.17933273194380148
08017.png,forehead,a_degradation_11,0.09499424366188924
08017.png,under-eyes,a_degradation_11,0.12742475856657184
08017.png,left-cheek,a_degradation_17,0.10423840666507236
08017.png,right-cheek,a_degradation_17,0.13666451146756237
08017.png,bottom-face,a_degradation_17,0.15923143305290613
08017.png,forehead,a_degradation_17,0.09143668439331391
08017.png,under-eyes,a_degradation_17,0.1222354863013517
08021.png,left-cheek,original_roi,0.1464817219724249
08021.png,right-cheek,original_roi,0.12380948093744495
08021.png,bottom-face,original_roi,0.21484613443508044
08021.png,forehead,original_roi,0.14806252343667986
08021.png,under-eyes,original_roi,0.1188188054859397
08021.png,left-cheek,a_degradation_11,0.14302390868962456
08021.png,right-cheek,a_degradation_11,0.11709553576480439
08021.png,bottom-face,a_degradation_11,0.20663755167048514
08021.png,forehead,a_degradation_11,0.145062207255144
08021.png,under-eyes,a_degradation_11,0.11695084088753868
08021.png,left-cheek,a_degradation_17,0.1314028238556773
08021.png,right-cheek,a_degradation_17,0.10566923322846603
08021.png,bottom-face,a_degradation_17,0.18154849241614285
08021.png,forehead,a_degradation_17,0.13644395010971394
08021.png,under-eyes,a_degradation_17,0.11333245599366239
08023.png,left-cheek,original_roi,0.3557570306651509
08023.png,right-cheek,original_roi,0.22747976938439382
08023.png,bottom-face,original_roi,0.30250624449991426
08023.png,forehead,original_roi,0.20423171279383665
08023.png,under-eyes,original_roi,0.18626329886678078
08023.png,left-cheek,a_degradation_11,0.33522380112613404
08023.png,right-cheek,a_degradation_11,0.20765627197005582
08023.png,bottom-face,a_degradation_11,0.2825509739006022
08023.png,forehead,a_degradation_11,0.19354261639798648
08023.png,under-eyes,a_degradation_11,0.18689195243276174
08023.png,left-cheek,a_degradation_17,0.29782522942654394
08023.png,right-cheek,a_degradation_17,0.1755226697707879
08023.png,bottom-face,a_degradation_17,0.24535086353822375
08023.png,forehead,a_degradation_17,0.18104818242299564
08023.png,under-eyes,a_degradation_17,0.16792795011788336
08030.png,left-cheek,original_roi,0.2542893878072947
08030.png,right-cheek,original_roi,0.3122797659809249
08030.png,bottom-face,original_roi,0.2610709201967154
08030.png,forehead,original_roi,0.24710633910077826
08030.png,under-eyes,original_roi,0.2463663053120441
08030.png,left-cheek,a_degradation_11,0.2502891453598461
08030.png,right-cheek,a_degradation_11,0.3006366709951076
08030.png,bottom-face,a_degradation_11,0.2506522986338067
08030.png,forehead,a_degradation_11,0.23794654309055435
08030.png,under-eyes,a_degradation_11,0.23188828538325795
08030.png,left-cheek,a_degradation_17,0.23401745652620629
08030.png,right-cheek,a_degradation_17,0.2780597158309714
08030.png,bottom-face,a_degradation_17,0.21842287414977124
08030.png,forehead,a_degradation_17,0.22363654054431092
08030.png,under-eyes,a_degradation_17,0.22925633669980208
08031.png,left-cheek,original_roi,0.22127615555470467
08031.png,right-cheek,original_roi,0.22330966489888582
08031.png,bottom-face,original_roi,0.250868742770458
08031.png,forehead,original_roi,0.3595635907059394
08031.png,under-eyes,original_roi,0.24940246528241822
08031.png,left-cheek,a_degradation_11,0.2066604551979562
08031.png,right-cheek,a_degradation_11,0.20234900714167375
08031.png,bottom-face,a_degradation_11,0.2256512728095839
08031.png,forehead,a_degradation_11,0.33421521160961004
08031.png,under-eyes,a_degradation_11,0.25290423086131136
08031.png,left-cheek,a_degradation_17,0.17603396562957202
08031.png,right-cheek,a_degradation_17,0.2125243382013722
08031.png,bottom-face,a_degradation_17,0.2035636663104844
08031.png,forehead,a_degradation_17,0.30121058452970256
08031.png,under-eyes,a_degradation_17,0.24330111411797206
08032.png,left-cheek,original_roi,0.44530671924231746
08032.png,right-cheek,original_roi,0.34185370182529434
08032.png,bottom-face,original_roi,0.35338448554068697
08032.png,forehead,original_roi,0.13456016186702943
08032.png,under-eyes,original_roi,0.33179495472644244
08032.png,left-cheek,a_degradation_11,0.41921106562638133
08032.png,right-cheek,a_degradation_11,0.3110883161034617
08032.png,bottom-face,a_degradation_11,0.3115498670785343
08032.png,forehead,a_degradation_11,0.13810717882623874
08032.png,under-eyes,a_degradation_11,0.3068864068215216
08032.png,left-cheek,a_degradation_17,0.3999405853798985
08032.png,right-cheek,a_degradation_17,0.2448119947175105
08032.png,bottom-face,a_degradation_17,0.2711715412737459
08032.png,forehead,a_degradation_17,0.13585436884194374
08032.png,under-eyes,a_degradation_17,0.28243646704026204
08033.png,left-cheek,original_roi,0.29648284824183657
08033.png,right-cheek,original_roi,0.2554066285455957
08033.png,bottom-face,original_roi,0.2603674655906717
08033.png,forehead,original_roi,0.25648677852980656
08033.png,under-eyes,original_roi,0.2334795604170176
08033.png,left-cheek,a_degradation_11,0.30165447718020544
08033.png,right-cheek,a_degradation_11,0.2621708323654088
08033.png,bottom-face,a_degradation_11,0.2611185775539988
08033.png,forehead,a_degradation_11,0.23903274210594097
08033.png,under-eyes,a_degradation_11,0.22544758455756525
08033.png,left-cheek,a_degradation_17,0.29572516125177606
08033.png,right-cheek,a_degradation_17,0.24433438711454497
08033.png,bottom-face,a_degradation_17,0.24666899040556875
08033.png,forehead,a_degradation_17,0.23655921795671522
08033.png,under-eyes,a_degradation_17,0.22217734207347997
08035.png,left-cheek,original_roi,0.27136640596309625
08035.png,right-cheek,original_roi,0.1486066872371506
08035.png,bottom-face,original_roi,0.23377225640124205
08035.png,forehead,original_roi,0.2150718548931172
08035.png,under-eyes,original_roi,0.20745151089551675
08035.png,left-cheek,a_degradation_11,0.26808815787159207
08035.png,right-cheek,a_degradation_11,0.13873818752615252
08035.png,bottom-face,a_degradation_11,0.22667313212928453
08035.png,forehead,a_degradation_11,0.19726376145641253
08035.png,under-eyes,a_degradation_11,0.2019170689073607
08035.png,left-cheek,a_degradation_17,0.26547735944328915
08035.png,right-cheek,a_degradation_17,0.12764693942613287
08035.png,bottom-face,a_degradation_17,0.20848346405808502
08035.png,forehead,a_degradation_17,0.18677495593055063
08035.png,under-eyes,a_degradation_17,0.18755733871070826
08040.png,left-cheek,original_roi,0.258113949941677
08040.png,right-cheek,original_roi,0.2879648289294671
08040.png,bottom-face,original_roi,0.21451876642830486
08040.png,forehead,original_roi,0.222596609824439
08040.png,under-eyes,original_roi,0.22677726243787857
08040.png,left-cheek,a_degradation_11,0.25018588555569754
08040.png,right-cheek,a_degradation_11,0.27572403604752244
08040.png,bottom-face,a_degradation_11,0.2069042689495035
08040.png,forehead,a_degradation_11,0.21628640769057894
08040.png,under-eyes,a_degradation_11,0.21451929471301123
08040.png,left-cheek,a_degradation_17,0.23355167811645863
08040.png,right-cheek,a_degradation_17,0.28195759740384413
08040.png,bottom-face,a_degradation_17,0.19309816182170353
08040.png,forehead,a_degradation_17,0.20623813740316746
08040.png,under-eyes,a_degradation_17,0.21824444327883555
08041.png,left-cheek,original_roi,0.3733678521937756
08041.png,right-cheek,original_roi,0.3306795105242292
08041.png,bottom-face,original_roi,0.31739686478970774
08041.png,forehead,original_roi,0.2996065245685581
08041.png,under-eyes,original_roi,0.3053344278907807
08041.png,left-cheek,a_degradation_11,0.38114848376180355
08041.png,right-cheek,a_degradation_11,0.3149532473814829
08041.png,bottom-face,a_degradation_11,0.28658782228193835
08041.png,forehead,a_degradation_11,0.28268681745542623
08041.png,under-eyes,a_degradation_11,0.28354942618798973
08041.png,left-cheek,a_degradation_17,0.3363386199756434
08041.png,right-cheek,a_degradation_17,0.2409750317460444
08041.png,bottom-face,a_degradation_17,0.2561042760510451
08041.png,forehead,a_degradation_17,0.26002773421934905
08041.png,under-eyes,a_degradation_17,0.2743043695922396
08044.png,left-cheek,original_roi,0.3546298705178821
08044.png,right-cheek,original_roi,0.3262671637713436
08044.png,bottom-face,original_roi,0.3277969396375305
08044.png,forehead,original_roi,0.29201734724671236
08044.png,under-eyes,original_roi,0.27766637374678493
08044.png,left-cheek,a_degradation_11,0.32535914585311904
08044.png,right-cheek,a_degradation_11,0.2893390715630391
08044.png,bottom-face,a_degradation_11,0.29458741461087146
08044.png,forehead,a_degradation_11,0.2736998818565534
08044.png,under-eyes,a_degradation_11,0.25537857386768276
08044.png,left-cheek,a_degradation_17,0.26310414678506316
08044.png,right-cheek,a_degradation_17,0.24696427958594347
08044.png,bottom-face,a_degradation_17,0.26107705558109096
08044.png,forehead,a_degradation_17,0.2573841222339184
08044.png,under-eyes,a_degradation_17,0.25491264524899465
08045.png,left-cheek,original_roi,0.2595470372322138
08045.png,right-cheek,original_roi,0.25635869720178234
08045.png,bottom-face,original_roi,0.20782073166815274
08045.png,forehead,original_roi,0.22617648334697218
08045.png,under-eyes,original_roi,0.21348747348695826
08045.png,left-cheek,a_degradation_11,0.25645768869176083
08045.png,right-cheek,a_degradation_11,0.25266906178451765
08045.png,bottom-face,a_degradation_11,0.20540916052383199
08045.png,forehead,a_degradation_11,0.2272345725443324
08045.png,under-eyes,a_degradation_11,0.20678905933243932
08045.png,left-cheek,a_degradation_17,0.24294960054065287
08045.png,right-cheek,a_degradation_17,0.21674773076432127
08045.png,bottom-face,a_degradation_17,0.18240366011079728
08045.png,forehead,a_degradation_17,0.21723083512914726
08045.png,under-eyes,a_degradation_17,0.20178457826015783
08046.png,left-cheek,original_roi,0.11782819749936684
08046.png,right-cheek,original_roi,0.1625507503126666
08046.png,bottom-face,original_roi,0.20859740473206762
08046.png,forehead,original_roi,0.16626430107288356
08046.png,under-eyes,original_roi,0.15628985563582812
08046.png,left-cheek,a_degradation_11,0.11150038839411128
08046.png,right-cheek,a_degradation_11,0.1548457066802917
08046.png,bottom-face,a_degradation_11,0.19589507339679507
08046.png,forehead,a_degradation_11,0.15238972644764032
08046.png,under-eyes,a_degradation_11,0.15113772060053163
08046.png,left-cheek,a_degradation_17,0.09980835614568695
08046.png,right-cheek,a_degradation_17,0.13616804349667344
08046.png,bottom-face,a_degradation_17,0.18462398569122557
08046.png,forehead,a_degradation_17,0.14361670511296656
08046.png,under-eyes,a_degradation_17,0.1473223421503708
08052.png,left-cheek,original_roi,0.2481824857337736
08052.png,right-cheek,original_roi,0.24643940480007953
08052.png,bottom-face,original_roi,0.23751573041885546
08052.png,forehead,original_roi,0.2848677596430587
08052.png,under-eyes,original_roi,0.24567370615105155
08052.png,left-cheek,a_degradation_11,0.26022514854683104
08052.png,right-cheek,a_degradation_11,0.2478522491177049
08052.png,bottom-face,a_degradation_11,0.23689814184019706
08052.png,forehead,a_degradation_11,0.2738764029353191
08052.png,under-eyes,a_degradation_11,0.23161457522631207
08052.png,left-cheek,a_degradation_17,0.2531851663176196
08052.png,right-cheek,a_degradation_17,0.25446218888587174
08052.png,bottom-face,a_degradation_17,0.21958208014880157
08052.png,forehead,a_degradation_17,0.25314756586019077
08052.png,under-eyes,a_degradation_17,0.2260884723404401
08053.png,left-cheek,original_roi,0.2393914243507625
08053.png,right-cheek,original_roi,0.2569391963494441
08053.png,bottom-face,original_roi,0.3228034213235734
08053.png,forehead,original_roi,0.1847387598312084
08053.png,under-eyes,original_roi,0.22449388019925456
08053.png,left-cheek,a_degradation_11,0.23034553398024635
08053.png,right-cheek,a_degradation_11,0.24634363908181636
08053.png,bottom-face,a_degradation_11,0.3111344750841761
08053.png,forehead,a_degradation_11,0.191882256917658
08053.png,under-eyes,a_degradation_11,0.21582223657868357
08053.png,left-cheek,a_degradation_17,0.23025412402032605
08053.png,right-cheek,a_degradation_17,0.23206711040465922
08053.png,bottom-face,a_degradation_17,0.2878836067021557
08053.png,forehead,a_degradation_17,0.18297125260570088
08053.png,under-eyes,a_degradation_17,0.21876408829044805
08054.png,left-cheek,original_roi,0.22160069394135914
08054.png,right-cheek,original_roi,0.3132784045117963
08054.png,bottom-face,original_roi,0.34875797134109904
08054.png,forehead,original_roi,0.16506641119565024
08054.png,under-eyes,original_roi,0.2970095911388902
08054.png,left-cheek,a_degradation_11,0.204993617873405
08054.png,right-cheek,a_degradation_11,0.2815102911031631
08054.png,bottom-face,a_degradation_11,0.3038107423205277
08054.png,forehead,a_degradation_11,0.16308559851099722
08054.png,under-eyes,a_degradation_11,0.26463013729018364
08054.png,left-cheek,a_degradation_17,0.18150891672359543
08054.png,right-cheek,a_degradation_17,0.24027204408618602
08054.png,bottom-face,a_degradation_17,0.280070997058643
08054.png,forehead,a_degradation_17,0.15779951767788014
08054.png,under-eyes,a_degradation_17,0.262416604929616
08056.png,left-cheek,original_roi,0.2539829976823521
08056.png,right-cheek,original_roi,0.20096411896715685
08056.png,bottom-face,original_roi,0.2049725202059106
08056.png,forehead,original_roi,0.2484508841805455
08056.png,under-eyes,original_roi,0.21511704002415066
08056.png,left-cheek,a_degradation_11,0.2513124235500733
08056.png,right-cheek,a_degradation_11,0.1963729933816657
08056.png,bottom-face,a_degradation_11,0.19450281894916227
08056.png,forehead,a_degradation_11,0.2395079337805364
08056.png,under-eyes,a_degradation_11,0.2051730964562306
08056.png,left-cheek,a_degradation_17,0.22634684046368866
08056.png,right-cheek,a_degradation_17,0.1771813238854403
08056.png,bottom-face,a_degradation_17,0.18295022114304438
08056.png,forehead,a_degradation_17,0.23198897730672027
08056.png,under-eyes,a_degradation_17,0.19799288100548093
08059.png,left-cheek,original_roi,0.30781207540673855
08059.png,right-cheek,original_roi,0.27307184898723824
08059.png,bottom-face,original_roi,0.30854922602921087
08059.png,forehead,original_roi,0.18730708745978214
08059.png,under-eyes,original_roi,0.2848788085082718
08059.png,left-cheek,a_degradation_11,0.2939187536965365
08059.png,right-cheek,a_degradation_11,0.25595946657507307
08059.png,bottom-face,a_degradation_11,0.2859426892328998
08059.png,forehead,a_degradation_11,0.18167371100831747
08059.png,under-eyes,a_degradation_11,0.25945733229693185
08059.png,left-cheek,a_degradation_17,0.24530838080284986
08059.png,right-cheek,a_degradation_17,0.2529449578474321
08059.png,bottom-face,a_degradation_17,0.26449230234521803
08059.png,forehead,a_degradation_17,0.17763580291403752
08059.png,under-eyes,a_degradation_17,0.2569681192334857
08061.png,left-cheek,original_roi,0.3585198494394153
08061.png,right-cheek,original_roi,0.34611262963599543
08061.png,bottom-face,original_roi,0.3048240697745649
08061.png,forehead,original_roi,0.35524673445173544
08061.png,under-eyes,original_roi,0.28197080158596205
08061.png,left-cheek,a_degradation_11,0.3471747318420641
08061.png,right-cheek,a_degradation_11,0.33103960717838854
08061.png,bottom-face,a_degradation_11,0.2964068549130958
08061.png,forehead,a_degradation_11,0.33865040252756023
08061.png,under-eyes,a_degradation_11,0.2591199847541738
08061.png,left-cheek,a_degradation_17,0.30238389348749284
08061.png,right-cheek,a_degradation_17,0.2711833442443205
08061.png,bottom-face,a_degradation_17,0.24922127117058943
08061.png,forehead,a_degradation_17,0.2987134679663317
08061.png,under-eyes,a_degradation_17,0.2632597284593635
08066.png,left-cheek,original_roi,0.29030284628716
08066.png,right-cheek,original_roi,0.268494662294972
08066.png,bottom-face,original_roi,0.22906349600958426
08066.png,forehead,original_roi,0.29412786888878634
08066.png,under-eyes,original_roi,0.29094525646477687
08066.png,left-cheek,a_degradation_11,0.28017909601476226
08066.png,right-cheek,a_degradation_11,0.26307278669444933
08066.png,bottom-face,a_degradation_11,0.22289417471043393
08066.png,forehead,a_degradation_11,0.2771838272923892
08066.png,under-eyes,a_degradation_11,0.2782652161669621
08066.png,left-cheek,a_degradation_17,0.2509381206168228
08066.png,right-cheek,a_degradation_17,0.24381900617943664
08066.png,bottom-face,a_degradation_17,0.20171602980833267
08066.png,forehead,a_degradation_17,0.26468433436752575
08066.png,under-eyes,a_degradation_17,0.26025811520567677
08067.png,left-cheek,original_roi,0.4069282251133371
08067.png,right-cheek,original_roi,0.2245758487861891
08067.png,bottom-face,original_roi,0.20839283441253975
08067.png,forehead,original_roi,0.17119011653051094
08067.png,under-eyes,original_roi,0.2164158429836783
08067.png,left-cheek,a_degradation_11,0.39934803588968404
08067.png,right-cheek,a_degradation_11,0.20305913084190708
08067.png,bottom-face,a_degradation_11,0.1928681781402239
08067.png,forehead,a_degradation_11,0.17433639058363679
08067.png,under-eyes,a_degradation_11,0.20331879133296196
08067.png,left-cheek,a_degradation_17,0.3942695272958642
08067.png,right-cheek,a_degradation_17,0.18110263449957986
08067.png,bottom-face,a_degradation_17,0.18890333046910016
08067.png,forehead,a_degradation_17,0.16788910248277797
08067.png,under-eyes,a_degradation_17,0.20366269203753443
08068.png,left-cheek,original_roi,0.2755058603120606
08068.png,right-cheek,original_roi,0.2519867094635332
08068.png,bottom-face,original_roi,0.25194842209904944
08068.png,forehead,original_roi,0.21662376343891565
08068.png,under-eyes,original_roi,0.27842829656717616
08068.png,left-cheek,a_degradation_11,0.25931185266961027
08068.png,right-cheek,a_degradation_11,0.2292710608442714
08068.png,bottom-face,a_degradation_11,0.24461082075288051
08068.png,forehead,a_degradation_11,0.2066825342571859
08068.png,under-eyes,a_degradation_11,0.2677955848012031
08068.png,left-cheek,a_degradation_17,0.24334376843112765
08068.png,right-cheek,a_degradation_17,0.20844351633117336
08068.png,bottom-face,a_degradation_17,0.21965438693259842
08068.png,forehead,a_degradation_17,0.20396420885012514
08068.png,under-eyes,a_degradation_17,0.2571481711356937
08072.png,left-cheek,original_roi,0.25999377792705297
08072.png,right-cheek,original_roi,0.20976626707330331
08072.png,bottom-face,original_roi,0.23582702401437117
08072.png,forehead,original_roi,0.2128104875757707
08072.png,under-eyes,original_roi,0.2398880715571428
08072.png,left-cheek,a_degradation_11,0.22477662525971095
08072.png,right-cheek,a_degradation_11,0.19723636114661353
08072.png,bottom-face,a_degradation_11,0.21387438522709742
08072.png,forehead,a_degradation_11,0.1990558781536769
08072.png,under-eyes,a_degradation_11,0.21880895315426224
08072.png,left-cheek,a_degradation_17,0.1904713759482314
08072.png,right-cheek,a_degradation_17,0.18159257134996
08072.png,bottom-face,a_degradation_17,0.19790232885093298
08072.png,forehead,a_degradation_17,0.18961612150414792
08072.png,under-eyes,a_degradation_17,0.2075384351978121
08073.png,left-cheek,original_roi,0.36468755263088565
08073.png,right-cheek,original_roi,0.31795759452054284
08073.png,bottom-face,original_roi,0.33023921979371823
08073.png,forehead,original_roi,0.189750537861825
08073.png,under-eyes,original_roi,0.25145642384024647
08073.png,left-cheek,a_degradation_11,0.35680446707231417
08073.png,right-cheek,a_degradation_11,0.2942387706587788
08073.png,bottom-face,a_degradation_11,0.2923098473482047
08073.png,forehead,a_degradation_11,0.17748507285334672
08073.png,under-eyes,a_degradation_11,0.2314095209277417
08073.png,left-cheek,a_degradation_17,0.3399475587441453
08073.png,right-cheek,a_degradation_17,0.24595022736916664
08073.png,bottom-face,a_degradation_17,0.2471752441019688
08073.png,forehead,a_degradation_17,0.17047755700036848
08073.png,under-eyes,a_degradation_17,0.22069325318458818
08075.png,left-cheek,original_roi,0.21403108710933194
08075.png,right-cheek,original_roi,0.16754601510120914
08075.png,bottom-face,original_roi,0.12375247574051931
08075.png,forehead,original_roi,0.10934658028405426
08075.png,under-eyes,original_roi,0.17743481764659855
08075.png,left-cheek,a_degradation_11,0.21180133887576688
08075.png,right-cheek,a_degradation_11,0.16864212061625342
08075.png,bottom-face,a_degradation_11,0.12315332274419735
08075.png,forehead,a_degradation_11,0.1078881819992849
08075.png,under-eyes,a_degradation_11,0.17530833284438088
08075.png,left-cheek,a_degradation_17,0.2035809709631359
08075.png,right-cheek,a_degradation_17,0.153899228607225
08075.png,bottom-face,a_degradation_17,0.11723084500884039
08075.png,forehead,a_degradation_17,0.1068745585787833
08075.png,under-eyes,a_degradation_17,0.16360744033175872
08083.png,left-cheek,original_roi,0.20025285127050196
08083.png,right-cheek,original_roi,0.18927061326738395
08083.png,bottom-face,original_roi,0.25306947814885494
08083.png,forehead,original_roi,0.22157869973909755
08083.png,under-eyes,original_roi,0.20613579872686458
08083.png,left-cheek,a_degradation_11,0.19642944640052445
08083.png,right-cheek,a_degradation_11,0.18848920491832458
08083.png,bottom-face,a_degradation_11,0.25415314399585476
08083.png,forehead,a_degradation_11,0.2172845653149564
08083.png,under-eyes,a_degradation_11,0.1971562117923684
08083.png,left-cheek,a_degradation_17,0.18529719720552054
08083.png,right-cheek,a_degradation_17,0.1809324394825826
08083.png,bottom-face,a_degradation_17,0.22587150834668956
08083.png,forehead,a_degradation_17,0.20380501852579191
08083.png,under-eyes,a_degradation_17,0.19640709472247925
08085.png,left-cheek,original_roi,0.28232748325852564
08085.png,right-cheek,original_roi,0.2963178056336282
08085.png,bottom-face,original_roi,0.27911394931071787
08085.png,forehead,original_roi,0.20983346686317708
08085.png,under-eyes,original_roi,0.2843307177492439
08085.png,left-cheek,a_degradation_11,0.2597733739445176
08085.png,right-cheek,a_degradation_11,0.26724309598209534
08085.png,bottom-face,a_degradation_11,0.259619151021179
08085.png,forehead,a_degradation_11,0.19937375604534874
08085.png,under-eyes,a_degradation_11,0.2718594972242007
08085.png,left-cheek,a_degradation_17,0.24093846646646747
08085.png,right-cheek,a_degradation_17,0.2175136037598811
08085.png,bottom-face,a_degradation_17,0.2354977841245027
08085.png,forehead,a_degradation_17,0.19373602149724586
08085.png,under-eyes,a_degradation_17,0.25359191997891406
08088.png,left-cheek,original_roi,0.34259434496840313
08088.png,right-cheek,original_roi,0.3435666268479636
08088.png,bottom-face,original_roi,0.2916146372039406
08088.png,forehead,original_roi,0.33264160684356453
08088.png,under-eyes,original_roi,0.2306120231514171
08088.png,left-cheek,a_degradation_11,0.328240187397476
08088.png,right-cheek,a_degradation_11,0.338695940595988
08088.png,bottom-face,a_degradation_11,0.27460350592586635
08088.png,forehead,a_degradation_11,0.3127997750212342
08088.png,under-eyes,a_degradation_11,0.21916189286471047
08088.png,left-cheek,a_degradation_17,0.28117549566439487
08088.png,right-cheek,a_degradation_17,0.3344673071756406
08088.png,bottom-face,a_degradation_17,0.24736618997975976
08088.png,forehead,a_degradation_17,0.2819941251716962
08088.png,under-eyes,a_degradation_17,0.22751989139289241
08089.png,left-cheek,original_roi,0.5470040268149549
08089.png,right-cheek,original_roi,0.44882552537231235
08089.png,bottom-face,original_roi,0.4646426248522306
08089.png,forehead,original_roi,0.3630098978998961
08089.png,under-eyes,original_roi,0.2165559837214367
08089.png,left-cheek,a_degradation_11,0.49634681157526983
08089.png,right-cheek,a_degradation_11,0.38506905990520757
08089.png,bottom-face,a_degradation_11,0.3708038636058393
08089.png,forehead,a_degradation_11,0.3315314094488796
08089.png,under-eyes,a_degradation_11,0.20897709603147324
08089.png,left-cheek,a_degradation_17,0.4121305975796339
08089.png,right-cheek,a_degradation_17,0.32651900555529406
08089.png,bottom-face,a_degradation_17,0.3354530740802256
08089.png,forehead,a_degradation_17,0.2997742011215095
08089.png,under-eyes,a_degradation_17,0.2038097156600855
08091.png,left-cheek,original_roi,0.1663797887755001
08091.png,right-cheek,original_roi,0.22379009297895122
08091.png,bottom-face,original_roi,0.18070426273077936
08091.png,forehead,original_roi,0.27331335955411395
08091.png,under-eyes,original_roi,0.21945302128269778
08091.png,left-cheek,a_degradation_11,0.15776694213183068
08091.png,right-cheek,a_degradation_11,0.20234242673923555
08091.png,bottom-face,a_degradation_11,0.17742457345638527
08091.png,forehead,a_degradation_11,0.2607877196763559
08091.png,under-eyes,a_degradation_11,0.20785529574417222
08091.png,left-cheek,a_degradation_17,0.14832868165888408
08091.png,right-cheek,a_degradation_17,0.17678385563978066
08091.png,bottom-face,a_degradation_17,0.16691943869387724
08091.png,forehead,a_degradation_17,0.25451095942970353
08091.png,under-eyes,a_degradation_17,0.20289998038485427
08093.png,left-cheek,original_roi,0.18729133979388332
08093.png,right-cheek,original_roi,0.15995473448935182
08093.png,bottom-face,original_roi,0.162212859283273
08093.png,forehead,original_roi,0.18546325099130417
08093.png,under-eyes,original_roi,0.11603045761889706
08093.png,left-cheek,a_degradation_11,0.19074402787989872
08093.png,right-cheek,a_degradation_11,0.1695217732005025
08093.png,bottom-face,a_degradation_11,0.1604879600721733
08093.png,forehead,a_degradation_11,0.18112828711247342
08093.png,under-eyes,a_degradation_11,0.11513652431496439
08093.png,left-cheek,a_degradation_17,0.1764238107855908
08093.png,right-cheek,a_degradation_17,0.16916448043607166
08093.png,bottom-face,a_degradation_17,0.15001843905589257
08093.png,forehead,a_degradation_17,0.18065423405669112
08093.png,under-eyes,a_degradation_17,0.11400827217117786
08094.png,left-cheek,original_roi,0.2075842686007908
08094.png,right-cheek,original_roi,0.19609342969914653
08094.png,bottom-face,original_roi,0.18444631168018752
08094.png,forehead,original_roi,0.10545559650554434
08094.png,under-eyes,original_roi,0.16296183179010518
08094.png,left-cheek,a_degradation_11,0.20026350456100497
08094.png,right-cheek,a_degradation_11,0.19183670579528606
08094.png,bottom-face,a_degradation_11,0.1792812250966923
08094.png,forehead,a_degradation_11,0.10241902353347272
08094.png,under-eyes,a_degradation_11,0.1568228635679516
08094.png,left-cheek,a_degradation_17,0.18332858399270638
08094.png,right-cheek,a_degradation_17,0.17542075690527698
08094.png,bottom-face,a_degradation_17,0.16641693371527363
08094.png,forehead,a_degradation_17,0.10279857436701524
08094.png,under-eyes,a_degradation_17,0.16089445493400598
08096.png,left-cheek,original_roi,0.13133564152510196
08096.png,right-cheek,original_roi,0.1554814952008317
08096.png,bottom-face,original_roi,0.20626389200531964
08096.png,forehead,original_roi,0.1278486771539588
08096.png,under-eyes,original_roi,0.11772940201057307
08096.png,left-cheek,a_degradation_11,0.12701768865669344
08096.png,right-cheek,a_degradation_11,0.1492349687950558
08096.png,bottom-face,a_degradation_11,0.20299520020356512
08096.png,forehead,a_degradation_11,0.12667340648801403
08096.png,under-eyes,a_degradation_11,0.11652777996371148
08096.png,left-cheek,a_degradation_17,0.123333906958122
08096.png,right-cheek,a_degradation_17,0.14233810746580325
08096.png,bottom-face,a_degradation_17,0.19104222129725337
08096.png,forehead,a_degradation_17,0.12369451509439988
08096.png,under-eyes,a_degradation_17,0.11529276074551187
08097.png,left-cheek,original_roi,0.1626165058065684
08097.png,right-cheek,original_roi,0.20665509882723898
08097.png,bottom-face,original_roi,0.1652538480168708
08097.png,forehead,original_roi,0.16043103846468845
08097.png,under-eyes,original_roi,0.20829772150727968
08097.png,left-cheek,a_degradation_11,0.15406498644688196
08097.png,right-cheek,a_degradation_11,0.2070670607731839
08097.png,bottom-face,a_degradation_11,0.16292172479168698
08097.png,forehead,a_degradation_11,0.15581005030368164
08097.png,under-eyes,a_degradation_11,0.20375828625895784
08097.png,left-cheek,a_degradation_17,0.14671340956171405
08097.png,right-cheek,a_degradation_17,0.19221388590181693
08097.png,bottom-face,a_degradation_17,0.15159537233908457
08097.png,forehead,a_degradation_17,0.15263808640619736
08097.png,under-eyes,a_degradation_17,0.19123481794962402
08099.png,left-cheek,original_roi,0.3175996825838667
08099.png,right-cheek,original_roi,0.2003164479149351
08099.png,bottom-face,original_roi,0.29337884969097694
08099.png,forehead,original_roi,0.22684731367697616
08099.png,under-eyes,original_roi,0.25251408497816014
08099.png,left-cheek,a_degradation_11,0.3347634106965998
08099.png,right-cheek,a_degradation_11,0.18714927517808083
08099.png,bottom-face,a_degradation_11,0.27357097052840607
08099.png,forehead,a_degradation_11,0.2085664576644756
08099.png,under-eyes,a_degradation_11,0.22936313102604494
08099.png,left-cheek,a_degradation_17,0.2945358332154497
08099.png,right-cheek,a_degradation_17,0.1711805712755031
08099.png,bottom-face,a_degradation_17,0.2435727754665916
08099.png,forehead,a_degradation_17,0.1960969034484998
08099.png,under-eyes,a_degradation_17,0.21394819171663765
08100.png,left-cheek,original_roi,0.121094691619192
08100.png,right-cheek,original_roi,0.12793290120788484
08100.png,bottom-face,original_roi,0.24618173046052133
08100.png,forehead,original_roi,0.12244782911632487
08100.png,under-eyes,original_roi,0.1357208118876394
08100.png,left-cheek,a_degradation_11,0.12001733801494838
08100.png,right-cheek,a_degradation_11,0.12640619906041553
08100.png,bottom-face,a_degradation_11,0.23529267163488848
08100.png,forehead,a_degradation_11,0.12310580851235102
08100.png,under-eyes,a_degradation_11,0.13147055710231056
08100.png,left-cheek,a_degradation_17,0.11636784073816453
08100.png,right-cheek,a_degradation_17,0.1257781128245719
08100.png,bottom-face,a_degradation_17,0.22176226248958777
08100.png,forehead,a_degradation_17,0.12222422911413008
08100.png,under-eyes,a_degradation_17,0.12903340843821387
08102.png,left-cheek,original_roi,0.3524237047950183
08102.png,right-cheek,original_roi,0.383850841359233
08102.png,bottom-face,original_roi,0.3163034334788668
08102.png,forehead,original_roi,0.21206286902960808
08102.png,under-eyes,original_roi,0.222700246757245
08102.png,left-cheek,a_degradation_11,0.30249408053552657
08102.png,right-cheek,a_degradation_11,0.3670204134663943
08102.png,bottom-face,a_degradation_11,0.28647626339331855
08102.png,forehead,a_degradation_11,0.20627015933814874
08102.png,under-eyes,a_degradation_11,0.2122131337400799
08102.png,left-cheek,a_degradation_17,0.24691834507656782
08102.png,right-cheek,a_degradation_17,0.32383268428978107
08102.png,bottom-face,a_degradation_17,0.245235253794405
08102.png,forehead,a_degradation_17,0.19197774193608774
08102.png,under-eyes,a_degradation_17,0.20106949232209181
08103.png,left-cheek,original_roi,0.18018023861897103
08103.png,right-cheek,original_roi,0.20791387421720295
08103.png,bottom-face,original_roi,0.20165890603390751
08103.png,forehead,original_roi,0.13123216968329954
08103.png,under-eyes,original_roi,0.18935446023208896
08103.png,left-cheek,a_degradation_11,0.17455618342996992
08103.png,right-cheek,a_degradation_11,0.20035627824526483
08103.png,bottom-face,a_degradation_11,0.1969020686245986
08103.png,forehead,a_degradation_11,0.12608365389797963
08103.png,under-eyes,a_degradation_11,0.18466795369375016
08103.png,left-cheek,a_degradation_17,0.16690347149339338
08103.png,right-cheek,a_degradation_17,0.20037463566998903
08103.png,bottom-face,a_degradation_17,0.18085102002348694
08103.png,forehead,a_degradation_17,0.12121013472969155
08103.png,under-eyes,a_degradation_17,0.176153634482418
08105.png,left-cheek,original_roi,0.24728135361175668
08105.png,right-cheek,original_roi,0.17484019663786243
08105.png,bottom-face,original_roi,0.17318629184426093
08105.png,forehead,original_roi,0.14451785098346281
08105.png,under-eyes,original_roi,0.14105396506410417
08105.png,left-cheek,a_degradation_11,0.24518625148122988
08105.png,right-cheek,a_degradation_11,0.16750267499635885
08105.png,bottom-face,a_degradation_11,0.16712415613946796
08105.png,forehead,a_degradation_11,0.13924045976855198
08105.png,under-eyes,a_degradation_11,0.14080283367421553
08105.png,left-cheek,a_degradation_17,0.24719327780142594
08105.png,right-cheek,a_degradation_17,0.1540686027018846
08105.png,bottom-face,a_degradation_17,0.1518523094890268
08105.png,forehead,a_degradation_17,0.1347357773629847
08105.png,under-eyes,a_degradation_17,0.13693922261561625
08111.png,left-cheek,original_roi,0.22005699755689903
08111.png,right-cheek,original_roi,0.21660010341259794
08111.png,bottom-face,original_roi,0.21999124284317786
08111.png,forehead,original_roi,0.19903527089268655
08111.png,under-eyes,original_roi,0.19430008327012746
08111.png,left-cheek,a_degradation_11,0.2270435625907711
08111.png,right-cheek,a_degradation_11,0.21196025118653006
08111.png,bottom-face,a_degradation_11,0.22031133818354334
08111.png,forehead,a_degradation_11,0.19229619970246864
08111.png,under-eyes,a_degradation_11,0.1896996803602104
08111.png,left-cheek,a_degradation_17,0.21403195211857254
08111.png,right-cheek,a_degradation_17,0.2077278669773084
08111.png,bottom-face,a_degradation_17,0.1998864042211309
08111.png,forehead,a_degradation_17,0.18750823083142018
08111.png,under-eyes,a_degradation_17,0.18728430237681962
08113.png,left-cheek,original_roi,0.2311443964798863
08113.png,right-cheek,original_roi,0.25859043170137247
08113.png,bottom-face,original_roi,0.2506389193359806
08113.png,forehead,original_roi,0.18262663262591572
08113.png,under-eyes,original_roi,0.21610314132534555
08113.png,left-cheek,a_degradation_11,0.2129625390451894
08113.png,right-cheek,a_degradation_11,0.22946272606475335
08113.png,bottom-face,a_degradation_11,0.2330501011177437
08113.png,forehead,a_degradation_11,0.1816871114756642
08113.png,under-eyes,a_degradation_11,0.20878319131202513
08113.png,left-cheek,a_degradation_17,0.19413466791043318
08113.png,right-cheek,a_degradation_17,0.1826254553617352
08113.png,bottom-face,a_degradation_17,0.22351865071325647
08113.png,forehead,a_degradation_17,0.1703267443576198
08113.png,under-eyes,a_degradation_17,0.20015249235593627
08115.png,left-cheek,original_roi,0.3820244667023501
08115.png,right-cheek,original_roi,0.32443960557725326
08115.png,bottom-face,original_roi,0.30275133230525647
08115.png,forehead,original_roi,0.3353772907064003
08115.png,under-eyes,original_roi,0.2814791417833104
08115.png,left-cheek,a_degradation_11,0.33485344234127884
08115.png,right-cheek,a_degradation_11,0.29472873456438076
08115.png,bottom-face,a_degradation_11,0.26512573994840144
08115.png,forehead,a_degradation_11,0.32551586246489467
08115.png,under-eyes,a_degradation_11,0.2659814566083293
08115.png,left-cheek,a_degradation_17,0.35149580932070706
08115.png,right-cheek,a_degradation_17,0.2638365344542206
08115.png,bottom-face,a_degradation_17,0.2446915538521912
08115.png,forehead,a_degradation_17,0.2962004319032913
08115.png,under-eyes,a_degradation_17,0.2348057650893189
08116.png,left-cheek,original_roi,0.16613100364783615
08116.png,right-cheek,original_roi,0.17356238442634067
08116.png,bottom-face,original_roi,0.22166441484487123
08116.png,forehead,original_roi,0.26274440462870347
08116.png,under-eyes,original_roi,0.1948529771973919
08116.png,left-cheek,a_degradation_11,0.16824529538178556
08116.png,right-cheek,a_degradation_11,0.1670468013608843
08116.png,bottom-face,a_degradation_11,0.2118697286954717
08116.png,forehead,a_degradation_11,0.24456155428512363
08116.png,under-eyes,a_degradation_11,0.1886474227468671
08116.png,left-cheek,a_degradation_17,0.1535353535945142
08116.png,right-cheek,a_degradation_17,0.15849936513021373
08116.png,bottom-face,a_degradation_17,0.19087862579134393
08116.png,forehead,a_degradation_17,0.23704684794442027
08116.png,under-eyes,a_degradation_17,0.1858393212952239
08123.png,left-cheek,original_roi,0.25774393647029437
08123.png,right-cheek,original_roi,0.28273476921492285
08123.png,bottom-face,original_roi,0.2535039393131622
08123.png,forehead,original_roi,0.2875101011321454
08123.png,under-eyes,original_roi,0.23598718551926443
08123.png,left-cheek,a_degradation_11,0.2348999434052017
08123.png,right-cheek,a_degradation_11,0.28427495733820995
08123.png,bottom-face,a_degradation_11,0.2435484056639946
08123.png,forehead,a_degradation_11,0.2667117012619153
08123.png,under-eyes,a_degradation_11,0.22269248899615673
08123.png,left-cheek,a_degradation_17,0.19646497948098018
08123.png,right-cheek,a_degradation_17,0.2600312670824952
08123.png,bottom-face,a_degradation_17,0.2337225583200139
08123.png,forehead,a_degradation_17,0.2563038524095017
08123.png,under-eyes,a_degradation_17,0.2215419752039448
08127.png,left-cheek,original_roi,0.4337354393692223
08127.png,right-cheek,original_roi,0.3603564887365636
08127.png,bottom-face,original_roi,0.323713871555285
08127.png,forehead,original_roi,0.20428022054937145
08127.png,under-eyes,original_roi,0.3125265228253472
08127.png,left-cheek,a_degradation_11,0.4272648043604174
08127.png,right-cheek,a_degradation_11,0.30582006033423814
08127.png,bottom-face,a_degradation_11,0.2695721646127038
08127.png,forehead,a_degradation_11,0.19043267437832373
08127.png,under-eyes,a_degradation_11,0.29055293185747066
08127.png,left-cheek,a_degradation_17,0.3647128819205237
08127.png,right-cheek,a_degradation_17,0.23845302131104265
08127.png,bottom-face,a_degradation_17,0.2414242433875007
08127.png,forehead,a_degradation_17,0.1900127262604291
08127.png,under-eyes,a_degradation_17,0.2860511201569566
08133.png,left-cheek,original_roi,0.3760873679093629
08133.png,right-cheek,original_roi,0.2928225163216736
08133.png,bottom-face,original_roi,0.17826613018032503
08133.png,forehead,original_roi,0.1567240527450984
08133.png,under-eyes,original_roi,0.1629061943309452
08133.png,left-cheek,a_degradation_11,0.3796496985176224
08133.png,right-cheek,a_degradation_11,0.272323699887038
08133.png,bottom-face,a_degradation_11,0.16663149476698827
08133.png,forehead,a_degradation_11,0.15881164791056182
08133.png,under-eyes,a_degradation_11,0.15577081905390644
08133.png,left-cheek,a_degradation_17,0.36685078729741943
08133.png,right-cheek,a_degradation_17,0.23350888887456858
08133.png,bottom-face,a_degradation_17,0.1614688264984447
08133.png,forehead,a_degradation_17,0.15542294244916227
08133.png,under-eyes,a_degradation_17,0.15203054573223101
08136.png,left-cheek,original_roi,0.27276057638157347
08136.png,right-cheek,original_roi,0.2623947452385335
08136.png,bottom-face,original_roi,0.24709461302209224
08136.png,forehead,original_roi,0.3147433570646181
08136.png,under-eyes,original_roi,0.28618217447184396
08136.png,left-cheek,a_degradation_11,0.26059889368627476
08136.png,right-cheek,a_degradation_11,0.24490363870213366
08136.png,bottom-face,a_degradation_11,0.2356686111532644
08136.png,forehead,a_degradation_11,0.2874487296893196
08136.png,under-eyes,a_degradation_11,0.26273899050730937
08136.png,left-cheek,a_degradation_17,0.23765385087545862
08136.png,right-cheek,a_degradation_17,0.21829997475861782
08136.png,bottom-face,a_degradation_17,0.20929771019476456
08136.png,forehead,a_degradation_17,0.2703882998040794
08136.png,under-eyes,a_degradation_17,0.26437910807217074
08138.png,left-cheek,original_roi,0.17117127227804657
08138.png,right-cheek,original_roi,0.17687078886215304
08138.png,bottom-face,original_roi,0.19930895365930829
08138.png,forehead,original_roi,0.17191022406873555
08138.png,under-eyes,original_roi,0.15314336712056487
08138.png,left-cheek,a_degradation_11,0.1741945391611091
08138.png,right-cheek,a_degradation_11,0.1794049368523284
08138.png,bottom-face,a_degradation_11,0.20385182573490349
08138.png,forehead,a_degradation_11,0.17575098180858603
08138.png,under-eyes,a_degradation_11,0.1492006215174816
08138.png,left-cheek,a_degradation_17,0.1665629886550869
08138.png,right-cheek,a_degradation_17,0.18359315470054055
08138.png,bottom-face,a_degradation_17,0.1951115179790245
08138.png,forehead,a_degradation_17,0.17324943177664828
08138.png,under-eyes,a_degradation_17,0.15674451032427117
08144.png,left-cheek,original_roi,0.2048227120184501
08144.png,right-cheek,original_roi,0.2153084942918676
08144.png,bottom-face,original_roi,0.23467634661238668
08144.png,forehead,original_roi,0.2386527722176142
08144.png,under-eyes,original_roi,0.20798391124516832
08144.png,left-cheek,a_degradation_11,0.20170725991143976
08144.png,right-cheek,a_degradation_11,0.20861396495107187
08144.png,bottom-face,a_degradation_11,0.2210009953992735
08144.png,forehead,a_degradation_11,0.22715578934177202
08144.png,under-eyes,a_degradation_11,0.1975100334146603
08144.png,left-cheek,a_degradation_17,0.1975818129918494
08144.png,right-cheek,a_degradation_17,0.1933506398962897
08144.png,bottom-face,a_degradation_17,0.2025909382207413
08144.png,forehead,a_degradation_17,0.2138350138031356
08144.png,under-eyes,a_degradation_17,0.19675564682081245
08147.png,left-cheek,original_roi,0.32960080534327635
08147.png,right-cheek,original_roi,0.3081078722661627
08147.png,bottom-face,original_roi,0.2703241995039285
08147.png,forehead,original_roi,0.21360707824419356
08147.png,under-eyes,original_roi,0.2433451026121029
08147.png,left-cheek,a_degradation_11,0.31234958816500696
08147.png,right-cheek,a_degradation_11,0.2980114830977104
08147.png,bottom-face,a_degradation_11,0.2534286152639348
08147.png,forehead,a_degradation_11,0.21431942857036573
08147.png,under-eyes,a_degradation_11,0.2307681081617669
08147.png,left-cheek,a_degradation_17,0.2634518060501348
08147.png,right-cheek,a_degradation_17,0.26795315318601653
08147.png,bottom-face,a_degradation_17,0.22833204306589844
08147.png,forehead,a_degradation_17,0.20463485078259533
08147.png,under-eyes,a_degradation_17,0.22755749693014282
08152.png,left-cheek,original_roi,0.161888687666949
08152.png,right-cheek,original_roi,0.15430496404037033
08152.png,bottom-face,original_roi,0.11458784959280358
08152.png,forehead,original_roi,0.16208207835498814
08152.png,under-eyes,original_roi,0.14552119964088914
08152.png,left-cheek,a_degradation_11,0.16724936457723244
08152.png,right-cheek,a_degradation_11,0.15665081087436378
08152.png,bottom-face,a_degradation_11,0.11264088099689054
08152.png,forehead,a_degradation_11,0.15612525646060552
08152.png,under-eyes,a_degradation_11,0.1463587195790858
08152.png,left-cheek,a_degradation_17,0.16848365095749762
08152.png,right-cheek,a_degradation_17,0.16024646917301844
08152.png,bottom-face,a_degradation_17,0.10605827405415695
08152.png,forehead,a_degradation_17,0.1481257636011268
08152.png,under-eyes,a_degradation_17,0.14269140479140696
08155.png,left-cheek,original_roi,0.21905205965718363
08155.png,right-cheek,original_roi,0.2697726460599959
08155.png,bottom-face,original_roi,0.24519796483954096
08155.png,forehead,original_roi,0.1780085404038916
08155.png,under-eyes,original_roi,0.19614263061547385
08155.png,left-cheek,a_degradation_11,0.2082243702501498
08155.png,right-cheek,a_degradation_11,0.2644412598976353
08155.png,bottom-face,a_degradation_11,0.23028897461275802
08155.png,forehead,a_degradation_11,0.17033313157860228
08155.png,under-eyes,a_degradation_11,0.18734438204814
08155.png,left-cheek,a_degradation_17,0.18062819396749347
08155.png,right-cheek,a_degradation_17,0.2411899195084687
08155.png,bottom-face,a_degradation_17,0.20172268304119312
08155.png,forehead,a_degradation_17,0.16439781720607557
08155.png,under-eyes,a_degradation_17,0.18162365735192262
08158.png,left-cheek,original_roi,0.1453462312653615
08158.png,right-cheek,original_roi,0.15793774731267068
08158.png,bottom-face,original_roi,0.1307832873106086
08158.png,forehead,original_roi,0.1315133860482137
08158.png,under-eyes,original_roi,0.1309944426934152
08158.png,left-cheek,a_degradation_11,0.1499394658815489
08158.png,right-cheek,a_degradation_11,0.15973926591470092
08158.png,bottom-face,a_degradation_11,0.12893476167652584
08158.png,forehead,a_degradation_11,0.13208925817845185
08158.png,under-eyes,a_degradation_11,0.13100406088463754
08158.png,left-cheek,a_degradation_17,0.14810450025774635
08158.png,right-cheek,a_degradation_17,0.1654580635235595
08158.png,bottom-face,a_degradation_17,0.1208082712263297
08158.png,forehead,a_degradation_17,0.1319743772791659
08158.png,under-eyes,a_degradation_17,0.1300658746140116
08162.png,left-cheek,original_roi,0.2232984943010145
08162.png,right-cheek,original_roi,0.26210111943779396
08162.png,bottom-face,original_roi,0.16328646081136267
08162.png,forehead,original_roi,0.26419769537602666
08162.png,under-eyes,original_roi,0.35287354678129845
08162.png,left-cheek,a_degradation_11,0.2151969534198781
08162.png,right-cheek,a_degradation_11,0.23263244309822967
08162.png,bottom-face,a_degradation_11,0.16204827714270992
08162.png,forehead,a_degradation_11,0.24777836188477592
08162.png,under-eyes,a_degradation_11,0.31836391450371526
08162.png,left-cheek,a_degradation_17,0.2005062856566773
08162.png,right-cheek,a_degradation_17,0.19911925691116986
08162.png,bottom-face,a_degradation_17,0.1576175704743456
08162.png,forehead,a_degradation_17,0.2502999062114739
08162.png,under-eyes,a_degradation_17,0.32682550195850835
08168.png,left-cheek,original_roi,0.28295614799142244
08168.png,right-cheek,original_roi,0.24949844721077888
08168.png,bottom-face,original_roi,0.24234447600119136
08168.png,forehead,original_roi,0.2583024262249918
08168.png,under-eyes,original_roi,0.2058926500760455
08168.png,left-cheek,a_degradation_11,0.28164114420596015
08168.png,right-cheek,a_degradation_11,0.24315761582732817
08168.png,bottom-face,a_degradation_11,0.23720216962611101
08168.png,forehead,a_degradation_11,0.2498981019609916
08168.png,under-eyes,a_degradation_11,0.20244973893659726
08168.png,left-cheek,a_degradation_17,0.27558567402653983
08168.png,right-cheek,a_degradation_17,0.23215261051467725
08168.png,bottom-face,a_degradation_17,0.21757376137327006
08168.png,forehead,a_degradation_17,0.2341173013357958
08168.png,under-eyes,a_degradation_17,0.20127517247321847
08169.png,left-cheek,original_roi,0.1627750126874974
08169.png,right-cheek,original_roi,0.16167698550292733
08169.png,bottom-face,original_roi,0.17403892073863983
08169.png,forehead,original_roi,0.13288786828574373
08169.png,under-eyes,original_roi,0.17043825956431993
08169.png,left-cheek,a_degradation_11,0.1594910855470155
08169.png,right-cheek,a_degradation_11,0.15128896520809076
08169.png,bottom-face,a_degradation_11,0.1712420555814201
08169.png,forehead,a_degradation_11,0.13166226125510125
08169.png,under-eyes,a_degradation_11,0.1656367301963989
08169.png,left-cheek,a_degradation_17,0.15213125205830652
08169.png,right-cheek,a_degradation_17,0.13458124248712713
08169.png,bottom-face,a_degradation_17,0.16020586451145175
08169.png,forehead,a_degradation_17,0.12900702645482126
08169.png,under-eyes,a_degradation_17,0.16215374859980972
08173.png,left-cheek,original_roi,0.24615331236825258
08173.png,right-cheek,original_roi,0.29086469536577697
08173.png,bottom-face,original_roi,0.2766269838163245
08173.png,forehead,original_roi,0.2366349932377735
08173.png,under-eyes,original_roi,0.34228372359044335
08173.png,left-cheek,a_degradation_11,0.24330905945449563
08173.png,right-cheek,a_degradation_11,0.2715175749362594
08173.png,bottom-face,a_degradation_11,0.25726178946813266
08173.png,forehead,a_degradation_11,0.22625529160781313
08173.png,under-eyes,a_degradation_11,0.3177714143668052
08173.png,left-cheek,a_degradation_17,0.23457843911326617
08173.png,right-cheek,a_degradation_17,0.2227761235860667
08173.png,bottom-face,a_degradation_17,0.23171588785377167
08173.png,forehead,a_degradation_17,0.21768619414666449
08173.png,under-eyes,a_degradation_17,0.29589277544012305
08174.png,left-cheek,original_roi,0.24949943565402724
08174.png,right-cheek,original_roi,0.21384945746745707
08174.png,bottom-face,original_roi,0.23829458642036275
08174.png,forehead,original_roi,0.21802247210051323
08174.png,under-eyes,original_roi,0.23933099976653796
08174.png,left-cheek,a_degradation_11,0.22974838183123614
08174.png,right-cheek,a_degradation_11,0.1911056142942252
08174.png,bottom-face,a_degradation_11,0.21731846799677865
08174.png,forehead,a_degradation_11,0.20806571328348825
08174.png,under-eyes,a_degradation_11,0.22538056402631992
08174.png,left-cheek,a_degradation_17,0.2028116633688386
08174.png,right-cheek,a_degradation_17,0.1668498235191761
08174.png,bottom-face,a_degradation_17,0.20705688107949932
08174.png,forehead,a_degradation_17,0.19552638773932357
08174.png,under-eyes,a_degradation_17,0.2167768276392564
08177.png,left-cheek,original_roi,0.22325202633901933
08177.png,right-cheek,original_roi,0.21366519698097067
08177.png,bottom-face,original_roi,0.2042584637374392
08177.png,forehead,original_roi,0.2623880454811768
08177.png,under-eyes,original_roi,0.2295642169215748
08177.png,left-cheek,a_degradation_11,0.22530398678873212
08177.png,right-cheek,a_degradation_11,0.2034736868758726
08177.png,bottom-face,a_degradation_11,0.1954772904766813
08177.png,forehead,a_degradation_11,0.24763883828441188
08177.png,under-eyes,a_degradation_11,0.2180821614699675
08177.png,left-cheek,a_degradation_17,0.2141402907968053
08177.png,right-cheek,a_degradation_17,0.18435252890470774
08177.png,bottom-face,a_degradation_17,0.17552183186549888
08177.png,forehead,a_degradation_17,0.23424545620417944
08177.png,under-eyes,a_degradation_17,0.2154988796103553
08178.png,left-cheek,original_roi,0.2932832398420332
08178.png,right-cheek,original_roi,0.29693155865423093
08178.png,bottom-face,original_roi,0.27324524559882446
08178.png,forehead,original_roi,0.28959104364378935
08178.png,under-eyes,original_roi,0.2730416191866201
08178.png,left-cheek,a_degradation_11,0.28461056957406056
08178.png,right-cheek,a_degradation_11,0.27962465211329396
08178.png,bottom-face,a_degradation_11,0.24796783977893416
08178.png,forehead,a_degradation_11,0.27722147020901955
08178.png,under-eyes,a_degradation_11,0.25235767883273336
08178.png,left-cheek,a_degradation_17,0.2534553126827828
08178.png,right-cheek,a_degradation_17,0.2504877348618133
08178.png,bottom-face,a_degradation_17,0.22141726170134446
08178.png,forehead,a_degradation_17,0.2684618417184209
08178.png,under-eyes,a_degradation_17,0.25347053148778986
08182.png,left-cheek,original_roi,0.27520414645505203
08182.png,right-cheek,original_roi,0.27946309196602676
08182.png,bottom-face,original_roi,0.2502169217212322
08182.png,forehead,original_roi,0.26940251706867857
08182.png,under-eyes,original_roi,0.26964174342330366
08182.png,left-cheek,a_degradation_11,0.26634042731249613
08182.png,right-cheek,a_degradation_11,0.2546845281415888
08182.png,bottom-face,a_degradation_11,0.23491823749196838
08182.png,forehead,a_degradation_11,0.2529152246197164
08182.png,under-eyes,a_degradation_11,0.24724029185184593
08182.png,left-cheek,a_degradation_17,0.2523170314426347
08182.png,right-cheek,a_degradation_17,0.2050189904139477
08182.png,bottom-face,a_degradation_17,0.20512009652093652
08182.png,forehead,a_degradation_17,0.2421153566732515
08182.png,under-eyes,a_degradation_17,0.23585459374321147
08184.png,left-cheek,original_roi,0.10411658301709943
08184.png,right-cheek,original_roi,0.07657934091057951
08184.png,bottom-face,original_roi,0.16325127191216535
08184.png,forehead,original_roi,0.07136694599906236
08184.png,under-eyes,original_roi,0.08670032647273117
08184.png,left-cheek,a_degradation_11,0.10221621145861767
08184.png,right-cheek,a_degradation_11,0.07476500454384626
08184.png,bottom-face,a_degradation_11,0.15763846995584746
08184.png,forehead,a_degradation_11,0.07196713325945563
08184.png,under-eyes,a_degradation_11,0.08746506947534671
08184.png,left-cheek,a_degradation_17,0.09987357265018386
08184.png,right-cheek,a_degradation_17,0.07548369954611561
08184.png,bottom-face,a_degradation_17,0.15944505282688629
08184.png,forehead,a_degradation_17,0.07187437075927393
08184.png,under-eyes,a_degradation_17,0.08516866974653026
08187.png,left-cheek,original_roi,0.32104763123957564
08187.png,right-cheek,original_roi,0.25700314284280557
08187.png,bottom-face,original_roi,0.27413988236414816
08187.png,forehead,original_roi,0.2206231748983278
08187.png,under-eyes,original_roi,0.26973638205488254
08187.png,left-cheek,a_degradation_11,0.27965865634261833
08187.png,right-cheek,a_degradation_11,0.22363128750524458
08187.png,bottom-face,a_degradation_11,0.24832464724329842
08187.png,forehead,a_degradation_11,0.2052673159012382
08187.png,under-eyes,a_degradation_11,0.2558892869635926
08187.png,left-cheek,a_degradation_17,0.23456510917765636
08187.png,right-cheek,a_degradation_17,0.19423070838890627
08187.png,bottom-face,a_degradation_17,0.2229632552249119
08187.png,forehead,a_degradation_17,0.19927363704941642
08187.png,under-eyes,a_degradation_17,0.24287954372344875
08188.png,left-cheek,original_roi,0.10261187071595756
08188.png,right-cheek,original_roi,0.1897443264479464
08188.png,bottom-face,original_roi,0.1517558511154191
08188.png,forehead,original_roi,0.17646196821603363
08188.png,under-eyes,original_roi,0.15082004270206376
08188.png,left-cheek,a_degradation_11,0.09889100503078008
08188.png,right-cheek,a_degradation_11,0.18660238050320144
08188.png,bottom-face,a_degradation_11,0.14482542575856702
08188.png,forehead,a_degradation_11,0.16524584386297048
08188.png,under-eyes,a_degradation_11,0.14699206364871192
08188.png,left-cheek,a_degradation_17,0.09779281252075091
08188.png,right-cheek,a_degradation_17,0.1796590718036396
08188.png,bottom-face,a_degradation_17,0.14204978061283563
08188.png,forehead,a_degradation_17,0.16448147969834084
08188.png,under-eyes,a_degradation_17,0.14265028723821946
08190.png,left-cheek,original_roi,0.13692518495402353
08190.png,right-cheek,original_roi,0.15232935598276415
08190.png,bottom-face,original_roi,0.22828333936325415
08190.png,forehead,original_roi,0.1665870365001528
08190.png,under-eyes,original_roi,0.21288612391366538
08190.png,left-cheek,a_degradation_11,0.14619316012618838
08190.png,right-cheek,a_degradation_11,0.15581979217301023
08190.png,bottom-face,a_degradation_11,0.2239674420864256
08190.png,forehead,a_degradation_11,0.16192274300872306
08190.png,under-eyes,a_degradation_11,0.207754161722812
08190.png,left-cheek,a_degradation_17,0.15604353354100522
08190.png,right-cheek,a_degradation_17,0.15931133992935764
08190.png,bottom-face,a_degradation_17,0.20911076324772482
08190.png,forehead,a_degradation_17,0.1543560410518595
08190.png,under-eyes,a_degradation_17,0.20960444186884986
08192.png,left-cheek,original_roi,0.1879753624737249
08192.png,right-cheek,original_roi,0.2016255998611855
08192.png,bottom-face,original_roi,0.2463746214328
08192.png,forehead,original_roi,0.14368678211982067
08192.png,under-eyes,original_roi,0.20584436465137132
08192.png,left-cheek,a_degradation_11,0.18916648288464852
08192.png,right-cheek,a_degradation_11,0.19454609605744572
08192.png,bottom-face,a_degradation_11,0.2347193461222079
08192.png,forehead,a_degradation_11,0.14121475365277555
08192.png,under-eyes,a_degradation_11,0.19947307921157212
08192.png,left-cheek,a_degradation_17,0.18645235452295958
08192.png,right-cheek,a_degradation_17,0.18573581477999207
08192.png,bottom-face,a_degradation_17,0.2165890755792598
08192.png,forehead,a_degradation_17,0.13948345981583057
08192.png,under-eyes,a_degradation_17,0.19778261954315915
08196.png,left-cheek,original_roi,0.27124195615958013
08196.png,right-cheek,original_roi,0.19783319675231997
08196.png,bottom-face,original_roi,0.17654990266445214
08196.png,forehead,original_roi,0.15007280615506657
08196.png,under-eyes,original_roi,0.20628873533875206
08196.png,left-cheek,a_degradation_11,0.2761919248434176
08196.png,right-cheek,a_degradation_11,0.18444093174089177
08196.png,bottom-face,a_degradation_11,0.17094672478504688
08196.png,forehead,a_degradation_11,0.14364964067228952
08196.png,under-eyes,a_degradation_11,0.20597047550136668
08196.png,left-cheek,a_degradation_17,0.2700446438231852
08196.png,right-cheek,a_degradation_17,0.1631195512796717
08196.png,bottom-face,a_degradation_17,0.1580235030000965
08196.png,forehead,a_degradation_17,0.14102079213310295
08196.png,under-eyes,a_degradation_17,0.18973822745154467
08201.png,left-cheek,original_roi,0.23864829321413247
08201.png,right-cheek,original_roi,0.15661229721288328
08201.png,bottom-face,original_roi,0.21041072105487574
08201.png,forehead,original_roi,0.18164370877963243
08201.png,under-eyes,original_roi,0.18095685994385124
08201.png,left-cheek,a_degradation_11,0.23820441193700387
08201.png,right-cheek,a_degradation_11,0.14896867482603982
08201.png,bottom-face,a_degradation_11,0.19850221858661254
08201.png,forehead,a_degradation_11,0.16763506603137873
08201.png,under-eyes,a_degradation_11,0.17805935248353483
08201.png,left-cheek,a_degradation_17,0.22004943844019736
08201.png,right-cheek,a_degradation_17,0.13535636567249407
08201.png,bottom-face,a_degradation_17,0.18530834859196185
08201.png,forehead,a_degradation_17,0.16499032414079176
08201.png,under-eyes,a_degradation_17,0.16554132118274956
08207.png,left-cheek,original_roi,0.23260120404656498
08207.png,right-cheek,original_roi,0.25123178660382933
08207.png,bottom-face,original_roi,0.21828463228265346
08207.png,forehead,original_roi,0.2566719167588488
08207.png,under-eyes,original_roi,0.20193985231351483
08207.png,left-cheek,a_degradation_11,0.2142272495090464
08207.png,right-cheek,a_degradation_11,0.23139172900561683
08207.png,bottom-face,a_degradation_11,0.2061107643242809
08207.png,forehead,a_degradation_11,0.2515770243955225
08207.png,under-eyes,a_degradation_11,0.19665302340243762
08207.png,left-cheek,a_degradation_17,0.18818460466326728
08207.png,right-cheek,a_degradation_17,0.19415440630222852
08207.png,bottom-face,a_degradation_17,0.1896093788775082
08207.png,forehead,a_degradation_17,0.23385849559480076
08207.png,under-eyes,a_degradation_17,0.20023791447801617
08208.png,left-cheek,original_roi,0.12441707896884453
08208.png,right-cheek,original_roi,0.08405219133711324
08208.png,bottom-face,original_roi,0.10844731736322298
08208.png,forehead,original_roi,0.11573092710654098
08208.png,under-eyes,original_roi,0.11858097975112182
08208.png,left-cheek,a_degradation_11,0.12196144818670267
08208.png,right-cheek,a_degradation_11,0.08653717651755265
08208.png,bottom-face,a_degradation_11,0.10846691917024859
08208.png,forehead,a_degradation_11,0.11369005718932673
08208.png,under-eyes,a_degradation_11,0.11659651043653554
08208.png,left-cheek,a_degradation_17,0.12202343137992858
08208.png,right-cheek,a_degradation_17,0.08976794352746284
08208.png,bottom-face,a_degradation_17,0.11053164005301255
08208.png,forehead,a_degradation_17,0.11054958213613023
08208.png,under-eyes,a_degradation_17,0.11382405276363847
08209.png,left-cheek,original_roi,0.253093371542634
08209.png,right-cheek,original_roi,0.3416728470905332
08209.png,bottom-face,original_roi,0.31676725664508804
08209.png,forehead,original_roi,0.2594620919783795
08209.png,under-eyes,original_roi,0.24301442609907672
08209.png,left-cheek,a_degradation_11,0.22923241893124374
08209.png,right-cheek,a_degradation_11,0.33291462603727306
08209.png,bottom-face,a_degradation_11,0.2882888658967192
08209.png,forehead,a_degradation_11,0.25036067768976844
08209.png,under-eyes,a_degradation_11,0.2304292003331224
08209.png,left-cheek,a_degradation_17,0.19184450805906253
08209.png,right-cheek,a_degradation_17,0.298128680476632
08209.png,bottom-face,a_degradation_17,0.2588359599555856
08209.png,forehead,a_degradation_17,0.23197382695282812
08209.png,under-eyes,a_degradation_17,0.21818631986968323
08210.png,left-cheek,original_roi,0.19746194299306494
08210.png,right-cheek,original_roi,0.23747937840105174
08210.png,bottom-face,original_roi,0.1875180314870028
08210.png,forehead,original_roi,0.1007604440612291
08210.png,under-eyes,original_roi,0.19488807256395813
08210.png,left-cheek,a_degradation_11,0.17853571702302704
08210.png,right-cheek,a_degradation_11,0.21129494666876905
08210.png,bottom-face,a_degradation_11,0.18200173249272622
08210.png,forehead,a_degradation_11,0.10100168201605976
08210.png,under-eyes,a_degradation_11,0.18444914412169455
08210.png,left-cheek,a_degradation_17,0.1519128767679232
08210.png,right-cheek,a_degradation_17,0.1738589233530633
08210.png,bottom-face,a_degradation_17,0.16309966767254355
08210.png,forehead,a_degradation_17,0.098997992011172
08210.png,under-eyes,a_degradation_17,0.18126848942879376
08211.png,left-cheek,original_roi,0.2041800500978639
08211.png,right-cheek,original_roi,0.1948265275413137
08211.png,bottom-face,original_roi,0.26372568407639224
08211.png,forehead,original_roi,0.21919272404809978
08211.png,under-eyes,original_roi,0.17169900413444486
08211.png,left-cheek,a_degradation_11,0.21412012142671435
08211.png,right-cheek,a_degradation_11,0.19179425854468318
08211.png,bottom-face,a_degradation_11,0.26461321088917494
08211.png,forehead,a_degradation_11,0.2100079337339706
08211.png,under-eyes,a_degradation_11,0.17240856811026709
08211.png,left-cheek,a_degradation_17,0.21990366731181657
08211.png,right-cheek,a_degradation_17,0.19066389141862886
08211.png,bottom-face,a_degradation_17,0.23349664536569667
08211.png,forehead,a_degradation_17,0.2012471853345904
08211.png,under-eyes,a_degradation_17,0.1648507420782898
08212.png,left-cheek,original_roi,0.2516965104544146
08212.png,right-cheek,original_roi,0.20203780337424485
08212.png,bottom-face,original_roi,0.26483771989949534
08212.png,forehead,original_roi,0.2806241471699932
08212.png,under-eyes,original_roi,0.24934125755814782
08212.png,left-cheek,a_degradation_11,0.24425365906109456
08212.png,right-cheek,a_degradation_11,0.19174628376096908
08212.png,bottom-face,a_degradation_11,0.24515197569783656
08212.png,forehead,a_degradation_11,0.27398072236555815
08212.png,under-eyes,a_degradation_11,0.2449029051235647
08212.png,left-cheek,a_degradation_17,0.23411294979283648
08212.png,right-cheek,a_degradation_17,0.17563254759823632
08212.png,bottom-face,a_degradation_17,0.22134870991988445
08212.png,forehead,a_degradation_17,0.25677917921084736
08212.png,under-eyes,a_degradation_17,0.23155818488710667
08214.png,left-cheek,original_roi,0.1372007583021075
08214.png,right-cheek,original_roi,0.09606077937416647
08214.png,bottom-face,original_roi,0.1258261754158429
08214.png,forehead,original_roi,0.13399409121858455
08214.png,under-eyes,original_roi,0.1615977535271403
08214.png,left-cheek,a_degradation_11,0.1294415777524214
08214.png,right-cheek,a_degradation_11,0.09392670794648572
08214.png,bottom-face,a_degradation_11,0.12539362080749916
08214.png,forehead,a_degradation_11,0.13016301754944803
08214.png,under-eyes,a_degradation_11,0.1588798505070938
08214.png,left-cheek,a_degradation_17,0.11744465516556706
08214.png,right-cheek,a_degradation_17,0.09328996315411402
08214.png,bottom-face,a_degradation_17,0.12009527979271556
08214.png,forehead,a_degradation_17,0.13036552842446175
08214.png,under-eyes,a_degradation_17,0.15427380496738374
08219.png,left-cheek,original_roi,0.23352725362006008
08219.png,right-cheek,original_roi,0.3162262267738342
08219.png,bottom-face,original_roi,0.21260535291542526
08219.png,forehead,original_roi,0.2851119136777958
08219.png,under-eyes,original_roi,0.2687422736790139
08219.png,left-cheek,a_degradation_11,0.23045957944180645
08219.png,right-cheek,a_degradation_11,0.3009234804255823
08219.png,bottom-face,a_degradation_11,0.20831912749359327
08219.png,forehead,a_degradation_11,0.28388295470170993
08219.png,under-eyes,a_degradation_11,0.25778956686550875
08219.png,left-cheek,a_degradation_17,0.22752635066227042
08219.png,right-cheek,a_degradation_17,0.2628650692788054
08219.png,bottom-face,a_degradation_17,0.19728718548868177
08219.png,forehead,a_degradation_17,0.2850188088756429
08219.png,under-eyes,a_degradation_17,0.24824169770644228
08222.png,left-cheek,original_roi,0.14352084418850616
08222.png,right-cheek,original_roi,0.21145586290086701
08222.png,bottom-face,original_roi,0.19488589248584942
08222.png,forehead,original_roi,0.22975710906617025
08222.png,under-eyes,original_roi,0.14600204451400825
08222.png,left-cheek,a_degradation_11,0.131699814662745
08222.png,right-cheek,a_degradation_11,0.19798340151755975
08222.png,bottom-face,a_degradation_11,0.18608205596380886
08222.png,forehead,a_degradation_11,0.21327511734474194
08222.png,under-eyes,a_degradation_11,0.13921616431988537
08222.png,left-cheek,a_degradation_17,0.11920316984466833
08222.png,right-cheek,a_degradation_17,0.19772143924477054
08222.png,bottom-face,a_degradation_17,0.169419404540014
08222.png,forehead,a_degradation_17,0.20044236152847664
08222.png,under-eyes,a_degradation_17,0.1325760906633863
08224.png,left-cheek,original_roi,0.28606104065371735
08224.png,right-cheek,original_roi,0.2765397967687282
08224.png,bottom-face,original_roi,0.27815195626558553
08224.png,forehead,original_roi,0.17597196285941633
08224.png,under-eyes,original_roi,0.25250118338558364
08224.png,left-cheek,a_degradation_11,0.28237566820003973
08224.png,right-cheek,a_degradation_11,0.2661503782786268
08224.png,bottom-face,a_degradation_11,0.2647749754322066
08224.png,forehead,a_degradation_11,0.17503100159013363
08224.png,under-eyes,a_degradation_11,0.2433115619301297
08224.png,left-cheek,a_degradation_17,0.257017064952021
08224.png,right-cheek,a_degradation_17,0.22544980399275238
08224.png,bottom-face,a_degradation_17,0.25355322607029934
08224.png,forehead,a_degradation_17,0.1699732262536935
08224.png,under-eyes,a_degradation_17,0.23697576721834335
08225.png,left-cheek,original_roi,0.20704579633372708
08225.png,right-cheek,original_roi,0.23355453987359182
08225.png,bottom-face,original_roi,0.19186825832830753
08225.png,forehead,original_roi,0.13566372970912524
08225.png,under-eyes,original_roi,0.21448393993904152
08225.png,left-cheek,a_degradation_11,0.2026800635211461
08225.png,right-cheek,a_degradation_11,0.21232740138262707
08225.png,bottom-face,a_degradation_11,0.18024176085413793
08225.png,forehead,a_degradation_11,0.13274543541980444
08225.png,under-eyes,a_degradation_11,0.2022031000569772
08225.png,left-cheek,a_degradation_17,0.1920632135788613
08225.png,right-cheek,a_degradation_17,0.18503135076934926
08225.png,bottom-face,a_degradation_17,0.16298032525911652
08225.png,forehead,a_degradation_17,0.1319099360209902
08225.png,under-eyes,a_degradation_17,0.2067017484352625
08229.png,left-cheek,original_roi,0.21290215632959023
08229.png,right-cheek,original_roi,0.20120304753416623
08229.png,bottom-face,original_roi,0.2558984691898259
08229.png,forehead,original_roi,0.18057732577802735
08229.png,under-eyes,original_roi,0.20737755004664002
08229.png,left-cheek,a_degradation_11,0.21469547207998563
08229.png,right-cheek,a_degradation_11,0.20853564108512251
08229.png,bottom-face,a_degradation_11,0.23725721172737468
08229.png,forehead,a_degradation_11,0.18136088550622936
08229.png,under-eyes,a_degradation_11,0.20614638046192835
08229.png,left-cheek,a_degradation_17,0.20312396938038507
08229.png,right-cheek,a_degradation_17,0.20718896361366532
08229.png,bottom-face,a_degradation_17,0.21293627154173211
08229.png,forehead,a_degradation_17,0.17074787334363667
08229.png,under-eyes,a_degradation_17,0.1950411829788206
08230.png,left-cheek,original_roi,0.1711224047066919
08230.png,right-cheek,original_roi,0.11253720136031783
08230.png,bottom-face,original_roi,0.13033281054108567
08230.png,forehead,original_roi,0.2159972928035534
08230.png,under-eyes,original_roi,0.12621283655693682
08230.png,left-cheek,a_degradation_11,0.1575794538589048
08230.png,right-cheek,a_degradation_11,0.1059416331946901
08230.png,bottom-face,a_degradation_11,0.1277219922386407
08230.png,forehead,a_degradation_11,0.19592339132243825
08230.png,under-eyes,a_degradation_11,0.11961724650840846
08230.png,left-cheek,a_degradation_17,0.13827425435762689
08230.png,right-cheek,a_degradation_17,0.10265317415497603
08230.png,bottom-face,a_degradation_17,0.12463239599468713
08230.png,forehead,a_degradation_17,0.18610955120201306
08230.png,under-eyes,a_degradation_17,0.11411979788296508
08235.png,left-cheek,original_roi,0.26781589114592846
08235.png,right-cheek,original_roi,0.26782296330913186
08235.png,bottom-face,original_roi,0.276628445199115
08235.png,forehead,original_roi,0.22695943487755244
08235.png,under-eyes,original_roi,0.26428726899200383
08235.png,left-cheek,a_degradation_11,0.26286329748434056
08235.png,right-cheek,a_degradation_11,0.2633678283239739
08235.png,bottom-face,a_degradation_11,0.2586990526592574
08235.png,forehead,a_degradation_11,0.21134036993186034
08235.png,under-eyes,a_degradation_11,0.2560886619461684
08235.png,left-cheek,a_degradation_17,0.23571189163532785
08235.png,right-cheek,a_degradation_17,0.22465848914581113
08235.png,bottom-face,a_degradation_17,0.22594094079772295
08235.png,forehead,a_degradation_17,0.20854850044010786
08235.png,under-eyes,a_degradation_17,0.2445306862121335
08236.png,left-cheek,original_roi,0.14403476765137904
08236.png,right-cheek,original_roi,0.27122270937050563
08236.png,bottom-face,original_roi,0.16124528434496388
08236.png,forehead,original_roi,0.1630651583188249
08236.png,under-eyes,original_roi,0.18477062108076459
08236.png,left-cheek,a_degradation_11,0.1335567583807542
08236.png,right-cheek,a_degradation_11,0.2585751514164812
08236.png,bottom-face,a_degradation_11,0.15082636374431824
08236.png,forehead,a_degradation_11,0.14891641795924251
08236.png,under-eyes,a_degradation_11,0.17137692205829716
08236.png,left-cheek,a_degradation_17,0.12090262377410517
08236.png,right-cheek,a_degradation_17,0.24645114697081003
08236.png,bottom-face,a_degradation_17,0.1378826438192465
08236.png,forehead,a_degradation_17,0.1425745216646016
08236.png,under-eyes,a_degradation_17,0.16700528708618662
08239.png,left-cheek,original_roi,0.15248041183159328
08239.png,right-cheek,original_roi,0.14278326451150009
08239.png,bottom-face,original_roi,0.11953054790422023
08239.png,forehead,original_roi,0.2126788634799816
08239.png,under-eyes,original_roi,0.23301409530879066
08239.png,left-cheek,a_degradation_11,0.1436675446512843
08239.png,right-cheek,a_degradation_11,0.1368245513854987
08239.png,bottom-face,a_degradation_11,0.11925855941290962
08239.png,forehead,a_degradation_11,0.20238818213185766
08239.png,under-eyes,a_degradation_11,0.22891844434120331
08239.png,left-cheek,a_degradation_17,0.1330956199108776
08239.png,right-cheek,a_degradation_17,0.13261509934990304
08239.png,bottom-face,a_degradation_17,0.1213630964061824
08239.png,forehead,a_degradation_17,0.2040544797843177
08239.png,under-eyes,a_degradation_17,0.23235758263884165
08247.png,left-cheek,original_roi,0.22940578063401487
08247.png,right-cheek,original_roi,0.2057186805636354
08247.png,bottom-face,original_roi,0.2365774951945154
08247.png,forehead,original_roi,0.247918108736378
08247.png,under-eyes,original_roi,0.27124605291712295
08247.png,left-cheek,a_degradation_11,0.2134248721606945
08247.png,right-cheek,a_degradation_11,0.20079351733842923
08247.png,bottom-face,a_degradation_11,0.21732447248819647
08247.png,forehead,a_degradation_11,0.22998240016439975
08247.png,under-eyes,a_degradation_11,0.2615107427470063
08247.png,left-cheek,a_degradation_17,0.18757549042046626
08247.png,right-cheek,a_degradation_17,0.1865567286388346
08247.png,bottom-face,a_degradation_17,0.19103805506492808
08247.png,forehead,a_degradation_17,0.22749134836875806
08247.png,under-eyes,a_degradation_17,0.23665721191641473
08250.png,left-cheek,original_roi,0.20799842932399454
08250.png,right-cheek,original_roi,0.22534224166173655
08250.png,bottom-face,original_roi,0.26951302513319175
08250.png,forehead,original_roi,0.14947899795887215
08250.png,under-eyes,original_roi,0.11907999851288549
08250.png,left-cheek,a_degradation_11,0.21056216789617266
08250.png,right-cheek,a_degradation_11,0.21651818402046838
08250.png,bottom-face,a_degradation_11,0.2592148415091838
08250.png,forehead,a_degradation_11,0.14871127758696517
08250.png,under-eyes,a_degradation_11,0.11582835887877858
08250.png,left-cheek,a_degradation_17,0.21364093006895657
08250.png,right-cheek,a_degradation_17,0.20773474213968451
08250.png,bottom-face,a_degradation_17,0.24183019974130313
08250.png,forehead,a_degradation_17,0.14570467066727036
08250.png,under-eyes,a_degradation_17,0.11706014957974797
08251.png,left-cheek,original_roi,0.23612504682575106
08251.png,right-cheek,original_roi,0.1775025103633491
08251.png,bottom-face,original_roi,0.20632903059850996
08251.png,forehead,original_roi,0.12344000244766669
08251.png,under-eyes,original_roi,0.18172708026252876
08251.png,left-cheek,a_degradation_11,0.2398282723024292
08251.png,right-cheek,a_degradation_11,0.1756153134045781
08251.png,bottom-face,a_degradation_11,0.20735495782831168
08251.png,forehead,a_degradation_11,0.12163446827138209
08251.png,under-eyes,a_degradation_11,0.18372996029341906
08251.png,left-cheek,a_degradation_17,0.221116752565318
08251.png,right-cheek,a_degradation_17,0.16729793059402095
08251.png,bottom-face,a_degradation_17,0.2061776441857023
08251.png,forehead,a_degradation_17,0.12001212097516989
08251.png,under-eyes,a_degradation_17,0.18411693021862402
08254.png,left-cheek,original_roi,0.1386555453717269
08254.png,right-cheek,original_roi,0.2764485731088837
08254.png,bottom-face,original_roi,0.1134765391841586
08254.png,forehead,original_roi,0.11032578529148596
08254.png,under-eyes,original_roi,0.10255110840727893
08254.png,left-cheek,a_degradation_11,0.13551005859225387
08254.png,right-cheek,a_degradation_11,0.2742562971006485
08254.png,bottom-face,a_degradation_11,0.11185485792761155
08254.png,forehead,a_degradation_11,0.10818209891575373
08254.png,under-eyes,a_degradation_11,0.1027078323745813
08254.png,left-cheek,a_degradation_17,0.1296615529721548
08254.png,right-cheek,a_degradation_17,0.25086361119848516
08254.png,bottom-face,a_degradation_17,0.10857442334864513
08254.png,forehead,a_degradation_17,0.10667367124987709
08254.png,under-eyes,a_degradation_17,0.10030189543211547
08255.png,left-cheek,original_roi,0.16061216416162719
08255.png,right-cheek,original_roi,0.20776441472672078
08255.png,bottom-face,original_roi,0.1627711410484385
08255.png,forehead,original_roi,0.13322339123927524
08255.png,under-eyes,original_roi,0.14156530194454808
08255.png,left-cheek,a_degradation_11,0.15365497798370578
08255.png,right-cheek,a_degradation_11,0.20272474597419238
08255.png,bottom-face,a_degradation_11,0.15854157943149136
08255.png,forehead,a_degradation_11,0.132856140892715
08255.png,under-eyes,a_degradation_11,0.1339938446526498
08255.png,left-cheek,a_degradation_17,0.14547327657972206
08255.png,right-cheek,a_degradation_17,0.19030492888615175
08255.png,bottom-face,a_degradation_17,0.15340736046738263
08255.png,forehead,a_degradation_17,0.12829721784217
08255.png,under-eyes,a_degradation_17,0.13185204079371188
08257.png,left-cheek,original_roi,0.23022514678328002
08257.png,right-cheek,original_roi,0.28096104743689804
08257.png,bottom-face,original_roi,0.21533614634506348
08257.png,forehead,original_roi,0.19239857059599252
08257.png,under-eyes,original_roi,0.22812162379550527
08257.png,left-cheek,a_degradation_11,0.21929026376207564
08257.png,right-cheek,a_degradation_11,0.2558413000051219
08257.png,bottom-face,a_degradation_11,0.20515538462230012
08257.png,forehead,a_degradation_11,0.17847681985630873
08257.png,under-eyes,a_degradation_11,0.21126266734893082
08257.png,left-cheek,a_degradation_17,0.19882148031701574
08257.png,right-cheek,a_degradation_17,0.2233198039329278
08257.png,bottom-face,a_degradation_17,0.1809657347189742
08257.png,forehead,a_degradation_17,0.16782243825992316
08257.png,under-eyes,a_degradation_17,0.19365177464255265
08260.png,left-cheek,original_roi,
08260.png,right-cheek,original_roi,0.37188154232498094
08260.png,bottom-face,original_roi,0.2255065643971922
08260.png,forehead,original_roi,0.10299112733131352
08260.png,under-eyes,original_roi,0.28547088201141624
08260.png,left-cheek,a_degradation_11,
08260.png,right-cheek,a_degradation_11,0.32273853081389886
08260.png,bottom-face,a_degradation_11,0.22307974821344767
08260.png,forehead,a_degradation_11,0.10111083244300458
08260.png,under-eyes,a_degradation_11,0.2673938163292925
08260.png,left-cheek,a_degradation_17,
08260.png,right-cheek,a_degradation_17,0.27153101778065697
08260.png,bottom-face,a_degradation_17,0.2188781558840724
08260.png,forehead,a_degradation_17,0.09967009024850372
08260.png,under-eyes,a_degradation_17,0.24422328460643933
08267.png,left-cheek,original_roi,0.20313805595017181
08267.png,right-cheek,original_roi,0.20477346943731423
08267.png,bottom-face,original_roi,0.21779962364418787
08267.png,forehead,original_roi,0.13974049039933137
08267.png,under-eyes,original_roi,0.17096826676610205
08267.png,left-cheek,a_degradation_11,0.20312182690550035
08267.png,right-cheek,a_degradation_11,0.2088716707134653
08267.png,bottom-face,a_degradation_11,0.2207164935837672
08267.png,forehead,a_degradation_11,0.13552259374158143
08267.png,under-eyes,a_degradation_11,0.16562157837944183
08267.png,left-cheek,a_degradation_17,0.18547338526453455
08267.png,right-cheek,a_degradation_17,0.19775167642747665
08267.png,bottom-face,a_degradation_17,0.20984039235188007
08267.png,forehead,a_degradation_17,0.13171639364293697
08267.png,under-eyes,a_degradation_17,0.16094346277923793
08268.png,left-cheek,original_roi,0.24527417413767905
08268.png,right-cheek,original_roi,0.25402602521794126
08268.png,bottom-face,original_roi,0.24554989968851526
08268.png,forehead,original_roi,0.3161024227848802
08268.png,under-eyes,original_roi,0.2842258490609778
08268.png,left-cheek,a_degradation_11,0.26365373981233897
08268.png,right-cheek,a_degradation_11,0.25972015596309594
08268.png,bottom-face,a_degradation_11,0.23381588127092512
08268.png,forehead,a_degradation_11,0.29897681283522637
08268.png,under-eyes,a_degradation_11,0.26724773182281814
08268.png,left-cheek,a_degradation_17,0.24932537674872446
08268.png,right-cheek,a_degradation_17,0.2360031933182784
08268.png,bottom-face,a_degradation_17,0.20462446857476488
08268.png,forehead,a_degradation_17,0.2821743005669977
08268.png,under-eyes,a_degradation_17,0.25679562051077803
08278.png,left-cheek,original_roi,0.2955872338192122
08278.png,right-cheek,original_roi,0.28968337864136917
08278.png,bottom-face,original_roi,0.22438387331534942
08278.png,forehead,original_roi,0.2443093811982541
08278.png,under-eyes,original_roi,0.2564080916944245
08278.png,left-cheek,a_degradation_11,0.27522386089580025
08278.png,right-cheek,a_degradation_11,0.2746158684647355
08278.png,bottom-face,a_degradation_11,0.20894230309369338
08278.png,forehead,a_degradation_11,0.24216653349603368
08278.png,under-eyes,a_degradation_11,0.2350673309383741
08278.png,left-cheek,a_degradation_17,0.22558333948232856
08278.png,right-cheek,a_degradation_17,0.22966474501382791
08278.png,bottom-face,a_degradation_17,0.18943675672802676
08278.png,forehead,a_degradation_17,0.22226543972494964
08278.png,under-eyes,a_degradation_17,0.23808653964900303
08279.png,left-cheek,original_roi,0.2836895905319746
08279.png,right-cheek,original_roi,0.3753009149473334
08279.png,bottom-face,original_roi,0.33812227921833554
08279.png,forehead,original_roi,0.3443703877127748
08279.png,under-eyes,original_roi,0.23817052661254412
08279.png,left-cheek,a_degradation_11,0.2679532533274648
08279.png,right-cheek,a_degradation_11,0.3472438385875111
08279.png,bottom-face,a_degradation_11,0.31151754610711335
08279.png,forehead,a_degradation_11,0.31726199115941
08279.png,under-eyes,a_degradation_11,0.23269814736961064
08279.png,left-cheek,a_degradation_17,0.2615813899290987
08279.png,right-cheek,a_degradation_17,0.2729269843773933
08279.png,bottom-face,a_degradation_17,0.25965908929281134
08279.png,forehead,a_degradation_17,0.2942691290853034
08279.png,under-eyes,a_degradation_17,0.2175938704109509
08281.png,left-cheek,original_roi,0.2570095279039175
08281.png,right-cheek,original_roi,0.24574388769641012
08281.png,bottom-face,original_roi,0.2671963327929158
08281.png,forehead,original_roi,0.23891354665261025
08281.png,under-eyes,original_roi,0.2657281159154568
08281.png,left-cheek,a_degradation_11,0.2556985834337592
08281.png,right-cheek,a_degradation_11,0.24032821045140224
08281.png,bottom-face,a_degradation_11,0.2585217850238238
08281.png,forehead,a_degradation_11,0.23037241766960084
08281.png,under-eyes,a_degradation_11,0.24082040589473336
08281.png,left-cheek,a_degradation_17,0.25147964041677423
08281.png,right-cheek,a_degradation_17,0.23568902168321476
08281.png,bottom-face,a_degradation_17,0.23416170219869242
08281.png,forehead,a_degradation_17,0.21294568992721977
08281.png,under-eyes,a_degradation_17,0.24711112811554448
08283.png,left-cheek,original_roi,0.2313585882902168
08283.png,right-cheek,original_roi,0.29837757393362113
08283.png,bottom-face,original_roi,0.25188893323517025
08283.png,forehead,original_roi,0.22402003399377798
08283.png,under-eyes,original_roi,0.18571884257442617
08283.png,left-cheek,a_degradation_11,0.23095707766224016
08283.png,right-cheek,a_degradation_11,0.28207937352788515
08283.png,bottom-face,a_degradation_11,0.23725136576373462
08283.png,forehead,a_degradation_11,0.21399707714649263
08283.png,under-eyes,a_degradation_11,0.1813973534755549
08283.png,left-cheek,a_degradation_17,0.2336673161430424
08283.png,right-cheek,a_degradation_17,0.2613628420048514
08283.png,bottom-face,a_degradation_17,0.2311834735815948
08283.png,forehead,a_degradation_17,0.2101408623815444
08283.png,under-eyes,a_degradation_17,0.1781566843792858
09005.png,left-cheek,original_roi,0.19238994882162988
09005.png,right-cheek,original_roi,0.28825045750000594
09005.png,bottom-face,original_roi,0.18443426747517305
09005.png,forehead,original_roi,0.19652010975859985
09005.png,under-eyes,original_roi,0.1823952647950509
09005.png,left-cheek,a_degradation_11,0.18929161994413832
09005.png,right-cheek,a_degradation_11,0.28668952090035393
09005.png,bottom-face,a_degradation_11,0.18083745489825134
09005.png,forehead,a_degradation_11,0.1943834845149369
09005.png,under-eyes,a_degradation_11,0.17789752609662243
09005.png,left-cheek,a_degradation_17,0.17657809177922054
09005.png,right-cheek,a_degradation_17,0.27096940142827153
09005.png,bottom-face,a_degradation_17,0.16936834965469855
09005.png,forehead,a_degradation_17,0.1835005226848351
09005.png,under-eyes,a_degradation_17,0.17146555690188006
09009.png,left-cheek,original_roi,0.18849589479495216
09009.png,right-cheek,original_roi,0.23615263243496307
09009.png,bottom-face,original_roi,0.24335130356902318
09009.png,forehead,original_roi,0.15014031983569695
09009.png,under-eyes,original_roi,0.12602313854487734
09009.png,left-cheek,a_degradation_11,0.1868588684619938
09009.png,right-cheek,a_degradation_11,0.22063383917979398
09009.png,bottom-face,a_degradation_11,0.22890359680430736
09009.png,forehead,a_degradation_11,0.14523010587757343
09009.png,under-eyes,a_degradation_11,0.12833842091178133
09009.png,left-cheek,a_degradation_17,0.16753774520781112
09009.png,right-cheek,a_degradation_17,0.1924308127917567
09009.png,bottom-face,a_degradation_17,0.21921501531370363
09009.png,forehead,a_degradation_17,0.14489909784082966
09009.png,under-eyes,a_degradation_17,0.13219739393587496
09010.png,left-cheek,original_roi,0.13742944669305476
09010.png,right-cheek,original_roi,0.055372500407870624
09010.png,bottom-face,original_roi,0.11580539919470167
09010.png,forehead,original_roi,0.17182853477798565
09010.png,under-eyes,original_roi,0.1928545221555922
09010.png,left-cheek,a_degradation_11,0.1407300457690124
09010.png,right-cheek,a_degradation_11,0.0567324551150984
09010.png,bottom-face,a_degradation_11,0.11372773930012064
09010.png,forehead,a_degradation_11,0.16777754767261086
09010.png,under-eyes,a_degradation_11,0.18164321319231785
09010.png,left-cheek,a_degradation_17,0.14186576639688056
09010.png,right-cheek,a_degradation_17,0.05850931568748106
09010.png,bottom-face,a_degradation_17,0.10745163174816891
09010.png,forehead,a_degradation_17,0.16758224239633707
09010.png,under-eyes,a_degradation_17,0.18255499387233765
09017.png,left-cheek,original_roi,0.23478869503615563
09017.png,right-cheek,original_roi,0.24131269099875813
09017.png,bottom-face,original_roi,0.2750807962579
09017.png,forehead,original_roi,0.24230539005783971
09017.png,under-eyes,original_roi,0.2426717446841339
09017.png,left-cheek,a_degradation_11,0.23484540959969608
09017.png,right-cheek,a_degradation_11,0.23498111627431087
09017.png,bottom-face,a_degradation_11,0.2694477267042425
09017.png,forehead,a_degradation_11,0.22607253103596184
09017.png,under-eyes,a_degradation_11,0.23746946174537387
09017.png,left-cheek,a_degradation_17,0.2238059020979909
09017.png,right-cheek,a_degradation_17,0.21592568755409833
09017.png,bottom-face,a_degradation_17,0.2315993241091903
09017.png,forehead,a_degradation_17,0.21826459470903253
09017.png,under-eyes,a_degradation_17,0.2284124952445422
09019.png,left-cheek,original_roi,0.3577077864187545
09019.png,right-cheek,original_roi,0.273130319723242
09019.png,bottom-face,original_roi,0.2569450115717035
09019.png,forehead,original_roi,0.3179355016643236
09019.png,under-eyes,original_roi,0.25198204978505834
09019.png,left-cheek,a_degradation_11,0.3327166991837839
09019.png,right-cheek,a_degradation_11,0.2478857085505961
09019.png,bottom-face,a_degradation_11,0.24459853436963905
09019.png,forehead,a_degradation_11,0.286148107159502
09019.png,under-eyes,a_degradation_11,0.24693458801551338
09019.png,left-cheek,a_degradation_17,0.3222655652547357
09019.png,right-cheek,a_degradation_17,0.19283004838313378
09019.png,bottom-face,a_degradation_17,0.20909837860197825
09019.png,forehead,a_degradation_17,0.273749415709897
09019.png,under-eyes,a_degradation_17,0.22169890191332503
09023.png,left-cheek,original_roi,0.23469767301449226
09023.png,right-cheek,original_roi,0.2771524247974328
09023.png,bottom-face,original_roi,0.25824203149958097
09023.png,forehead,original_roi,0.166543578017579
09023.png,under-eyes,original_roi,0.2704193963383213
09023.png,left-cheek,a_degradation_11,0.22972601459398798
09023.png,right-cheek,a_degradation_11,0.2706829840234592
09023.png,bottom-face,a_degradation_11,0.24571842079581852
09023.png,forehead,a_degradation_11,0.16245004505144492
09023.png,under-eyes,a_degradation_11,0.24253890849661564
09023.png,left-cheek,a_degradation_17,0.21426887863444866
09023.png,right-cheek,a_degradation_17,0.23473017531008147
09023.png,bottom-face,a_degradation_17,0.21636932708259418
09023.png,forehead,a_degradation_17,0.15626043616644886
09023.png,under-eyes,a_degradation_17,0.25233117115009984
09026.png,left-cheek,original_roi,0.33712146862423537
09026.png,right-cheek,original_roi,0.22968228931785373
09026.png,bottom-face,original_roi,0.24668382296724067
09026.png,forehead,original_roi,0.2317776632156061
09026.png,under-eyes,original_roi,0.1535706075005493
09026.png,left-cheek,a_degradation_11,0.32594282532493685
09026.png,right-cheek,a_degradation_11,0.22271667392412514
09026.png,bottom-face,a_degradation_11,0.2340215871163972
09026.png,forehead,a_degradation_11,0.21629643095655415
09026.png,under-eyes,a_degradation_11,0.15149702380131086
09026.png,left-cheek,a_degradation_17,0.28634718728740677
09026.png,right-cheek,a_degradation_17,0.20834865057655763
09026.png,bottom-face,a_degradation_17,0.21755649972128957
09026.png,forehead,a_degradation_17,0.21168887701103486
09026.png,under-eyes,a_degradation_17,0.14483405846002284
09027.png,left-cheek,original_roi,0.09239533642589581
09027.png,right-cheek,original_roi,0.21072159792281545
09027.png,bottom-face,original_roi,0.11435945368782725
09027.png,forehead,original_roi,0.13067353840440785
09027.png,under-eyes,original_roi,0.12350318707145032
09027.png,left-cheek,a_degradation_11,0.09413135936868891
09027.png,right-cheek,a_degradation_11,0.20509206341584507
09027.png,bottom-face,a_degradation_11,0.11375633243793645
09027.png,forehead,a_degradation_11,0.12902144483990277
09027.png,under-eyes,a_degradation_11,0.12106590765095136
09027.png,left-cheek,a_degradation_17,0.0969260569211066
09027.png,right-cheek,a_degradation_17,0.19721331221172295
09027.png,bottom-face,a_degradation_17,0.11078487731527507
09027.png,forehead,a_degradation_17,0.12952244247391564
09027.png,under-eyes,a_degradation_17,0.11985032151276102
09028.png,left-cheek,original_roi,0.2676957368676021
09028.png,right-cheek,original_roi,0.3528622650284001
09028.png,bottom-face,original_roi,0.38377114594508
09028.png,forehead,original_roi,0.24274213683020265
09028.png,under-eyes,original_roi,0.2212001577210521
09028.png,left-cheek,a_degradation_11,0.2550526639800594
09028.png,right-cheek,a_degradation_11,0.31354412404590004
09028.png,bottom-face,a_degradation_11,0.3272298174134179
09028.png,forehead,a_degradation_11,0.24331360078716516
09028.png,under-eyes,a_degradation_11,0.2086646704135396
09028.png,left-cheek,a_degradation_17,0.21971316058575643
09028.png,right-cheek,a_degradation_17,0.2565156561199638
09028.png,bottom-face,a_degradation_17,0.26780909637250205
09028.png,forehead,a_degradation_17,0.22356324030267585
09028.png,under-eyes,a_degradation_17,0.20693607081458767
09031.png,left-cheek,original_roi,0.2969465242390449
09031.png,right-cheek,original_roi,0.23523612082832404
09031.png,bottom-face,original_roi,0.2555305655217505
09031.png,forehead,original_roi,0.23225889135172773
09031.png,under-eyes,original_roi,0.22758165546236978
09031.png,left-cheek,a_degradation_11,0.3085466214471425
09031.png,right-cheek,a_degradation_11,0.2319235747440273
09031.png,bottom-face,a_degradation_11,0.2429529315564049
09031.png,forehead,a_degradation_11,0.2248507017665302
09031.png,under-eyes,a_degradation_11,0.21547268509117076
09031.png,left-cheek,a_degradation_17,0.29210324428525825
09031.png,right-cheek,a_degradation_17,0.20920162413386098
09031.png,bottom-face,a_degradation_17,0.22048794498699859
09031.png,forehead,a_degradation_17,0.2211634063607775
09031.png,under-eyes,a_degradation_17,0.21374952020048762
09033.png,left-cheek,original_roi,0.28895837357189497
09033.png,right-cheek,original_roi,0.28714224294866836
09033.png,bottom-face,original_roi,0.20441011465489486
09033.png,forehead,original_roi,0.2460129695628702
09033.png,under-eyes,original_roi,0.2619131840956435
09033.png,left-cheek,a_degradation_11,0.28933308077963515
09033.png,right-cheek,a_degradation_11,0.259206392888871
09033.png,bottom-face,a_degradation_11,0.19851794612259413
09033.png,forehead,a_degradation_11,0.23418192902416088
09033.png,under-eyes,a_degradation_11,0.251437599985886
09033.png,left-cheek,a_degradation_17,0.2920194881100915
09033.png,right-cheek,a_degradation_17,0.22963356804309248
09033.png,bottom-face,a_degradation_17,0.18447397550925254
09033.png,forehead,a_degradation_17,0.22255966403928304
09033.png,under-eyes,a_degradation_17,0.2368025833797457
09035.png,left-cheek,original_roi,0.23555213918013063
09035.png,right-cheek,original_roi,0.28919340510868285
09035.png,bottom-face,original_roi,0.22698773954302245
09035.png,forehead,original_roi,0.24796130896842913
09035.png,under-eyes,original_roi,0.22698639627983597
09035.png,left-cheek,a_degradation_11,0.22534020412473127
09035.png,right-cheek,a_degradation_11,0.2574655998267678
09035.png,bottom-face,a_degradation_11,0.22342374598981046
09035.png,forehead,a_degradation_11,0.23983351156959007
09035.png,under-eyes,a_degradation_11,0.2221668828655294
09035.png,left-cheek,a_degradation_17,0.20586418717217067
09035.png,right-cheek,a_degradation_17,0.22111355803567576
09035.png,bottom-face,a_degradation_17,0.20474636305115204
09035.png,forehead,a_degradation_17,0.22046304227585972
09035.png,under-eyes,a_degradation_17,0.215246664755007
09040.png,left-cheek,original_roi,0.33618343092449504
09040.png,right-cheek,original_roi,0.33308182012344534
09040.png,bottom-face,original_roi,0.3506068099864014
09040.png,forehead,original_roi,0.29659737379444806
09040.png,under-eyes,original_roi,0.2540018238964395
09040.png,left-cheek,a_degradation_11,0.3213441367367453
09040.png,right-cheek,a_degradation_11,0.32896439586554743
09040.png,bottom-face,a_degradation_11,0.3199272107747321
09040.png,forehead,a_degradation_11,0.28340871949882696
09040.png,under-eyes,a_degradation_11,0.245823950716679
09040.png,left-cheek,a_degradation_17,0.35006596353855685
09040.png,right-cheek,a_degradation_17,0.31266938233839336
09040.png,bottom-face,a_degradation_17,0.2851836124172986
09040.png,forehead,a_degradation_17,0.27297851735377116
09040.png,under-eyes,a_degradation_17,0.23150049377673088
09043.png,left-cheek,original_roi,0.21148835005007233
09043.png,right-cheek,original_roi,0.250656369998306
09043.png,bottom-face,original_roi,0.28646571537869914
09043.png,forehead,original_roi,0.19018265148370642
09043.png,under-eyes,original_roi,0.20885908504396167
09043.png,left-cheek,a_degradation_11,0.20040522880026657
09043.png,right-cheek,a_degradation_11,0.24834112205359454
09043.png,bottom-face,a_degradation_11,0.26638239953725223
09043.png,forehead,a_degradation_11,0.18462045672204255
09043.png,under-eyes,a_degradation_11,0.19469672130439833
09043.png,left-cheek,a_degradation_17,0.1819983421473839
09043.png,right-cheek,a_degradation_17,0.22187612502125564
09043.png,bottom-face,a_degradation_17,0.23878481638694546
09043.png,forehead,a_degradation_17,0.18436446397356843
09043.png,under-eyes,a_degradation_17,0.19843857289045444
09046.png,left-cheek,original_roi,0.15769459541701059
09046.png,right-cheek,original_roi,0.17152601507312404
09046.png,bottom-face,original_roi,0.17407630049612258
09046.png,forehead,original_roi,0.13126892718326796
09046.png,under-eyes,original_roi,0.15580310150065924
09046.png,left-cheek,a_degradation_11,0.16030987694226861
09046.png,right-cheek,a_degradation_11,0.16952070641538605
09046.png,bottom-face,a_degradation_11,0.16742522813925895
09046.png,forehead,a_degradation_11,0.12640327794370865
09046.png,under-eyes,a_degradation_11,0.1500766337226651
09046.png,left-cheek,a_degradation_17,0.15350249218888512
09046.png,right-cheek,a_degradation_17,0.1524619149823475
09046.png,bottom-face,a_degradation_17,0.15472556768750376
09046.png,forehead,a_degradation_17,0.1212114241318731
09046.png,under-eyes,a_degradation_17,0.14768707309834836
09048.png,left-cheek,original_roi,0.17200393779271075
09048.png,right-cheek,original_roi,0.21035669958391714
09048.png,bottom-face,original_roi,0.2552751907813992
09048.png,forehead,original_roi,0.20349088738008358
09048.png,under-eyes,original_roi,0.2661664681990755
09048.png,left-cheek,a_degradation_11,0.16766446408478441
09048.png,right-cheek,a_degradation_11,0.19680034373845437
09048.png,bottom-face,a_degradation_11,0.2395996277643417
09048.png,forehead,a_degradation_11,0.1972023676279018
09048.png,under-eyes,a_degradation_11,0.2461650793021223
09048.png,left-cheek,a_degradation_17,0.14964911307162293
09048.png,right-cheek,a_degradation_17,0.20363824579638637
09048.png,bottom-face,a_degradation_17,0.21309905530494153
09048.png,forehead,a_degradation_17,0.18469511677418315
09048.png,under-eyes,a_degradation_17,0.24738552535182542
09049.png,left-cheek,original_roi,0.2998685142557018
09049.png,right-cheek,original_roi,0.2639521422869534
09049.png,bottom-face,original_roi,0.2608271789384769
09049.png,forehead,original_roi,0.2498029705739522
09049.png,under-eyes,original_roi,0.27996201443126945
09049.png,left-cheek,a_degradation_11,0.29932120953827734
09049.png,right-cheek,a_degradation_11,0.27210747011916653
09049.png,bottom-face,a_degradation_11,0.26503219078374257
09049.png,forehead,a_degradation_11,0.23417148570966007
09049.png,under-eyes,a_degradation_11,0.2601806782282191
09049.png,left-cheek,a_degradation_17,0.25505278262834313
09049.png,right-cheek,a_degradation_17,0.24064900869505298
09049.png,bottom-face,a_degradation_17,0.23511387212676385
09049.png,forehead,a_degradation_17,0.21664072632790143
09049.png,under-eyes,a_degradation_17,0.2657959743922176
09051.png,left-cheek,original_roi,0.2886947132823305
09051.png,right-cheek,original_roi,0.20391870180469607
09051.png,bottom-face,original_roi,0.22929287703283416
09051.png,forehead,original_roi,0.23485867080931666
09051.png,under-eyes,original_roi,0.18736607440421535
09051.png,left-cheek,a_degradation_11,0.28758137417923374
09051.png,right-cheek,a_degradation_11,0.20607012144437686
09051.png,bottom-face,a_degradation_11,0.21129935351315884
09051.png,forehead,a_degradation_11,0.220703950372257
09051.png,under-eyes,a_degradation_11,0.18038517020365136
09051.png,left-cheek,a_degradation_17,0.2894043215980325
09051.png,right-cheek,a_degradation_17,0.20287921429191982
09051.png,bottom-face,a_degradation_17,0.20897166106733125
09051.png,forehead,a_degradation_17,0.2109718708263267
09051.png,under-eyes,a_degradation_17,0.18087569229314954
09052.png,left-cheek,original_roi,0.2823868625297959
09052.png,right-cheek,original_roi,0.2547331890269746
09052.png,bottom-face,original_roi,0.2777757780931341
09052.png,forehead,original_roi,0.25432374743074093
09052.png,under-eyes,original_roi,0.24056631975166268
09052.png,left-cheek,a_degradation_11,0.2772405181551137
09052.png,right-cheek,a_degradation_11,0.23100466754776572
09052.png,bottom-face,a_degradation_11,0.26535368080768845
09052.png,forehead,a_degradation_11,0.2416417877394013
09052.png,under-eyes,a_degradation_11,0.23713827168728854
09052.png,left-cheek,a_degradation_17,0.2535327008106598
09052.png,right-cheek,a_degradation_17,0.2068740379916955
09052.png,bottom-face,a_degradation_17,0.23917073052569449
09052.png,forehead,a_degradation_17,0.22589900026713552
09052.png,under-eyes,a_degradation_17,0.22123920039039927
09054.png,left-cheek,original_roi,0.3722607829632263
09054.png,right-cheek,original_roi,0.1855365187435277
09054.png,bottom-face,original_roi,0.28877681441169467
09054.png,forehead,original_roi,0.2605653525972884
09054.png,under-eyes,original_roi,0.24804708789474797
09054.png,left-cheek,a_degradation_11,0.3526986438589044
09054.png,right-cheek,a_degradation_11,0.17888131426969767
09054.png,bottom-face,a_degradation_11,0.2718923765911512
09054.png,forehead,a_degradation_11,0.2405381093253525
09054.png,under-eyes,a_degradation_11,0.23731162682659776
09054.png,left-cheek,a_degradation_17,0.3232195500086586
09054.png,right-cheek,a_degradation_17,0.16548654131079366
09054.png,bottom-face,a_degradation_17,0.25099892530995604
09054.png,forehead,a_degradation_17,0.2269901054937985
09054.png,under-eyes,a_degradation_17,0.21953881096808847
09055.png,left-cheek,original_roi,0.2513658713277413
09055.png,right-cheek,original_roi,0.22974202796046495
09055.png,bottom-face,original_roi,0.2561916699605026
09055.png,forehead,original_roi,0.281558737570446
09055.png,under-eyes,original_roi,0.250752274039912
09055.png,left-cheek,a_degradation_11,0.2453314574538509
09055.png,right-cheek,a_degradation_11,0.22315606022152876
09055.png,bottom-face,a_degradation_11,0.24581038824900056
09055.png,forehead,a_degradation_11,0.260352076391024
09055.png,under-eyes,a_degradation_11,0.24412760264000966
09055.png,left-cheek,a_degradation_17,0.2311877971829747
09055.png,right-cheek,a_degradation_17,0.21354617296441994
09055.png,bottom-face,a_degradation_17,0.22710032056807006
09055.png,forehead,a_degradation_17,0.24569086081626593
09055.png,under-eyes,a_degradation_17,0.23503382842314335
09060.png,left-cheek,original_roi,0.2746546866269662
09060.png,right-cheek,original_roi,0.24178605469836598
09060.png,bottom-face,original_roi,0.3301554176238105
09060.png,forehead,original_roi,0.24943263985598896
09060.png,under-eyes,original_roi,0.2515991290490221
09060.png,left-cheek,a_degradation_11,0.27036090406761726
09060.png,right-cheek,a_degradation_11,0.23954765532283026
09060.png,bottom-face,a_degradation_11,0.3067880423054331
09060.png,forehead,a_degradation_11,0.24389022511610925
09060.png,under-eyes,a_degradation_11,0.2317109684452975
09060.png,left-cheek,a_degradation_17,0.24455156991107474
09060.png,right-cheek,a_degradation_17,0.20743288647727195
09060.png,bottom-face,a_degradation_17,0.27907195539111274
09060.png,forehead,a_degradation_17,0.2334464563069889
09060.png,under-eyes,a_degradation_17,0.22759729345656884
09071.png,left-cheek,original_roi,0.1729726904907827
09071.png,right-cheek,original_roi,0.1737613930653395
09071.png,bottom-face,original_roi,0.17540211187487556
09071.png,forehead,original_roi,0.1721387739832078
09071.png,under-eyes,original_roi,0.17259770816979522
09071.png,left-cheek,a_degradation_11,0.17210907955550475
09071.png,right-cheek,a_degradation_11,0.16558561127589602
09071.png,bottom-face,a_degradation_11,0.17165209820170219
09071.png,forehead,a_degradation_11,0.16817487357035002
09071.png,under-eyes,a_degradation_11,0.17202173399825976
09071.png,left-cheek,a_degradation_17,0.17159703526525386
09071.png,right-cheek,a_degradation_17,0.15825807480701473
09071.png,bottom-face,a_degradation_17,0.16798109488581897
09071.png,forehead,a_degradation_17,0.16786994693000587
09071.png,under-eyes,a_degradation_17,0.16489160911931539
09072.png,left-cheek,original_roi,0.2728035506613639
09072.png,right-cheek,original_roi,0.1734237188573769
09072.png,bottom-face,original_roi,0.14913935265155528
09072.png,forehead,original_roi,0.15073779545054122
09072.png,under-eyes,original_roi,0.166574460974784
09072.png,left-cheek,a_degradation_11,0.2717608592763964
09072.png,right-cheek,a_degradation_11,0.16727160273969033
09072.png,bottom-face,a_degradation_11,0.14914135245337182
09072.png,forehead,a_degradation_11,0.148141480838815
09072.png,under-eyes,a_degradation_11,0.1650806604796028
09072.png,left-cheek,a_degradation_17,0.2432074605120581
09072.png,right-cheek,a_degradation_17,0.16229296136449933
09072.png,bottom-face,a_degradation_17,0.14291386909647247
09072.png,forehead,a_degradation_17,0.14463798835430636
09072.png,under-eyes,a_degradation_17,0.16344091750125023
09073.png,left-cheek,original_roi,0.23018775730597366
09073.png,right-cheek,original_roi,
09073.png,bottom-face,original_roi,0.24687622021124767
09073.png,forehead,original_roi,0.16889167671943586
09073.png,under-eyes,original_roi,0.25342936635344293
09073.png,left-cheek,a_degradation_11,0.21906452907425594
09073.png,right-cheek,a_degradation_11,
09073.png,bottom-face,a_degradation_11,0.23273794922427207
09073.png,forehead,a_degradation_11,0.16766463599827575
09073.png,under-eyes,a_degradation_11,0.24815895553123318
09073.png,left-cheek,a_degradation_17,0.1989714868481339
09073.png,right-cheek,a_degradation_17,
09073.png,bottom-face,a_degradation_17,0.20602305971670168
09073.png,forehead,a_degradation_17,0.16999746902896143
09073.png,under-eyes,a_degradation_17,0.24309091328649723
09074.png,left-cheek,original_roi,0.28268378243008635
09074.png,right-cheek,original_roi,0.2517406228740574
09074.png,bottom-face,original_roi,0.2693946994043783
09074.png,forehead,original_roi,0.21097986977655586
09074.png,under-eyes,original_roi,0.22914960797482709
09074.png,left-cheek,a_degradation_11,0.2732912173918109
09074.png,right-cheek,a_degradation_11,0.23708261536700354
09074.png,bottom-face,a_degradation_11,0.2590696048078944
09074.png,forehead,a_degradation_11,0.19879409502143452
09074.png,under-eyes,a_degradation_11,0.22123229498839123
09074.png,left-cheek,a_degradation_17,0.22854992317609232
09074.png,right-cheek,a_degradation_17,0.205225581539327
09074.png,bottom-face,a_degradation_17,0.23017030053428156
09074.png,forehead,a_degradation_17,0.1872131600901845
09074.png,under-eyes,a_degradation_17,0.210704044087344
09075.png,left-cheek,original_roi,0.19272271488596676
09075.png,right-cheek,original_roi,0.20089921411950307
09075.png,bottom-face,original_roi,0.3586658257985013
09075.png,forehead,original_roi,0.17850170316754826
09075.png,under-eyes,original_roi,0.19370640397757846
09075.png,left-cheek,a_degradation_11,0.18421573794003504
09075.png,right-cheek,a_degradation_11,0.18784650359042745
09075.png,bottom-face,a_degradation_11,0.3252421273071364
09075.png,forehead,a_degradation_11,0.17411238881504706
09075.png,under-eyes,a_degradation_11,0.18735389443172232
09075.png,left-cheek,a_degradation_17,0.1680995143045645
09075.png,right-cheek,a_degradation_17,0.17428031901557522
09075.png,bottom-face,a_degradation_17,0.27939339457371626
09075.png,forehead,a_degradation_17,0.17759306877985465
09075.png,under-eyes,a_degradation_17,0.18799556312427626
09082.png,left-cheek,original_roi,0.2346002083013839
09082.png,right-cheek,original_roi,0.24651821346917036
09082.png,bottom-face,original_roi,0.22097894718249675
09082.png,forehead,original_roi,0.13884333203870372
09082.png,under-eyes,original_roi,0.21636392270827554
09082.png,left-cheek,a_degradation_11,0.2299502405434678
09082.png,right-cheek,a_degradation_11,0.2392507431159041
09082.png,bottom-face,a_degradation_11,0.21640843647850247
09082.png,forehead,a_degradation_11,0.1348688107444052
09082.png,under-eyes,a_degradation_11,0.2024004526994531
09082.png,left-cheek,a_degradation_17,0.20480898489416396
09082.png,right-cheek,a_degradation_17,0.2139882434992568
09082.png,bottom-face,a_degradation_17,0.19297137883563864
09082.png,forehead,a_degradation_17,0.13321917165584052
09082.png,under-eyes,a_degradation_17,0.20798823211113482
09084.png,left-cheek,original_roi,0.12143056001075878
09084.png,right-cheek,original_roi,0.3978773982467623
09084.png,bottom-face,original_roi,0.14585008381042802
09084.png,forehead,original_roi,0.13139155781836867
09084.png,under-eyes,original_roi,0.16649036929372893
09084.png,left-cheek,a_degradation_11,0.12028546587682563
09084.png,right-cheek,a_degradation_11,0.39928912552221163
09084.png,bottom-face,a_degradation_11,0.14348771141971126
09084.png,forehead,a_degradation_11,0.12731220675941604
09084.png,under-eyes,a_degradation_11,0.1623122813025687
09084.png,left-cheek,a_degradation_17,0.1219825300930161
09084.png,right-cheek,a_degradation_17,0.41732717744411196
09084.png,bottom-face,a_degradation_17,0.13843855565053492
09084.png,forehead,a_degradation_17,0.12943893529088918
09084.png,under-eyes,a_degradation_17,0.15817258245564345
09088.png,left-cheek,original_roi,0.15533371779407185
09088.png,right-cheek,original_roi,0.20308692509630374
09088.png,bottom-face,original_roi,0.22089756198037586
09088.png,forehead,original_roi,0.16607459004851421
09088.png,under-eyes,original_roi,0.22780154031071992
09088.png,left-cheek,a_degradation_11,0.15689722780148743
09088.png,right-cheek,a_degradation_11,0.20048364344476652
09088.png,bottom-face,a_degradation_11,0.2209186880898721
09088.png,forehead,a_degradation_11,0.16238728713524017
09088.png,under-eyes,a_degradation_11,0.22195590208812319
09088.png,left-cheek,a_degradation_17,0.16103378871365806
09088.png,right-cheek,a_degradation_17,0.20314515752617412
09088.png,bottom-face,a_degradation_17,0.20073619281208138
09088.png,forehead,a_degradation_17,0.1592734939201371
09088.png,under-eyes,a_degradation_17,0.21300836091426203
09093.png,left-cheek,original_roi,0.23625967965357353
09093.png,right-cheek,original_roi,0.26422272522604295
09093.png,bottom-face,original_roi,0.22750365319895374
09093.png,forehead,original_roi,0.07331982753202995
09093.png,under-eyes,original_roi,0.20220438095286394
09093.png,left-cheek,a_degradation_11,0.22588570783799797
09093.png,right-cheek,a_degradation_11,0.23713539986472726
09093.png,bottom-face,a_degradation_11,0.22216219110537333
09093.png,forehead,a_degradation_11,0.07241762201202165
09093.png,under-eyes,a_degradation_11,0.19365817209465552
09093.png,left-cheek,a_degradation_17,0.21801942754852094
09093.png,right-cheek,a_degradation_17,0.2047724751997874
09093.png,bottom-face,a_degradation_17,0.19847572839660443
09093.png,forehead,a_degradation_17,0.07103267907420305
09093.png,under-eyes,a_degradation_17,0.19527807514580706
09100.png,left-cheek,original_roi,0.24273889377371452
09100.png,right-cheek,original_roi,0.25929140880715074
09100.png,bottom-face,original_roi,0.23795640850737568
09100.png,forehead,original_roi,0.30590190645488796
09100.png,under-eyes,original_roi,0.2548077233403011
09100.png,left-cheek,a_degradation_11,0.23917054641051755
09100.png,right-cheek,a_degradation_11,0.24911921003597545
09100.png,bottom-face,a_degradation_11,0.22929298420636537
09100.png,forehead,a_degradation_11,0.2812504429842803
09100.png,under-eyes,a_degradation_11,0.23950413651737607
09100.png,left-cheek,a_degradation_17,0.23428709066849257
09100.png,right-cheek,a_degradation_17,0.2243295959833472
09100.png,bottom-face,a_degradation_17,0.21086610297270292
09100.png,forehead,a_degradation_17,0.26605299864811865
09100.png,under-eyes,a_degradation_17,0.23002807910591352
09104.png,left-cheek,original_roi,0.20345008977954848
09104.png,right-cheek,original_roi,0.2929410623231428
09104.png,bottom-face,original_roi,0.2675345468970653
09104.png,forehead,original_roi,0.2149614513747928
09104.png,under-eyes,original_roi,0.22024426563885335
09104.png,left-cheek,a_degradation_11,0.2024092082546221
09104.png,right-cheek,a_degradation_11,0.26426767402268536
09104.png,bottom-face,a_degradation_11,0.2478948659862619
09104.png,forehead,a_degradation_11,0.21142727997070074
09104.png,under-eyes,a_degradation_11,0.21172529774564083
09104.png,left-cheek,a_degradation_17,0.18916484739864461
09104.png,right-cheek,a_degradation_17,0.23222609774418304
09104.png,bottom-face,a_degradation_17,0.22384975695555698
09104.png,forehead,a_degradation_17,0.2049614051049439
09104.png,under-eyes,a_degradation_17,0.20431913471691335
09111.png,left-cheek,original_roi,0.20761360224536696
09111.png,right-cheek,original_roi,0.24003418905853124
09111.png,bottom-face,original_roi,0.2183814829819234
09111.png,forehead,original_roi,0.24783454748490746
09111.png,under-eyes,original_roi,0.2107349522290475
09111.png,left-cheek,a_degradation_11,0.19809654167635213
09111.png,right-cheek,a_degradation_11,0.22797022897425254
09111.png,bottom-face,a_degradation_11,0.21448896945898452
09111.png,forehead,a_degradation_11,0.2311561079042715
09111.png,under-eyes,a_degradation_11,0.2072506923809734
09111.png,left-cheek,a_degradation_17,0.18809483229863636
09111.png,right-cheek,a_degradation_17,0.20029248414762163
09111.png,bottom-face,a_degradation_17,0.20401583604596196
09111.png,forehead,a_degradation_17,0.2299124185427513
09111.png,under-eyes,a_degradation_17,0.20115204818382829
09112.png,left-cheek,original_roi,0.21863555809992155
09112.png,right-cheek,original_roi,0.20753046864801114
09112.png,bottom-face,original_roi,0.1899508613173947
09112.png,forehead,original_roi,0.22585240699012935
09112.png,under-eyes,original_roi,0.2598651016222257
09112.png,left-cheek,a_degradation_11,0.22896563080293206
09112.png,right-cheek,a_degradation_11,0.21525694484097238
09112.png,bottom-face,a_degradation_11,0.18171260756853624
09112.png,forehead,a_degradation_11,0.21524311069839272
09112.png,under-eyes,a_degradation_11,0.2506511864463065
09112.png,left-cheek,a_degradation_17,0.23733249216360888
09112.png,right-cheek,a_degradation_17,0.21859079506560533
09112.png,bottom-face,a_degradation_17,0.16694909162911933
09112.png,forehead,a_degradation_17,0.20895874010659052
09112.png,under-eyes,a_degradation_17,0.2430595849865999
09114.png,left-cheek,original_roi,0.34253035538958415
09114.png,right-cheek,original_roi,0.29617423338104126
09114.png,bottom-face,original_roi,0.24148123757833093
09114.png,forehead,original_roi,0.3190534090013733
09114.png,under-eyes,original_roi,0.288621032873521
09114.png,left-cheek,a_degradation_11,0.34253035538958415
09114.png,right-cheek,a_degradation_11,0.29513436408692967
09114.png,bottom-face,a_degradation_11,0.22691126519629262
09114.png,forehead,a_degradation_11,0.302110744986646
09114.png,under-eyes,a_degradation_11,0.2704736127215891
09114.png,left-cheek,a_degradation_17,0.32886588137581474
09114.png,right-cheek,a_degradation_17,0.2610438299628596
09114.png,bottom-face,a_degradation_17,0.21816276155583206
09114.png,forehead,a_degradation_17,0.2808493232195979
09114.png,under-eyes,a_degradation_17,0.258020639884425
09115.png,left-cheek,original_roi,0.18115693272835737
09115.png,right-cheek,original_roi,0.1619215503094039
09115.png,bottom-face,original_roi,0.2448658651197107
09115.png,forehead,original_roi,0.22413379122817337
09115.png,under-eyes,original_roi,0.22854310305027187
09115.png,left-cheek,a_degradation_11,0.1901251318220395
09115.png,right-cheek,a_degradation_11,0.16471063338523606
09115.png,bottom-face,a_degradation_11,0.23885290397201014
09115.png,forehead,a_degradation_11,0.2118467779170216
09115.png,under-eyes,a_degradation_11,0.2124278139646467
09115.png,left-cheek,a_degradation_17,0.18075979462624653
09115.png,right-cheek,a_degradation_17,0.167345250885514
09115.png,bottom-face,a_degradation_17,0.2178116047583785
09115.png,forehead,a_degradation_17,0.20482593928496728
09115.png,under-eyes,a_degradation_17,0.20998618402068592
09117.png,left-cheek,original_roi,0.2256637891498734
09117.png,right-cheek,original_roi,0.2485329795358769
09117.png,bottom-face,original_roi,0.3017187688245846
09117.png,forehead,original_roi,0.2869442027599726
09117.png,under-eyes,original_roi,0.2694394468712722
09117.png,left-cheek,a_degradation_11,0.20792273758460325
09117.png,right-cheek,a_degradation_11,0.2311895117593375
09117.png,bottom-face,a_degradation_11,0.2735635835176438
09117.png,forehead,a_degradation_11,0.26753188994244914
09117.png,under-eyes,a_degradation_11,0.24763452881435594
09117.png,left-cheek,a_degradation_17,0.17917069502746583
09117.png,right-cheek,a_degradation_17,0.208663661388119
09117.png,bottom-face,a_degradation_17,0.24343216730067085
09117.png,forehead,a_degradation_17,0.24765214924358186
09117.png,under-eyes,a_degradation_17,0.2335825759270666
09118.png,left-cheek,original_roi,0.1588390745886724
09118.png,right-cheek,original_roi,0.17606384597959684
09118.png,bottom-face,original_roi,0.19718079913005282
09118.png,forehead,original_roi,0.19038397050836503
09118.png,under-eyes,original_roi,0.21897606398332167
09118.png,left-cheek,a_degradation_11,0.15455495188095736
09118.png,right-cheek,a_degradation_11,0.1757788235380105
09118.png,bottom-face,a_degradation_11,0.20279370386176274
09118.png,forehead,a_degradation_11,0.17935366462380517
09118.png,under-eyes,a_degradation_11,0.20548770353015122
09118.png,left-cheek,a_degradation_17,0.14488432229532527
09118.png,right-cheek,a_degradation_17,0.16986542040869826
09118.png,bottom-face,a_degradation_17,0.2043375087883363
09118.png,forehead,a_degradation_17,0.18019079653754752
09118.png,under-eyes,a_degradation_17,0.20167776914316915
09123.png,left-cheek,original_roi,
09123.png,right-cheek,original_roi,0.2742424822018234
09123.png,bottom-face,original_roi,0.15096308149047968
09123.png,forehead,original_roi,0.21473431011300695
09123.png,under-eyes,original_roi,0.14694291689150854
09123.png,left-cheek,a_degradation_11,
09123.png,right-cheek,a_degradation_11,0.2694851052278001
09123.png,bottom-face,a_degradation_11,0.14493262427600448
09123.png,forehead,a_degradation_11,0.20711873366493466
09123.png,under-eyes,a_degradation_11,0.14604289301757034
09123.png,left-cheek,a_degradation_17,
09123.png,right-cheek,a_degradation_17,0.22933487416535453
09123.png,bottom-face,a_degradation_17,0.13570217825325862
09123.png,forehead,a_degradation_17,0.19005096666989615
09123.png,under-eyes,a_degradation_17,0.13893212905154437
09126.png,left-cheek,original_roi,0.31877711248561214
09126.png,right-cheek,original_roi,0.3451025777824805
09126.png,bottom-face,original_roi,0.31040859076473265
09126.png,forehead,original_roi,0.311220671710965
09126.png,under-eyes,original_roi,0.3070591568525098
09126.png,left-cheek,a_degradation_11,0.34090875724963554
09126.png,right-cheek,a_degradation_11,0.34928282335838545
09126.png,bottom-face,a_degradation_11,0.3073897197192604
09126.png,forehead,a_degradation_11,0.2921578782388502
09126.png,under-eyes,a_degradation_11,0.28656049046855064
09126.png,left-cheek,a_degradation_17,0.3281437350336101
09126.png,right-cheek,a_degradation_17,0.3227810691272925
09126.png,bottom-face,a_degradation_17,0.29034278944047476
09126.png,forehead,a_degradation_17,0.27445377139384347
09126.png,under-eyes,a_degradation_17,0.2842623600755736
09127.png,left-cheek,original_roi,0.2131373714681765
09127.png,right-cheek,original_roi,0.23543282070944216
09127.png,bottom-face,original_roi,0.23600373113198586
09127.png,forehead,original_roi,0.33791800951359985
09127.png,under-eyes,original_roi,0.28151976733883
09127.png,left-cheek,a_degradation_11,0.19887672335569326
09127.png,right-cheek,a_degradation_11,0.22499439016560616
09127.png,bottom-face,a_degradation_11,0.21347841294050007
09127.png,forehead,a_degradation_11,0.31572130333164583
09127.png,under-eyes,a_degradation_11,0.2548201859606599
09127.png,left-cheek,a_degradation_17,0.1701537806886146
09127.png,right-cheek,a_degradation_17,0.20355795357550396
09127.png,bottom-face,a_degradation_17,0.1985543742384478
09127.png,forehead,a_degradation_17,0.284083656505305
09127.png,under-eyes,a_degradation_17,0.2543441233533439
09129.png,left-cheek,original_roi,0.20416606238249313
09129.png,right-cheek,original_roi,0.21555023097251846
09129.png,bottom-face,original_roi,0.22326887194935302
09129.png,forehead,original_roi,0.2513407576652513
09129.png,under-eyes,original_roi,0.16059102218130797
09129.png,left-cheek,a_degradation_11,0.2072240365582317
09129.png,right-cheek,a_degradation_11,0.21133769602521926
09129.png,bottom-face,a_degradation_11,0.21296515204065197
09129.png,forehead,a_degradation_11,0.24250711027272534
09129.png,under-eyes,a_degradation_11,0.16046525398970765
09129.png,left-cheek,a_degradation_17,0.19050172555529044
09129.png,right-cheek,a_degradation_17,0.20245640987518124
09129.png,bottom-face,a_degradation_17,0.19176570909787358
09129.png,forehead,a_degradation_17,0.23351672820231806
09129.png,under-eyes,a_degradation_17,0.15901438065195628
09131.png,left-cheek,original_roi,0.2543969452258904
09131.png,right-cheek,original_roi,0.28556610225821444
09131.png,bottom-face,original_roi,0.1681778594867084
09131.png,forehead,original_roi,0.1933236461730423
09131.png,under-eyes,original_roi,0.2519988908406439
09131.png,left-cheek,a_degradation_11,0.2500684597751944
09131.png,right-cheek,a_degradation_11,0.27102033171033496
09131.png,bottom-face,a_degradation_11,0.1606661789623018
09131.png,forehead,a_degradation_11,0.1838676590738349
09131.png,under-eyes,a_degradation_11,0.23500994030081962
09131.png,left-cheek,a_degradation_17,0.22321112080669206
09131.png,right-cheek,a_degradation_17,0.22891430640162422
09131.png,bottom-face,a_degradation_17,0.1490485971273921
09131.png,forehead,a_degradation_17,0.1816525094447586
09131.png,under-eyes,a_degradation_17,0.22895193004797298
09133.png,left-cheek,original_roi,0.18116968658546634
09133.png,right-cheek,original_roi,0.2144819903848362
09133.png,bottom-face,original_roi,0.20408374031095508
09133.png,forehead,original_roi,0.18513436389628132
09133.png,under-eyes,original_roi,0.16394030072523744
09133.png,left-cheek,a_degradation_11,0.17214719912366108
09133.png,right-cheek,a_degradation_11,0.19675588356667512
09133.png,bottom-face,a_degradation_11,0.19418959839360264
09133.png,forehead,a_degradation_11,0.18090858742178206
09133.png,under-eyes,a_degradation_11,0.15720088998638856
09133.png,left-cheek,a_degradation_17,0.15990997560771864
09133.png,right-cheek,a_degradation_17,0.17570854677260453
09133.png,bottom-face,a_degradation_17,0.1828889572243051
09133.png,forehead,a_degradation_17,0.17616636281466674
09133.png,under-eyes,a_degradation_17,0.16067972296425645
09135.png,left-cheek,original_roi,
09135.png,right-cheek,original_roi,0.27307352106094046
09135.png,bottom-face,original_roi,0.251300511711175
09135.png,forehead,original_roi,0.23795470144014966
09135.png,under-eyes,original_roi,0.16267883911609907
09135.png,left-cheek,a_degradation_11,
09135.png,right-cheek,a_degradation_11,0.26466161428255136
09135.png,bottom-face,a_degradation_11,0.23575661917989646
09135.png,forehead,a_degradation_11,0.23043292607192406
09135.png,under-eyes,a_degradation_11,0.1539714099779935
09135.png,left-cheek,a_degradation_17,
09135.png,right-cheek,a_degradation_17,0.24326612524582472
09135.png,bottom-face,a_degradation_17,0.2473825575533706
09135.png,forehead,a_degradation_17,0.22289963305110497
09135.png,under-eyes,a_degradation_17,0.1479244564138499
09138.png,left-cheek,original_roi,0.22140346064527808
09138.png,right-cheek,original_roi,0.2155726201303081
09138.png,bottom-face,original_roi,0.22965943131641628
09138.png,forehead,original_roi,0.2501775854756348
09138.png,under-eyes,original_roi,0.1814336065507094
09138.png,left-cheek,a_degradation_11,0.22675876889076801
09138.png,right-cheek,a_degradation_11,0.21662220272476773
09138.png,bottom-face,a_degradation_11,0.2192456706293721
09138.png,forehead,a_degradation_11,0.23099803790366705
09138.png,under-eyes,a_degradation_11,0.17778657895553976
09138.png,left-cheek,a_degradation_17,0.23671548215949723
09138.png,right-cheek,a_degradation_17,0.20788789605712255
09138.png,bottom-face,a_degradation_17,0.20504293031845602
09138.png,forehead,a_degradation_17,0.22855878938775573
09138.png,under-eyes,a_degradation_17,0.17099379178936316
09145.png,left-cheek,original_roi,0.2568549016574232
09145.png,right-cheek,original_roi,0.2465235926241573
09145.png,bottom-face,original_roi,0.2504382530903894
09145.png,forehead,original_roi,0.22229302035613946
09145.png,under-eyes,original_roi,0.24055073614975958
09145.png,left-cheek,a_degradation_11,0.2571630632745855
09145.png,right-cheek,a_degradation_11,0.23442515371955225
09145.png,bottom-face,a_degradation_11,0.23621009173328963
09145.png,forehead,a_degradation_11,0.21177086775470244
09145.png,under-eyes,a_degradation_11,0.22892985256075724
09145.png,left-cheek,a_degradation_17,0.24787516745911287
09145.png,right-cheek,a_degradation_17,0.205793966267284
09145.png,bottom-face,a_degradation_17,0.2128832357096231
09145.png,forehead,a_degradation_17,0.20403075672555798
09145.png,under-eyes,a_degradation_17,0.22192614343297898
09150.png,left-cheek,original_roi,0.1599925754177858
09150.png,right-cheek,original_roi,0.17049267166649712
09150.png,bottom-face,original_roi,0.22201691351426273
09150.png,forehead,original_roi,0.19627529436188748
09150.png,under-eyes,original_roi,0.21325611574172162
09150.png,left-cheek,a_degradation_11,0.15062775095909506
09150.png,right-cheek,a_degradation_11,0.15870984559218873
09150.png,bottom-face,a_degradation_11,0.20306673125276414
09150.png,forehead,a_degradation_11,0.18642521281458035
09150.png,under-eyes,a_degradation_11,0.19812346137006318
09150.png,left-cheek,a_degradation_17,0.14034727557247106
09150.png,right-cheek,a_degradation_17,0.14149881652780574
09150.png,bottom-face,a_degradation_17,0.18602293157659278
09150.png,forehead,a_degradation_17,0.18367806873732753
09150.png,under-eyes,a_degradation_17,0.20093058706838168
09153.png,left-cheek,original_roi,0.21504763954639414
09153.png,right-cheek,original_roi,0.24052574451658826
09153.png,bottom-face,original_roi,0.28219168572707326
09153.png,forehead,original_roi,0.19539331683798777
09153.png,under-eyes,original_roi,0.13157379428639296
09153.png,left-cheek,a_degradation_11,0.21271810640969815
09153.png,right-cheek,a_degradation_11,0.23240247742145564
09153.png,bottom-face,a_degradation_11,0.2559984203222476
09153.png,forehead,a_degradation_11,0.19168003683499732
09153.png,under-eyes,a_degradation_11,0.1318125513354841
09153.png,left-cheek,a_degradation_17,0.19696646388402403
09153.png,right-cheek,a_degradation_17,0.21331555215491488
09153.png,bottom-face,a_degradation_17,0.24468512381874807
09153.png,forehead,a_degradation_17,0.1880425365593663
09153.png,under-eyes,a_degradation_17,0.12899990059823302
09156.png,left-cheek,original_roi,0.3490219840078051
09156.png,right-cheek,original_roi,0.2928568250649845
09156.png,bottom-face,original_roi,0.31497365042878406
09156.png,forehead,original_roi,0.09567448805107692
09156.png,under-eyes,original_roi,0.28933087134792596
09156.png,left-cheek,a_degradation_11,0.33818007998713606
09156.png,right-cheek,a_degradation_11,0.26665218516689493
09156.png,bottom-face,a_degradation_11,0.2789431609675446
09156.png,forehead,a_degradation_11,0.09485927280814664
09156.png,under-eyes,a_degradation_11,0.2683903432334111
09156.png,left-cheek,a_degradation_17,0.2934268304136483
09156.png,right-cheek,a_degradation_17,0.2119952223965645
09156.png,bottom-face,a_degradation_17,0.23544483989680554
09156.png,forehead,a_degradation_17,0.09290383372820729
09156.png,under-eyes,a_degradation_17,0.2570461365139333
09157.png,left-cheek,original_roi,0.1948460036313522
09157.png,right-cheek,original_roi,0.21461197734319215
09157.png,bottom-face,original_roi,0.22562092467449574
09157.png,forehead,original_roi,0.19163240678500426
09157.png,under-eyes,original_roi,0.21923619724732366
09157.png,left-cheek,a_degradation_11,0.20078292869083061
09157.png,right-cheek,a_degradation_11,0.20719336205127842
09157.png,bottom-face,a_degradation_11,0.2249532346119615
09157.png,forehead,a_degradation_11,0.1860521474000558
09157.png,under-eyes,a_degradation_11,0.21669258307764233
09157.png,left-cheek,a_degradation_17,0.19372025737515
09157.png,right-cheek,a_degradation_17,0.20652974561360635
09157.png,bottom-face,a_degradation_17,0.21052407296158207
09157.png,forehead,a_degradation_17,0.1850320045992605
09157.png,under-eyes,a_degradation_17,0.20632756445922423
09160.png,left-cheek,original_roi,0.25014183293196
09160.png,right-cheek,original_roi,0.2489351161117579
09160.png,bottom-face,original_roi,0.29514412555137515
09160.png,forehead,original_roi,0.3702093966271788
09160.png,under-eyes,original_roi,0.28494362139403284
09160.png,left-cheek,a_degradation_11,0.2522513196812633
09160.png,right-cheek,a_degradation_11,0.24322836633750108
09160.png,bottom-face,a_degradation_11,0.2896254902504739
09160.png,forehead,a_degradation_11,0.34069952007352594
09160.png,under-eyes,a_degradation_11,0.2688851722585221
09160.png,left-cheek,a_degradation_17,0.2597525676923708
09160.png,right-cheek,a_degradation_17,0.22469872978534022
09160.png,bottom-face,a_degradation_17,0.27120603786843006
09160.png,forehead,a_degradation_17,0.31709490329813894
09160.png,under-eyes,a_degradation_17,0.26004665465531224
09161.png,left-cheek,original_roi,0.2882284762405504
09161.png,right-cheek,original_roi,0.31164473410955534
09161.png,bottom-face,original_roi,0.347671215056791
09161.png,forehead,original_roi,0.21436319372090362
09161.png,under-eyes,original_roi,0.27633521390830706
09161.png,left-cheek,a_degradation_11,0.25470019420727064
09161.png,right-cheek,a_degradation_11,0.2765718976639588
09161.png,bottom-face,a_degradation_11,0.2909280110202812
09161.png,forehead,a_degradation_11,0.2074051638036139
09161.png,under-eyes,a_degradation_11,0.2601795379772732
09161.png,left-cheek,a_degradation_17,0.20974606832887593
09161.png,right-cheek,a_degradation_17,0.24221015356087724
09161.png,bottom-face,a_degradation_17,0.2566843432699734
09161.png,forehead,a_degradation_17,0.19729764667944502
09161.png,under-eyes,a_degradation_17,0.25265311038418803
09162.png,left-cheek,original_roi,0.21465588184165837
09162.png,right-cheek,original_roi,0.26214256968460414
09162.png,bottom-face,original_roi,0.14771787546136608
09162.png,forehead,original_roi,0.20113745006563635
09162.png,under-eyes,original_roi,0.26611935158241523
09162.png,left-cheek,a_degradation_11,0.21025917412492903
09162.png,right-cheek,a_degradation_11,0.2616506797201637
09162.png,bottom-face,a_degradation_11,0.14304657886901226
09162.png,forehead,a_degradation_11,0.19722683710595265
09162.png,under-eyes,a_degradation_11,0.2542519164296455
09162.png,left-cheek,a_degradation_17,0.21979821046864137
09162.png,right-cheek,a_degradation_17,0.24375731418715207
09162.png,bottom-face,a_degradation_17,0.13981382255406447
09162.png,forehead,a_degradation_17,0.18765103381693624
09162.png,under-eyes,a_degradation_17,0.238787501950469
09163.png,left-cheek,original_roi,0.30410795397916385
09163.png,right-cheek,original_roi,0.23388662228124418
09163.png,bottom-face,original_roi,0.30013408416419896
09163.png,forehead,original_roi,0.2820389746249959
09163.png,under-eyes,original_roi,0.28859686831377984
09163.png,left-cheek,a_degradation_11,0.29262221595749405
09163.png,right-cheek,a_degradation_11,0.23681790172921846
09163.png,bottom-face,a_degradation_11,0.2807417466578466
09163.png,forehead,a_degradation_11,0.26243944366407457
09163.png,under-eyes,a_degradation_11,0.2824956181834813
09163.png,left-cheek,a_degradation_17,0.2859423251853205
09163.png,right-cheek,a_degradation_17,0.23431559740680258
09163.png,bottom-face,a_degradation_17,0.24736416141812784
09163.png,forehead,a_degradation_17,0.25205745010181596
09163.png,under-eyes,a_degradation_17,0.2513643664001405
09164.png,left-cheek,original_roi,0.3705208845923046
09164.png,right-cheek,original_roi,0.25902598922491693
09164.png,bottom-face,original_roi,0.34815810485031595
09164.png,forehead,original_roi,0.2043504111350176
09164.png,under-eyes,original_roi,0.2550105577906037
09164.png,left-cheek,a_degradation_11,0.3293225101700497
09164.png,right-cheek,a_degradation_11,0.25734603173800674
09164.png,bottom-face,a_degradation_11,0.293487662414737
09164.png,forehead,a_degradation_11,0.2009003919438708
09164.png,under-eyes,a_degradation_11,0.24236007231664491
09164.png,left-cheek,a_degradation_17,0.2850546608424674
09164.png,right-cheek,a_degradation_17,0.21535090298191017
09164.png,bottom-face,a_degradation_17,0.2571846560370052
09164.png,forehead,a_degradation_17,0.190741873170632
09164.png,under-eyes,a_degradation_17,0.23332800521036964
09165.png,left-cheek,original_roi,0.250799889166921
09165.png,right-cheek,original_roi,0.19853793045248913
09165.png,bottom-face,original_roi,0.1404912456633045
09165.png,forehead,original_roi,0.16033112146575632
09165.png,under-eyes,original_roi,0.15076494760977882
09165.png,left-cheek,a_degradation_11,0.24154116928619254
09165.png,right-cheek,a_degradation_11,0.18563351414876622
09165.png,bottom-face,a_degradation_11,0.13789800874682787
09165.png,forehead,a_degradation_11,0.15386044053683717
09165.png,under-eyes,a_degradation_11,0.14528019213447285
09165.png,left-cheek,a_degradation_17,0.21405034013369367
09165.png,right-cheek,a_degradation_17,0.19241520076984908
09165.png,bottom-face,a_degradation_17,0.13263459342865233
09165.png,forehead,a_degradation_17,0.14818934053746546
09165.png,under-eyes,a_degradation_17,0.14700565386437078
09169.png,left-cheek,original_roi,0.3741956043941877
09169.png,right-cheek,original_roi,0.3173483644975869
09169.png,bottom-face,original_roi,0.3073369326347403
09169.png,forehead,original_roi,0.31381606883498736
09169.png,under-eyes,original_roi,0.3242522509256232
09169.png,left-cheek,a_degradation_11,0.35793286233257754
09169.png,right-cheek,a_degradation_11,0.306841469302277
09169.png,bottom-face,a_degradation_11,0.27214566178586563
09169.png,forehead,a_degradation_11,0.2877205446819177
09169.png,under-eyes,a_degradation_11,0.28537579514458616
09169.png,left-cheek,a_degradation_17,0.3152572196802463
09169.png,right-cheek,a_degradation_17,0.2492765464314151
09169.png,bottom-face,a_degradation_17,0.2579294600281452
09169.png,forehead,a_degradation_17,0.2632859567624145
09169.png,under-eyes,a_degradation_17,0.28984967421882724
09171.png,left-cheek,original_roi,0.19150890601174844
09171.png,right-cheek,original_roi,0.1790527198486903
09171.png,bottom-face,original_roi,0.16229439691849656
09171.png,forehead,original_roi,0.17378284351426934
09171.png,under-eyes,original_roi,0.19839557387999482
09171.png,left-cheek,a_degradation_11,0.20620697394536094
09171.png,right-cheek,a_degradation_11,0.18004378678919428
09171.png,bottom-face,a_degradation_11,0.16028439866225652
09171.png,forehead,a_degradation_11,0.17061284545056457
09171.png,under-eyes,a_degradation_11,0.1870531672667179
09171.png,left-cheek,a_degradation_17,0.20254547404256645
09171.png,right-cheek,a_degradation_17,0.16863285128043284
09171.png,bottom-face,a_degradation_17,0.14931023067969001
09171.png,forehead,a_degradation_17,0.16255829704209795
09171.png,under-eyes,a_degradation_17,0.18944100742285733
09172.png,left-cheek,original_roi,0.12748194082785907
09172.png,right-cheek,original_roi,0.1508298588491993
09172.png,bottom-face,original_roi,0.20158513687187826
09172.png,forehead,original_roi,0.18536102912815447
09172.png,under-eyes,original_roi,0.15339281839449026
09172.png,left-cheek,a_degradation_11,0.12562016906368706
09172.png,right-cheek,a_degradation_11,0.14966066618111948
09172.png,bottom-face,a_degradation_11,0.20315173711013312
09172.png,forehead,a_degradation_11,0.1792026972280967
09172.png,under-eyes,a_degradation_11,0.14690139672998917
09172.png,left-cheek,a_degradation_17,0.12183097864152746
09172.png,right-cheek,a_degradation_17,0.14413971959028027
09172.png,bottom-face,a_degradation_17,0.18203677345905594
09172.png,forehead,a_degradation_17,0.172969506209914
09172.png,under-eyes,a_degradation_17,0.14441819690683944
09173.png,left-cheek,original_roi,0.2127300107763728
09173.png,right-cheek,original_roi,0.25156765400973824
09173.png,bottom-face,original_roi,0.20591613937598544
09173.png,forehead,original_roi,0.19024174748682626
09173.png,under-eyes,original_roi,0.23580756199661082
09173.png,left-cheek,a_degradation_11,0.21141191006809135
09173.png,right-cheek,a_degradation_11,0.24156120739079373
09173.png,bottom-face,a_degradation_11,0.19714556960830898
09173.png,forehead,a_degradation_11,0.17978230010031201
09173.png,under-eyes,a_degradation_11,0.22150312565311686
09173.png,left-cheek,a_degradation_17,0.20824287187633075
09173.png,right-cheek,a_degradation_17,0.22116099763641428
09173.png,bottom-face,a_degradation_17,0.17749535783198014
09173.png,forehead,a_degradation_17,0.18147210709570752
09173.png,under-eyes,a_degradation_17,0.21943021149184996
09175.png,left-cheek,original_roi,0.17455437892670245
09175.png,right-cheek,original_roi,0.20085825867189847
09175.png,bottom-face,original_roi,0.16323511824133874
09175.png,forehead,original_roi,0.13866679601791582
09175.png,under-eyes,original_roi,0.16747153720265667
09175.png,left-cheek,a_degradation_11,0.16942482461721814
09175.png,right-cheek,a_degradation_11,0.19843782088125092
09175.png,bottom-face,a_degradation_11,0.1612348690178501
09175.png,forehead,a_degradation_11,0.13509494639188793
09175.png,under-eyes,a_degradation_11,0.16285615479718432
09175.png,left-cheek,a_degradation_17,0.16213267829778533
09175.png,right-cheek,a_degradation_17,0.1845157388546131
09175.png,bottom-face,a_degradation_17,0.1598053798418578
09175.png,forehead,a_degradation_17,0.13374724073037766
09175.png,under-eyes,a_degradation_17,0.16135620982607174
09177.png,left-cheek,original_roi,0.27384324716069935
09177.png,right-cheek,original_roi,0.22762235540607978
09177.png,bottom-face,original_roi,0.19922883603778357
09177.png,forehead,original_roi,0.2651890431323564
09177.png,under-eyes,original_roi,0.25850177382443906
09177.png,left-cheek,a_degradation_11,0.2837307271467959
09177.png,right-cheek,a_degradation_11,0.2345573586760547
09177.png,bottom-face,a_degradation_11,0.1962731038031316
09177.png,forehead,a_degradation_11,0.25053463674934456
09177.png,under-eyes,a_degradation_11,0.24334301240173567
09177.png,left-cheek,a_degradation_17,0.2815601111862318
09177.png,right-cheek,a_degradation_17,0.24216031412625166
09177.png,bottom-face,a_degradation_17,0.17738407438646062
09177.png,forehead,a_degradation_17,0.23073793897695613
09177.png,under-eyes,a_degradation_17,0.23838068337515325
09182.png,left-cheek,original_roi,0.8249926427383444
09182.png,right-cheek,original_roi,0.29319151502551516
09182.png,bottom-face,original_roi,0.30538142639288585
09182.png,forehead,original_roi,0.2497920181041659
09182.png,under-eyes,original_roi,0.20642232628049442
09182.png,left-cheek,a_degradation_11,0.8249926427383444
09182.png,right-cheek,a_degradation_11,0.2927282937536898
09182.png,bottom-face,a_degradation_11,0.27959692125573155
09182.png,forehead,a_degradation_11,0.24520097721116224
09182.png,under-eyes,a_degradation_11,0.19174525816207122
09182.png,left-cheek,a_degradation_17,0.8249926427383444
09182.png,right-cheek,a_degradation_17,0.2599746730253532
09182.png,bottom-face,a_degradation_17,0.24802269897224039
09182.png,forehead,a_degradation_17,0.22254718146436256
09182.png,under-eyes,a_degradation_17,0.18926414115240578
09183.png,left-cheek,original_roi,0.23482078476658563
09183.png,right-cheek,original_roi,0.21712136050621245
09183.png,bottom-face,original_roi,0.27001980519959484
09183.png,forehead,original_roi,0.2457764043749119
09183.png,under-eyes,original_roi,0.24863886534521093
09183.png,left-cheek,a_degradation_11,0.22872605356507342
09183.png,right-cheek,a_degradation_11,0.21047293043723733
09183.png,bottom-face,a_degradation_11,0.24851789727100082
09183.png,forehead,a_degradation_11,0.2444291223370262
09183.png,under-eyes,a_degradation_11,0.23386542541041022
09183.png,left-cheek,a_degradation_17,0.20639918755672582
09183.png,right-cheek,a_degradation_17,0.19097915991478975
09183.png,bottom-face,a_degradation_17,0.22841034023619058
09183.png,forehead,a_degradation_17,0.22976266516592964
09183.png,under-eyes,a_degradation_17,0.24184986537682812
09187.png,left-cheek,original_roi,0.2616839865378276
09187.png,right-cheek,original_roi,0.28805189217301436
09187.png,bottom-face,original_roi,0.2596241625205225
09187.png,forehead,original_roi,0.2620718622629884
09187.png,under-eyes,original_roi,0.24455418784289365
09187.png,left-cheek,a_degradation_11,0.26306324573969486
09187.png,right-cheek,a_degradation_11,0.27652671073535096
09187.png,bottom-face,a_degradation_11,0.2538332833384377
09187.png,forehead,a_degradation_11,0.2442735351856566
09187.png,under-eyes,a_degradation_11,0.23311982553807553
09187.png,left-cheek,a_degradation_17,0.2452558772628094
09187.png,right-cheek,a_degradation_17,0.2578501424451158
09187.png,bottom-face,a_degradation_17,0.22596294403581269
09187.png,forehead,a_degradation_17,0.2321848512496462
09187.png,under-eyes,a_degradation_17,0.2354057181101746
09190.png,left-cheek,original_roi,0.1500594740192731
09190.png,right-cheek,original_roi,0.23439957355782082
09190.png,bottom-face,original_roi,0.14203274721817288
09190.png,forehead,original_roi,0.14838006616128635
09190.png,under-eyes,original_roi,0.12657259960256428
09190.png,left-cheek,a_degradation_11,0.14362964734036057
09190.png,right-cheek,a_degradation_11,0.22679560448335598
09190.png,bottom-face,a_degradation_11,0.13805403651944292
09190.png,forehead,a_degradation_11,0.14320495672024136
09190.png,under-eyes,a_degradation_11,0.12237791318013244
09190.png,left-cheek,a_degradation_17,0.13721487676759472
09190.png,right-cheek,a_degradation_17,0.20246774752149696
09190.png,bottom-face,a_degradation_17,0.13098277167068978
09190.png,forehead,a_degradation_17,0.13917598584049035
09190.png,under-eyes,a_degradation_17,0.12207782790422425
09192.png,left-cheek,original_roi,0.32793729242600916
09192.png,right-cheek,original_roi,0.2799031965497818
09192.png,bottom-face,original_roi,0.26862688424554654
09192.png,forehead,original_roi,0.2570839680961815
09192.png,under-eyes,original_roi,0.24899267900304706
09192.png,left-cheek,a_degradation_11,0.3371572418088881
09192.png,right-cheek,a_degradation_11,0.2783678516584489
09192.png,bottom-face,a_degradation_11,0.26760250146819003
09192.png,forehead,a_degradation_11,0.24024097367271768
09192.png,under-eyes,a_degradation_11,0.2435205604315278
09192.png,left-cheek,a_degradation_17,0.296696809792577
09192.png,right-cheek,a_degradation_17,0.2461970247232691
09192.png,bottom-face,a_degradation_17,0.23654417918106072
09192.png,forehead,a_degradation_17,0.21941141958059165
09192.png,under-eyes,a_degradation_17,0.22853758336150773
09193.png,left-cheek,original_roi,0.2120526843059535
09193.png,right-cheek,original_roi,0.1998910725037727
09193.png,bottom-face,original_roi,0.2067465938847844
09193.png,forehead,original_roi,0.23662973058165576
09193.png,under-eyes,original_roi,0.1712411809681713
09193.png,left-cheek,a_degradation_11,0.20697511645602248
09193.png,right-cheek,a_degradation_11,0.198876222628203
09193.png,bottom-face,a_degradation_11,0.20419845508142404
09193.png,forehead,a_degradation_11,0.2216516055346717
09193.png,under-eyes,a_degradation_11,0.16599227923522822
09193.png,left-cheek,a_degradation_17,0.19163708755785233
09193.png,right-cheek,a_degradation_17,0.20535917860402148
09193.png,bottom-face,a_degradation_17,0.19664114109906622
09193.png,forehead,a_degradation_17,0.21461899947228225
09193.png,under-eyes,a_degradation_17,0.16928967877496723
09194.png,left-cheek,original_roi,0.19473873392949648
09194.png,right-cheek,original_roi,0.15742501784452517
09194.png,bottom-face,original_roi,0.17704492550695072
09194.png,forehead,original_roi,0.11211885456549113
09194.png,under-eyes,original_roi,0.15450308752077507
09194.png,left-cheek,a_degradation_11,0.17686778835279224
09194.png,right-cheek,a_degradation_11,0.1455975419584289
09194.png,bottom-face,a_degradation_11,0.17733413951803711
09194.png,forehead,a_degradation_11,0.10501051315894666
09194.png,under-eyes,a_degradation_11,0.14654867388233916
09194.png,left-cheek,a_degradation_17,0.15341890520076643
09194.png,right-cheek,a_degradation_17,0.12745949751401187
09194.png,bottom-face,a_degradation_17,0.16620032244488142
09194.png,forehead,a_degradation_17,0.10277641158168667
09194.png,under-eyes,a_degradation_17,0.14168852167999868
09197.png,left-cheek,original_roi,0.2059951252778151
09197.png,right-cheek,original_roi,0.15360860148164937
09197.png,bottom-face,original_roi,0.16934200304238767
09197.png,forehead,original_roi,0.20042500879877995
09197.png,under-eyes,original_roi,0.1751393381113956
09197.png,left-cheek,a_degradation_11,0.2016581294189465
09197.png,right-cheek,a_degradation_11,0.14766627706695404
09197.png,bottom-face,a_degradation_11,0.1707083949223493
09197.png,forehead,a_degradation_11,0.19146809435333087
09197.png,under-eyes,a_degradation_11,0.17171423810707168
09197.png,left-cheek,a_degradation_17,0.19884460127893322
09197.png,right-cheek,a_degradation_17,0.1436273986601083
09197.png,bottom-face,a_degradation_17,0.16156490734823986
09197.png,forehead,a_degradation_17,0.18841184651236248
09197.png,under-eyes,a_degradation_17,0.1694239315124516
09198.png,left-cheek,original_roi,0.1617701864830919
09198.png,right-cheek,original_roi,0.15386906124062769
09198.png,bottom-face,original_roi,0.23324619581561962
09198.png,forehead,original_roi,0.16628642043241917
09198.png,under-eyes,original_roi,0.2381846712088856
09198.png,left-cheek,a_degradation_11,0.15056048413755652
09198.png,right-cheek,a_degradation_11,0.14707439457114468
09198.png,bottom-face,a_degradation_11,0.21669601890998128
09198.png,forehead,a_degradation_11,0.16621364183086332
09198.png,under-eyes,a_degradation_11,0.22298003061106791
09198.png,left-cheek,a_degradation_17,0.13461353098054302
09198.png,right-cheek,a_degradation_17,0.1413710544998563
09198.png,bottom-face,a_degradation_17,0.19586324043348632
09198.png,forehead,a_degradation_17,0.16157907668253174
09198.png,under-eyes,a_degradation_17,0.22315295609031247
09200.png,left-cheek,original_roi,0.36742327584856266
09200.png,right-cheek,original_roi,0.3230036950785032
09200.png,bottom-face,original_roi,0.3944274543439584
09200.png,forehead,original_roi,0.36740257950124183
09200.png,under-eyes,original_roi,0.2532789823391475
09200.png,left-cheek,a_degradation_11,0.3178799631366304
09200.png,right-cheek,a_degradation_11,0.30448802713391326
09200.png,bottom-face,a_degradation_11,0.343807039390982
09200.png,forehead,a_degradation_11,0.34030706092725665
09200.png,under-eyes,a_degradation_11,0.23771362545623442
09200.png,left-cheek,a_degradation_17,0.26586765176951493
09200.png,right-cheek,a_degradation_17,0.2978593641341741
09200.png,bottom-face,a_degradation_17,0.2931152589939688
09200.png,forehead,a_degradation_17,0.30352062439870714
09200.png,under-eyes,a_degradation_17,0.23132763872696524
09201.png,left-cheek,original_roi,0.1728013169983187
09201.png,right-cheek,original_roi,0.2623142895183624
09201.png,bottom-face,original_roi,0.3089229741443141
09201.png,forehead,original_roi,0.15415356730431204
09201.png,under-eyes,original_roi,0.1702429393611407
09201.png,left-cheek,a_degradation_11,0.16588096570749383
09201.png,right-cheek,a_degradation_11,0.24367690961479652
09201.png,bottom-face,a_degradation_11,0.28508493239786487
09201.png,forehead,a_degradation_11,0.14671587600300834
09201.png,under-eyes,a_degradation_11,0.16092212236122383
09201.png,left-cheek,a_degradation_17,0.15479528204152898
09201.png,right-cheek,a_degradation_17,0.21950322468811534
09201.png,bottom-face,a_degradation_17,0.2628253023193047
09201.png,forehead,a_degradation_17,0.1428741606721635
09201.png,under-eyes,a_degradation_17,0.15678561557288512
09203.png,left-cheek,original_roi,0.2440654284655781
09203.png,right-cheek,original_roi,0.21800614878835559
09203.png,bottom-face,original_roi,0.312399943973187
09203.png,forehead,original_roi,0.1348365869437494
09203.png,under-eyes,original_roi,0.11873601285200118
09203.png,left-cheek,a_degradation_11,0.2589912973190397
09203.png,right-cheek,a_degradation_11,0.22180025294183967
09203.png,bottom-face,a_degradation_11,0.3132593680793878
09203.png,forehead,a_degradation_11,0.13890915420521238
09203.png,under-eyes,a_degradation_11,0.11828894208678979
09203.png,left-cheek,a_degradation_17,0.22593091286195913
09203.png,right-cheek,a_degradation_17,0.21091826247759815
09203.png,bottom-face,a_degradation_17,0.26365798346409713
09203.png,forehead,a_degradation_17,0.1331991284771837
09203.png,under-eyes,a_degradation_17,0.11796528988773039
09205.png,left-cheek,original_roi,0.27390314744181654
09205.png,right-cheek,original_roi,0.34875457192451165
09205.png,bottom-face,original_roi,0.3063976262654945
09205.png,forehead,original_roi,0.3342734044935538
09205.png,under-eyes,original_roi,0.30168196182492923
09205.png,left-cheek,a_degradation_11,0.24036694001658276
09205.png,right-cheek,a_degradation_11,0.2951430227398887
09205.png,bottom-face,a_degradation_11,0.26396559398080854
09205.png,forehead,a_degradation_11,0.32115595144086523
09205.png,under-eyes,a_degradation_11,0.27572912577430286
09205.png,left-cheek,a_degradation_17,0.2197467219082319
09205.png,right-cheek,a_degradation_17,0.23859636005139953
09205.png,bottom-face,a_degradation_17,0.2537432492944253
09205.png,forehead,a_degradation_17,0.3007856322034045
09205.png,under-eyes,a_degradation_17,0.2789757053883142
09210.png,left-cheek,original_roi,0.22433560270359365
09210.png,right-cheek,original_roi,0.38663578813055627
09210.png,bottom-face,original_roi,0.29995352308872036
09210.png,forehead,original_roi,0.2999669509583217
09210.png,under-eyes,original_roi,0.20136265202372441
09210.png,left-cheek,a_degradation_11,0.2162315496557961
09210.png,right-cheek,a_degradation_11,0.38024185155512064
09210.png,bottom-face,a_degradation_11,0.2849637017784295
09210.png,forehead,a_degradation_11,0.28328699854232925
09210.png,under-eyes,a_degradation_11,0.1904612018850078
09210.png,left-cheek,a_degradation_17,0.20600067058328528
09210.png,right-cheek,a_degradation_17,0.3720036062931619
09210.png,bottom-face,a_degradation_17,0.2522685517937433
09210.png,forehead,a_degradation_17,0.26353644835572854
09210.png,under-eyes,a_degradation_17,0.18988971751940567
09213.png,left-cheek,original_roi,0.2752656069717664
09213.png,right-cheek,original_roi,0.30228156056600375
09213.png,bottom-face,original_roi,0.30227959009909056
09213.png,forehead,original_roi,0.28760017745304184
09213.png,under-eyes,original_roi,0.2071737846811514
09213.png,left-cheek,a_degradation_11,0.27201787659596494
09213.png,right-cheek,a_degradation_11,0.27402651500452824
09213.png,bottom-face,a_degradation_11,0.2829821092165383
09213.png,forehead,a_degradation_11,0.26856972969234544
09213.png,under-eyes,a_degradation_11,0.1995183916128205
09213.png,left-cheek,a_degradation_17,0.23561654307319424
09213.png,right-cheek,a_degradation_17,0.23002021113601018
09213.png,bottom-face,a_degradation_17,0.25154285980563573
09213.png,forehead,a_degradation_17,0.25069788659187475
09213.png,under-eyes,a_degradation_17,0.19800853634413407
09216.png,left-cheek,original_roi,0.18297139627985998
09216.png,right-cheek,original_roi,0.16118057714220035
09216.png,bottom-face,original_roi,0.14982781855523047
09216.png,forehead,original_roi,0.20851487163056637
09216.png,under-eyes,original_roi,0.20627478818826137
09216.png,left-cheek,a_degradation_11,0.17644320808909159
09216.png,right-cheek,a_degradation_11,0.15584283888719022
09216.png,bottom-face,a_degradation_11,0.149074476493201
09216.png,forehead,a_degradation_11,0.20286341070808
09216.png,under-eyes,a_degradation_11,0.19060215917099196
09216.png,left-cheek,a_degradation_17,0.17677026348960168
09216.png,right-cheek,a_degradation_17,0.15104591263066627
09216.png,bottom-face,a_degradation_17,0.14025757275638542
09216.png,forehead,a_degradation_17,0.19356430474382863
09216.png,under-eyes,a_degradation_17,0.17911448977616723
09217.png,left-cheek,original_roi,0.16131506881685118
09217.png,right-cheek,original_roi,0.15531759954429253
09217.png,bottom-face,original_roi,0.15341121861891255
09217.png,forehead,original_roi,0.25735826779121707
09217.png,under-eyes,original_roi,0.2329670540003847
09217.png,left-cheek,a_degradation_11,0.16810384974041523
09217.png,right-cheek,a_degradation_11,0.16081639854712415
09217.png,bottom-face,a_degradation_11,0.15003164315036863
09217.png,forehead,a_degradation_11,0.2434342781167317
09217.png,under-eyes,a_degradation_11,0.2219816137339798
09217.png,left-cheek,a_degradation_17,0.16441843626169947
09217.png,right-cheek,a_degradation_17,0.16965339903899165
09217.png,bottom-face,a_degradation_17,0.13905947729600496
09217.png,forehead,a_degradation_17,0.22946807585815743
09217.png,under-eyes,a_degradation_17,0.21118580183443517
09219.png,left-cheek,original_roi,0.2621722039941328
09219.png,right-cheek,original_roi,0.18237062586527644
09219.png,bottom-face,original_roi,0.1560469297700046
09219.png,forehead,original_roi,0.23036553389101733
09219.png,under-eyes,original_roi,0.16190998428780193
09219.png,left-cheek,a_degradation_11,0.25009572220836895
09219.png,right-cheek,a_degradation_11,0.17972828894902698
09219.png,bottom-face,a_degradation_11,0.15808725481700467
09219.png,forehead,a_degradation_11,0.21941151771580225
09219.png,under-eyes,a_degradation_11,0.16063929714424713
09219.png,left-cheek,a_degradation_17,0.22619776945094633
09219.png,right-cheek,a_degradation_17,0.1734972012139721
09219.png,bottom-face,a_degradation_17,0.14910399985717768
09219.png,forehead,a_degradation_17,0.20697044693010513
09219.png,under-eyes,a_degradation_17,0.15678134320914927
09220.png,left-cheek,original_roi,0.3333614048489366
09220.png,right-cheek,original_roi,0.11300987957005341
09220.png,bottom-face,original_roi,0.19091747756826472
09220.png,forehead,original_roi,0.19312676127623485
09220.png,under-eyes,original_roi,0.0681798720471969
09220.png,left-cheek,a_degradation_11,0.3326231951597586
09220.png,right-cheek,a_degradation_11,0.10835507257163385
09220.png,bottom-face,a_degradation_11,0.17938900521503012
09220.png,forehead,a_degradation_11,0.17944876863192136
09220.png,under-eyes,a_degradation_11,0.06776183263156399
09220.png,left-cheek,a_degradation_17,0.2924062774610459
09220.png,right-cheek,a_degradation_17,0.10117767927432349
09220.png,bottom-face,a_degradation_17,0.16700572995583457
09220.png,forehead,a_degradation_17,0.1716244801523882
09220.png,under-eyes,a_degradation_17,0.06900853492428739
09225.png,left-cheek,original_roi,
09225.png,right-cheek,original_roi,0.20002252975552853
09225.png,bottom-face,original_roi,0.14139629457816455
09225.png,forehead,original_roi,0.14222360340847492
09225.png,under-eyes,original_roi,0.17455697127733596
09225.png,left-cheek,a_degradation_11,
09225.png,right-cheek,a_degradation_11,0.19472307877195855
09225.png,bottom-face,a_degradation_11,0.1349368793882252
09225.png,forehead,a_degradation_11,0.14013732338679255
09225.png,under-eyes,a_degradation_11,0.16795798064780568
09225.png,left-cheek,a_degradation_17,
09225.png,right-cheek,a_degradation_17,0.17608766175590387
09225.png,bottom-face,a_degradation_17,0.12954521131130145
09225.png,forehead,a_degradation_17,0.1355711839348478
09225.png,under-eyes,a_degradation_17,0.1662309359142722
09226.png,left-cheek,original_roi,0.35823973582169993
09226.png,right-cheek,original_roi,0.3258356834813919
09226.png,bottom-face,original_roi,0.25629452830952093
09226.png,forehead,original_roi,0.2575498760167451
09226.png,under-eyes,original_roi,0.31028279172412676
09226.png,left-cheek,a_degradation_11,0.33409118637576435
09226.png,right-cheek,a_degradation_11,0.29723846538172455
09226.png,bottom-face,a_degradation_11,0.23804475380124354
09226.png,forehead,a_degradation_11,0.24257317080597454
09226.png,under-eyes,a_degradation_11,0.2882969179794573
09226.png,left-cheek,a_degradation_17,0.28233523997900345
09226.png,right-cheek,a_degradation_17,0.25926732611997877
09226.png,bottom-face,a_degradation_17,0.21763317986126082
09226.png,forehead,a_degradation_17,0.2294965633301326
09226.png,under-eyes,a_degradation_17,0.26981063027395635
09228.png,left-cheek,original_roi,0.20042873683924287
09228.png,right-cheek,original_roi,0.22700592214658472
09228.png,bottom-face,original_roi,0.20158289158407777
09228.png,forehead,original_roi,0.22435148899177967
09228.png,under-eyes,original_roi,0.20382830132198243
09228.png,left-cheek,a_degradation_11,0.1986756974536794
09228.png,right-cheek,a_degradation_11,0.21238480155899195
09228.png,bottom-face,a_degradation_11,0.19221295439103897
09228.png,forehead,a_degradation_11,0.21350999860928221
09228.png,under-eyes,a_degradation_11,0.1964060145202454
09228.png,left-cheek,a_degradation_17,0.17776515268580795
09228.png,right-cheek,a_degradation_17,0.1880792555173416
09228.png,bottom-face,a_degradation_17,0.1835464800154973
09228.png,forehead,a_degradation_17,0.20826143728487606
09228.png,under-eyes,a_degradation_17,0.1899797054417368
09231.png,left-cheek,original_roi,0.2659896315446876
09231.png,right-cheek,original_roi,0.27738645780340987
09231.png,bottom-face,original_roi,0.23530736159582072
09231.png,forehead,original_roi,0.18948313580579684
09231.png,under-eyes,original_roi,0.25127545852515387
09231.png,left-cheek,a_degradation_11,0.26246887166612
09231.png,right-cheek,a_degradation_11,0.2638256162333207
09231.png,bottom-face,a_degradation_11,0.23089915368656797
09231.png,forehead,a_degradation_11,0.18639876117003
09231.png,under-eyes,a_degradation_11,0.23275480955948943
09231.png,left-cheek,a_degradation_17,0.23086848131240925
09231.png,right-cheek,a_degradation_17,0.2297703059499118
09231.png,bottom-face,a_degradation_17,0.2122563279828432
09231.png,forehead,a_degradation_17,0.1775078142902347
09231.png,under-eyes,a_degradation_17,0.23217232979310953
09233.png,left-cheek,original_roi,0.2614086558173816
09233.png,right-cheek,original_roi,0.29301798769853077
09233.png,bottom-face,original_roi,0.18449133078403473
09233.png,forehead,original_roi,0.18170091063983904
09233.png,under-eyes,original_roi,0.2265928922734777
09233.png,left-cheek,a_degradation_11,0.266092920386461
09233.png,right-cheek,a_degradation_11,0.26293896473587686
09233.png,bottom-face,a_degradation_11,0.1754659400030636
09233.png,forehead,a_degradation_11,0.17437798592341985
09233.png,under-eyes,a_degradation_11,0.21962823342413873
09233.png,left-cheek,a_degradation_17,0.24967122977017547
09233.png,right-cheek,a_degradation_17,0.23173129835992237
09233.png,bottom-face,a_degradation_17,0.16896106466920877
09233.png,forehead,a_degradation_17,0.1672341563471087
09233.png,under-eyes,a_degradation_17,0.1966200104104484
09237.png,left-cheek,original_roi,0.16361334502708177
09237.png,right-cheek,original_roi,0.13888049185640014
09237.png,bottom-face,original_roi,0.16806349335996165
09237.png,forehead,original_roi,0.21015937920352493
09237.png,under-eyes,original_roi,0.18348643438833565
09237.png,left-cheek,a_degradation_11,0.166338082872042
09237.png,right-cheek,a_degradation_11,0.1395178555175715
09237.png,bottom-face,a_degradation_11,0.16514701606208038
09237.png,forehead,a_degradation_11,0.20819710065201624
09237.png,under-eyes,a_degradation_11,0.1782530727641923
09237.png,left-cheek,a_degradation_17,0.1678280286080994
09237.png,right-cheek,a_degradation_17,0.14058301611240445
09237.png,bottom-face,a_degradation_17,0.16143721266961333
09237.png,forehead,a_degradation_17,0.19994096258069816
09237.png,under-eyes,a_degradation_17,0.17023081938562193
09238.png,left-cheek,original_roi,0.21099696329765577
09238.png,right-cheek,original_roi,0.19519331600793224
09238.png,bottom-face,original_roi,0.22059716610462424
09238.png,forehead,original_roi,0.28160146627325977
09238.png,under-eyes,original_roi,0.21321408904221184
09238.png,left-cheek,a_degradation_11,0.20748838177722942
09238.png,right-cheek,a_degradation_11,0.19000394902330686
09238.png,bottom-face,a_degradation_11,0.21524840951665974
09238.png,forehead,a_degradation_11,0.2671803095937339
09238.png,under-eyes,a_degradation_11,0.20697413289663016
09238.png,left-cheek,a_degradation_17,0.19797886817029134
09238.png,right-cheek,a_degradation_17,0.18455441858037888
09238.png,bottom-face,a_degradation_17,0.1947241771546441
09238.png,forehead,a_degradation_17,0.25767089446885805
09238.png,under-eyes,a_degradation_17,0.20606369314448642
09245.png,left-cheek,original_roi,0.10854556164096726
09245.png,right-cheek,original_roi,0.2044982726840692
09245.png,bottom-face,original_roi,0.10619469420894398
09245.png,forehead,original_roi,0.10982346597066082
09245.png,under-eyes,original_roi,0.11459238872140398
09245.png,left-cheek,a_degradation_11,0.10867466953117237
09245.png,right-cheek,a_degradation_11,0.20864078809205885
09245.png,bottom-face,a_degradation_11,0.10578434544405343
09245.png,forehead,a_degradation_11,0.10832128408803098
09245.png,under-eyes,a_degradation_11,0.11144898704026457
09245.png,left-cheek,a_degradation_17,0.10918066208680303
09245.png,right-cheek,a_degradation_17,0.2033252136231874
09245.png,bottom-face,a_degradation_17,0.10259575299729232
09245.png,forehead,a_degradation_17,0.10803884762402262
09245.png,under-eyes,a_degradation_17,0.11256320872495404
09251.png,left-cheek,original_roi,0.40600019274899574
09251.png,right-cheek,original_roi,0.2944127755270279
09251.png,bottom-face,original_roi,0.20150280894686223
09251.png,forehead,original_roi,0.330293063251833
09251.png,under-eyes,original_roi,0.304677217594097
09251.png,left-cheek,a_degradation_11,0.40166019869280717
09251.png,right-cheek,a_degradation_11,0.252847431280255
09251.png,bottom-face,a_degradation_11,0.18757620765311717
09251.png,forehead,a_degradation_11,0.31548418135067696
09251.png,under-eyes,a_degradation_11,0.2861055157609248
09251.png,left-cheek,a_degradation_17,0.3958229913413791
09251.png,right-cheek,a_degradation_17,0.2331703058824254
09251.png,bottom-face,a_degradation_17,0.1897633907538024
09251.png,forehead,a_degradation_17,0.28795184915278177
09251.png,under-eyes,a_degradation_17,0.27127902092731027
09252.png,left-cheek,original_roi,
09252.png,right-cheek,original_roi,0.24739949203198827
09252.png,bottom-face,original_roi,0.27428394721721977
09252.png,forehead,original_roi,0.2629379856183597
09252.png,under-eyes,original_roi,0.2266901451416279
09252.png,left-cheek,a_degradation_11,
09252.png,right-cheek,a_degradation_11,0.2327836597071219
09252.png,bottom-face,a_degradation_11,0.26929076137426383
09252.png,forehead,a_degradation_11,0.2511871212222363
09252.png,under-eyes,a_degradation_11,0.21469919600466894
09252.png,left-cheek,a_degradation_17,
09252.png,right-cheek,a_degradation_17,0.2016986610019002
09252.png,bottom-face,a_degradation_17,0.25126090178891175
09252.png,forehead,a_degradation_17,0.23634136367287212
09252.png,under-eyes,a_degradation_17,0.19652849654625265
09258.png,left-cheek,original_roi,0.3546239809928559
09258.png,right-cheek,original_roi,0.33282433838916425
09258.png,bottom-face,original_roi,0.3454899559453157
09258.png,forehead,original_roi,0.27358575377726363
09258.png,under-eyes,original_roi,0.2872943153644563
09258.png,left-cheek,a_degradation_11,0.3255987587435396
09258.png,right-cheek,a_degradation_11,0.3016069888794079
09258.png,bottom-face,a_degradation_11,0.31333857189883335
09258.png,forehead,a_degradation_11,0.2518105859080956
09258.png,under-eyes,a_degradation_11,0.26395180591873746
09258.png,left-cheek,a_degradation_17,0.27145149141298847
09258.png,right-cheek,a_degradation_17,0.2425292526671427
09258.png,bottom-face,a_degradation_17,0.26659114772871256
09258.png,forehead,a_degradation_17,0.24139168021113575
09258.png,under-eyes,a_degradation_17,0.2602518147820197
09263.png,left-cheek,original_roi,0.26242412627374173
09263.png,right-cheek,original_roi,0.24723786530563735
09263.png,bottom-face,original_roi,0.1867478960839044
09263.png,forehead,original_roi,0.19762033269530088
09263.png,under-eyes,original_roi,0.21242807056175816
09263.png,left-cheek,a_degradation_11,0.2585122271565847
09263.png,right-cheek,a_degradation_11,0.24261786900968874
09263.png,bottom-face,a_degradation_11,0.17554411262122396
09263.png,forehead,a_degradation_11,0.19219411999094121
09263.png,under-eyes,a_degradation_11,0.21061108849727844
09263.png,left-cheek,a_degradation_17,0.25673490994766734
09263.png,right-cheek,a_degradation_17,0.23637018072104135
09263.png,bottom-face,a_degradation_17,0.16716233575159395
09263.png,forehead,a_degradation_17,0.1852040672289814
09263.png,under-eyes,a_degradation_17,0.1911780796771161
09266.png,left-cheek,original_roi,0.21089769334896724
09266.png,right-cheek,original_roi,0.2244947507401588
09266.png,bottom-face,original_roi,0.2134518567195842
09266.png,forehead,original_roi,0.2282452476331101
09266.png,under-eyes,original_roi,0.21739622268734826
09266.png,left-cheek,a_degradation_11,0.22189765003798612
09266.png,right-cheek,a_degradation_11,0.23356709380860904
09266.png,bottom-face,a_degradation_11,0.21613873625275748
09266.png,forehead,a_degradation_11,0.22097954967747832
09266.png,under-eyes,a_degradation_11,0.214320221990429
09266.png,left-cheek,a_degradation_17,0.2045556922848875
09266.png,right-cheek,a_degradation_17,0.24122259058592513
09266.png,bottom-face,a_degradation_17,0.19663746965815782
09266.png,forehead,a_degradation_17,0.21386232790591803
09266.png,under-eyes,a_degradation_17,0.21437353750593785
09269.png,left-cheek,original_roi,0.3030389215925596
09269.png,right-cheek,original_roi,0.21845223310776346
09269.png,bottom-face,original_roi,0.17084511173031752
09269.png,forehead,original_roi,0.1685096092771179
09269.png,under-eyes,original_roi,0.2466994669851443
09269.png,left-cheek,a_degradation_11,0.28085402845591045
09269.png,right-cheek,a_degradation_11,0.20415922016947285
09269.png,bottom-face,a_degradation_11,0.16606747076984868
09269.png,forehead,a_degradation_11,0.14915323782359918
09269.png,under-eyes,a_degradation_11,0.23476476210420444
09269.png,left-cheek,a_degradation_17,0.23960480161097814
09269.png,right-cheek,a_degradation_17,0.1735040803576248
09269.png,bottom-face,a_degradation_17,0.15219796422544232
09269.png,forehead,a_degradation_17,0.14433100721808165
09269.png,under-eyes,a_degradation_17,0.23469911500589521
09272.png,left-cheek,original_roi,0.20966593007892592
09272.png,right-cheek,original_roi,0.18906536630736318
09272.png,bottom-face,original_roi,0.19766692829637716
09272.png,forehead,original_roi,0.22460824379210328
09272.png,under-eyes,original_roi,0.2539101139560919
09272.png,left-cheek,a_degradation_11,0.20842010870750785
09272.png,right-cheek,a_degradation_11,0.1778074337536206
09272.png,bottom-face,a_degradation_11,0.1861962106166263
09272.png,forehead,a_degradation_11,0.21741275399546162
09272.png,under-eyes,a_degradation_11,0.23480856301668732
09272.png,left-cheek,a_degradation_17,0.19473619915290832
09272.png,right-cheek,a_degradation_17,0.16353355855296653
09272.png,bottom-face,a_degradation_17,0.1749793209583137
09272.png,forehead,a_degradation_17,0.20366443651496943
09272.png,under-eyes,a_degradation_17,0.23316176071054856
09278.png,left-cheek,original_roi,0.23392801772432353
09278.png,right-cheek,original_roi,0.21998420744305833
09278.png,bottom-face,original_roi,0.25721463504436015
09278.png,forehead,original_roi,0.2570381192934082
09278.png,under-eyes,original_roi,0.21044524930099257
09278.png,left-cheek,a_degradation_11,0.20989081669578347
09278.png,right-cheek,a_degradation_11,0.20238881935608286
09278.png,bottom-face,a_degradation_11,0.23379408146190062
09278.png,forehead,a_degradation_11,0.2436429908114911
09278.png,under-eyes,a_degradation_11,0.1991433449551056
09278.png,left-cheek,a_degradation_17,0.19305411091267757
09278.png,right-cheek,a_degradation_17,0.17970963872240078
09278.png,bottom-face,a_degradation_17,0.21227104742379574
09278.png,forehead,a_degradation_17,0.24554911695105788
09278.png,under-eyes,a_degradation_17,0.20972564223972712
09285.png,left-cheek,original_roi,0.3074386207071863
09285.png,right-cheek,original_roi,0.1926065610751939
09285.png,bottom-face,original_roi,0.19126858270575958
09285.png,forehead,original_roi,0.168728162294043
09285.png,under-eyes,original_roi,0.2745537919280398
09285.png,left-cheek,a_degradation_11,0.3304271571868092
09285.png,right-cheek,a_degradation_11,0.18464769727970656
09285.png,bottom-face,a_degradation_11,0.19215605026384794
09285.png,forehead,a_degradation_11,0.16279873547232362
09285.png,under-eyes,a_degradation_11,0.25576660906653803
09285.png,left-cheek,a_degradation_17,0.29710045833986765
09285.png,right-cheek,a_degradation_17,0.17663652555178003
09285.png,bottom-face,a_degradation_17,0.17631223893760717
09285.png,forehead,a_degradation_17,0.16014040936428198
09285.png,under-eyes,a_degradation_17,0.2553376120935492
09294.png,left-cheek,original_roi,0.2081364894108894
09294.png,right-cheek,original_roi,0.1980265165387606
09294.png,bottom-face,original_roi,0.2602374782766083
09294.png,forehead,original_roi,0.2225588562696267
09294.png,under-eyes,original_roi,0.19590799807102993
09294.png,left-cheek,a_degradation_11,0.20963852209006403
09294.png,right-cheek,a_degradation_11,0.2025386431923011
09294.png,bottom-face,a_degradation_11,0.24781707899286676
09294.png,forehead,a_degradation_11,0.21286206766351026
09294.png,under-eyes,a_degradation_11,0.18965990623928222
09294.png,left-cheek,a_degradation_17,0.1987534465633461
09294.png,right-cheek,a_degradation_17,0.2029875078907247
09294.png,bottom-face,a_degradation_17,0.23393840997586096
09294.png,forehead,a_degradation_17,0.21361319760897882
09294.png,under-eyes,a_degradation_17,0.18904398421424967
09297.png,left-cheek,original_roi,0.2197699447394364
09297.png,right-cheek,original_roi,0.1471688490282418
09297.png,bottom-face,original_roi,0.16152745558603834
09297.png,forehead,original_roi,0.1709735386365822
09297.png,under-eyes,original_roi,0.19222070404281946
09297.png,left-cheek,a_degradation_11,0.2140217936159344
09297.png,right-cheek,a_degradation_11,0.1467461174339172
09297.png,bottom-face,a_degradation_11,0.159451757457362
09297.png,forehead,a_degradation_11,0.1652722851306598
09297.png,under-eyes,a_degradation_11,0.19225548408726648
09297.png,left-cheek,a_degradation_17,0.20618890984045918
09297.png,right-cheek,a_degradation_17,0.14202249971097264
09297.png,bottom-face,a_degradation_17,0.15079859903658255
09297.png,forehead,a_degradation_17,0.1564905426978496
09297.png,under-eyes,a_degradation_17,0.1820726210518225
09301.png,left-cheek,original_roi,0.2528927851921156
09301.png,right-cheek,original_roi,0.3176359408567637
09301.png,bottom-face,original_roi,0.23019691592243074
09301.png,forehead,original_roi,0.20270551017913266
09301.png,under-eyes,original_roi,0.22483464165746078
09301.png,left-cheek,a_degradation_11,0.24278998988645178
09301.png,right-cheek,a_degradation_11,0.3004828005282655
09301.png,bottom-face,a_degradation_11,0.21360651038491904
09301.png,forehead,a_degradation_11,0.20172116812609375
09301.png,under-eyes,a_degradation_11,0.22472406766001612
09301.png,left-cheek,a_degradation_17,0.2107454253236497
09301.png,right-cheek,a_degradation_17,0.31943888723813846
09301.png,bottom-face,a_degradation_17,0.21303933043208745
09301.png,forehead,a_degradation_17,0.19096822724814005
09301.png,under-eyes,a_degradation_17,0.20974748433278848
10000.png,left-cheek,original_roi,0.20331423210797986
10000.png,right-cheek,original_roi,0.22261172971999152
10000.png,bottom-face,original_roi,0.21294899337030807
10000.png,forehead,original_roi,0.17666285379426827
10000.png,under-eyes,original_roi,0.1855131285011987
10000.png,left-cheek,a_degradation_11,0.20216437378000127
10000.png,right-cheek,a_degradation_11,0.2105618206516214
10000.png,bottom-face,a_degradation_11,0.20760457562562754
10000.png,forehead,a_degradation_11,0.16920133736983878
10000.png,under-eyes,a_degradation_11,0.18683477287095224
10000.png,left-cheek,a_degradation_17,0.21648855313286144
10000.png,right-cheek,a_degradation_17,0.1990797637708666
10000.png,bottom-face,a_degradation_17,0.2001192737025161
10000.png,forehead,a_degradation_17,0.16286149315932485
10000.png,under-eyes,a_degradation_17,0.17582262582052838
10004.png,left-cheek,original_roi,0.16643917989875667
10004.png,right-cheek,original_roi,0.1749936509945774
10004.png,bottom-face,original_roi,0.18443217267404474
10004.png,forehead,original_roi,0.1349624282211764
10004.png,under-eyes,original_roi,0.17945258981590775
10004.png,left-cheek,a_degradation_11,0.15507380902509482
10004.png,right-cheek,a_degradation_11,0.16621380781798736
10004.png,bottom-face,a_degradation_11,0.17302836372472044
10004.png,forehead,a_degradation_11,0.13054323300293122
10004.png,under-eyes,a_degradation_11,0.1686240649641089
10004.png,left-cheek,a_degradation_17,0.14513914892495414
10004.png,right-cheek,a_degradation_17,0.15983656603810456
10004.png,bottom-face,a_degradation_17,0.16121512431425788
10004.png,forehead,a_degradation_17,0.12952742832320638
10004.png,under-eyes,a_degradation_17,0.16460339776675909
10005.png,left-cheek,original_roi,0.3185117373101651
10005.png,right-cheek,original_roi,0.19372895853119274
10005.png,bottom-face,original_roi,0.16666040179172775
10005.png,forehead,original_roi,0.1578359126351605
10005.png,under-eyes,original_roi,0.1466401146795016
10005.png,left-cheek,a_degradation_11,0.30927313632139153
10005.png,right-cheek,a_degradation_11,0.19442867150194976
10005.png,bottom-face,a_degradation_11,0.16481941361235805
10005.png,forehead,a_degradation_11,0.15860556111187296
10005.png,under-eyes,a_degradation_11,0.14481139868840487
10005.png,left-cheek,a_degradation_17,0.30196066436768676
10005.png,right-cheek,a_degradation_17,0.18853032372045653
10005.png,bottom-face,a_degradation_17,0.15645250171220823
10005.png,forehead,a_degradation_17,0.15359298350803
10005.png,under-eyes,a_degradation_17,0.1447764081125797
10007.png,left-cheek,original_roi,0.2629376963350342
10007.png,right-cheek,original_roi,0.15100140081989905
10007.png,bottom-face,original_roi,0.11254859169385369
10007.png,forehead,original_roi,0.11443483157550045
10007.png,under-eyes,original_roi,0.1392933392581073
10007.png,left-cheek,a_degradation_11,0.2565183529171828
10007.png,right-cheek,a_degradation_11,0.1498066801693397
10007.png,bottom-face,a_degradation_11,0.10919983905308223
10007.png,forehead,a_degradation_11,0.11206531584561041
10007.png,under-eyes,a_degradation_11,0.13544974419809133
10007.png,left-cheek,a_degradation_17,0.25757447349067114
10007.png,right-cheek,a_degradation_17,0.15019647678963968
10007.png,bottom-face,a_degradation_17,0.10607900399469784
10007.png,forehead,a_degradation_17,0.11115879202621161
10007.png,under-eyes,a_degradation_17,0.13102290735440064
10010.png,left-cheek,original_roi,0.1639721612417027
10010.png,right-cheek,original_roi,0.2167943843138912
10010.png,bottom-face,original_roi,0.20434023248140673
10010.png,forehead,original_roi,0.25696342227533053
10010.png,under-eyes,original_roi,0.1968059452671847
10010.png,left-cheek,a_degradation_11,0.16182923134325228
10010.png,right-cheek,a_degradation_11,0.2079021178550147
10010.png,bottom-face,a_degradation_11,0.1979207520647315
10010.png,forehead,a_degradation_11,0.25179732755599804
10010.png,under-eyes,a_degradation_11,0.1906552840135665
10010.png,left-cheek,a_degradation_17,0.15770730680533995
10010.png,right-cheek,a_degradation_17,0.1892857114651374
10010.png,bottom-face,a_degradation_17,0.18314288843171012
10010.png,forehead,a_degradation_17,0.23790416269409737
10010.png,under-eyes,a_degradation_17,0.1897390462933789
10012.png,left-cheek,original_roi,0.1781626847403362
10012.png,right-cheek,original_roi,0.28862111330965573
10012.png,bottom-face,original_roi,0.2176814456975862
10012.png,forehead,original_roi,0.19085786336843832
10012.png,under-eyes,original_roi,0.1725102556062561
10012.png,left-cheek,a_degradation_11,0.1705962263075326
10012.png,right-cheek,a_degradation_11,0.2808297000220687
10012.png,bottom-face,a_degradation_11,0.2118719874441051
10012.png,forehead,a_degradation_11,0.18445181604058272
10012.png,under-eyes,a_degradation_11,0.16419885274426196
10012.png,left-cheek,a_degradation_17,0.17152003677672661
10012.png,right-cheek,a_degradation_17,0.25587956449819166
10012.png,bottom-face,a_degradation_17,0.19412716748430484
10012.png,forehead,a_degradation_17,0.1806510827996261
10012.png,under-eyes,a_degradation_17,0.158682506744473
10013.png,left-cheek,original_roi,0.28416144022362766
10013.png,right-cheek,original_roi,0.2382956342997999
10013.png,bottom-face,original_roi,0.27626045970433033
10013.png,forehead,original_roi,0.15994551172645866
10013.png,under-eyes,original_roi,0.2500076758237968
10013.png,left-cheek,a_degradation_11,0.2737541674647865
10013.png,right-cheek,a_degradation_11,0.23949875778017624
10013.png,bottom-face,a_degradation_11,0.26173088315611737
10013.png,forehead,a_degradation_11,0.15750063038869683
10013.png,under-eyes,a_degradation_11,0.23205345194547333
10013.png,left-cheek,a_degradation_17,0.25483139569742785
10013.png,right-cheek,a_degradation_17,0.2190228737980418
10013.png,bottom-face,a_degradation_17,0.24373729889621798
10013.png,forehead,a_degradation_17,0.1515226667802077
10013.png,under-eyes,a_degradation_17,0.22789800594026294
10015.png,left-cheek,original_roi,0.23217457950724762
10015.png,right-cheek,original_roi,0.2512130979268665
10015.png,bottom-face,original_roi,0.2597220303826991
10015.png,forehead,original_roi,0.17771328852675874
10015.png,under-eyes,original_roi,0.2540755775473778
10015.png,left-cheek,a_degradation_11,0.22865288533943157
10015.png,right-cheek,a_degradation_11,0.24169150168417206
10015.png,bottom-face,a_degradation_11,0.2509045615871991
10015.png,forehead,a_degradation_11,0.17447623267041315
10015.png,under-eyes,a_degradation_11,0.23731885344373838
10015.png,left-cheek,a_degradation_17,0.21871054262704978
10015.png,right-cheek,a_degradation_17,0.20978152610065345
10015.png,bottom-face,a_degradation_17,0.22377002044343627
10015.png,forehead,a_degradation_17,0.16838329234182492
10015.png,under-eyes,a_degradation_17,0.2348255945455704
10017.png,left-cheek,original_roi,0.2976591218481637
10017.png,right-cheek,original_roi,0.5544104879102572
10017.png,bottom-face,original_roi,0.23773996442060422
10017.png,forehead,original_roi,0.332928479628139
10017.png,under-eyes,original_roi,0.2660384031647269
10017.png,left-cheek,a_degradation_11,0.26543124234502086
10017.png,right-cheek,a_degradation_11,0.5544104879102572
10017.png,bottom-face,a_degradation_11,0.22880230717255684
10017.png,forehead,a_degradation_11,0.2774904369164568
10017.png,under-eyes,a_degradation_11,0.25420674626532946
10017.png,left-cheek,a_degradation_17,0.2127747028788611
10017.png,right-cheek,a_degradation_17,0.525192858879633
10017.png,bottom-face,a_degradation_17,0.2112019524482251
10017.png,forehead,a_degradation_17,0.24988265258377526
10017.png,under-eyes,a_degradation_17,0.23976477133623608
10020.png,left-cheek,original_roi,0.21135419577940742
10020.png,right-cheek,original_roi,0.22819808383269696
10020.png,bottom-face,original_roi,0.2612440501682273
10020.png,forehead,original_roi,0.2352387093505326
10020.png,under-eyes,original_roi,0.2763940825350572
10020.png,left-cheek,a_degradation_11,0.19935337712238596
10020.png,right-cheek,a_degradation_11,0.20801664476752527
10020.png,bottom-face,a_degradation_11,0.24359035097277718
10020.png,forehead,a_degradation_11,0.2277948315828057
10020.png,under-eyes,a_degradation_11,0.2624622863742968
10020.png,left-cheek,a_degradation_17,0.1909088198807521
10020.png,right-cheek,a_degradation_17,0.18731972062783983
10020.png,bottom-face,a_degradation_17,0.22753523206221213
10020.png,forehead,a_degradation_17,0.21163739291751898
10020.png,under-eyes,a_degradation_17,0.25039987645446765
10022.png,left-cheek,original_roi,0.3311767379969249
10022.png,right-cheek,original_roi,0.2766759362273954
10022.png,bottom-face,original_roi,0.29301539001386717
10022.png,forehead,original_roi,0.30614271025208556
10022.png,under-eyes,original_roi,0.26254340975059803
10022.png,left-cheek,a_degradation_11,0.31230670954246087
10022.png,right-cheek,a_degradation_11,0.2642935040237282
10022.png,bottom-face,a_degradation_11,0.2893391434180188
10022.png,forehead,a_degradation_11,0.2880057064118923
10022.png,under-eyes,a_degradation_11,0.23862758688274913
10022.png,left-cheek,a_degradation_17,0.2678990723351173
10022.png,right-cheek,a_degradation_17,0.2624341455511079
10022.png,bottom-face,a_degradation_17,0.25431183985406397
10022.png,forehead,a_degradation_17,0.26203186346403057
10022.png,under-eyes,a_degradation_17,0.23587516185541846
10025.png,left-cheek,original_roi,0.1542813892549322
10025.png,right-cheek,original_roi,0.14850477558902614
10025.png,bottom-face,original_roi,0.18105927140088504
10025.png,forehead,original_roi,0.210360872722397
10025.png,under-eyes,original_roi,0.21172124343172546
10025.png,left-cheek,a_degradation_11,0.1550099015284306
10025.png,right-cheek,a_degradation_11,0.1504159348258055
10025.png,bottom-face,a_degradation_11,0.18029777608925524
10025.png,forehead,a_degradation_11,0.19870064408593888
10025.png,under-eyes,a_degradation_11,0.20696184378841057
10025.png,left-cheek,a_degradation_17,0.15836344981558131
10025.png,right-cheek,a_degradation_17,0.14583325633369312
10025.png,bottom-face,a_degradation_17,0.16808057440759197
10025.png,forehead,a_degradation_17,0.19293929073922833
10025.png,under-eyes,a_degradation_17,0.20443896159241748
10034.png,left-cheek,original_roi,0.30731244064020746
10034.png,right-cheek,original_roi,0.28081551954749956
10034.png,bottom-face,original_roi,0.25320701794670264
10034.png,forehead,original_roi,0.20660961065339475
10034.png,under-eyes,original_roi,0.18609037798929207
10034.png,left-cheek,a_degradation_11,0.3057516671916943
10034.png,right-cheek,a_degradation_11,0.2955475403510475
10034.png,bottom-face,a_degradation_11,0.24911517513728035
10034.png,forehead,a_degradation_11,0.1984245560379568
10034.png,under-eyes,a_degradation_11,0.18307072909900854
10034.png,left-cheek,a_degradation_17,0.27908619430122944
10034.png,right-cheek,a_degradation_17,0.2632659671538688
10034.png,bottom-face,a_degradation_17,0.22787298353647653
10034.png,forehead,a_degradation_17,0.19434022703775486
10034.png,under-eyes,a_degradation_17,0.1759421269708725
10035.png,left-cheek,original_roi,0.22237436024321994
10035.png,right-cheek,original_roi,0.22912158956249265
10035.png,bottom-face,original_roi,0.20814336840801895
10035.png,forehead,original_roi,0.24203462992150968
10035.png,under-eyes,original_roi,0.2132727553792939
10035.png,left-cheek,a_degradation_11,0.2100381078611683
10035.png,right-cheek,a_degradation_11,0.221503446754955
10035.png,bottom-face,a_degradation_11,0.20186734649608762
10035.png,forehead,a_degradation_11,0.23409901418305018
10035.png,under-eyes,a_degradation_11,0.19834704709489664
10035.png,left-cheek,a_degradation_17,0.1878002372442677
10035.png,right-cheek,a_degradation_17,0.19549925469097315
10035.png,bottom-face,a_degradation_17,0.18441759797105747
10035.png,forehead,a_degradation_17,0.22724416250488008
10035.png,under-eyes,a_degradation_17,0.20125054859471106
10038.png,left-cheek,original_roi,0.23278174117995623
10038.png,right-cheek,original_roi,0.315464769142462
10038.png,bottom-face,original_roi,0.26294274775843446
10038.png,forehead,original_roi,0.15756665652450227
10038.png,under-eyes,original_roi,0.23498531649908636
10038.png,left-cheek,a_degradation_11,0.2304079818702606
10038.png,right-cheek,a_degradation_11,0.30449688024030713
10038.png,bottom-face,a_degradation_11,0.24004474764516587
10038.png,forehead,a_degradation_11,0.15258551197816406
10038.png,under-eyes,a_degradation_11,0.22403582715271306
10038.png,left-cheek,a_degradation_17,0.2324934412077741
10038.png,right-cheek,a_degradation_17,0.2639609853411326
10038.png,bottom-face,a_degradation_17,0.22193134309140683
10038.png,forehead,a_degradation_17,0.14940809703626848
10038.png,under-eyes,a_degradation_17,0.20949091954526214
10041.png,left-cheek,original_roi,0.3548709353647728
10041.png,right-cheek,original_roi,0.369513358625735
10041.png,bottom-face,original_roi,0.2595789214058957
10041.png,forehead,original_roi,0.24168953065760815
10041.png,under-eyes,original_roi,0.2492396513231937
10041.png,left-cheek,a_degradation_11,0.33651186564634367
10041.png,right-cheek,a_degradation_11,0.34931918843626414
10041.png,bottom-face,a_degradation_11,0.25321971659697834
10041.png,forehead,a_degradation_11,0.2332324624145589
10041.png,under-eyes,a_degradation_11,0.2285380708765828
10041.png,left-cheek,a_degradation_17,0.316487300516814
10041.png,right-cheek,a_degradation_17,0.2985703389774888
10041.png,bottom-face,a_degradation_17,0.2464858131015803
10041.png,forehead,a_degradation_17,0.21198308674467958
10041.png,under-eyes,a_degradation_17,0.22820125727766227
10044.png,left-cheek,original_roi,0.40420041922779837
10044.png,right-cheek,original_roi,0.29482777933532117
10044.png,bottom-face,original_roi,0.2982667188014842
10044.png,forehead,original_roi,0.3395882771142466
10044.png,under-eyes,original_roi,0.2917512374105014
10044.png,left-cheek,a_degradation_11,0.38249227214601517
10044.png,right-cheek,a_degradation_11,0.275872465654756
10044.png,bottom-face,a_degradation_11,0.2616429896507299
10044.png,forehead,a_degradation_11,0.3187495151467546
10044.png,under-eyes,a_degradation_11,0.2798526292375647
10044.png,left-cheek,a_degradation_17,0.392719265355472
10044.png,right-cheek,a_degradation_17,0.2532716250808426
10044.png,bottom-face,a_degradation_17,0.24965697198690792
10044.png,forehead,a_degradation_17,0.2868356676034129
10044.png,under-eyes,a_degradation_17,0.2575344338231402
10045.png,left-cheek,original_roi,0.2446215803759125
10045.png,right-cheek,original_roi,0.28183193810373675
10045.png,bottom-face,original_roi,0.3030606382081874
10045.png,forehead,original_roi,0.14510198030612748
10045.png,under-eyes,original_roi,0.20700712400595137
10045.png,left-cheek,a_degradation_11,0.22578200617098676
10045.png,right-cheek,a_degradation_11,0.24779120036762362
10045.png,bottom-face,a_degradation_11,0.27110334716943923
10045.png,forehead,a_degradation_11,0.14100715956168777
10045.png,under-eyes,a_degradation_11,0.19765657042237866
10045.png,left-cheek,a_degradation_17,0.2051354003861822
10045.png,right-cheek,a_degradation_17,0.20901656891145196
10045.png,bottom-face,a_degradation_17,0.236815067745331
10045.png,forehead,a_degradation_17,0.1411268620094131
10045.png,under-eyes,a_degradation_17,0.18826022510628387
10047.png,left-cheek,original_roi,0.22735322142628858
10047.png,right-cheek,original_roi,0.15306555476189523
10047.png,bottom-face,original_roi,0.20555213060206237
10047.png,forehead,original_roi,0.21916422216641854
10047.png,under-eyes,original_roi,0.1965470710221927
10047.png,left-cheek,a_degradation_11,0.21188711604046984
10047.png,right-cheek,a_degradation_11,0.1445775919582134
10047.png,bottom-face,a_degradation_11,0.1963868667003957
10047.png,forehead,a_degradation_11,0.21829155939145814
10047.png,under-eyes,a_degradation_11,0.19066852889737496
10047.png,left-cheek,a_degradation_17,0.1845147014806566
10047.png,right-cheek,a_degradation_17,0.13372599462387771
10047.png,bottom-face,a_degradation_17,0.1771610837529101
10047.png,forehead,a_degradation_17,0.20851554801887187
10047.png,under-eyes,a_degradation_17,0.18696834132593662
10051.png,left-cheek,original_roi,0.184675567918108
10051.png,right-cheek,original_roi,0.19704502184358702
10051.png,bottom-face,original_roi,0.18651318914755036
10051.png,forehead,original_roi,0.149263021163941
10051.png,under-eyes,original_roi,0.18581268002939713
10051.png,left-cheek,a_degradation_11,0.1717696738573166
10051.png,right-cheek,a_degradation_11,0.18652224031341005
10051.png,bottom-face,a_degradation_11,0.17891561720825425
10051.png,forehead,a_degradation_11,0.14692192691564643
10051.png,under-eyes,a_degradation_11,0.178585598723392
10051.png,left-cheek,a_degradation_17,0.14851533388642846
10051.png,right-cheek,a_degradation_17,0.16524886144340398
10051.png,bottom-face,a_degradation_17,0.16268368882366258
10051.png,forehead,a_degradation_17,0.1394433772642443
10051.png,under-eyes,a_degradation_17,0.1716128451783201
10052.png,left-cheek,original_roi,0.2505432703340134
10052.png,right-cheek,original_roi,0.24585714358357386
10052.png,bottom-face,original_roi,0.18161718450002493
10052.png,forehead,original_roi,0.26963861542724843
10052.png,under-eyes,original_roi,0.21619462534684442
10052.png,left-cheek,a_degradation_11,0.2510809008104629
10052.png,right-cheek,a_degradation_11,0.24524419708786727
10052.png,bottom-face,a_degradation_11,0.1767520209732552
10052.png,forehead,a_degradation_11,0.2590533822426163
10052.png,under-eyes,a_degradation_11,0.20771565021904437
10052.png,left-cheek,a_degradation_17,0.25251292884318216
10052.png,right-cheek,a_degradation_17,0.22896962997774992
10052.png,bottom-face,a_degradation_17,0.16903939356479172
10052.png,forehead,a_degradation_17,0.2398664705127396
10052.png,under-eyes,a_degradation_17,0.20839108254055957
10054.png,left-cheek,original_roi,0.23582835461297572
10054.png,right-cheek,original_roi,0.3122334653069277
10054.png,bottom-face,original_roi,0.22998900001327247
10054.png,forehead,original_roi,0.12839818090903474
10054.png,under-eyes,original_roi,0.2968561955270277
10054.png,left-cheek,a_degradation_11,0.24782782600826322
10054.png,right-cheek,a_degradation_11,0.31989321069808424
10054.png,bottom-face,a_degradation_11,0.22401545207903303
10054.png,forehead,a_degradation_11,0.12430165219863061
10054.png,under-eyes,a_degradation_11,0.2795435049520185
10054.png,left-cheek,a_degradation_17,0.2591958112642253
10054.png,right-cheek,a_degradation_17,0.27382255552475676
10054.png,bottom-face,a_degradation_17,0.20770599448792998
10054.png,forehead,a_degradation_17,0.12361423317497112
10054.png,under-eyes,a_degradation_17,0.26522835881915763
10064.png,left-cheek,original_roi,0.2615056948355025
10064.png,right-cheek,original_roi,0.25146925280949756
10064.png,bottom-face,original_roi,0.30390654268651807
10064.png,forehead,original_roi,0.20714087853630836
10064.png,under-eyes,original_roi,0.22923956780258217
10064.png,left-cheek,a_degradation_11,0.2564430474684934
10064.png,right-cheek,a_degradation_11,0.24942816092988737
10064.png,bottom-face,a_degradation_11,0.27784520073731883
10064.png,forehead,a_degradation_11,0.20276004387111546
10064.png,under-eyes,a_degradation_11,0.21584314276990835
10064.png,left-cheek,a_degradation_17,0.2243638183451308
10064.png,right-cheek,a_degradation_17,0.2152158452957548
10064.png,bottom-face,a_degradation_17,0.24307358726948636
10064.png,forehead,a_degradation_17,0.19737286627026035
10064.png,under-eyes,a_degradation_17,0.21743919410080764
10069.png,left-cheek,original_roi,0.16855745908844552
10069.png,right-cheek,original_roi,0.20463695790188102
10069.png,bottom-face,original_roi,0.17791543869619814
10069.png,forehead,original_roi,0.16737007815799698
10069.png,under-eyes,original_roi,0.17360598137122635
10069.png,left-cheek,a_degradation_11,0.1642343587724358
10069.png,right-cheek,a_degradation_11,0.2067608846934052
10069.png,bottom-face,a_degradation_11,0.16977888942732414
10069.png,forehead,a_degradation_11,0.16198517608613383
10069.png,under-eyes,a_degradation_11,0.16391580017254617
10069.png,left-cheek,a_degradation_17,0.1606453328632238
10069.png,right-cheek,a_degradation_17,0.20902975485362785
10069.png,bottom-face,a_degradation_17,0.1637278643206755
10069.png,forehead,a_degradation_17,0.15440287516042664
10069.png,under-eyes,a_degradation_17,0.1625789619969374
10071.png,left-cheek,original_roi,0.2313021273552115
10071.png,right-cheek,original_roi,0.23055632518139246
10071.png,bottom-face,original_roi,0.25226156035176905
10071.png,forehead,original_roi,0.30846679956866463
10071.png,under-eyes,original_roi,0.2418109764425496
10071.png,left-cheek,a_degradation_11,0.22470307425340375
10071.png,right-cheek,a_degradation_11,0.2139995239697555
10071.png,bottom-face,a_degradation_11,0.23910259658713418
10071.png,forehead,a_degradation_11,0.28674267759350086
10071.png,under-eyes,a_degradation_11,0.23289597188801767
10071.png,left-cheek,a_degradation_17,0.2083119761571295
10071.png,right-cheek,a_degradation_17,0.19306587158629565
10071.png,bottom-face,a_degradation_17,0.2205591743180644
10071.png,forehead,a_degradation_17,0.2668723059100821
10071.png,under-eyes,a_degradation_17,0.22999136651738072
10074.png,left-cheek,original_roi,0.2751367275159421
10074.png,right-cheek,original_roi,0.1964046280711891
10074.png,bottom-face,original_roi,0.2049512195746459
10074.png,forehead,original_roi,0.222204281053855
10074.png,under-eyes,original_roi,0.1955969336251838
10074.png,left-cheek,a_degradation_11,0.2719292782012673
10074.png,right-cheek,a_degradation_11,0.18591391744815586
10074.png,bottom-face,a_degradation_11,0.19188476929603598
10074.png,forehead,a_degradation_11,0.20761220103315323
10074.png,under-eyes,a_degradation_11,0.19203851289945814
10074.png,left-cheek,a_degradation_17,0.25653801583584795
10074.png,right-cheek,a_degradation_17,0.16218717896859608
10074.png,bottom-face,a_degradation_17,0.1791273225655834
10074.png,forehead,a_degradation_17,0.20004774279368792
10074.png,under-eyes,a_degradation_17,0.18291644301293652
10080.png,left-cheek,original_roi,0.25524636112710986
10080.png,right-cheek,original_roi,0.46114118382177693
10080.png,bottom-face,original_roi,0.24849922589570028
10080.png,forehead,original_roi,0.32214453137368343
10080.png,under-eyes,original_roi,0.19342932601706347
10080.png,left-cheek,a_degradation_11,0.24363332329343262
10080.png,right-cheek,a_degradation_11,0.4584263629215738
10080.png,bottom-face,a_degradation_11,0.23794926450314435
10080.png,forehead,a_degradation_11,0.32282031468443156
10080.png,under-eyes,a_degradation_11,0.18353522524336083
10080.png,left-cheek,a_degradation_17,0.22500902820840324
10080.png,right-cheek,a_degradation_17,0.4325844540333122
10080.png,bottom-face,a_degradation_17,0.2222580249203029
10080.png,forehead,a_degradation_17,0.2986796779973659
10080.png,under-eyes,a_degradation_17,0.18699274899225724
10084.png,left-cheek,original_roi,0.17354243916038525
10084.png,right-cheek,original_roi,0.16630511538987924
10084.png,bottom-face,original_roi,0.24333620834859898
10084.png,forehead,original_roi,0.2282920954379575
10084.png,under-eyes,original_roi,0.2139187003221431
10084.png,left-cheek,a_degradation_11,0.1779601017676407
10084.png,right-cheek,a_degradation_11,0.1638679244385534
10084.png,bottom-face,a_degradation_11,0.23127187577429661
10084.png,forehead,a_degradation_11,0.20765498584019662
10084.png,under-eyes,a_degradation_11,0.20099963859108103
10084.png,left-cheek,a_degradation_17,0.19050167883219835
10084.png,right-cheek,a_degradation_17,0.15299117133486204
10084.png,bottom-face,a_degradation_17,0.21159841318140976
10084.png,forehead,a_degradation_17,0.1989730414485455
10084.png,under-eyes,a_degradation_17,0.19577349863777146
10085.png,left-cheek,original_roi,0.24023611287400204
10085.png,right-cheek,original_roi,0.22545946204385137
10085.png,bottom-face,original_roi,0.3291033856412796
10085.png,forehead,original_roi,0.23862083015005645
10085.png,under-eyes,original_roi,0.21781630798588977
10085.png,left-cheek,a_degradation_11,0.21807360471851706
10085.png,right-cheek,a_degradation_11,0.20667833163189214
10085.png,bottom-face,a_degradation_11,0.29005132243132437
10085.png,forehead,a_degradation_11,0.22373280766797635
10085.png,under-eyes,a_degradation_11,0.20851363081929047
10085.png,left-cheek,a_degradation_17,0.19478154622360025
10085.png,right-cheek,a_degradation_17,0.17864916282781249
10085.png,bottom-face,a_degradation_17,0.26240458497317926
10085.png,forehead,a_degradation_17,0.21502873750239257
10085.png,under-eyes,a_degradation_17,0.20817358095491742
10087.png,left-cheek,original_roi,0.3129393804363517
10087.png,right-cheek,original_roi,0.298914278638926
10087.png,bottom-face,original_roi,0.26820026796661683
10087.png,forehead,original_roi,0.2802671943522543
10087.png,under-eyes,original_roi,0.23343792011536363
10087.png,left-cheek,a_degradation_11,0.31424475400920066
10087.png,right-cheek,a_degradation_11,0.29267614358786903
10087.png,bottom-face,a_degradation_11,0.24658608626562872
10087.png,forehead,a_degradation_11,0.27012642059639247
10087.png,under-eyes,a_degradation_11,0.2176751977863217
10087.png,left-cheek,a_degradation_17,0.2998109008682095
10087.png,right-cheek,a_degradation_17,0.2533922513203127
10087.png,bottom-face,a_degradation_17,0.2204073483665246
10087.png,forehead,a_degradation_17,0.25265439792786365
10087.png,under-eyes,a_degradation_17,0.21327546383580903
10092.png,left-cheek,original_roi,0.38041135871789405
10092.png,right-cheek,original_roi,0.226828963266944
10092.png,bottom-face,original_roi,0.22334692435409084
10092.png,forehead,original_roi,0.2888707347257902
10092.png,under-eyes,original_roi,0.2199047827826427
10092.png,left-cheek,a_degradation_11,0.3736205465984639
10092.png,right-cheek,a_degradation_11,0.22175811013438462
10092.png,bottom-face,a_degradation_11,0.21713162823261564
10092.png,forehead,a_degradation_11,0.26649208908952354
10092.png,under-eyes,a_degradation_11,0.2174949762703811
10092.png,left-cheek,a_degradation_17,0.35045620341898137
10092.png,right-cheek,a_degradation_17,0.19772691296592912
10092.png,bottom-face,a_degradation_17,0.20010164178557974
10092.png,forehead,a_degradation_17,0.2586507024108445
10092.png,under-eyes,a_degradation_17,0.21150495012913129
10098.png,left-cheek,original_roi,0.29067665413963495
10098.png,right-cheek,original_roi,0.2724984019409705
10098.png,bottom-face,original_roi,0.2568697669257711
10098.png,forehead,original_roi,0.2370766935815598
10098.png,under-eyes,original_roi,0.20031668469712516
10098.png,left-cheek,a_degradation_11,0.2957988621843117
10098.png,right-cheek,a_degradation_11,0.26242126693004014
10098.png,bottom-face,a_degradation_11,0.23357541702135276
10098.png,forehead,a_degradation_11,0.22326675407577745
10098.png,under-eyes,a_degradation_11,0.1929876047027385
10098.png,left-cheek,a_degradation_17,0.2696098272305839
10098.png,right-cheek,a_degradation_17,0.22155978031673831
10098.png,bottom-face,a_degradation_17,0.21171489535173585
10098.png,forehead,a_degradation_17,0.21036285252859388
10098.png,under-eyes,a_degradation_17,0.18358595129489444
10101.png,left-cheek,original_roi,0.21209974195390385
10101.png,right-cheek,original_roi,0.24986497456914566
10101.png,bottom-face,original_roi,0.21077532082299436
10101.png,forehead,original_roi,0.2144347233101066
10101.png,under-eyes,original_roi,0.2490227678004933
10101.png,left-cheek,a_degradation_11,0.2131057400275851
10101.png,right-cheek,a_degradation_11,0.2548637554976193
10101.png,bottom-face,a_degradation_11,0.20083433387294508
10101.png,forehead,a_degradation_11,0.21631447718469674
10101.png,under-eyes,a_degradation_11,0.23433479624506096
10101.png,left-cheek,a_degradation_17,0.18456409195948265
10101.png,right-cheek,a_degradation_17,0.2339234090269548
10101.png,bottom-face,a_degradation_17,0.18250790917980317
10101.png,forehead,a_degradation_17,0.20164829135964268
10101.png,under-eyes,a_degradation_17,0.2423238163373489
10105.png,left-cheek,original_roi,0.2899675749666626
10105.png,right-cheek,original_roi,0.33218650703460867
10105.png,bottom-face,original_roi,0.337269238325337
10105.png,forehead,original_roi,0.2227390277030386
10105.png,under-eyes,original_roi,0.32094296462231775
10105.png,left-cheek,a_degradation_11,0.28786201919005544
10105.png,right-cheek,a_degradation_11,0.3189385132939815
10105.png,bottom-face,a_degradation_11,0.3015878660063495
10105.png,forehead,a_degradation_11,0.2143612512910988
10105.png,under-eyes,a_degradation_11,0.2974569462366284
10105.png,left-cheek,a_degradation_17,0.2437900150248684
10105.png,right-cheek,a_degradation_17,0.259284109239296
10105.png,bottom-face,a_degradation_17,0.2574277127293961
10105.png,forehead,a_degradation_17,0.20328539575564364
10105.png,under-eyes,a_degradation_17,0.2953272129878564
10110.png,left-cheek,original_roi,0.19667832786770706
10110.png,right-cheek,original_roi,0.21157794171990946
10110.png,bottom-face,original_roi,0.15865227691673
10110.png,forehead,original_roi,0.16044227262852237
10110.png,under-eyes,original_roi,0.17638636414894193
10110.png,left-cheek,a_degradation_11,0.19554059294104914
10110.png,right-cheek,a_degradation_11,0.22121416970261418
10110.png,bottom-face,a_degradation_11,0.1560049314219073
10110.png,forehead,a_degradation_11,0.15627164402400393
10110.png,under-eyes,a_degradation_11,0.17367074154793571
10110.png,left-cheek,a_degradation_17,0.1946805605474741
10110.png,right-cheek,a_degradation_17,0.20201417909598782
10110.png,bottom-face,a_degradation_17,0.14628093433986528
10110.png,forehead,a_degradation_17,0.1558853704898865
10110.png,under-eyes,a_degradation_17,0.17192578096175493
10113.png,left-cheek,original_roi,0.2849489003879093
10113.png,right-cheek,original_roi,0.32210622357810703
10113.png,bottom-face,original_roi,0.2318176004948002
10113.png,forehead,original_roi,0.2407107285810899
10113.png,under-eyes,original_roi,0.2516987602283129
10113.png,left-cheek,a_degradation_11,0.2676372025642903
10113.png,right-cheek,a_degradation_11,0.3019718071360759
10113.png,bottom-face,a_degradation_11,0.21817036523332173
10113.png,forehead,a_degradation_11,0.22971355878044816
10113.png,under-eyes,a_degradation_11,0.2415822068351411
10113.png,left-cheek,a_degradation_17,0.2725197783754817
10113.png,right-cheek,a_degradation_17,0.25448176712048226
10113.png,bottom-face,a_degradation_17,0.19291317835541777
10113.png,forehead,a_degradation_17,0.21732943341115776
10113.png,under-eyes,a_degradation_17,0.23040031000822958
10116.png,left-cheek,original_roi,0.3805752052609357
10116.png,right-cheek,original_roi,0.44255854613193496
10116.png,bottom-face,original_roi,0.3189831942206853
10116.png,forehead,original_roi,0.32173924939983856
10116.png,under-eyes,original_roi,0.3723773905906743
10116.png,left-cheek,a_degradation_11,0.3383922528877611
10116.png,right-cheek,a_degradation_11,0.34484573503998117
10116.png,bottom-face,a_degradation_11,0.2709467788922163
10116.png,forehead,a_degradation_11,0.30517904971941734
10116.png,under-eyes,a_degradation_11,0.33295182523976047
10116.png,left-cheek,a_degradation_17,0.2843320231343873
10116.png,right-cheek,a_degradation_17,0.25085913137275123
10116.png,bottom-face,a_degradation_17,0.24359063744716233
10116.png,forehead,a_degradation_17,0.2773911302771065
10116.png,under-eyes,a_degradation_17,0.30960017116976474
10121.png,left-cheek,original_roi,0.28026116884177793
10121.png,right-cheek,original_roi,0.1949342487006493
10121.png,bottom-face,original_roi,0.21239038163605534
10121.png,forehead,original_roi,0.3000283328824591
10121.png,under-eyes,original_roi,0.27810233499087395
10121.png,left-cheek,a_degradation_11,0.2444672998909442
10121.png,right-cheek,a_degradation_11,0.17399377440307237
10121.png,bottom-face,a_degradation_11,0.2004846223451067
10121.png,forehead,a_degradation_11,0.2744069795099739
10121.png,under-eyes,a_degradation_11,0.2651139833075058
10121.png,left-cheek,a_degradation_17,0.21493959046654887
10121.png,right-cheek,a_degradation_17,0.1510145754417637
10121.png,bottom-face,a_degradation_17,0.1879295744863006
10121.png,forehead,a_degradation_17,0.2711615221785547
10121.png,under-eyes,a_degradation_17,0.24979685822757486
10124.png,left-cheek,original_roi,0.2588824452433721
10124.png,right-cheek,original_roi,0.2474209934268151
10124.png,bottom-face,original_roi,0.2647488933182687
10124.png,forehead,original_roi,0.21364924533441235
10124.png,under-eyes,original_roi,0.25709334263452593
10124.png,left-cheek,a_degradation_11,0.25652250411900845
10124.png,right-cheek,a_degradation_11,0.22448499133571612
10124.png,bottom-face,a_degradation_11,0.24310633951384175
10124.png,forehead,a_degradation_11,0.20312624912953284
10124.png,under-eyes,a_degradation_11,0.23877861963374697
10124.png,left-cheek,a_degradation_17,0.23970537258563598
10124.png,right-cheek,a_degradation_17,0.19287237668664414
10124.png,bottom-face,a_degradation_17,0.22311609779461336
10124.png,forehead,a_degradation_17,0.19965853249133556
10124.png,under-eyes,a_degradation_17,0.23561364842957275
10133.png,left-cheek,original_roi,0.2708485659138105
10133.png,right-cheek,original_roi,0.4505698911971378
10133.png,bottom-face,original_roi,0.33681811356186525
10133.png,forehead,original_roi,0.31749437490363586
10133.png,under-eyes,original_roi,0.2842355653452574
10133.png,left-cheek,a_degradation_11,0.24535293025720184
10133.png,right-cheek,a_degradation_11,0.40821459778992636
10133.png,bottom-face,a_degradation_11,0.30984630454503675
10133.png,forehead,a_degradation_11,0.30157773220829603
10133.png,under-eyes,a_degradation_11,0.25534342499693713
10133.png,left-cheek,a_degradation_17,0.2194176384274156
10133.png,right-cheek,a_degradation_17,0.42658196234884077
10133.png,bottom-face,a_degradation_17,0.2579688301092114
10133.png,forehead,a_degradation_17,0.26680197987451926
10133.png,under-eyes,a_degradation_17,0.23750432193693444
10134.png,left-cheek,original_roi,0.19850702113973995
10134.png,right-cheek,original_roi,0.20135082884088856
10134.png,bottom-face,original_roi,0.2448395508143315
10134.png,forehead,original_roi,0.2812414558522529
10134.png,under-eyes,original_roi,0.20588124850809497
10134.png,left-cheek,a_degradation_11,0.19006190695532138
10134.png,right-cheek,a_degradation_11,0.19440928685830255
10134.png,bottom-face,a_degradation_11,0.22704102961154754
10134.png,forehead,a_degradation_11,0.2585013436642722
10134.png,under-eyes,a_degradation_11,0.2005121907236981
10134.png,left-cheek,a_degradation_17,0.18655964867341795
10134.png,right-cheek,a_degradation_17,0.1766807095043676
10134.png,bottom-face,a_degradation_17,0.21257173633573287
10134.png,forehead,a_degradation_17,0.25341162391479155
10134.png,under-eyes,a_degradation_17,0.19041914713250752
10135.png,left-cheek,original_roi,0.1775308760280934
10135.png,right-cheek,original_roi,0.1411962707724796
10135.png,bottom-face,original_roi,0.18128063140766432
10135.png,forehead,original_roi,0.2464163602964126
10135.png,under-eyes,original_roi,0.1576919648104567
10135.png,left-cheek,a_degradation_11,0.17292812122489276
10135.png,right-cheek,a_degradation_11,0.13529350925177958
10135.png,bottom-face,a_degradation_11,0.17663351290137225
10135.png,forehead,a_degradation_11,0.2158778370910129
10135.png,under-eyes,a_degradation_11,0.15207830654391716
10135.png,left-cheek,a_degradation_17,0.1670794286393299
10135.png,right-cheek,a_degradation_17,0.12252637714938967
10135.png,bottom-face,a_degradation_17,0.16373223029477774
10135.png,forehead,a_degradation_17,0.200361063256387
10135.png,under-eyes,a_degradation_17,0.1436314888317472
10144.png,left-cheek,original_roi,0.19985224108775662
10144.png,right-cheek,original_roi,0.2599130734961501
10144.png,bottom-face,original_roi,0.2164799651113679
10144.png,forehead,original_roi,0.2245610614569307
10144.png,under-eyes,original_roi,0.18086392737845258
10144.png,left-cheek,a_degradation_11,0.1956613240201126
10144.png,right-cheek,a_degradation_11,0.23291493878525285
10144.png,bottom-face,a_degradation_11,0.20167902593648077
10144.png,forehead,a_degradation_11,0.22042863624714623
10144.png,under-eyes,a_degradation_11,0.17385406547891719
10144.png,left-cheek,a_degradation_17,0.1794560449143956
10144.png,right-cheek,a_degradation_17,0.2074075452808098
10144.png,bottom-face,a_degradation_17,0.18171248712004637
10144.png,forehead,a_degradation_17,0.2127575289446126
10144.png,under-eyes,a_degradation_17,0.17157900465201076
10147.png,left-cheek,original_roi,0.16047624980550265
10147.png,right-cheek,original_roi,0.19813121482392498
10147.png,bottom-face,original_roi,0.21577349285744016
10147.png,forehead,original_roi,0.20009639233652204
10147.png,under-eyes,original_roi,0.2125005332077263
10147.png,left-cheek,a_degradation_11,0.16089814337460567
10147.png,right-cheek,a_degradation_11,0.20022064873967896
10147.png,bottom-face,a_degradation_11,0.22032872727943587
10147.png,forehead,a_degradation_11,0.19118685200206306
10147.png,under-eyes,a_degradation_11,0.20438487914127385
10147.png,left-cheek,a_degradation_17,0.16376271231586215
10147.png,right-cheek,a_degradation_17,0.19834953745157077
10147.png,bottom-face,a_degradation_17,0.2047056719662014
10147.png,forehead,a_degradation_17,0.18717093364863
10147.png,under-eyes,a_degradation_17,0.20354569784002155
10149.png,left-cheek,original_roi,0.3094383574119029
10149.png,right-cheek,original_roi,0.33469663383548487
10149.png,bottom-face,original_roi,0.32637985247100815
10149.png,forehead,original_roi,0.25312536703045146
10149.png,under-eyes,original_roi,0.3129501818637406
10149.png,left-cheek,a_degradation_11,0.29965588491334594
10149.png,right-cheek,a_degradation_11,0.30655716698442315
10149.png,bottom-face,a_degradation_11,0.2839705689426811
10149.png,forehead,a_degradation_11,0.24266496548137118
10149.png,under-eyes,a_degradation_11,0.28436860047526386
10149.png,left-cheek,a_degradation_17,0.28211601397760666
10149.png,right-cheek,a_degradation_17,0.2481228330313048
10149.png,bottom-face,a_degradation_17,0.24053977916854377
10149.png,forehead,a_degradation_17,0.2314999130434214
10149.png,under-eyes,a_degradation_17,0.2730118119105522
10155.png,left-cheek,original_roi,0.16332261500895745
10155.png,right-cheek,original_roi,0.12811133855860407
10155.png,bottom-face,original_roi,0.13765952898712805
10155.png,forehead,original_roi,0.1337762385872046
10155.png,under-eyes,original_roi,0.1355838053424035
10155.png,left-cheek,a_degradation_11,0.15831103652167927
10155.png,right-cheek,a_degradation_11,0.12277011702858594
10155.png,bottom-face,a_degradation_11,0.13480393791421788
10155.png,forehead,a_degradation_11,0.13260933714468912
10155.png,under-eyes,a_degradation_11,0.13413937601004602
10155.png,left-cheek,a_degradation_17,0.1422364129705771
10155.png,right-cheek,a_degradation_17,0.11548465628535771
10155.png,bottom-face,a_degradation_17,0.13132399474079573
10155.png,forehead,a_degradation_17,0.12875187274505245
10155.png,under-eyes,a_degradation_17,0.12692092693989893
10159.png,left-cheek,original_roi,0.2809614963077442
10159.png,right-cheek,original_roi,0.2370105488975823
10159.png,bottom-face,original_roi,0.26008882201839933
10159.png,forehead,original_roi,0.19211912024523323
10159.png,under-eyes,original_roi,0.2205506673712594
10159.png,left-cheek,a_degradation_11,0.2746098650509498
10159.png,right-cheek,a_degradation_11,0.23018722293372273
10159.png,bottom-face,a_degradation_11,0.249390873940231
10159.png,forehead,a_degradation_11,0.1876737192834641
10159.png,under-eyes,a_degradation_11,0.2130261255371111
10159.png,left-cheek,a_degradation_17,0.24526875255681746
10159.png,right-cheek,a_degradation_17,0.20248268454389343
10159.png,bottom-face,a_degradation_17,0.23160047506682568
10159.png,forehead,a_degradation_17,0.1818343846911158
10159.png,under-eyes,a_degradation_17,0.20294331049688202
10171.png,left-cheek,original_roi,0.3005427075416206
10171.png,right-cheek,original_roi,0.3685699208747005
10171.png,bottom-face,original_roi,0.35375314029094973
10171.png,forehead,original_roi,0.20139895238792474
10171.png,under-eyes,original_roi,0.33830033305508184
10171.png,left-cheek,a_degradation_11,0.2900909616507591
10171.png,right-cheek,a_degradation_11,0.34451333114205934
10171.png,bottom-face,a_degradation_11,0.3206686108856671
10171.png,forehead,a_degradation_11,0.19731875201068005
10171.png,under-eyes,a_degradation_11,0.31967410482032865
10171.png,left-cheek,a_degradation_17,0.24437855143652043
10171.png,right-cheek,a_degradation_17,0.279156465878519
10171.png,bottom-face,a_degradation_17,0.27182117179342846
10171.png,forehead,a_degradation_17,0.18646105660875684
10171.png,under-eyes,a_degradation_17,0.3040969704956382
10175.png,left-cheek,original_roi,0.25980233739436254
10175.png,right-cheek,original_roi,0.25534496395670436
10175.png,bottom-face,original_roi,0.35344330017791914
10175.png,forehead,original_roi,0.2723285773248397
10175.png,under-eyes,original_roi,0.26577283572166
10175.png,left-cheek,a_degradation_11,0.2573600798492281
10175.png,right-cheek,a_degradation_11,0.25566168440976345
10175.png,bottom-face,a_degradation_11,0.33349111127333014
10175.png,forehead,a_degradation_11,0.2527275080994757
10175.png,under-eyes,a_degradation_11,0.2483300856739163
10175.png,left-cheek,a_degradation_17,0.25901525677329146
10175.png,right-cheek,a_degradation_17,0.22541488703566448
10175.png,bottom-face,a_degradation_17,0.29383737142275995
10175.png,forehead,a_degradation_17,0.24406007297041835
10175.png,under-eyes,a_degradation_17,0.24562957093770468
10180.png,left-cheek,original_roi,0.2519529375092165
10180.png,right-cheek,original_roi,0.17171066344801422
10180.png,bottom-face,original_roi,0.22163195165717312
10180.png,forehead,original_roi,0.21569348020730725
10180.png,under-eyes,original_roi,0.21420955969014957
10180.png,left-cheek,a_degradation_11,0.25648600215051043
10180.png,right-cheek,a_degradation_11,0.1728218773441376
10180.png,bottom-face,a_degradation_11,0.22675621467907223
10180.png,forehead,a_degradation_11,0.20245272475390189
10180.png,under-eyes,a_degradation_11,0.2037747820078801
10180.png,left-cheek,a_degradation_17,0.2520428435168503
10180.png,right-cheek,a_degradation_17,0.1636245984426876
10180.png,bottom-face,a_degradation_17,0.2095228527830738
10180.png,forehead,a_degradation_17,0.20136130346693684
10180.png,under-eyes,a_degradation_17,0.19985671493215468
10190.png,left-cheek,original_roi,0.25457798601133447
10190.png,right-cheek,original_roi,0.17751444379939885
10190.png,bottom-face,original_roi,0.2280318751972946
10190.png,forehead,original_roi,0.22570487173274004
10190.png,under-eyes,original_roi,0.21388061807508105
10190.png,left-cheek,a_degradation_11,0.23965449423399313
10190.png,right-cheek,a_degradation_11,0.175260521928788
10190.png,bottom-face,a_degradation_11,0.22039301107593237
10190.png,forehead,a_degradation_11,0.2133349696306061
10190.png,under-eyes,a_degradation_11,0.21416651173824683
10190.png,left-cheek,a_degradation_17,0.22440890249593096
10190.png,right-cheek,a_degradation_17,0.17116958737513288
10190.png,bottom-face,a_degradation_17,0.20860176513241155
10190.png,forehead,a_degradation_17,0.20696390259482636
10190.png,under-eyes,a_degradation_17,0.20091107959910903
10191.png,left-cheek,original_roi,0.1630768557358066
10191.png,right-cheek,original_roi,0.16665770790786513
10191.png,bottom-face,original_roi,0.18609143687180568
10191.png,forehead,original_roi,0.2138844266712376
10191.png,under-eyes,original_roi,0.18086138997966633
10191.png,left-cheek,a_degradation_11,0.1486977402683736
10191.png,right-cheek,a_degradation_11,0.15497961416623468
10191.png,bottom-face,a_degradation_11,0.1737847714306395
10191.png,forehead,a_degradation_11,0.22077623450928957
10191.png,under-eyes,a_degradation_11,0.1776366425042156
10191.png,left-cheek,a_degradation_17,0.13787644741039726
10191.png,right-cheek,a_degradation_17,0.13929625991194042
10191.png,bottom-face,a_degradation_17,0.16837148435995267
10191.png,forehead,a_degradation_17,0.21428141043023616
10191.png,under-eyes,a_degradation_17,0.1787805898367686
10193.png,left-cheek,original_roi,0.22565346894170496
10193.png,right-cheek,original_roi,0.23368677214426806
10193.png,bottom-face,original_roi,0.2670343205114527
10193.png,forehead,original_roi,0.2892296329560989
10193.png,under-eyes,original_roi,0.22794444929016222
10193.png,left-cheek,a_degradation_11,0.22053715676594607
10193.png,right-cheek,a_degradation_11,0.22039503830041268
10193.png,bottom-face,a_degradation_11,0.2645333336831597
10193.png,forehead,a_degradation_11,0.2717626896566767
10193.png,under-eyes,a_degradation_11,0.214886726271603
10193.png,left-cheek,a_degradation_17,0.20820430921501776
10193.png,right-cheek,a_degradation_17,0.19407403416460436
10193.png,bottom-face,a_degradation_17,0.22998842683854853
10193.png,forehead,a_degradation_17,0.24655899658020297
10193.png,under-eyes,a_degradation_17,0.21962211130771322
10201.png,left-cheek,original_roi,0.16156995973740382
10201.png,right-cheek,original_roi,0.2581809069421316
10201.png,bottom-face,original_roi,0.1488661426189241
10201.png,forehead,original_roi,0.16984144429693077
10201.png,under-eyes,original_roi,0.1870707672074691
10201.png,left-cheek,a_degradation_11,0.15889425975363125
10201.png,right-cheek,a_degradation_11,0.23800355997217695
10201.png,bottom-face,a_degradation_11,0.14594563631662613
10201.png,forehead,a_degradation_11,0.16939930400914616
10201.png,under-eyes,a_degradation_11,0.17985553390203468
10201.png,left-cheek,a_degradation_17,0.16075646555483353
10201.png,right-cheek,a_degradation_17,0.20782745078806072
10201.png,bottom-face,a_degradation_17,0.1398089948220855
10201.png,forehead,a_degradation_17,0.16944456771668967
10201.png,under-eyes,a_degradation_17,0.1803805830996014
10203.png,left-cheek,original_roi,0.362339376301126
10203.png,right-cheek,original_roi,0.2839072096980222
10203.png,bottom-face,original_roi,0.297013471597789
10203.png,forehead,original_roi,0.2097764835774711
10203.png,under-eyes,original_roi,0.23601846818133587
10203.png,left-cheek,a_degradation_11,0.30257248114601126
10203.png,right-cheek,a_degradation_11,0.25578807324281994
10203.png,bottom-face,a_degradation_11,0.2704311417691145
10203.png,forehead,a_degradation_11,0.2061004824713692
10203.png,under-eyes,a_degradation_11,0.22340196673065166
10203.png,left-cheek,a_degradation_17,0.26332027636077954
10203.png,right-cheek,a_degradation_17,0.23205691840723205
10203.png,bottom-face,a_degradation_17,0.24603862745280175
10203.png,forehead,a_degradation_17,0.1973293544130483
10203.png,under-eyes,a_degradation_17,0.21701532086967495
10205.png,left-cheek,original_roi,0.17776244721936726
10205.png,right-cheek,original_roi,0.26664163527764834
10205.png,bottom-face,original_roi,0.17915643723312555
10205.png,forehead,original_roi,0.14815372545597608
10205.png,under-eyes,original_roi,0.14778817916056738
10205.png,left-cheek,a_degradation_11,0.17298402260249818
10205.png,right-cheek,a_degradation_11,0.2688229067995787
10205.png,bottom-face,a_degradation_11,0.172094919347842
10205.png,forehead,a_degradation_11,0.14556287520328393
10205.png,under-eyes,a_degradation_11,0.13987944732960372
10205.png,left-cheek,a_degradation_17,0.16653891799526355
10205.png,right-cheek,a_degradation_17,0.2607359087615288
10205.png,bottom-face,a_degradation_17,0.15919611560785613
10205.png,forehead,a_degradation_17,0.14462208565854212
10205.png,under-eyes,a_degradation_17,0.1442305615847095
10208.png,left-cheek,original_roi,0.17311040717247533
10208.png,right-cheek,original_roi,0.1843482810786323
10208.png,bottom-face,original_roi,0.1357597871471898
10208.png,forehead,original_roi,0.12349031918582402
10208.png,under-eyes,original_roi,0.13006517402341183
10208.png,left-cheek,a_degradation_11,0.16308071339833632
10208.png,right-cheek,a_degradation_11,0.1749934407249013
10208.png,bottom-face,a_degradation_11,0.13490669281072232
10208.png,forehead,a_degradation_11,0.11981463100561053
10208.png,under-eyes,a_degradation_11,0.1310221116931964
10208.png,left-cheek,a_degradation_17,0.15279178925400483
10208.png,right-cheek,a_degradation_17,0.1628602865905756
10208.png,bottom-face,a_degradation_17,0.133414920685155
10208.png,forehead,a_degradation_17,0.11755753441251587
10208.png,under-eyes,a_degradation_17,0.12645734732934008
10209.png,left-cheek,original_roi,0.2927142605121564
10209.png,right-cheek,original_roi,0.2532194689404835
10209.png,bottom-face,original_roi,0.2711106571094439
10209.png,forehead,original_roi,0.26583007205161857
10209.png,under-eyes,original_roi,0.23672056826811244
10209.png,left-cheek,a_degradation_11,0.2777347237753907
10209.png,right-cheek,a_degradation_11,0.23868421552138075
10209.png,bottom-face,a_degradation_11,0.25380813039801275
10209.png,forehead,a_degradation_11,0.2588325960635933
10209.png,under-eyes,a_degradation_11,0.22127539910013386
10209.png,left-cheek,a_degradation_17,0.25612013134676354
10209.png,right-cheek,a_degradation_17,0.21798089607124824
10209.png,bottom-face,a_degradation_17,0.2360161134765157
10209.png,forehead,a_degradation_17,0.2406314636781357
10209.png,under-eyes,a_degradation_17,0.22428468131258908
10210.png,left-cheek,original_roi,0.2743480982296336
10210.png,right-cheek,original_roi,0.33129174911944215
10210.png,bottom-face,original_roi,0.3393219821259932
10210.png,forehead,original_roi,0.31996958785152085
10210.png,under-eyes,original_roi,0.3031603933101745
10210.png,left-cheek,a_degradation_11,0.26774412097367867
10210.png,right-cheek,a_degradation_11,0.3166511720285405
10210.png,bottom-face,a_degradation_11,0.3240248597200647
10210.png,forehead,a_degradation_11,0.30009212639910093
10210.png,under-eyes,a_degradation_11,0.28001717234064805
10210.png,left-cheek,a_degradation_17,0.25811295639404747
10210.png,right-cheek,a_degradation_17,0.2960236547397883
10210.png,bottom-face,a_degradation_17,0.28261690838554754
10210.png,forehead,a_degradation_17,0.27752562627589716
10210.png,under-eyes,a_degradation_17,0.2691797280422228
10213.png,left-cheek,original_roi,0.11800749728828211
10213.png,right-cheek,original_roi,0.2190397049050277
10213.png,bottom-face,original_roi,0.15345158934781153
10213.png,forehead,original_roi,0.12035139762579225
10213.png,under-eyes,original_roi,0.13739400705162774
10213.png,left-cheek,a_degradation_11,0.11590291321582627
10213.png,right-cheek,a_degradation_11,0.21114020583535287
10213.png,bottom-face,a_degradation_11,0.15090630839505134
10213.png,forehead,a_degradation_11,0.11715679372068565
10213.png,under-eyes,a_degradation_11,0.13529497036596863
10213.png,left-cheek,a_degradation_17,0.11933084024115122
10213.png,right-cheek,a_degradation_17,0.19930137623734184
10213.png,bottom-face,a_degradation_17,0.14208988550224808
10213.png,forehead,a_degradation_17,0.11722575535399751
10213.png,under-eyes,a_degradation_17,0.1327453560160875
10216.png,left-cheek,original_roi,0.15642334125368315
10216.png,right-cheek,original_roi,0.17562011798949104
10216.png,bottom-face,original_roi,0.15905771120817336
10216.png,forehead,original_roi,0.16931157709159425
10216.png,under-eyes,original_roi,0.20233311475158036
10216.png,left-cheek,a_degradation_11,0.15759889358715898
10216.png,right-cheek,a_degradation_11,0.1780662988048478
10216.png,bottom-face,a_degradation_11,0.15508227723881002
10216.png,forehead,a_degradation_11,0.16130004411970988
10216.png,under-eyes,a_degradation_11,0.19619861258809432
10216.png,left-cheek,a_degradation_17,0.152082152725877
10216.png,right-cheek,a_degradation_17,0.16634538568481194
10216.png,bottom-face,a_degradation_17,0.1421207808354862
10216.png,forehead,a_degradation_17,0.1579655101169143
10216.png,under-eyes,a_degradation_17,0.19026765043668478
10221.png,left-cheek,original_roi,0.29571157099368367
10221.png,right-cheek,original_roi,
10221.png,bottom-face,original_roi,0.2580104119647821
10221.png,forehead,original_roi,0.1485815479428622
10221.png,under-eyes,original_roi,0.2672407283172295
10221.png,left-cheek,a_degradation_11,0.2958150140984798
10221.png,right-cheek,a_degradation_11,
10221.png,bottom-face,a_degradation_11,0.24262195511703463
10221.png,forehead,a_degradation_11,0.14677389361352763
10221.png,under-eyes,a_degradation_11,0.24441211777143676
10221.png,left-cheek,a_degradation_17,0.28466378832190675
10221.png,right-cheek,a_degradation_17,
10221.png,bottom-face,a_degradation_17,0.21782058891390646
10221.png,forehead,a_degradation_17,0.14364552290127772
10221.png,under-eyes,a_degradation_17,0.26041532482530877
10234.png,left-cheek,original_roi,0.21914151358657147
10234.png,right-cheek,original_roi,0.23743305735646775
10234.png,bottom-face,original_roi,0.22863522312741608
10234.png,forehead,original_roi,0.1957197850829608
10234.png,under-eyes,original_roi,0.20768986965959121
10234.png,left-cheek,a_degradation_11,0.21023043959384588
10234.png,right-cheek,a_degradation_11,0.22220438170326906
10234.png,bottom-face,a_degradation_11,0.22081111532076006
10234.png,forehead,a_degradation_11,0.19115337875124105
10234.png,under-eyes,a_degradation_11,0.19916156163208856
10234.png,left-cheek,a_degradation_17,0.18928528093326533
10234.png,right-cheek,a_degradation_17,0.19167435277361589
10234.png,bottom-face,a_degradation_17,0.20409184663484808
10234.png,forehead,a_degradation_17,0.18044162743978712
10234.png,under-eyes,a_degradation_17,0.19601524515141788
10239.png,left-cheek,original_roi,0.1581581427730576
10239.png,right-cheek,original_roi,0.1803708999793633
10239.png,bottom-face,original_roi,0.21939243465117517
10239.png,forehead,original_roi,0.1706858931379384
10239.png,under-eyes,original_roi,0.19206272282743897
10239.png,left-cheek,a_degradation_11,0.16419712875504222
10239.png,right-cheek,a_degradation_11,0.18210593523241844
10239.png,bottom-face,a_degradation_11,0.21397449334949895
10239.png,forehead,a_degradation_11,0.16827819812003306
10239.png,under-eyes,a_degradation_11,0.18729393662145877
10239.png,left-cheek,a_degradation_17,0.16932498457221679
10239.png,right-cheek,a_degradation_17,0.17572373197284366
10239.png,bottom-face,a_degradation_17,0.19223679201571692
10239.png,forehead,a_degradation_17,0.16231639119803512
10239.png,under-eyes,a_degradation_17,0.1807776466547616
10242.png,left-cheek,original_roi,0.2068512661340215
10242.png,right-cheek,original_roi,0.3190414832488586
10242.png,bottom-face,original_roi,0.2777000770853179
10242.png,forehead,original_roi,0.2373894146325489
10242.png,under-eyes,original_roi,0.2359195333872352
10242.png,left-cheek,a_degradation_11,0.20414240726737903
10242.png,right-cheek,a_degradation_11,0.3143426477436016
10242.png,bottom-face,a_degradation_11,0.2632104687745864
10242.png,forehead,a_degradation_11,0.23099560483958875
10242.png,under-eyes,a_degradation_11,0.22460480144663708
10242.png,left-cheek,a_degradation_17,0.1912191090800054
10242.png,right-cheek,a_degradation_17,0.29907648822373634
10242.png,bottom-face,a_degradation_17,0.23329729733518065
10242.png,forehead,a_degradation_17,0.23059571142471022
10242.png,under-eyes,a_degradation_17,0.2271797131455742
10249.png,left-cheek,original_roi,0.28643153211870764
10249.png,right-cheek,original_roi,0.28967536596213617
10249.png,bottom-face,original_roi,0.3417162638377978
10249.png,forehead,original_roi,0.18661317767321461
10249.png,under-eyes,original_roi,0.23423196983498532
10249.png,left-cheek,a_degradation_11,0.30102935822565685
10249.png,right-cheek,a_degradation_11,0.2970734707152277
10249.png,bottom-face,a_degradation_11,0.3039483151394549
10249.png,forehead,a_degradation_11,0.1810355581867737
10249.png,under-eyes,a_degradation_11,0.22293201546300442
10249.png,left-cheek,a_degradation_17,0.2418064471153697
10249.png,right-cheek,a_degradation_17,0.25751779106222494
10249.png,bottom-face,a_degradation_17,0.2527279809322183
10249.png,forehead,a_degradation_17,0.17017839814123153
10249.png,under-eyes,a_degradation_17,0.2284842550485872
10252.png,left-cheek,original_roi,0.1759512008998853
10252.png,right-cheek,original_roi,0.3226017041561254
10252.png,bottom-face,original_roi,0.17842606984338333
10252.png,forehead,original_roi,0.21113033910128742
10252.png,under-eyes,original_roi,0.18155904507660542
10252.png,left-cheek,a_degradation_11,0.16680351132609395
10252.png,right-cheek,a_degradation_11,0.2895150390444667
10252.png,bottom-face,a_degradation_11,0.17172724099833606
10252.png,forehead,a_degradation_11,0.19700959929684037
10252.png,under-eyes,a_degradation_11,0.17626929912270145
10252.png,left-cheek,a_degradation_17,0.14998006185703502
10252.png,right-cheek,a_degradation_17,0.24527790484086007
10252.png,bottom-face,a_degradation_17,0.16703249201997783
10252.png,forehead,a_degradation_17,0.19084721421711423
10252.png,under-eyes,a_degradation_17,0.17978298671536885
10256.png,left-cheek,original_roi,0.3459543657032289
10256.png,right-cheek,original_roi,0.30963838032239965
10256.png,bottom-face,original_roi,0.32040121285604306
10256.png,forehead,original_roi,0.28631312465453373
10256.png,under-eyes,original_roi,0.2627476932053413
10256.png,left-cheek,a_degradation_11,0.3150784639128606
10256.png,right-cheek,a_degradation_11,0.2762564802815399
10256.png,bottom-face,a_degradation_11,0.28346920108512985
10256.png,forehead,a_degradation_11,0.2852844127565603
10256.png,under-eyes,a_degradation_11,0.2505931641723645
10256.png,left-cheek,a_degradation_17,0.2707830042731387
10256.png,right-cheek,a_degradation_17,0.2271279519437286
10256.png,bottom-face,a_degradation_17,0.2475554257023209
10256.png,forehead,a_degradation_17,0.2660621425243355
10256.png,under-eyes,a_degradation_17,0.24110953416682762
10258.png,left-cheek,original_roi,0.32488656503216656
10258.png,right-cheek,original_roi,0.23069826431416995
10258.png,bottom-face,original_roi,0.21193109322975973
10258.png,forehead,original_roi,0.17562723931791976
10258.png,under-eyes,original_roi,0.15082689580988803
10258.png,left-cheek,a_degradation_11,0.32185353820202484
10258.png,right-cheek,a_degradation_11,0.21747927988527382
10258.png,bottom-face,a_degradation_11,0.21193343520896424
10258.png,forehead,a_degradation_11,0.16889001803364198
10258.png,under-eyes,a_degradation_11,0.15060345633938402
10258.png,left-cheek,a_degradation_17,0.29658120239365754
10258.png,right-cheek,a_degradation_17,0.19994803968314803
10258.png,bottom-face,a_degradation_17,0.19317046101823077
10258.png,forehead,a_degradation_17,0.16548201076576177
10258.png,under-eyes,a_degradation_17,0.14517076061746514
10259.png,left-cheek,original_roi,0.33873195639822157
10259.png,right-cheek,original_roi,0.2257886351498608
10259.png,bottom-face,original_roi,0.25195658128398524
10259.png,forehead,original_roi,0.2866211262078374
10259.png,under-eyes,original_roi,0.2784685744798756
10259.png,left-cheek,a_degradation_11,0.32640828971517066
10259.png,right-cheek,a_degradation_11,0.21612624687600018
10259.png,bottom-face,a_degradation_11,0.2349337808237953
10259.png,forehead,a_degradation_11,0.2644762565946661
10259.png,under-eyes,a_degradation_11,0.2691645931671186
10259.png,left-cheek,a_degradation_17,0.28325760686639073
10259.png,right-cheek,a_degradation_17,0.19482111142033223
10259.png,bottom-face,a_degradation_17,0.2252266452044202
10259.png,forehead,a_degradation_17,0.25071599963161645
10259.png,under-eyes,a_degradation_17,0.25287196880695234
10275.png,left-cheek,original_roi,0.16368817282563497
10275.png,right-cheek,original_roi,0.4472701024681625
10275.png,bottom-face,original_roi,0.19652504892634093
10275.png,forehead,original_roi,0.20381570548885575
10275.png,under-eyes,original_roi,0.1487797326264427
10275.png,left-cheek,a_degradation_11,0.15577492196841866
10275.png,right-cheek,a_degradation_11,0.4472701024681625
10275.png,bottom-face,a_degradation_11,0.1934535907870406
10275.png,forehead,a_degradation_11,0.1923756894436015
10275.png,under-eyes,a_degradation_11,0.14368357034905055
10275.png,left-cheek,a_degradation_17,0.14448829690522264
10275.png,right-cheek,a_degradation_17,0.38553836785833956
10275.png,bottom-face,a_degradation_17,0.1844981781245668
10275.png,forehead,a_degradation_17,0.18237500785331873
10275.png,under-eyes,a_degradation_17,0.13908680636971268
10276.png,left-cheek,original_roi,0.22071960347550293
10276.png,right-cheek,original_roi,0.19036795397129386
10276.png,bottom-face,original_roi,0.2292303217128879
10276.png,forehead,original_roi,0.33590429990469606
10276.png,under-eyes,original_roi,0.2101571568230486
10276.png,left-cheek,a_degradation_11,0.21119274988463413
10276.png,right-cheek,a_degradation_11,0.1821391441508512
10276.png,bottom-face,a_degradation_11,0.21839206469078887
10276.png,forehead,a_degradation_11,0.30762693789778034
10276.png,under-eyes,a_degradation_11,0.2040645495698143
10276.png,left-cheek,a_degradation_17,0.1843702843843538
10276.png,right-cheek,a_degradation_17,0.1719825275464344
10276.png,bottom-face,a_degradation_17,0.20175879889195114
10276.png,forehead,a_degradation_17,0.27395003335250134
10276.png,under-eyes,a_degradation_17,0.19869092728436294
10278.png,left-cheek,original_roi,0.2539873717596771
10278.png,right-cheek,original_roi,0.24242715620139912
10278.png,bottom-face,original_roi,0.17142427042639025
10278.png,forehead,original_roi,0.1750236327371989
10278.png,under-eyes,original_roi,0.23429985305509068
10278.png,left-cheek,a_degradation_11,0.259540988002226
10278.png,right-cheek,a_degradation_11,0.23762188484651509
10278.png,bottom-face,a_degradation_11,0.16759558531360763
10278.png,forehead,a_degradation_11,0.16904744445430642
10278.png,under-eyes,a_degradation_11,0.22888045512870292
10278.png,left-cheek,a_degradation_17,0.2493357680785677
10278.png,right-cheek,a_degradation_17,0.2239680125518938
10278.png,bottom-face,a_degradation_17,0.15558000184582996
10278.png,forehead,a_degradation_17,0.16803141365174631
10278.png,under-eyes,a_degradation_17,0.2170782567689103
10280.png,left-cheek,original_roi,0.33959354788743573
10280.png,right-cheek,original_roi,0.3080655087682923
10280.png,bottom-face,original_roi,0.2876420876955445
10280.png,forehead,original_roi,0.24262848559597858
10280.png,under-eyes,original_roi,0.2719385686412364
10280.png,left-cheek,a_degradation_11,0.34367714405163813
10280.png,right-cheek,a_degradation_11,0.29359513167754997
10280.png,bottom-face,a_degradation_11,0.28407825367362616
10280.png,forehead,a_degradation_11,0.22891426142484197
10280.png,under-eyes,a_degradation_11,0.25100469781328005
10280.png,left-cheek,a_degradation_17,0.33236147364212515
10280.png,right-cheek,a_degradation_17,0.24433906288267146
10280.png,bottom-face,a_degradation_17,0.2609436705318391
10280.png,forehead,a_degradation_17,0.2165103128391915
10280.png,under-eyes,a_degradation_17,0.24841479582296097
10282.png,left-cheek,original_roi,0.2135203825012183
10282.png,right-cheek,original_roi,0.15472860369456198
10282.png,bottom-face,original_roi,0.26293378736379397
10282.png,forehead,original_roi,0.200248880240988
10282.png,under-eyes,original_roi,0.20347638314701758
10282.png,left-cheek,a_degradation_11,0.20723976658093932
10282.png,right-cheek,a_degradation_11,0.14929276752210288
10282.png,bottom-face,a_degradation_11,0.24703150129236437
10282.png,forehead,a_degradation_11,0.1997957696002521
10282.png,under-eyes,a_degradation_11,0.19597202484842355
10282.png,left-cheek,a_degradation_17,0.18052163320933104
10282.png,right-cheek,a_degradation_17,0.14342604692425387
10282.png,bottom-face,a_degradation_17,0.2186007459493824
10282.png,forehead,a_degradation_17,0.1884316611000393
10282.png,under-eyes,a_degradation_17,0.19186231033619278
10285.png,left-cheek,original_roi,0.283591928615484
10285.png,right-cheek,original_roi,0.304023708042317
10285.png,bottom-face,original_roi,0.24306146116087365
10285.png,forehead,original_roi,0.20609520977364928
10285.png,under-eyes,original_roi,0.17146235216787473
10285.png,left-cheek,a_degradation_11,0.2598396518356423
10285.png,right-cheek,a_degradation_11,0.28561595487349845
10285.png,bottom-face,a_degradation_11,0.21840924424224822
10285.png,forehead,a_degradation_11,0.19633920993430984
10285.png,under-eyes,a_degradation_11,0.1655254460431563
10285.png,left-cheek,a_degradation_17,0.23046768834881473
10285.png,right-cheek,a_degradation_17,0.23492269895790338
10285.png,bottom-face,a_degradation_17,0.1877919507690862
10285.png,forehead,a_degradation_17,0.1921514629450026
10285.png,under-eyes,a_degradation_17,0.16368022763779705
10286.png,left-cheek,original_roi,0.2165021857535106
10286.png,right-cheek,original_roi,0.42177435721398615
10286.png,bottom-face,original_roi,0.1896074657252499
10286.png,forehead,original_roi,0.13464241559928822
10286.png,under-eyes,original_roi,0.1247424777975375
10286.png,left-cheek,a_degradation_11,0.21045369305775857
10286.png,right-cheek,a_degradation_11,0.4238209166295524
10286.png,bottom-face,a_degradation_11,0.17547572470352996
10286.png,forehead,a_degradation_11,0.13075697009226545
10286.png,under-eyes,a_degradation_11,0.12363555255759924
10286.png,left-cheek,a_degradation_17,0.1892815484577868
10286.png,right-cheek,a_degradation_17,0.3665377612392053
10286.png,bottom-face,a_degradation_17,0.16051381823732283
10286.png,forehead,a_degradation_17,0.12322819896616448
10286.png,under-eyes,a_degradation_17,0.11883756330443024
10287.png,left-cheek,original_roi,0.2723435130782356
10287.png,right-cheek,original_roi,
10287.png,bottom-face,original_roi,0.2475402974908873
10287.png,forehead,original_roi,0.2531957649527816
10287.png,under-eyes,original_roi,0.2679529143874805
10287.png,left-cheek,a_degradation_11,0.28245184737813867
10287.png,right-cheek,a_degradation_11,
10287.png,bottom-face,a_degradation_11,0.23236678729159702
10287.png,forehead,a_degradation_11,0.23825335480745172
10287.png,under-eyes,a_degradation_11,0.23960583640711897
10287.png,left-cheek,a_degradation_17,0.2555331225500333
10287.png,right-cheek,a_degradation_17,
10287.png,bottom-face,a_degradation_17,0.21692250500161106
10287.png,forehead,a_degradation_17,0.2225754220346868
10287.png,under-eyes,a_degradation_17,0.2567123249958899
10292.png,left-cheek,original_roi,0.1665941765756935
10292.png,right-cheek,original_roi,0.16232251968181413
10292.png,bottom-face,original_roi,0.21468964165260285
10292.png,forehead,original_roi,0.18800174399544142
10292.png,under-eyes,original_roi,0.13853206924837091
10292.png,left-cheek,a_degradation_11,0.1629668864447795
10292.png,right-cheek,a_degradation_11,0.16285111269975427
10292.png,bottom-face,a_degradation_11,0.21396798978566162
10292.png,forehead,a_degradation_11,0.1786329816936313
10292.png,under-eyes,a_degradation_11,0.13730141631727913
10292.png,left-cheek,a_degradation_17,0.1521382149136768
10292.png,right-cheek,a_degradation_17,0.1621587306791283
10292.png,bottom-face,a_degradation_17,0.1987880660115754
10292.png,forehead,a_degradation_17,0.17247891999998766
10292.png,under-eyes,a_degradation_17,0.13678010476753166
10293.png,left-cheek,original_roi,0.28983226099138376
10293.png,right-cheek,original_roi,0.32264013548765064
10293.png,bottom-face,original_roi,0.3307230121481709
10293.png,forehead,original_roi,0.27175184243822076
10293.png,under-eyes,original_roi,0.30475115409594483
10293.png,left-cheek,a_degradation_11,0.28136883988741995
10293.png,right-cheek,a_degradation_11,0.2950496407726742
10293.png,bottom-face,a_degradation_11,0.3091496092536159
10293.png,forehead,a_degradation_11,0.2545285433663584
10293.png,under-eyes,a_degradation_11,0.2847653220246288
10293.png,left-cheek,a_degradation_17,0.2744806126206678
10293.png,right-cheek,a_degradation_17,0.26639862031395006
10293.png,bottom-face,a_degradation_17,0.2714012208494382
10293.png,forehead,a_degradation_17,0.2463242839514849
10293.png,under-eyes,a_degradation_17,0.27691217177635974
10299.png,left-cheek,original_roi,0.29463005434494394
10299.png,right-cheek,original_roi,0.3039390082536793
10299.png,bottom-face,original_roi,0.28155667929819583
10299.png,forehead,original_roi,0.20672492295581943
10299.png,under-eyes,original_roi,0.2224366795746074
10299.png,left-cheek,a_degradation_11,0.2731311120948212
10299.png,right-cheek,a_degradation_11,0.27316052113608696
10299.png,bottom-face,a_degradation_11,0.24587086038569206
10299.png,forehead,a_degradation_11,0.20058830619879278
10299.png,under-eyes,a_degradation_11,0.20592357755845686
10299.png,left-cheek,a_degradation_17,0.23426986630156135
10299.png,right-cheek,a_degradation_17,0.218745862060737
10299.png,bottom-face,a_degradation_17,0.21143303526746343
10299.png,forehead,a_degradation_17,0.1894776775853027
10299.png,under-eyes,a_degradation_17,0.20708564255991155
10303.png,left-cheek,original_roi,0.2771739607025548
10303.png,right-cheek,original_roi,0.36461084418795997
10303.png,bottom-face,original_roi,0.22432098196307904
10303.png,forehead,original_roi,0.19962441727126173
10303.png,under-eyes,original_roi,0.293610622983634
10303.png,left-cheek,a_degradation_11,0.2661843312773332
10303.png,right-cheek,a_degradation_11,0.34594455565181637
10303.png,bottom-face,a_degradation_11,0.21462630376477038
10303.png,forehead,a_degradation_11,0.18279919964857327
10303.png,under-eyes,a_degradation_11,0.2685683522148632
10303.png,left-cheek,a_degradation_17,0.2553913303192805
10303.png,right-cheek,a_degradation_17,0.27193969924621547
10303.png,bottom-face,a_degradation_17,0.19700083413050498
10303.png,forehead,a_degradation_17,0.18408446141483994
10303.png,under-eyes,a_degradation_17,0.26507308827450915
10307.png,left-cheek,original_roi,0.21095668642833135
10307.png,right-cheek,original_roi,
10307.png,bottom-face,original_roi,0.16915092338519025
10307.png,forehead,original_roi,0.17534750026183163
10307.png,under-eyes,original_roi,0.1259359403758581
10307.png,left-cheek,a_degradation_11,0.2054061638196215
10307.png,right-cheek,a_degradation_11,
10307.png,bottom-face,a_degradation_11,0.16101088899062388
10307.png,forehead,a_degradation_11,0.17142705124626628
10307.png,under-eyes,a_degradation_11,0.12451902483257539
10307.png,left-cheek,a_degradation_17,0.19119489956330857
10307.png,right-cheek,a_degradation_17,
10307.png,bottom-face,a_degradation_17,0.1503057536412818
10307.png,forehead,a_degradation_17,0.1635534160821921
10307.png,under-eyes,a_degradation_17,0.12346783300556875
10309.png,left-cheek,original_roi,0.23100183931108148
10309.png,right-cheek,original_roi,0.2785580394378248
10309.png,bottom-face,original_roi,0.2369313107083476
10309.png,forehead,original_roi,0.14717237652462373
10309.png,under-eyes,original_roi,0.3163936406560711
10309.png,left-cheek,a_degradation_11,0.22825908194690775
10309.png,right-cheek,a_degradation_11,0.2724267758989848
10309.png,bottom-face,a_degradation_11,0.23538042282848518
10309.png,forehead,a_degradation_11,0.14631966042652034
10309.png,under-eyes,a_degradation_11,0.2861427133631054
10309.png,left-cheek,a_degradation_17,0.21751735502177177
10309.png,right-cheek,a_degradation_17,0.2421235140757213
10309.png,bottom-face,a_degradation_17,0.20488743881583818
10309.png,forehead,a_degradation_17,0.14165638873874967
10309.png,under-eyes,a_degradation_17,0.2705766908347444
10317.png,left-cheek,original_roi,0.2938846126856672
10317.png,right-cheek,original_roi,0.17321951392221552
10317.png,bottom-face,original_roi,0.2673893902014597
10317.png,forehead,original_roi,0.23280123605055383
10317.png,under-eyes,original_roi,0.1850789454960742
10317.png,left-cheek,a_degradation_11,0.261074422961294
10317.png,right-cheek,a_degradation_11,0.15547875117605184
10317.png,bottom-face,a_degradation_11,0.23915483629284617
10317.png,forehead,a_degradation_11,0.20722569975470362
10317.png,under-eyes,a_degradation_11,0.18070115877399473
10317.png,left-cheek,a_degradation_17,0.23541400044952732
10317.png,right-cheek,a_degradation_17,0.13196449277257155
10317.png,bottom-face,a_degradation_17,0.21804817824047823
10317.png,forehead,a_degradation_17,0.19054515679221534
10317.png,under-eyes,a_degradation_17,0.17178529397234676
10318.png,left-cheek,original_roi,0.2468069916529823
10318.png,right-cheek,original_roi,0.23547290332100548
10318.png,bottom-face,original_roi,0.24011406297315185
10318.png,forehead,original_roi,0.29728393363106187
10318.png,under-eyes,original_roi,0.2681509011283856
10318.png,left-cheek,a_degradation_11,0.25554487853302693
10318.png,right-cheek,a_degradation_11,0.24308551171655193
10318.png,bottom-face,a_degradation_11,0.2311372945347889
10318.png,forehead,a_degradation_11,0.27545241635464834
10318.png,under-eyes,a_degradation_11,0.2645439576645302
10318.png,left-cheek,a_degradation_17,0.2526823230475988
10318.png,right-cheek,a_degradation_17,0.25781313333073796
10318.png,bottom-face,a_degradation_17,0.2098963515709642
10318.png,forehead,a_degradation_17,0.2537337582918541
10318.png,under-eyes,a_degradation_17,0.25286817502291753
10323.png,left-cheek,original_roi,0.26113863746328064
10323.png,right-cheek,original_roi,0.30086313989620544
10323.png,bottom-face,original_roi,0.21803352907814544
10323.png,forehead,original_roi,0.215453324769282
10323.png,under-eyes,original_roi,0.2892402688134141
10323.png,left-cheek,a_degradation_11,0.26130555702497266
10323.png,right-cheek,a_degradation_11,0.29227084586563973
10323.png,bottom-face,a_degradation_11,0.21516857711938173
10323.png,forehead,a_degradation_11,0.2085824901797975
10323.png,under-eyes,a_degradation_11,0.26510938349447793
10323.png,left-cheek,a_degradation_17,0.2549295038055059
10323.png,right-cheek,a_degradation_17,0.26671242630119296
10323.png,bottom-face,a_degradation_17,0.20024516319030683
10323.png,forehead,a_degradation_17,0.1927897484251313
10323.png,under-eyes,a_degradation_17,0.2673942075538788
10326.png,left-cheek,original_roi,0.31536137372946543
10326.png,right-cheek,original_roi,0.3095773735919984
10326.png,bottom-face,original_roi,0.20769891295475262
10326.png,forehead,original_roi,0.1908966597758756
10326.png,under-eyes,original_roi,0.2540952764355326
10326.png,left-cheek,a_degradation_11,0.315820012311344
10326.png,right-cheek,a_degradation_11,0.29278949404473276
10326.png,bottom-face,a_degradation_11,0.1967441217243927
10326.png,forehead,a_degradation_11,0.18316671421639696
10326.png,under-eyes,a_degradation_11,0.2520785280089641
10326.png,left-cheek,a_degradation_17,0.29044622969984957
10326.png,right-cheek,a_degradation_17,0.24928542021765412
10326.png,bottom-face,a_degradation_17,0.181684696129116
10326.png,forehead,a_degradation_17,0.17858377838267714
10326.png,under-eyes,a_degradation_17,0.2361175876737493
10329.png,left-cheek,original_roi,0.3301212492170322
10329.png,right-cheek,original_roi,0.2843097551659012
10329.png,bottom-face,original_roi,0.28377056248734406
10329.png,forehead,original_roi,0.2696726372569679
10329.png,under-eyes,original_roi,0.26203619503391057
10329.png,left-cheek,a_degradation_11,0.31342464520953217
10329.png,right-cheek,a_degradation_11,0.2868412994150824
10329.png,bottom-face,a_degradation_11,0.24696124990735943
10329.png,forehead,a_degradation_11,0.25832112504455007
10329.png,under-eyes,a_degradation_11,0.2553916942082342
10329.png,left-cheek,a_degradation_17,0.26549458564336
10329.png,right-cheek,a_degradation_17,0.25198510171873917
10329.png,bottom-face,a_degradation_17,0.22655597931584714
10329.png,forehead,a_degradation_17,0.23566542325831777
10329.png,under-eyes,a_degradation_17,0.2442479880773227
10334.png,left-cheek,original_roi,0.18959248198699674
10334.png,right-cheek,original_roi,0.19228985224705375
10334.png,bottom-face,original_roi,0.15989464644314996
10334.png,forehead,original_roi,0.19186119660973724
10334.png,under-eyes,original_roi,0.22796100693818389
10334.png,left-cheek,a_degradation_11,0.19655491297494185
10334.png,right-cheek,a_degradation_11,0.19053714046313458
10334.png,bottom-face,a_degradation_11,0.155364211064489
10334.png,forehead,a_degradation_11,0.18319362825189234
10334.png,under-eyes,a_degradation_11,0.2191804204278622
10334.png,left-cheek,a_degradation_17,0.2006479478298994
10334.png,right-cheek,a_degradation_17,0.1836780180621669
10334.png,bottom-face,a_degradation_17,0.1437685157102096
10334.png,forehead,a_degradation_17,0.17682306799597847
10334.png,under-eyes,a_degradation_17,0.2189027635091889
10338.png,left-cheek,original_roi,0.2663809758881847
10338.png,right-cheek,original_roi,0.25011339933210786
10338.png,bottom-face,original_roi,0.23867344625010747
10338.png,forehead,original_roi,0.2722233970948139
10338.png,under-eyes,original_roi,0.2029517949035172
10338.png,left-cheek,a_degradation_11,0.23450638223189949
10338.png,right-cheek,a_degradation_11,0.21951115989946343
10338.png,bottom-face,a_degradation_11,0.21696780954832864
10338.png,forehead,a_degradation_11,0.2551912296194506
10338.png,under-eyes,a_degradation_11,0.19981381027436934
10338.png,left-cheek,a_degradation_17,0.1982641581334093
10338.png,right-cheek,a_degradation_17,0.18389607115755294
10338.png,bottom-face,a_degradation_17,0.2003730030926196
10338.png,forehead,a_degradation_17,0.2400451742118049
10338.png,under-eyes,a_degradation_17,0.1964181333321245
10341.png,left-cheek,original_roi,0.33443072254714085
10341.png,right-cheek,original_roi,0.3087510666883523
10341.png,bottom-face,original_roi,0.3225784309352628
10341.png,forehead,original_roi,0.26609112000448426
10341.png,under-eyes,original_roi,0.1871132790152013
10341.png,left-cheek,a_degradation_11,0.3289698528845248
10341.png,right-cheek,a_degradation_11,0.2909910907885995
10341.png,bottom-face,a_degradation_11,0.3008032604078982
10341.png,forehead,a_degradation_11,0.2426201804538149
10341.png,under-eyes,a_degradation_11,0.1840999289405589
10341.png,left-cheek,a_degradation_17,0.287141721035796
10341.png,right-cheek,a_degradation_17,0.24484086928950646
10341.png,bottom-face,a_degradation_17,0.25664155532943556
10341.png,forehead,a_degradation_17,0.23349986259913183
10341.png,under-eyes,a_degradation_17,0.1769852130499825
10353.png,left-cheek,original_roi,0.1921177738590038
10353.png,right-cheek,original_roi,0.21605770630389598
10353.png,bottom-face,original_roi,0.20032688838873733
10353.png,forehead,original_roi,0.17420724967702036
10353.png,under-eyes,original_roi,0.1580811899362813
10353.png,left-cheek,a_degradation_11,0.18080228487866748
10353.png,right-cheek,a_degradation_11,0.2012896427900743
10353.png,bottom-face,a_degradation_11,0.19595642620576895
10353.png,forehead,a_degradation_11,0.17078755779440882
10353.png,under-eyes,a_degradation_11,0.1542446085919457
10353.png,left-cheek,a_degradation_17,0.17193810861189562
10353.png,right-cheek,a_degradation_17,0.18256542785603389
10353.png,bottom-face,a_degradation_17,0.19050846170757002
10353.png,forehead,a_degradation_17,0.16559158901810483
10353.png,under-eyes,a_degradation_17,0.14773636773063215
10360.png,left-cheek,original_roi,0.2815632582202931
10360.png,right-cheek,original_roi,0.19146145535098513
10360.png,bottom-face,original_roi,0.2436620924651475
10360.png,forehead,original_roi,0.26948208215228897
10360.png,under-eyes,original_roi,0.20120468063532937
10360.png,left-cheek,a_degradation_11,0.28707214227173117
10360.png,right-cheek,a_degradation_11,0.18200921017885244
10360.png,bottom-face,a_degradation_11,0.22881501262469248
10360.png,forehead,a_degradation_11,0.23330786138051915
10360.png,under-eyes,a_degradation_11,0.194960984529396
10360.png,left-cheek,a_degradation_17,0.2731842474966809
10360.png,right-cheek,a_degradation_17,0.1582503820041654
10360.png,bottom-face,a_degradation_17,0.20850817795531384
10360.png,forehead,a_degradation_17,0.20907076706240676
10360.png,under-eyes,a_degradation_17,0.17527492443049503
10376.png,left-cheek,original_roi,
10376.png,right-cheek,original_roi,0.176663657424581
10376.png,bottom-face,original_roi,0.2379682128488517
10376.png,forehead,original_roi,0.13823005415186784
10376.png,under-eyes,original_roi,0.1954629714993282
10376.png,left-cheek,a_degradation_11,
10376.png,right-cheek,a_degradation_11,0.1742358681492314
10376.png,bottom-face,a_degradation_11,0.23128295734540708
10376.png,forehead,a_degradation_11,0.12932144231672715
10376.png,under-eyes,a_degradation_11,0.18893057820474235
10376.png,left-cheek,a_degradation_17,
10376.png,right-cheek,a_degradation_17,0.1601247884121852
10376.png,bottom-face,a_degradation_17,0.21002300551642475
10376.png,forehead,a_degradation_17,0.12658665772588196
10376.png,under-eyes,a_degradation_17,0.17256315547608067
10387.png,left-cheek,original_roi,0.16315765937247373
10387.png,right-cheek,original_roi,0.3427647751576606
10387.png,bottom-face,original_roi,0.1941735257559365
10387.png,forehead,original_roi,0.2051975015262537
10387.png,under-eyes,original_roi,0.16753553482104516
10387.png,left-cheek,a_degradation_11,0.1571006279183592
10387.png,right-cheek,a_degradation_11,0.3168225039286561
10387.png,bottom-face,a_degradation_11,0.1846818617442687
10387.png,forehead,a_degradation_11,0.19795598172149184
10387.png,under-eyes,a_degradation_11,0.16134230577210887
10387.png,left-cheek,a_degradation_17,0.14600449166936266
10387.png,right-cheek,a_degradation_17,0.2715051892393669
10387.png,bottom-face,a_degradation_17,0.1645846271426196
10387.png,forehead,a_degradation_17,0.18773141736677637
10387.png,under-eyes,a_degradation_17,0.15161889298222198
10389.png,left-cheek,original_roi,0.3971832854158398
10389.png,right-cheek,original_roi,0.30751313767759264
10389.png,bottom-face,original_roi,0.32181408289209085
10389.png,forehead,original_roi,0.30740701528407566
10389.png,under-eyes,original_roi,0.29934390591382287
10389.png,left-cheek,a_degradation_11,0.3744773505635308
10389.png,right-cheek,a_degradation_11,0.27953909503604707
10389.png,bottom-face,a_degradation_11,0.30491232087117937
10389.png,forehead,a_degradation_11,0.27343083791354106
10389.png,under-eyes,a_degradation_11,0.27869866545524147
10389.png,left-cheek,a_degradation_17,0.31524466440289706
10389.png,right-cheek,a_degradation_17,0.23594281242883536
10389.png,bottom-face,a_degradation_17,0.2633999882728305
10389.png,forehead,a_degradation_17,0.25285165658143105
10389.png,under-eyes,a_degradation_17,0.2545166027050927
10392.png,left-cheek,original_roi,0.3444403744371992
10392.png,right-cheek,original_roi,
10392.png,bottom-face,original_roi,0.2759899237288956
10392.png,forehead,original_roi,0.29833243898176376
10392.png,under-eyes,original_roi,0.26841413318126006
10392.png,left-cheek,a_degradation_11,0.32803957494189234
10392.png,right-cheek,a_degradation_11,
10392.png,bottom-face,a_degradation_11,0.2633450658221081
10392.png,forehead,a_degradation_11,0.2790087084087346
10392.png,under-eyes,a_degradation_11,0.25354549422315736
10392.png,left-cheek,a_degradation_17,0.29726030186767977
10392.png,right-cheek,a_degradation_17,
10392.png,bottom-face,a_degradation_17,0.23458217625373698
10392.png,forehead,a_degradation_17,0.25186217002858824
10392.png,under-eyes,a_degradation_17,0.2708378387640208
10403.png,left-cheek,original_roi,0.22581584976480404
10403.png,right-cheek,original_roi,0.28358274376816817
10403.png,bottom-face,original_roi,0.20730322234370846
10403.png,forehead,original_roi,0.23005344079344933
10403.png,under-eyes,original_roi,0.19342657232622754
10403.png,left-cheek,a_degradation_11,0.21723861195396182
10403.png,right-cheek,a_degradation_11,0.27061898751734575
10403.png,bottom-face,a_degradation_11,0.1999676222773454
10403.png,forehead,a_degradation_11,0.22671520622188568
10403.png,under-eyes,a_degradation_11,0.18707613644931356
10403.png,left-cheek,a_degradation_17,0.19787069296762247
10403.png,right-cheek,a_degradation_17,0.24248237917820253
10403.png,bottom-face,a_degradation_17,0.19279993350217442
10403.png,forehead,a_degradation_17,0.21058610198924774
10403.png,under-eyes,a_degradation_17,0.17581379065828356
10414.png,left-cheek,original_roi,0.22358282524123008
10414.png,right-cheek,original_roi,0.21445577602512284
10414.png,bottom-face,original_roi,0.18954510884810574
10414.png,forehead,original_roi,0.174800029444627
10414.png,under-eyes,original_roi,0.17892603774240734
10414.png,left-cheek,a_degradation_11,0.23042712673252164
10414.png,right-cheek,a_degradation_11,0.2178314523331232
10414.png,bottom-face,a_degradation_11,0.18880425803499476
10414.png,forehead,a_degradation_11,0.1729258368987391
10414.png,under-eyes,a_degradation_11,0.17657929607096812
10414.png,left-cheek,a_degradation_17,0.21832474403897253
10414.png,right-cheek,a_degradation_17,0.22379909347820648
10414.png,bottom-face,a_degradation_17,0.17726247227505665
10414.png,forehead,a_degradation_17,0.1654589094316751
10414.png,under-eyes,a_degradation_17,0.1773479535030583
10415.png,left-cheek,original_roi,0.26345014548048873
10415.png,right-cheek,original_roi,0.2623792262560789
10415.png,bottom-face,original_roi,0.2886228918534228
10415.png,forehead,original_roi,0.06463062850561269
10415.png,under-eyes,original_roi,0.2723162925628075
10415.png,left-cheek,a_degradation_11,0.24553720831321352
10415.png,right-cheek,a_degradation_11,0.23499345078869227
10415.png,bottom-face,a_degradation_11,0.2594310596867583
10415.png,forehead,a_degradation_11,0.06666778714685645
10415.png,under-eyes,a_degradation_11,0.26864305045452486
10415.png,left-cheek,a_degradation_17,0.22428974920327896
10415.png,right-cheek,a_degradation_17,0.2042510245083416
10415.png,bottom-face,a_degradation_17,0.24488495955706244
10415.png,forehead,a_degradation_17,0.06709145135308163
10415.png,under-eyes,a_degradation_17,0.25894227666162734
10416.png,left-cheek,original_roi,0.31851665168124316
10416.png,right-cheek,original_roi,0.2922351257911358
10416.png,bottom-face,original_roi,0.24250263054221768
10416.png,forehead,original_roi,0.25760384572577766
10416.png,under-eyes,original_roi,0.2158443373889298
10416.png,left-cheek,a_degradation_11,0.3057188533589572
10416.png,right-cheek,a_degradation_11,0.29176408705898715
10416.png,bottom-face,a_degradation_11,0.23463544787660565
10416.png,forehead,a_degradation_11,0.2444870312367631
10416.png,under-eyes,a_degradation_11,0.20008979440169486
10416.png,left-cheek,a_degradation_17,0.26725793890183364
10416.png,right-cheek,a_degradation_17,0.30393739769498274
10416.png,bottom-face,a_degradation_17,0.22750707946484972
10416.png,forehead,a_degradation_17,0.23133522318783858
10416.png,under-eyes,a_degradation_17,0.19742665894684278
10421.png,left-cheek,original_roi,0.17661804288673438
10421.png,right-cheek,original_roi,0.1784467503883467
10421.png,bottom-face,original_roi,0.12334044179373138
10421.png,forehead,original_roi,0.12388067713976575
10421.png,under-eyes,original_roi,0.1605734320903472
10421.png,left-cheek,a_degradation_11,0.18169508753362484
10421.png,right-cheek,a_degradation_11,0.18039343037197206
10421.png,bottom-face,a_degradation_11,0.12321822584749105
10421.png,forehead,a_degradation_11,0.12239247241519872
10421.png,under-eyes,a_degradation_11,0.15576451410783668
10421.png,left-cheek,a_degradation_17,0.19426276999410008
10421.png,right-cheek,a_degradation_17,0.17849886584619284
10421.png,bottom-face,a_degradation_17,0.1179469228217663
10421.png,forehead,a_degradation_17,0.11786594251902965
10421.png,under-eyes,a_degradation_17,0.15724868665435796
10422.png,left-cheek,original_roi,0.3671598286755422
10422.png,right-cheek,original_roi,0.35258657074160105
10422.png,bottom-face,original_roi,0.3906283129534981
10422.png,forehead,original_roi,0.3624806774435305
10422.png,under-eyes,original_roi,0.29861882747727875
10422.png,left-cheek,a_degradation_11,0.3498596190972613
10422.png,right-cheek,a_degradation_11,0.3322753828218845
10422.png,bottom-face,a_degradation_11,0.3547099820846174
10422.png,forehead,a_degradation_11,0.3584378011427894
10422.png,under-eyes,a_degradation_11,0.2758095341254067
10422.png,left-cheek,a_degradation_17,0.3509581653755755
10422.png,right-cheek,a_degradation_17,0.3468792402065861
10422.png,bottom-face,a_degradation_17,0.3269508650877552
10422.png,forehead,a_degradation_17,0.324652499405142
10422.png,under-eyes,a_degradation_17,0.27807230856984316
21007.png,left-cheek,original_roi,0.35420796633798785
21007.png,right-cheek,original_roi,0.20132645606437688
21007.png,bottom-face,original_roi,0.2951907128443886
21007.png,forehead,original_roi,0.14222721034083574
21007.png,under-eyes,original_roi,0.2014979082619759
21007.png,left-cheek,a_degradation_11,0.3255803791911355
21007.png,right-cheek,a_degradation_11,0.2016692338363619
21007.png,bottom-face,a_degradation_11,0.27575323927730644
21007.png,forehead,a_degradation_11,0.1420180895178547
21007.png,under-eyes,a_degradation_11,0.193556852343748
21007.png,left-cheek,a_degradation_17,0.2880168576395104
21007.png,right-cheek,a_degradation_17,0.19303276861012472
21007.png,bottom-face,a_degradation_17,0.24710546779520484
21007.png,forehead,a_degradation_17,0.14159790123502636
21007.png,under-eyes,a_degradation_17,0.1935446258624859
21008.png,left-cheek,original_roi,0.2281421775168005
21008.png,right-cheek,original_roi,0.3027459729376194
21008.png,bottom-face,original_roi,0.17319433709935855
21008.png,forehead,original_roi,0.30063794130490434
21008.png,under-eyes,original_roi,0.3199100314054668
21008.png,left-cheek,a_degradation_11,0.23174550088416324
21008.png,right-cheek,a_degradation_11,0.29757388828406645
21008.png,bottom-face,a_degradation_11,0.16943987330855848
21008.png,forehead,a_degradation_11,0.2857476399877072
21008.png,under-eyes,a_degradation_11,0.2940171063353703
21008.png,left-cheek,a_degradation_17,0.2466926567618647
21008.png,right-cheek,a_degradation_17,0.25649016642173955
21008.png,bottom-face,a_degradation_17,0.15584676318735535
21008.png,forehead,a_degradation_17,0.2708254127027031
21008.png,under-eyes,a_degradation_17,0.2859566904166574
21015.png,left-cheek,original_roi,0.18405877521238695
21015.png,right-cheek,original_roi,0.1869481395845306
21015.png,bottom-face,original_roi,0.22971449291961052
21015.png,forehead,original_roi,0.2697708814284816
21015.png,under-eyes,original_roi,0.19205326447952045
21015.png,left-cheek,a_degradation_11,0.17987329800956145
21015.png,right-cheek,a_degradation_11,0.17744840746308968
21015.png,bottom-face,a_degradation_11,0.2235256781426224
21015.png,forehead,a_degradation_11,0.2629654110845674
21015.png,under-eyes,a_degradation_11,0.18280112845234722
21015.png,left-cheek,a_degradation_17,0.16038839720933556
21015.png,right-cheek,a_degradation_17,0.17955144433573203
21015.png,bottom-face,a_degradation_17,0.2122317856195562
21015.png,forehead,a_degradation_17,0.25452248949178663
21015.png,under-eyes,a_degradation_17,0.18066016572098884
21022.png,left-cheek,original_roi,0.25743014433655526
21022.png,right-cheek,original_roi,0.36670217106113645
21022.png,bottom-face,original_roi,0.2722035536791298
21022.png,forehead,original_roi,0.2866930305570371
21022.png,under-eyes,original_roi,0.27697065276756005
21022.png,left-cheek,a_degradation_11,0.2285750524355823
21022.png,right-cheek,a_degradation_11,0.3503953489249271
21022.png,bottom-face,a_degradation_11,0.25463356934476766
21022.png,forehead,a_degradation_11,0.28408220187655947
21022.png,under-eyes,a_degradation_11,0.26135692769594565
21022.png,left-cheek,a_degradation_17,0.18603626470646972
21022.png,right-cheek,a_degradation_17,0.3213194439523411
21022.png,bottom-face,a_degradation_17,0.23630621495006465
21022.png,forehead,a_degradation_17,0.2573066100013143
21022.png,under-eyes,a_degradation_17,0.2526301011782199
21024.png,left-cheek,original_roi,0.2183761413481818
21024.png,right-cheek,original_roi,0.2159820620793946
21024.png,bottom-face,original_roi,0.2178821286651729
21024.png,forehead,original_roi,0.24511366781213842
21024.png,under-eyes,original_roi,0.22252595526860122
21024.png,left-cheek,a_degradation_11,0.21714277209071162
21024.png,right-cheek,a_degradation_11,0.2124184461737916
21024.png,bottom-face,a_degradation_11,0.20801396145647258
21024.png,forehead,a_degradation_11,0.2332564341757038
21024.png,under-eyes,a_degradation_11,0.20986735698182216
21024.png,left-cheek,a_degradation_17,0.2069113744837978
21024.png,right-cheek,a_degradation_17,0.20197806368053164
21024.png,bottom-face,a_degradation_17,0.18870087688574558
21024.png,forehead,a_degradation_17,0.22274318493624695
21024.png,under-eyes,a_degradation_17,0.21723743223051742
21026.png,left-cheek,original_roi,0.2825395481564869
21026.png,right-cheek,original_roi,0.24210658351926131
21026.png,bottom-face,original_roi,0.2508105387530272
21026.png,forehead,original_roi,0.15708646535402848
21026.png,under-eyes,original_roi,0.22558794208078808
21026.png,left-cheek,a_degradation_11,0.2574628190693934
21026.png,right-cheek,a_degradation_11,0.2155704712474042
21026.png,bottom-face,a_degradation_11,0.23282763171473245
21026.png,forehead,a_degradation_11,0.1507480495078075
21026.png,under-eyes,a_degradation_11,0.2099713776790511
21026.png,left-cheek,a_degradation_17,0.22274508528530923
21026.png,right-cheek,a_degradation_17,0.17955806479871633
21026.png,bottom-face,a_degradation_17,0.20676292115685732
21026.png,forehead,a_degradation_17,0.14755970749861247
21026.png,under-eyes,a_degradation_17,0.20864096089579262
21030.png,left-cheek,original_roi,0.43302072067678316
21030.png,right-cheek,original_roi,0.23990037088889135
21030.png,bottom-face,original_roi,0.3498682143879231
21030.png,forehead,original_roi,0.27073834422691634
21030.png,under-eyes,original_roi,0.3420648365365837
21030.png,left-cheek,a_degradation_11,0.4001135318559808
21030.png,right-cheek,a_degradation_11,0.23067503809705195
21030.png,bottom-face,a_degradation_11,0.3198101157936944
21030.png,forehead,a_degradation_11,0.2603729642524581
21030.png,under-eyes,a_degradation_11,0.32143010919014764
21030.png,left-cheek,a_degradation_17,0.3827790154844678
21030.png,right-cheek,a_degradation_17,0.19468855519153713
21030.png,bottom-face,a_degradation_17,0.2686705405736376
21030.png,forehead,a_degradation_17,0.23654232423103436
21030.png,under-eyes,a_degradation_17,0.32064263195709725
21032.png,left-cheek,original_roi,0.20571846716213085
21032.png,right-cheek,original_roi,0.24882556350352109
21032.png,bottom-face,original_roi,0.235580746215105
21032.png,forehead,original_roi,0.1765195027603162
21032.png,under-eyes,original_roi,0.23209644917202316
21032.png,left-cheek,a_degradation_11,0.19321677998906991
21032.png,right-cheek,a_degradation_11,0.22857726380589238
21032.png,bottom-face,a_degradation_11,0.21885476141017288
21032.png,forehead,a_degradation_11,0.17474900602718094
21032.png,under-eyes,a_degradation_11,0.22092399774010182
21032.png,left-cheek,a_degradation_17,0.16726629253708905
21032.png,right-cheek,a_degradation_17,0.19667843577212094
21032.png,bottom-face,a_degradation_17,0.19148113771525496
21032.png,forehead,a_degradation_17,0.1707250765809185
21032.png,under-eyes,a_degradation_17,0.2175736801116513
21033.png,left-cheek,original_roi,0.15126761385764093
21033.png,right-cheek,original_roi,0.30684812625623303
21033.png,bottom-face,original_roi,0.23547622283732106
21033.png,forehead,original_roi,0.16205711848244547
21033.png,under-eyes,original_roi,0.1630161444244785
21033.png,left-cheek,a_degradation_11,0.15212018828967264
21033.png,right-cheek,a_degradation_11,0.2701932546343755
21033.png,bottom-face,a_degradation_11,0.23239084795592976
21033.png,forehead,a_degradation_11,0.15823597646832607
21033.png,under-eyes,a_degradation_11,0.1600671949559636
21033.png,left-cheek,a_degradation_17,0.1612058671638632
21033.png,right-cheek,a_degradation_17,0.21177863869378305
21033.png,bottom-face,a_degradation_17,0.2076236425072874
21033.png,forehead,a_degradation_17,0.15676378676632044
21033.png,under-eyes,a_degradation_17,0.16034612066589357
21035.png,left-cheek,original_roi,0.20923349271448183
21035.png,right-cheek,original_roi,0.15038004223293414
21035.png,bottom-face,original_roi,0.2228729089212232
21035.png,forehead,original_roi,0.15058723184059664
21035.png,under-eyes,original_roi,0.19422658001201784
21035.png,left-cheek,a_degradation_11,0.2160513058596344
21035.png,right-cheek,a_degradation_11,0.14939946604710963
21035.png,bottom-face,a_degradation_11,0.2204210567898627
21035.png,forehead,a_degradation_11,0.14828617662646168
21035.png,under-eyes,a_degradation_11,0.19604356072266824
21035.png,left-cheek,a_degradation_17,0.21824582815533547
21035.png,right-cheek,a_degradation_17,0.14834837079120525
21035.png,bottom-face,a_degradation_17,0.19740726144054954
21035.png,forehead,a_degradation_17,0.14295053891190698
21035.png,under-eyes,a_degradation_17,0.18968910601144545
