image,region,version,evenness_score
00001.png,left-cheek,original_roi,0.00527239661614808
00001.png,right-cheek,original_roi,0.005306594985879686
00001.png,bottom-face,original_roi,0.005712720809190393
00001.png,forehead,original_roi,0.004618850218178714
00001.png,under-eyes,original_roi,0.005546169858391395
00001.png,left-cheek,smooth_1_sigma_1.5,0.005440588214620801
00001.png,right-cheek,smooth_1_sigma_1.5,0.0056916988486811395
00001.png,bottom-face,smooth_1_sigma_1.5,0.005888991860930436
00001.png,forehead,smooth_1_sigma_1.5,0.004966164071560794
00001.png,under-eyes,smooth_1_sigma_1.5,0.00591343427925267
00001.png,left-cheek,smooth_2_sigma_2.5,0.005517089535858734
00001.png,right-cheek,smooth_2_sigma_2.5,0.00581530188869097
00001.png,bottom-face,smooth_2_sigma_2.5,0.00595403806115946
00001.png,forehead,smooth_2_sigma_2.5,0.005033962522979884
00001.png,under-eyes,smooth_2_sigma_2.5,0.006009307989838794
00011.png,left-cheek,original_roi,0.0040743201446276096
00011.png,right-cheek,original_roi,0.004406844700921448
00011.png,bottom-face,original_roi,0.005311810407532678
00011.png,forehead,original_roi,0.003753559510790678
00011.png,under-eyes,original_roi,0.0038208530301005426
00011.png,left-cheek,smooth_1_sigma_1.5,0.004211888216326228
00011.png,right-cheek,smooth_1_sigma_1.5,0.00452386585655667
00011.png,bottom-face,smooth_1_sigma_1.5,0.005575574435992593
00011.png,forehead,smooth_1_sigma_1.5,0.0038678209404612723
00011.png,under-eyes,smooth_1_sigma_1.5,0.003963133203728932
00011.png,left-cheek,smooth_2_sigma_2.5,0.004247314853487536
00011.png,right-cheek,smooth_2_sigma_2.5,0.004553583129647092
00011.png,bottom-face,smooth_2_sigma_2.5,0.005636808719063265
00011.png,forehead,smooth_2_sigma_2.5,0.003894180637328898
00011.png,under-eyes,smooth_2_sigma_2.5,0.004000605079614636
00016.png,left-cheek,original_roi,0.004484536588854669
00016.png,right-cheek,original_roi,0.0046620062787448985
00016.png,bottom-face,original_roi,0.005394129697568979
00016.png,forehead,original_roi,0.004691356568699599
00016.png,under-eyes,original_roi,0.005358492147324602
00016.png,left-cheek,smooth_1_sigma_1.5,0.00460777559902219
00016.png,right-cheek,smooth_1_sigma_1.5,0.0047858786137882576
00016.png,bottom-face,smooth_1_sigma_1.5,0.005606199566765746
00016.png,forehead,smooth_1_sigma_1.5,0.004964136817544689
00016.png,under-eyes,smooth_1_sigma_1.5,0.005557094403323708
00016.png,left-cheek,smooth_2_sigma_2.5,0.004639465505500951
00016.png,right-cheek,smooth_2_sigma_2.5,0.004819718538519186
00016.png,bottom-face,smooth_2_sigma_2.5,0.005665524727664144
00016.png,forehead,smooth_2_sigma_2.5,0.005045996855786211
00016.png,under-eyes,smooth_2_sigma_2.5,0.00561358178095816
00017.png,left-cheek,original_roi,0.009067375322854287
00017.png,right-cheek,original_roi,0.008715686228712721
00017.png,bottom-face,original_roi,0.008959078123765986
00017.png,forehead,original_roi,0.0073480388456384415
00017.png,under-eyes,original_roi,0.007541161337450756
00017.png,left-cheek,smooth_1_sigma_1.5,0.009539535945607771
00017.png,right-cheek,smooth_1_sigma_1.5,0.009294339013257156
00017.png,bottom-face,smooth_1_sigma_1.5,0.009401663743440853
00017.png,forehead,smooth_1_sigma_1.5,0.00783591814901356
00017.png,under-eyes,smooth_1_sigma_1.5,0.008045205630310076
00017.png,left-cheek,smooth_2_sigma_2.5,0.00965179321220634
00017.png,right-cheek,smooth_2_sigma_2.5,0.00942083268817342
00017.png,bottom-face,smooth_2_sigma_2.5,0.009501867285727278
00017.png,forehead,smooth_2_sigma_2.5,0.007977832697241758
00017.png,under-eyes,smooth_2_sigma_2.5,0.008208937764231476
00018.png,left-cheek,original_roi,0.0039902843826912174
00018.png,right-cheek,original_roi,0.004541679930320044
00018.png,bottom-face,original_roi,0.004235176887457242
00018.png,forehead,original_roi,0.003788546077878783
00018.png,under-eyes,original_roi,0.004166895486562159
00018.png,left-cheek,smooth_1_sigma_1.5,0.00405985560117062
00018.png,right-cheek,smooth_1_sigma_1.5,0.004630586984433966
00018.png,bottom-face,smooth_1_sigma_1.5,0.0043068060804981375
00018.png,forehead,smooth_1_sigma_1.5,0.0039102768966300435
00018.png,under-eyes,smooth_1_sigma_1.5,0.004262750451150314
00018.png,left-cheek,smooth_2_sigma_2.5,0.004079825495963411
00018.png,right-cheek,smooth_2_sigma_2.5,0.004657539111688477
00018.png,bottom-face,smooth_2_sigma_2.5,0.004329228296155141
00018.png,forehead,smooth_2_sigma_2.5,0.003937349426544185
00018.png,under-eyes,smooth_2_sigma_2.5,0.004289123930808632
00021.png,left-cheek,original_roi,0.007637137859615159
00021.png,right-cheek,original_roi,0.005227087739573131
00021.png,bottom-face,original_roi,0.008383546718709167
00021.png,forehead,original_roi,0.00524850836916238
00021.png,under-eyes,original_roi,0.006654825511031819
00021.png,left-cheek,smooth_1_sigma_1.5,0.008194410332983912
00021.png,right-cheek,smooth_1_sigma_1.5,0.005637489539847933
00021.png,bottom-face,smooth_1_sigma_1.5,0.008834676813383959
00021.png,forehead,smooth_1_sigma_1.5,0.005541221879544523
00021.png,under-eyes,smooth_1_sigma_1.5,0.007484871341139335
00021.png,left-cheek,smooth_2_sigma_2.5,0.008423542536785684
00021.png,right-cheek,smooth_2_sigma_2.5,0.005761755223127336
00021.png,bottom-face,smooth_2_sigma_2.5,0.008951690006679102
00021.png,forehead,smooth_2_sigma_2.5,0.005599675313397262
00021.png,under-eyes,smooth_2_sigma_2.5,0.007733958847613425
00027.png,left-cheek,original_roi,0.005209776972918536
00027.png,right-cheek,original_roi,0.004482266666166821
00027.png,bottom-face,original_roi,0.005911862186748985
00027.png,forehead,original_roi,0.00458856850797906
00027.png,under-eyes,original_roi,0.004882147790801074
00027.png,left-cheek,smooth_1_sigma_1.5,0.005518848908295279
00027.png,right-cheek,smooth_1_sigma_1.5,0.004691532423248871
00027.png,bottom-face,smooth_1_sigma_1.5,0.006457209669705596
00027.png,forehead,smooth_1_sigma_1.5,0.004860341911302726
00027.png,under-eyes,smooth_1_sigma_1.5,0.00522057016097131
00027.png,left-cheek,smooth_2_sigma_2.5,0.00558777491561919
00027.png,right-cheek,smooth_2_sigma_2.5,0.004734148179239605
00027.png,bottom-face,smooth_2_sigma_2.5,0.006579444546496789
00027.png,forehead,smooth_2_sigma_2.5,0.004919720770812501
00027.png,under-eyes,smooth_2_sigma_2.5,0.005349289207672903
00036.png,left-cheek,original_roi,0.004391071313007191
00036.png,right-cheek,original_roi,0.004678626988140168
00036.png,bottom-face,original_roi,0.004938606525628215
00036.png,forehead,original_roi,0.005249200089399638
00036.png,under-eyes,original_roi,0.004606929662673645
00036.png,left-cheek,smooth_1_sigma_1.5,0.004574298521172021
00036.png,right-cheek,smooth_1_sigma_1.5,0.004840166707170025
00036.png,bottom-face,smooth_1_sigma_1.5,0.00567245926858823
00036.png,forehead,smooth_1_sigma_1.5,0.006446400469768057
00036.png,under-eyes,smooth_1_sigma_1.5,0.004821800919462746
00036.png,left-cheek,smooth_2_sigma_2.5,0.0046133430362702045
00036.png,right-cheek,smooth_2_sigma_2.5,0.0048717046265873126
00036.png,bottom-face,smooth_2_sigma_2.5,0.00585111540451661
00036.png,forehead,smooth_2_sigma_2.5,0.007048779443234378
00036.png,under-eyes,smooth_2_sigma_2.5,0.004880228343738455
00040.png,left-cheek,original_roi,0.004382493586172472
00040.png,right-cheek,original_roi,0.004845448287976046
00040.png,bottom-face,original_roi,0.00628329515571903
00040.png,forehead,original_roi,0.004107249258356423
00040.png,under-eyes,original_roi,0.005188106436593009
00040.png,left-cheek,smooth_1_sigma_1.5,0.00462731600141635
00040.png,right-cheek,smooth_1_sigma_1.5,0.00527842390366675
00040.png,bottom-face,smooth_1_sigma_1.5,0.008289102480542826
00040.png,forehead,smooth_1_sigma_1.5,0.004364580359979023
00040.png,under-eyes,smooth_1_sigma_1.5,0.005603756099954181
00040.png,left-cheek,smooth_2_sigma_2.5,0.004664124559778419
00040.png,right-cheek,smooth_2_sigma_2.5,0.00535363365082977
00040.png,bottom-face,smooth_2_sigma_2.5,0.008841834550391245
00040.png,forehead,smooth_2_sigma_2.5,0.004418685245494601
00040.png,under-eyes,smooth_2_sigma_2.5,0.00566948359562716
00045.png,left-cheek,original_roi,0.006888945967405434
00045.png,right-cheek,original_roi,0.003933189345150546
00045.png,bottom-face,original_roi,0.005237668572147399
00045.png,forehead,original_roi,0.004888480831723515
00045.png,under-eyes,original_roi,0.005471532326585217
00045.png,left-cheek,smooth_1_sigma_1.5,0.007504552812268948
00045.png,right-cheek,smooth_1_sigma_1.5,0.00419109629415811
00045.png,bottom-face,smooth_1_sigma_1.5,0.005752506478160552
00045.png,forehead,smooth_1_sigma_1.5,0.00541986730472308
00045.png,under-eyes,smooth_1_sigma_1.5,0.006210386226813033
00045.png,left-cheek,smooth_2_sigma_2.5,0.0075888519500258685
00045.png,right-cheek,smooth_2_sigma_2.5,0.004230447887019499
00045.png,bottom-face,smooth_2_sigma_2.5,0.005819360917333528
00045.png,forehead,smooth_2_sigma_2.5,0.0054876764238270745
00045.png,under-eyes,smooth_2_sigma_2.5,0.0064073908005351414
00048.png,left-cheek,original_roi,0.004224978612218288
00048.png,right-cheek,original_roi,0.0047369029935278445
00048.png,bottom-face,original_roi,0.005318553172318726
00048.png,forehead,original_roi,0.003726682423627295
00048.png,under-eyes,original_roi,0.004856891064832476
00048.png,left-cheek,smooth_1_sigma_1.5,0.004401236002052658
00048.png,right-cheek,smooth_1_sigma_1.5,0.004939046742137375
00048.png,bottom-face,smooth_1_sigma_1.5,0.005688689181393661
00048.png,forehead,smooth_1_sigma_1.5,0.003890231529520064
00048.png,under-eyes,smooth_1_sigma_1.5,0.005102673855972804
00048.png,left-cheek,smooth_2_sigma_2.5,0.004431664130240571
00048.png,right-cheek,smooth_2_sigma_2.5,0.004976345167561573
00048.png,bottom-face,smooth_2_sigma_2.5,0.00578839973409489
00048.png,forehead,smooth_2_sigma_2.5,0.0039208723690118364
00048.png,under-eyes,smooth_2_sigma_2.5,0.005151920986727669
00056.png,left-cheek,original_roi,0.0058426821870490205
00056.png,right-cheek,original_roi,0.003501931119091915
00056.png,bottom-face,original_roi,0.004095006944819761
00056.png,forehead,original_roi,0.003977700423655655
00056.png,under-eyes,original_roi,0.004161859590956044
00056.png,left-cheek,smooth_1_sigma_1.5,0.006144724672463582
00056.png,right-cheek,smooth_1_sigma_1.5,0.0036487226171655947
00056.png,bottom-face,smooth_1_sigma_1.5,0.004304159272315266
00056.png,forehead,smooth_1_sigma_1.5,0.0042215605903830195
00056.png,under-eyes,smooth_1_sigma_1.5,0.004352552642153164
00056.png,left-cheek,smooth_2_sigma_2.5,0.006195415535723391
00056.png,right-cheek,smooth_2_sigma_2.5,0.0036744504726601594
00056.png,bottom-face,smooth_2_sigma_2.5,0.0043439763074871775
00056.png,forehead,smooth_2_sigma_2.5,0.00425351611532154
00056.png,under-eyes,smooth_2_sigma_2.5,0.004384921902514568
00062.png,left-cheek,original_roi,0.004119963267443282
00062.png,right-cheek,original_roi,0.004393473004154213
00062.png,bottom-face,original_roi,0.004746536397650763
00062.png,forehead,original_roi,0.004055257508963974
00062.png,under-eyes,original_roi,0.004183292269559331
00062.png,left-cheek,smooth_1_sigma_1.5,0.0041980656221258525
00062.png,right-cheek,smooth_1_sigma_1.5,0.004510672950137895
00062.png,bottom-face,smooth_1_sigma_1.5,0.004916645685888123
00062.png,forehead,smooth_1_sigma_1.5,0.004222650050170487
00062.png,under-eyes,smooth_1_sigma_1.5,0.0042930563531717175
00062.png,left-cheek,smooth_2_sigma_2.5,0.0042150717639578145
00062.png,right-cheek,smooth_2_sigma_2.5,0.004534025458258961
00062.png,bottom-face,smooth_2_sigma_2.5,0.004954854166281307
00062.png,forehead,smooth_2_sigma_2.5,0.004290911032030337
00062.png,under-eyes,smooth_2_sigma_2.5,0.004321178851742284
00065.png,left-cheek,original_roi,0.0035672821646705105
00065.png,right-cheek,original_roi,0.00407388120810138
00065.png,bottom-face,original_roi,0.004081202277939031
00065.png,forehead,original_roi,0.0040796719655456
00065.png,under-eyes,original_roi,0.003917700258060033
00065.png,left-cheek,smooth_1_sigma_1.5,0.0036042081027644088
00065.png,right-cheek,smooth_1_sigma_1.5,0.004128157660823439
00065.png,bottom-face,smooth_1_sigma_1.5,0.004241409496805423
00065.png,forehead,smooth_1_sigma_1.5,0.004226492714927323
00065.png,under-eyes,smooth_1_sigma_1.5,0.00397755412670821
00065.png,left-cheek,smooth_2_sigma_2.5,0.00361852400915674
00065.png,right-cheek,smooth_2_sigma_2.5,0.004150158153497837
00065.png,bottom-face,smooth_2_sigma_2.5,0.004291323834903659
00065.png,forehead,smooth_2_sigma_2.5,0.004285805738220725
00065.png,under-eyes,smooth_2_sigma_2.5,0.00399678644687435
00074.png,left-cheek,original_roi,0.007086810491954212
00074.png,right-cheek,original_roi,0.00363024917058627
00074.png,bottom-face,original_roi,0.004490795267165628
00074.png,forehead,original_roi,0.003963397207931024
00074.png,under-eyes,original_roi,0.0047435821310816955
00074.png,left-cheek,smooth_1_sigma_1.5,0.0071990551720675445
00074.png,right-cheek,smooth_1_sigma_1.5,0.0036785773201425246
00074.png,bottom-face,smooth_1_sigma_1.5,0.004600674962237794
00074.png,forehead,smooth_1_sigma_1.5,0.004109519999742904
00074.png,under-eyes,smooth_1_sigma_1.5,0.004876573408754558
00074.png,left-cheek,smooth_2_sigma_2.5,0.00724316842061018
00074.png,right-cheek,smooth_2_sigma_2.5,0.0036941112499817084
00074.png,bottom-face,smooth_2_sigma_2.5,0.0046330330157170006
00074.png,forehead,smooth_2_sigma_2.5,0.004150899459805529
00074.png,under-eyes,smooth_2_sigma_2.5,0.004929627324619769
00094.png,left-cheek,original_roi,0.004509666367043958
00094.png,right-cheek,original_roi,0.0047941982764785045
00094.png,bottom-face,original_roi,0.00490284968716487
00094.png,forehead,original_roi,0.004218157066578728
00094.png,under-eyes,original_roi,0.004469859559945086
00094.png,left-cheek,smooth_1_sigma_1.5,0.004551223242268814
00094.png,right-cheek,smooth_1_sigma_1.5,0.004849312915806537
00094.png,bottom-face,smooth_1_sigma_1.5,0.004977731210288077
00094.png,forehead,smooth_1_sigma_1.5,0.0042852035963209184
00094.png,under-eyes,smooth_1_sigma_1.5,0.00452755022071646
00094.png,left-cheek,smooth_2_sigma_2.5,0.004567468207950227
00094.png,right-cheek,smooth_2_sigma_2.5,0.004872738678211395
00094.png,bottom-face,smooth_2_sigma_2.5,0.005018822519918709
00094.png,forehead,smooth_2_sigma_2.5,0.004330476089111633
00094.png,under-eyes,smooth_2_sigma_2.5,0.004551830017246176
00113.png,left-cheek,original_roi,0.004709579021953631
00113.png,right-cheek,original_roi,0.00449561699251611
00113.png,bottom-face,original_roi,0.0047324384761018795
00113.png,forehead,original_roi,0.00403282051061153
00113.png,under-eyes,original_roi,0.004062869064414334
00113.png,left-cheek,smooth_1_sigma_1.5,0.004917042988382282
00113.png,right-cheek,smooth_1_sigma_1.5,0.004693484910016716
00113.png,bottom-face,smooth_1_sigma_1.5,0.0049579029487481175
00113.png,forehead,smooth_1_sigma_1.5,0.004466583618725903
00113.png,under-eyes,smooth_1_sigma_1.5,0.004359656942068731
00113.png,left-cheek,smooth_2_sigma_2.5,0.004958217781211551
00113.png,right-cheek,smooth_2_sigma_2.5,0.004740283833906626
00113.png,bottom-face,smooth_2_sigma_2.5,0.005001544499508537
00113.png,forehead,smooth_2_sigma_2.5,0.00458353396907354
00113.png,under-eyes,smooth_2_sigma_2.5,0.004452317693679087
00114.png,left-cheek,original_roi,0.004192905783322624
00114.png,right-cheek,original_roi,0.006558945191887425
00114.png,bottom-face,original_roi,0.006806513758160953
00114.png,forehead,original_roi,0.004086129929213816
00114.png,under-eyes,original_roi,0.004541174345591394
00114.png,left-cheek,smooth_1_sigma_1.5,0.004290156642452334
00114.png,right-cheek,smooth_1_sigma_1.5,0.0067767234392299295
00114.png,bottom-face,smooth_1_sigma_1.5,0.007056060544390441
00114.png,forehead,smooth_1_sigma_1.5,0.004198054481001537
00114.png,under-eyes,smooth_1_sigma_1.5,0.004707316910380772
00114.png,left-cheek,smooth_2_sigma_2.5,0.004314471037804562
00114.png,right-cheek,smooth_2_sigma_2.5,0.006838416471914114
00114.png,bottom-face,smooth_2_sigma_2.5,0.007129552983896534
00114.png,forehead,smooth_2_sigma_2.5,0.004224026982570799
00114.png,under-eyes,smooth_2_sigma_2.5,0.004764899015611802
00123.png,left-cheek,original_roi,0.004207939035351518
00123.png,right-cheek,original_roi,0.004653483610063142
00123.png,bottom-face,original_roi,0.005226987006253331
00123.png,forehead,original_roi,0.0043350594259876215
00123.png,under-eyes,original_roi,0.004681947316019191
00123.png,left-cheek,smooth_1_sigma_1.5,0.004383727903080639
00123.png,right-cheek,smooth_1_sigma_1.5,0.004856337936533222
00123.png,bottom-face,smooth_1_sigma_1.5,0.005492801902975168
00123.png,forehead,smooth_1_sigma_1.5,0.004512589709287129
00123.png,under-eyes,smooth_1_sigma_1.5,0.00537604002236045
00123.png,left-cheek,smooth_2_sigma_2.5,0.004418006219347708
00123.png,right-cheek,smooth_2_sigma_2.5,0.00490867621591292
00123.png,bottom-face,smooth_2_sigma_2.5,0.005586845327211074
00123.png,forehead,smooth_2_sigma_2.5,0.004546245220356178
00123.png,under-eyes,smooth_2_sigma_2.5,0.0058083077690993705
00125.png,left-cheek,original_roi,0.005292785889866991
00125.png,right-cheek,original_roi,0.004799645614545224
00125.png,bottom-face,original_roi,0.005301644032141318
00125.png,forehead,original_roi,0.004057155242577819
00125.png,under-eyes,original_roi,0.004895142124550018
00125.png,left-cheek,smooth_1_sigma_1.5,0.0055221708741439775
00125.png,right-cheek,smooth_1_sigma_1.5,0.004985144682959759
00125.png,bottom-face,smooth_1_sigma_1.5,0.0055795792977409685
00125.png,forehead,smooth_1_sigma_1.5,0.004388327020245
00125.png,under-eyes,smooth_1_sigma_1.5,0.005372523904237309
00125.png,left-cheek,smooth_2_sigma_2.5,0.005566010665102181
00125.png,right-cheek,smooth_2_sigma_2.5,0.005025634816974332
00125.png,bottom-face,smooth_2_sigma_2.5,0.005631069831743591
00125.png,forehead,smooth_2_sigma_2.5,0.004477760773887508
00125.png,under-eyes,smooth_2_sigma_2.5,0.0055150559964693155
00132.png,left-cheek,original_roi,0.004461681469822995
00132.png,right-cheek,original_roi,0.004170027749771817
00132.png,bottom-face,original_roi,0.004380111647449201
00132.png,forehead,original_roi,0.004381480880751633
00132.png,under-eyes,original_roi,0.004520157936708883
00132.png,left-cheek,smooth_1_sigma_1.5,0.004824328157677146
00132.png,right-cheek,smooth_1_sigma_1.5,0.004397010644901754
00132.png,bottom-face,smooth_1_sigma_1.5,0.004645135791549372
00132.png,forehead,smooth_1_sigma_1.5,0.004595315332093327
00132.png,under-eyes,smooth_1_sigma_1.5,0.004746771787448963
00132.png,left-cheek,smooth_2_sigma_2.5,0.004899007894789888
00132.png,right-cheek,smooth_2_sigma_2.5,0.004447432396728783
00132.png,bottom-face,smooth_2_sigma_2.5,0.004697503680516887
00132.png,forehead,smooth_2_sigma_2.5,0.004636957316747448
00132.png,under-eyes,smooth_2_sigma_2.5,0.004797611211684261
00133.png,left-cheek,original_roi,0.007206811325237437
00133.png,right-cheek,original_roi,0.004743561004622178
00133.png,bottom-face,original_roi,0.0059701280431041495
00133.png,forehead,original_roi,0.0048133202409495115
00133.png,under-eyes,original_roi,0.005216959770145223
00133.png,left-cheek,smooth_1_sigma_1.5,0.007601973750201061
00133.png,right-cheek,smooth_1_sigma_1.5,0.004972203691318155
00133.png,bottom-face,smooth_1_sigma_1.5,0.00629962809174797
00133.png,forehead,smooth_1_sigma_1.5,0.005049269540124494
00133.png,under-eyes,smooth_1_sigma_1.5,0.005580692174787054
00133.png,left-cheek,smooth_2_sigma_2.5,0.007686265899412656
00133.png,right-cheek,smooth_2_sigma_2.5,0.005022903772079595
00133.png,bottom-face,smooth_2_sigma_2.5,0.006368775754247644
00133.png,forehead,smooth_2_sigma_2.5,0.0050995070997285835
00133.png,under-eyes,smooth_2_sigma_2.5,0.005731059644610379
00142.png,left-cheek,original_roi,0.006149475206869685
00142.png,right-cheek,original_roi,0.007457756993539935
00142.png,bottom-face,original_roi,0.006454312821788959
00142.png,forehead,original_roi,0.006141183991266504
00142.png,under-eyes,original_roi,0.007393553519891498
00142.png,left-cheek,smooth_1_sigma_1.5,0.006442950855958792
00142.png,right-cheek,smooth_1_sigma_1.5,0.007947853407178624
00142.png,bottom-face,smooth_1_sigma_1.5,0.00808358033652524
00142.png,forehead,smooth_1_sigma_1.5,0.006491928736165078
00142.png,under-eyes,smooth_1_sigma_1.5,0.007809854150372684
00142.png,left-cheek,smooth_2_sigma_2.5,0.0065129135795461025
00142.png,right-cheek,smooth_2_sigma_2.5,0.00806009562983129
00142.png,bottom-face,smooth_2_sigma_2.5,0.008756348453567979
00142.png,forehead,smooth_2_sigma_2.5,0.006590634365520185
00142.png,under-eyes,smooth_2_sigma_2.5,0.007917771472279225
00144.png,left-cheek,original_roi,0.004889511256564422
00144.png,right-cheek,original_roi,0.005142568089753334
00144.png,bottom-face,original_roi,0.005424212957964377
00144.png,forehead,original_roi,0.00425715073260538
00144.png,under-eyes,original_roi,0.004633894264504072
00144.png,left-cheek,smooth_1_sigma_1.5,0.005172235818765938
00144.png,right-cheek,smooth_1_sigma_1.5,0.005398027606119793
00144.png,bottom-face,smooth_1_sigma_1.5,0.005757080669216814
00144.png,forehead,smooth_1_sigma_1.5,0.0044091385899707024
00144.png,under-eyes,smooth_1_sigma_1.5,0.004916635876619915
00144.png,left-cheek,smooth_2_sigma_2.5,0.0052598566904421985
00144.png,right-cheek,smooth_2_sigma_2.5,0.005456709425763316
00144.png,bottom-face,smooth_2_sigma_2.5,0.005852325321082088
00144.png,forehead,smooth_2_sigma_2.5,0.004439373447075788
00144.png,under-eyes,smooth_2_sigma_2.5,0.004977747252128265
00167.png,left-cheek,original_roi,0.00465413236621007
00167.png,right-cheek,original_roi,0.0044956478027015235
00167.png,bottom-face,original_roi,0.004972868235573897
00167.png,forehead,original_roi,0.0038059065858972447
00167.png,under-eyes,original_roi,0.00450129224837261
00167.png,left-cheek,smooth_1_sigma_1.5,0.004723975235504464
00167.png,right-cheek,smooth_1_sigma_1.5,0.004561994107926416
00167.png,bottom-face,smooth_1_sigma_1.5,0.005053727601940661
00167.png,forehead,smooth_1_sigma_1.5,0.0038450136723002285
00167.png,under-eyes,smooth_1_sigma_1.5,0.004575745078612929
00167.png,left-cheek,smooth_2_sigma_2.5,0.004744646334240593
00167.png,right-cheek,smooth_2_sigma_2.5,0.004584912620727767
00167.png,bottom-face,smooth_2_sigma_2.5,0.005090281041608399
00167.png,forehead,smooth_2_sigma_2.5,0.003861861894350422
00167.png,under-eyes,smooth_2_sigma_2.5,0.004601115006532101
00174.png,left-cheek,original_roi,0.006177114157756008
00174.png,right-cheek,original_roi,0.006062097837722887
00174.png,bottom-face,original_roi,0.006891146577851954
00174.png,forehead,original_roi,0.00585315799670541
00174.png,under-eyes,original_roi,0.006710385343578857
00174.png,left-cheek,smooth_1_sigma_1.5,0.006487714552129708
00174.png,right-cheek,smooth_1_sigma_1.5,0.006378437822139374
00174.png,bottom-face,smooth_1_sigma_1.5,0.007259255584446553
00174.png,forehead,smooth_1_sigma_1.5,0.006735517595119805
00174.png,under-eyes,smooth_1_sigma_1.5,0.007295190707814008
00174.png,left-cheek,smooth_2_sigma_2.5,0.006547871538313935
00174.png,right-cheek,smooth_2_sigma_2.5,0.006444486723741588
00174.png,bottom-face,smooth_2_sigma_2.5,0.0073544159846573665
00174.png,forehead,smooth_2_sigma_2.5,0.007091394260422552
00174.png,under-eyes,smooth_2_sigma_2.5,0.007465036744496148
00175.png,left-cheek,original_roi,0.004258551782762524
00175.png,right-cheek,original_roi,0.0033726767363023917
00175.png,bottom-face,original_roi,0.0037350432334203616
00175.png,forehead,original_roi,0.0036390748353548174
00175.png,under-eyes,original_roi,0.0038264874127085387
00175.png,left-cheek,smooth_1_sigma_1.5,0.0044017460824208625
00175.png,right-cheek,smooth_1_sigma_1.5,0.003445665180711728
00175.png,bottom-face,smooth_1_sigma_1.5,0.004022718274755595
00175.png,forehead,smooth_1_sigma_1.5,0.0037876604211457164
00175.png,under-eyes,smooth_1_sigma_1.5,0.0039948581958035604
00175.png,left-cheek,smooth_2_sigma_2.5,0.004434232793844969
00175.png,right-cheek,smooth_2_sigma_2.5,0.0034637230208214758
00175.png,bottom-face,smooth_2_sigma_2.5,0.004078307313169059
00175.png,forehead,smooth_2_sigma_2.5,0.003813875304498798
00175.png,under-eyes,smooth_2_sigma_2.5,0.004031419161055274
00189.png,left-cheek,original_roi,0.007298246067299582
00189.png,right-cheek,original_roi,0.005215259075267048
00189.png,bottom-face,original_roi,0.006068170974022761
00189.png,forehead,original_roi,0.0045727913819181955
00189.png,under-eyes,original_roi,0.006382848898548047
00189.png,left-cheek,smooth_1_sigma_1.5,0.007786362474160198
00189.png,right-cheek,smooth_1_sigma_1.5,0.005563250968280699
00189.png,bottom-face,smooth_1_sigma_1.5,0.006894994694970529
00189.png,forehead,smooth_1_sigma_1.5,0.004998510196785425
00189.png,under-eyes,smooth_1_sigma_1.5,0.006935011777752851
00189.png,left-cheek,smooth_2_sigma_2.5,0.007878252961176786
00189.png,right-cheek,smooth_2_sigma_2.5,0.005615881838477583
00189.png,bottom-face,smooth_2_sigma_2.5,0.00702468581993672
00189.png,forehead,smooth_2_sigma_2.5,0.005066379546572134
00189.png,under-eyes,smooth_2_sigma_2.5,0.007149722721836007
00197.png,left-cheek,original_roi,0.004076708268017582
00197.png,right-cheek,original_roi,0.0036396500177387535
00197.png,bottom-face,original_roi,0.004020860106088294
00197.png,forehead,original_roi,0.004120587578271637
00197.png,under-eyes,original_roi,0.004547890438803055
00197.png,left-cheek,smooth_1_sigma_1.5,0.004157182806122003
00197.png,right-cheek,smooth_1_sigma_1.5,0.0037708309882536835
00197.png,bottom-face,smooth_1_sigma_1.5,0.004116773870123556
00197.png,forehead,smooth_1_sigma_1.5,0.0042816634865914
00197.png,under-eyes,smooth_1_sigma_1.5,0.004801711534746585
00197.png,left-cheek,smooth_2_sigma_2.5,0.004178909838499138
00197.png,right-cheek,smooth_2_sigma_2.5,0.0037950452768361984
00197.png,bottom-face,smooth_2_sigma_2.5,0.004140448568542136
00197.png,forehead,smooth_2_sigma_2.5,0.004319035405924958
00197.png,under-eyes,smooth_2_sigma_2.5,0.004889241148037372
00232.png,left-cheek,original_roi,0.006545186612591094
00232.png,right-cheek,original_roi,0.005640643909463022
00232.png,bottom-face,original_roi,0.007436514973867739
00232.png,forehead,original_roi,0.005527320121871395
00232.png,under-eyes,original_roi,0.004803230556596676
00232.png,left-cheek,smooth_1_sigma_1.5,0.007178618893131002
00232.png,right-cheek,smooth_1_sigma_1.5,0.005997774314917134
00232.png,bottom-face,smooth_1_sigma_1.5,0.007958352848210521
00232.png,forehead,smooth_1_sigma_1.5,0.005891356194226014
00232.png,under-eyes,smooth_1_sigma_1.5,0.005631006332221217
00232.png,left-cheek,smooth_2_sigma_2.5,0.0074314933195429415
00232.png,right-cheek,smooth_2_sigma_2.5,0.006097263613993862
00232.png,bottom-face,smooth_2_sigma_2.5,0.008097905290252533
00232.png,forehead,smooth_2_sigma_2.5,0.006110767195330351
00232.png,under-eyes,smooth_2_sigma_2.5,0.006471322673279292
00251.png,left-cheek,original_roi,0.004768731706491589
00251.png,right-cheek,original_roi,0.004401327646421463
00251.png,bottom-face,original_roi,0.004489513629850888
00251.png,forehead,original_roi,0.004026828778998456
00251.png,under-eyes,original_roi,0.003980596233317689
00251.png,left-cheek,smooth_1_sigma_1.5,0.0048802285964240095
00251.png,right-cheek,smooth_1_sigma_1.5,0.004504321450555636
00251.png,bottom-face,smooth_1_sigma_1.5,0.00458308478128811
00251.png,forehead,smooth_1_sigma_1.5,0.004125368962931038
00251.png,under-eyes,smooth_1_sigma_1.5,0.004294926456128439
00251.png,left-cheek,smooth_2_sigma_2.5,0.004904812107060197
00251.png,right-cheek,smooth_2_sigma_2.5,0.004536187975561321
00251.png,bottom-face,smooth_2_sigma_2.5,0.004610864890712485
00251.png,forehead,smooth_2_sigma_2.5,0.004154030641772783
00251.png,under-eyes,smooth_2_sigma_2.5,0.004463460703097806
00257.png,left-cheek,original_roi,0.003925918116536651
00257.png,right-cheek,original_roi,0.0037845522532919122
00257.png,bottom-face,original_roi,0.0040288218042644226
00257.png,forehead,original_roi,0.003348347441033876
00257.png,under-eyes,original_roi,0.003500255560221965
00257.png,left-cheek,smooth_1_sigma_1.5,0.004036106710802911
00257.png,right-cheek,smooth_1_sigma_1.5,0.003874477925901745
00257.png,bottom-face,smooth_1_sigma_1.5,0.004179053925964044
00257.png,forehead,smooth_1_sigma_1.5,0.003426816887299606
00257.png,under-eyes,smooth_1_sigma_1.5,0.0036677141297751536
00257.png,left-cheek,smooth_2_sigma_2.5,0.004056782197098691
00257.png,right-cheek,smooth_2_sigma_2.5,0.0038921596910313173
00257.png,bottom-face,smooth_2_sigma_2.5,0.004204766440717469
00257.png,forehead,smooth_2_sigma_2.5,0.003442177274622866
00257.png,under-eyes,smooth_2_sigma_2.5,0.0037174294214994286
00259.png,left-cheek,original_roi,0.01159333397227488
00259.png,right-cheek,original_roi,0.0051875245095550455
00259.png,bottom-face,original_roi,0.00830941959685642
00259.png,forehead,original_roi,0.006909785310903338
00259.png,under-eyes,original_roi,0.006656582616743473
00259.png,left-cheek,smooth_1_sigma_1.5,0.012473814508972968
00259.png,right-cheek,smooth_1_sigma_1.5,0.005428839994112064
00259.png,bottom-face,smooth_1_sigma_1.5,0.0088662842414163
00259.png,forehead,smooth_1_sigma_1.5,0.007352991319993374
00259.png,under-eyes,smooth_1_sigma_1.5,0.007253054310169715
00259.png,left-cheek,smooth_2_sigma_2.5,0.01299096961219419
00259.png,right-cheek,smooth_2_sigma_2.5,0.00555421648843742
00259.png,bottom-face,smooth_2_sigma_2.5,0.009086820692178196
00259.png,forehead,smooth_2_sigma_2.5,0.007492394254875863
00259.png,under-eyes,smooth_2_sigma_2.5,0.007586821978638915
00264.png,left-cheek,original_roi,0.007986274991258957
00264.png,right-cheek,original_roi,0.004852528161984707
00264.png,bottom-face,original_roi,0.0050158824286220625
00264.png,forehead,original_roi,0.005423821323463643
00264.png,under-eyes,original_roi,0.006252246095243272
00264.png,left-cheek,smooth_1_sigma_1.5,0.008310315100375481
00264.png,right-cheek,smooth_1_sigma_1.5,0.004966253764771948
00264.png,bottom-face,smooth_1_sigma_1.5,0.005685564351374444
00264.png,forehead,smooth_1_sigma_1.5,0.005597326685801495
00264.png,under-eyes,smooth_1_sigma_1.5,0.006689583533622184
00264.png,left-cheek,smooth_2_sigma_2.5,0.008429937911816912
00264.png,right-cheek,smooth_2_sigma_2.5,0.005021224608066351
00264.png,bottom-face,smooth_2_sigma_2.5,0.005928251892846283
00264.png,forehead,smooth_2_sigma_2.5,0.005695761262726376
00264.png,under-eyes,smooth_2_sigma_2.5,0.006969821143589242
00267.png,left-cheek,original_roi,0.006310656459412632
00267.png,right-cheek,original_roi,0.005958043114872027
00267.png,bottom-face,original_roi,0.006759523551303922
00267.png,forehead,original_roi,0.00432295583127391
00267.png,under-eyes,original_roi,0.004946238963339681
00267.png,left-cheek,smooth_1_sigma_1.5,0.006435233265445622
00267.png,right-cheek,smooth_1_sigma_1.5,0.006087415054585562
00267.png,bottom-face,smooth_1_sigma_1.5,0.006906407048756322
00267.png,forehead,smooth_1_sigma_1.5,0.004403564112235663
00267.png,under-eyes,smooth_1_sigma_1.5,0.005163960304911503
00267.png,left-cheek,smooth_2_sigma_2.5,0.006477538351029369
00267.png,right-cheek,smooth_2_sigma_2.5,0.0061281398175924975
00267.png,bottom-face,smooth_2_sigma_2.5,0.006960853540796388
00267.png,forehead,smooth_2_sigma_2.5,0.004430903843771561
00267.png,under-eyes,smooth_2_sigma_2.5,0.00526033870250533
00323.png,left-cheek,original_roi,0.003691384711813748
00323.png,right-cheek,original_roi,0.0056589627330749575
00323.png,bottom-face,original_roi,0.004254323847687517
00323.png,forehead,original_roi,0.004047333861624263
00323.png,under-eyes,original_roi,0.004522764371332923
00323.png,left-cheek,smooth_1_sigma_1.5,0.0037722508173804892
00323.png,right-cheek,smooth_1_sigma_1.5,0.006027697310992801
00323.png,bottom-face,smooth_1_sigma_1.5,0.004426969986096712
00323.png,forehead,smooth_1_sigma_1.5,0.00417822879326386
00323.png,under-eyes,smooth_1_sigma_1.5,0.004741691730939084
00323.png,left-cheek,smooth_2_sigma_2.5,0.0037940807689019963
00323.png,right-cheek,smooth_2_sigma_2.5,0.006101208941696257
00323.png,bottom-face,smooth_2_sigma_2.5,0.004467504391376189
00323.png,forehead,smooth_2_sigma_2.5,0.00420786527441707
00323.png,under-eyes,smooth_2_sigma_2.5,0.004786376065222494
00336.png,left-cheek,original_roi,0.0035357473699170632
00336.png,right-cheek,original_roi,0.003729074296823668
00336.png,bottom-face,original_roi,0.004005320574808056
00336.png,forehead,original_roi,0.003923830957598137
00336.png,under-eyes,original_roi,0.003972957475931666
00336.png,left-cheek,smooth_1_sigma_1.5,0.003628073049949001
00336.png,right-cheek,smooth_1_sigma_1.5,0.00381406632192425
00336.png,bottom-face,smooth_1_sigma_1.5,0.004118870207834037
00336.png,forehead,smooth_1_sigma_1.5,0.004180798982448544
00336.png,under-eyes,smooth_1_sigma_1.5,0.0040959370329679955
00336.png,left-cheek,smooth_2_sigma_2.5,0.0036489618654234586
00336.png,right-cheek,smooth_2_sigma_2.5,0.0038311628589711762
00336.png,bottom-face,smooth_2_sigma_2.5,0.004143310518612125
00336.png,forehead,smooth_2_sigma_2.5,0.004226331179944935
00336.png,under-eyes,smooth_2_sigma_2.5,0.004119817311623208
00378.png,left-cheek,original_roi,0.005274212527547935
00378.png,right-cheek,original_roi,0.004498368704497282
00378.png,bottom-face,original_roi,0.005235401438461216
00378.png,forehead,original_roi,0.004088959761654127
00378.png,under-eyes,original_roi,0.004989277957564202
00378.png,left-cheek,smooth_1_sigma_1.5,0.005373127477972853
00378.png,right-cheek,smooth_1_sigma_1.5,0.0046095124585756
00378.png,bottom-face,smooth_1_sigma_1.5,0.005437565751135529
00378.png,forehead,smooth_1_sigma_1.5,0.004161508526679804
00378.png,under-eyes,smooth_1_sigma_1.5,0.005186960545425886
00378.png,left-cheek,smooth_2_sigma_2.5,0.005405165520635767
00378.png,right-cheek,smooth_2_sigma_2.5,0.004645758687571399
00378.png,bottom-face,smooth_2_sigma_2.5,0.005486756971905211
00378.png,forehead,smooth_2_sigma_2.5,0.004181742937019311
00378.png,under-eyes,smooth_2_sigma_2.5,0.005254343322010481
00387.png,left-cheek,original_roi,0.004805429675051571
00387.png,right-cheek,original_roi,0.004508974916646879
00387.png,bottom-face,original_roi,0.004248781123783676
00387.png,forehead,original_roi,0.004890813175163445
00387.png,under-eyes,original_roi,0.005147059534557236
00387.png,left-cheek,smooth_1_sigma_1.5,0.005324032429461334
00387.png,right-cheek,smooth_1_sigma_1.5,0.004928135890850637
00387.png,bottom-face,smooth_1_sigma_1.5,0.005536848331407273
00387.png,forehead,smooth_1_sigma_1.5,0.005270706238990336
00387.png,under-eyes,smooth_1_sigma_1.5,0.00551190598943742
00387.png,left-cheek,smooth_2_sigma_2.5,0.005488030852692674
00387.png,right-cheek,smooth_2_sigma_2.5,0.005082939221059146
00387.png,bottom-face,smooth_2_sigma_2.5,0.006044646436871458
00387.png,forehead,smooth_2_sigma_2.5,0.005376473353127876
00387.png,under-eyes,smooth_2_sigma_2.5,0.005633967415189426
00396.png,left-cheek,original_roi,0.005031062218477654
00396.png,right-cheek,original_roi,0.005217667266499829
00396.png,bottom-face,original_roi,0.006139118273868529
00396.png,forehead,original_roi,0.005767983457313253
00396.png,under-eyes,original_roi,0.0051284061036628754
00396.png,left-cheek,smooth_1_sigma_1.5,0.00526845424584763
00396.png,right-cheek,smooth_1_sigma_1.5,0.005498241892852158
00396.png,bottom-face,smooth_1_sigma_1.5,0.007672662768027923
00396.png,forehead,smooth_1_sigma_1.5,0.006021414371806897
00396.png,under-eyes,smooth_1_sigma_1.5,0.0053273414425715595
00396.png,left-cheek,smooth_2_sigma_2.5,0.005317438969013932
00396.png,right-cheek,smooth_2_sigma_2.5,0.005548415123512454
00396.png,bottom-face,smooth_2_sigma_2.5,0.008142812577238511
00396.png,forehead,smooth_2_sigma_2.5,0.006093394920490519
00396.png,under-eyes,smooth_2_sigma_2.5,0.0054067006751634715
00413.png,left-cheek,original_roi,0.004556353250898619
00413.png,right-cheek,original_roi,0.012494319912664777
00413.png,bottom-face,original_roi,0.007480525149165199
00413.png,forehead,original_roi,0.015295732864749419
00413.png,under-eyes,original_roi,0.007320660091228571
00413.png,left-cheek,smooth_1_sigma_1.5,0.004741662687832542
00413.png,right-cheek,smooth_1_sigma_1.5,0.012837423746401577
00413.png,bottom-face,smooth_1_sigma_1.5,0.007813720681656434
00413.png,forehead,smooth_1_sigma_1.5,0.016729793393052188
00413.png,under-eyes,smooth_1_sigma_1.5,0.00805447444246241
00413.png,left-cheek,smooth_2_sigma_2.5,0.0047792595052603085
00413.png,right-cheek,smooth_2_sigma_2.5,0.012989953179870138
00413.png,bottom-face,smooth_2_sigma_2.5,0.007914126352239882
00413.png,forehead,smooth_2_sigma_2.5,0.017358654082355957
00413.png,under-eyes,smooth_2_sigma_2.5,0.008373714870800533
00420.png,left-cheek,original_roi,0.007167524010610065
00420.png,right-cheek,original_roi,0.006950886313474787
00420.png,bottom-face,original_roi,0.00837710255227061
00420.png,forehead,original_roi,0.006498145174296516
00420.png,under-eyes,original_roi,0.007352306178884982
00420.png,left-cheek,smooth_1_sigma_1.5,0.0073756975543087374
00420.png,right-cheek,smooth_1_sigma_1.5,0.00720555390708436
00420.png,bottom-face,smooth_1_sigma_1.5,0.00888061742834488
00420.png,forehead,smooth_1_sigma_1.5,0.006771891384432631
00420.png,under-eyes,smooth_1_sigma_1.5,0.007689063408404147
00420.png,left-cheek,smooth_2_sigma_2.5,0.007433661701935764
00420.png,right-cheek,smooth_2_sigma_2.5,0.007270723463232879
00420.png,bottom-face,smooth_2_sigma_2.5,0.009030770581162615
00420.png,forehead,smooth_2_sigma_2.5,0.006833442040020341
00420.png,under-eyes,smooth_2_sigma_2.5,0.007795440448014945
00427.png,left-cheek,original_roi,0.0051321994988282205
00427.png,right-cheek,original_roi,0.005443029361112583
00427.png,bottom-face,original_roi,0.00550150884668222
00427.png,forehead,original_roi,0.005215759692562976
00427.png,under-eyes,original_roi,0.006263370707525437
00427.png,left-cheek,smooth_1_sigma_1.5,0.0052641011677474776
00427.png,right-cheek,smooth_1_sigma_1.5,0.0058049202115218294
00427.png,bottom-face,smooth_1_sigma_1.5,0.005787749946724719
00427.png,forehead,smooth_1_sigma_1.5,0.005474296217296245
00427.png,under-eyes,smooth_1_sigma_1.5,0.006693912399991365
00427.png,left-cheek,smooth_2_sigma_2.5,0.00529002024991284
00427.png,right-cheek,smooth_2_sigma_2.5,0.005861985587941398
00427.png,bottom-face,smooth_2_sigma_2.5,0.005835878324889995
00427.png,forehead,smooth_2_sigma_2.5,0.005524231594085713
00427.png,under-eyes,smooth_2_sigma_2.5,0.006797239564609209
00439.png,left-cheek,original_roi,0.0038361261307337515
00439.png,right-cheek,original_roi,0.004442922270668621
00439.png,bottom-face,original_roi,0.004180873395750478
00439.png,forehead,original_roi,0.003839415829507054
00439.png,under-eyes,original_roi,0.004028903522066155
00439.png,left-cheek,smooth_1_sigma_1.5,0.003999480063319863
00439.png,right-cheek,smooth_1_sigma_1.5,0.004687736016590289
00439.png,bottom-face,smooth_1_sigma_1.5,0.0043773706801996
00439.png,forehead,smooth_1_sigma_1.5,0.004114068514835041
00439.png,under-eyes,smooth_1_sigma_1.5,0.004262764656854846
00439.png,left-cheek,smooth_2_sigma_2.5,0.004025304749998792
00439.png,right-cheek,smooth_2_sigma_2.5,0.004741102032097207
00439.png,bottom-face,smooth_2_sigma_2.5,0.004414015292471524
00439.png,forehead,smooth_2_sigma_2.5,0.004152160833944518
00439.png,under-eyes,smooth_2_sigma_2.5,0.004324626213065105
00445.png,left-cheek,original_roi,0.0036230161977477133
00445.png,right-cheek,original_roi,0.0034492144320678337
00445.png,bottom-face,original_roi,0.003647979376470109
00445.png,forehead,original_roi,0.003396991460132137
00445.png,under-eyes,original_roi,0.003455789245368699
00445.png,left-cheek,smooth_1_sigma_1.5,0.00367490119039226
00445.png,right-cheek,smooth_1_sigma_1.5,0.003494827233803742
00445.png,bottom-face,smooth_1_sigma_1.5,0.0037045822539485064
00445.png,forehead,smooth_1_sigma_1.5,0.0034454067051028553
00445.png,under-eyes,smooth_1_sigma_1.5,0.003582747502612201
00445.png,left-cheek,smooth_2_sigma_2.5,0.003689388874448626
00445.png,right-cheek,smooth_2_sigma_2.5,0.003508466482704044
00445.png,bottom-face,smooth_2_sigma_2.5,0.0037230188924916373
00445.png,forehead,smooth_2_sigma_2.5,0.003459888625954785
00445.png,under-eyes,smooth_2_sigma_2.5,0.003617477461854191
00447.png,left-cheek,original_roi,0.003939701144473309
00447.png,right-cheek,original_roi,0.004223786358235822
00447.png,bottom-face,original_roi,0.0045790512036347165
00447.png,forehead,original_roi,0.0038748966131675047
00447.png,under-eyes,original_roi,0.004122766611296243
00447.png,left-cheek,smooth_1_sigma_1.5,0.004015811116914514
00447.png,right-cheek,smooth_1_sigma_1.5,0.004293226248091847
00447.png,bottom-face,smooth_1_sigma_1.5,0.004686918966906871
00447.png,forehead,smooth_1_sigma_1.5,0.003973727293566168
00447.png,under-eyes,smooth_1_sigma_1.5,0.004245484577490568
00447.png,left-cheek,smooth_2_sigma_2.5,0.004037847309483426
00447.png,right-cheek,smooth_2_sigma_2.5,0.004315684843701914
00447.png,bottom-face,smooth_2_sigma_2.5,0.004724467806141816
00447.png,forehead,smooth_2_sigma_2.5,0.004002680108752323
00447.png,under-eyes,smooth_2_sigma_2.5,0.004287560459433659
00492.png,left-cheek,original_roi,0.008908265919879876
00492.png,right-cheek,original_roi,0.007980968417772264
00492.png,bottom-face,original_roi,0.008474603462361275
00492.png,forehead,original_roi,0.006488491315005717
00492.png,under-eyes,original_roi,0.006860224778191674
00492.png,left-cheek,smooth_1_sigma_1.5,0.009689354705416374
00492.png,right-cheek,smooth_1_sigma_1.5,0.00862392584788695
00492.png,bottom-face,smooth_1_sigma_1.5,0.009202739211155345
00492.png,forehead,smooth_1_sigma_1.5,0.006951472958461608
00492.png,under-eyes,smooth_1_sigma_1.5,0.007441484528672001
00492.png,left-cheek,smooth_2_sigma_2.5,0.009828632462506072
00492.png,right-cheek,smooth_2_sigma_2.5,0.008728511758439009
00492.png,bottom-face,smooth_2_sigma_2.5,0.009317067945437891
00492.png,forehead,smooth_2_sigma_2.5,0.0070330264515363694
00492.png,under-eyes,smooth_2_sigma_2.5,0.007621898937548952
00536.png,left-cheek,original_roi,0.005542244678863492
00536.png,right-cheek,original_roi,0.004985974972067607
00536.png,bottom-face,original_roi,0.005643686821561016
00536.png,forehead,original_roi,0.004554931540170761
00536.png,under-eyes,original_roi,0.004814876901383237
00536.png,left-cheek,smooth_1_sigma_1.5,0.005887969442861709
00536.png,right-cheek,smooth_1_sigma_1.5,0.005288415151674856
00536.png,bottom-face,smooth_1_sigma_1.5,0.006028505370156647
00536.png,forehead,smooth_1_sigma_1.5,0.00479839859505659
00536.png,under-eyes,smooth_1_sigma_1.5,0.005147762362510183
00536.png,left-cheek,smooth_2_sigma_2.5,0.005936886230490262
00536.png,right-cheek,smooth_2_sigma_2.5,0.005329924296181184
00536.png,bottom-face,smooth_2_sigma_2.5,0.0060933232128449364
00536.png,forehead,smooth_2_sigma_2.5,0.0048360213469662875
00536.png,under-eyes,smooth_2_sigma_2.5,0.0052230729322495
00566.png,left-cheek,original_roi,0.005692081420232333
00566.png,right-cheek,original_roi,0.008757618157973008
00566.png,bottom-face,original_roi,0.008020605242788689
00566.png,forehead,original_roi,0.006164742419719839
00566.png,under-eyes,original_roi,0.005520509311544986
00566.png,left-cheek,smooth_1_sigma_1.5,0.005978671405521246
00566.png,right-cheek,smooth_1_sigma_1.5,0.00934809645151808
00566.png,bottom-face,smooth_1_sigma_1.5,0.0085833078235136
00566.png,forehead,smooth_1_sigma_1.5,0.006541286508523433
00566.png,under-eyes,smooth_1_sigma_1.5,0.005906832193476447
00566.png,left-cheek,smooth_2_sigma_2.5,0.006112155646697324
00566.png,right-cheek,smooth_2_sigma_2.5,0.009490152233657801
00566.png,bottom-face,smooth_2_sigma_2.5,0.008722199210961661
00566.png,forehead,smooth_2_sigma_2.5,0.0066599928128420185
00566.png,under-eyes,smooth_2_sigma_2.5,0.006064836038702915
00570.png,left-cheek,original_roi,0.004623564147311678
00570.png,right-cheek,original_roi,0.003827862787245678
00570.png,bottom-face,original_roi,0.004455849875675714
00570.png,forehead,original_roi,0.0038761693825277582
00570.png,under-eyes,original_roi,0.0040319366530187015
00570.png,left-cheek,smooth_1_sigma_1.5,0.004789860061721759
00570.png,right-cheek,smooth_1_sigma_1.5,0.003956535022842391
00570.png,bottom-face,smooth_1_sigma_1.5,0.005026232587846953
00570.png,forehead,smooth_1_sigma_1.5,0.0040706447607587555
00570.png,under-eyes,smooth_1_sigma_1.5,0.00419402041292174
00570.png,left-cheek,smooth_2_sigma_2.5,0.004842578910416582
00570.png,right-cheek,smooth_2_sigma_2.5,0.003981426916967118
00570.png,bottom-face,smooth_2_sigma_2.5,0.005122793623452352
00570.png,forehead,smooth_2_sigma_2.5,0.004100833336682007
00570.png,under-eyes,smooth_2_sigma_2.5,0.004231317637209466
00652.png,left-cheek,original_roi,0.00390406372221195
00652.png,right-cheek,original_roi,0.003827101006463737
00652.png,bottom-face,original_roi,0.004937661003288814
00652.png,forehead,original_roi,0.003582737464659933
00652.png,under-eyes,original_roi,0.003848402304317201
00652.png,left-cheek,smooth_1_sigma_1.5,0.004013175596077667
00652.png,right-cheek,smooth_1_sigma_1.5,0.004111914550891368
00652.png,bottom-face,smooth_1_sigma_1.5,0.005666149766366548
00652.png,forehead,smooth_1_sigma_1.5,0.003653316744644976
00652.png,under-eyes,smooth_1_sigma_1.5,0.003915818334386194
00652.png,left-cheek,smooth_2_sigma_2.5,0.004046429214950656
00652.png,right-cheek,smooth_2_sigma_2.5,0.004183268593923356
00652.png,bottom-face,smooth_2_sigma_2.5,0.0058630400039752836
00652.png,forehead,smooth_2_sigma_2.5,0.0036726666337493262
00652.png,under-eyes,smooth_2_sigma_2.5,0.003937496876498834
00656.png,left-cheek,original_roi,0.006263525991810094
00656.png,right-cheek,original_roi,0.00508048331609292
00656.png,bottom-face,original_roi,0.005979750650096064
00656.png,forehead,original_roi,0.005542193591445423
00656.png,under-eyes,original_roi,0.005694364153484123
00656.png,left-cheek,smooth_1_sigma_1.5,0.006534412809676566
00656.png,right-cheek,smooth_1_sigma_1.5,0.005284289239437516
00656.png,bottom-face,smooth_1_sigma_1.5,0.006320949512499626
00656.png,forehead,smooth_1_sigma_1.5,0.005916594982817864
00656.png,under-eyes,smooth_1_sigma_1.5,0.006052336585188549
00656.png,left-cheek,smooth_2_sigma_2.5,0.006577264865384963
00656.png,right-cheek,smooth_2_sigma_2.5,0.005315820341075815
00656.png,bottom-face,smooth_2_sigma_2.5,0.006374474768962935
00656.png,forehead,smooth_2_sigma_2.5,0.005981412730960596
00656.png,under-eyes,smooth_2_sigma_2.5,0.00611490340556116
00675.png,left-cheek,original_roi,0.0033698831059745973
00675.png,right-cheek,original_roi,0.0040972252624108954
00675.png,bottom-face,original_roi,0.004381767923902703
00675.png,forehead,original_roi,0.003330017033430157
00675.png,under-eyes,original_roi,0.0039084473449188546
00675.png,left-cheek,smooth_1_sigma_1.5,0.003421122574890528
00675.png,right-cheek,smooth_1_sigma_1.5,0.0042106495520819525
00675.png,bottom-face,smooth_1_sigma_1.5,0.004500804967873538
00675.png,forehead,smooth_1_sigma_1.5,0.003453150587604925
00675.png,under-eyes,smooth_1_sigma_1.5,0.004004016279480509
00675.png,left-cheek,smooth_2_sigma_2.5,0.0034346886174257125
00675.png,right-cheek,smooth_2_sigma_2.5,0.004235844625378194
00675.png,bottom-face,smooth_2_sigma_2.5,0.004526703654008247
00675.png,forehead,smooth_2_sigma_2.5,0.003480093645204055
00675.png,under-eyes,smooth_2_sigma_2.5,0.004027177504804551
00679.png,left-cheek,original_roi,0.0035178679946417948
00679.png,right-cheek,original_roi,0.004028291067540698
00679.png,bottom-face,original_roi,0.004193702623043856
00679.png,forehead,original_roi,0.0036328201053139365
00679.png,under-eyes,original_roi,0.003784450268722962
00679.png,left-cheek,smooth_1_sigma_1.5,0.0035624982124035833
00679.png,right-cheek,smooth_1_sigma_1.5,0.004109580775875451
00679.png,bottom-face,smooth_1_sigma_1.5,0.004299122377279425
00679.png,forehead,smooth_1_sigma_1.5,0.003802843251620909
00679.png,under-eyes,smooth_1_sigma_1.5,0.0038649824928983006
00679.png,left-cheek,smooth_2_sigma_2.5,0.0035772886832864015
00679.png,right-cheek,smooth_2_sigma_2.5,0.004132132917765139
00679.png,bottom-face,smooth_2_sigma_2.5,0.00434008997232926
00679.png,forehead,smooth_2_sigma_2.5,0.0038830218809689813
00679.png,under-eyes,smooth_2_sigma_2.5,0.0038900241717197952
00689.png,left-cheek,original_roi,0.005278460173390865
00689.png,right-cheek,original_roi,0.004207314362348979
00689.png,bottom-face,original_roi,0.006229651280782881
00689.png,forehead,original_roi,0.004267249992934215
00689.png,under-eyes,original_roi,0.004609330283553733
00689.png,left-cheek,smooth_1_sigma_1.5,0.005508531463764517
00689.png,right-cheek,smooth_1_sigma_1.5,0.004329979468413791
00689.png,bottom-face,smooth_1_sigma_1.5,0.007553631003620619
00689.png,forehead,smooth_1_sigma_1.5,0.004493868491235605
00689.png,under-eyes,smooth_1_sigma_1.5,0.004788793174669059
00689.png,left-cheek,smooth_2_sigma_2.5,0.005561882998669724
00689.png,right-cheek,smooth_2_sigma_2.5,0.004360754047400591
00689.png,bottom-face,smooth_2_sigma_2.5,0.007891956143273256
00689.png,forehead,smooth_2_sigma_2.5,0.0045487100303967095
00689.png,under-eyes,smooth_2_sigma_2.5,0.004849100322394399
01000.png,left-cheek,original_roi,0.003943498467563579
01000.png,right-cheek,original_roi,0.004443986991593773
01000.png,bottom-face,original_roi,0.004359845973918352
01000.png,forehead,original_roi,0.004028203122784781
01000.png,under-eyes,original_roi,0.003835638843050911
01000.png,left-cheek,smooth_1_sigma_1.5,0.003991562218758872
01000.png,right-cheek,smooth_1_sigma_1.5,0.004513276557610146
01000.png,bottom-face,smooth_1_sigma_1.5,0.0044260733876869745
01000.png,forehead,smooth_1_sigma_1.5,0.004095501324719559
01000.png,under-eyes,smooth_1_sigma_1.5,0.0038908211090666694
01000.png,left-cheek,smooth_2_sigma_2.5,0.004008027273151389
01000.png,right-cheek,smooth_2_sigma_2.5,0.004540755862184602
01000.png,bottom-face,smooth_2_sigma_2.5,0.00444895342055805
01000.png,forehead,smooth_2_sigma_2.5,0.004133672979541999
01000.png,under-eyes,smooth_2_sigma_2.5,0.003918001199503382
01012.png,left-cheek,original_roi,0.005285498480616276
01012.png,right-cheek,original_roi,0.008536220386158354
01012.png,bottom-face,original_roi,0.00734550431256681
01012.png,forehead,original_roi,0.006004225866991752
01012.png,under-eyes,original_roi,0.005227265478471294
01012.png,left-cheek,smooth_1_sigma_1.5,0.005599860935918046
01012.png,right-cheek,smooth_1_sigma_1.5,0.009070419997100768
01012.png,bottom-face,smooth_1_sigma_1.5,0.007919230421767438
01012.png,forehead,smooth_1_sigma_1.5,0.006759900110294105
01012.png,under-eyes,smooth_1_sigma_1.5,0.005816021818468264
01012.png,left-cheek,smooth_2_sigma_2.5,0.005654426445081918
01012.png,right-cheek,smooth_2_sigma_2.5,0.0091913701853354
01012.png,bottom-face,smooth_2_sigma_2.5,0.0080617497652039
01012.png,forehead,smooth_2_sigma_2.5,0.00694193135815948
01012.png,under-eyes,smooth_2_sigma_2.5,0.005945028352671839
01014.png,left-cheek,original_roi,0.005302221857271064
01014.png,right-cheek,original_roi,0.01089848723747125
01014.png,bottom-face,original_roi,0.006814514337924007
01014.png,forehead,original_roi,0.006077166762095708
01014.png,under-eyes,original_roi,0.007230557163589542
01014.png,left-cheek,smooth_1_sigma_1.5,0.00558374924146923
01014.png,right-cheek,smooth_1_sigma_1.5,0.011396686944718997
01014.png,bottom-face,smooth_1_sigma_1.5,0.007341611966286429
01014.png,forehead,smooth_1_sigma_1.5,0.006300828482367521
01014.png,under-eyes,smooth_1_sigma_1.5,0.007872448475260517
01014.png,left-cheek,smooth_2_sigma_2.5,0.00567729979497926
01014.png,right-cheek,smooth_2_sigma_2.5,0.011588489310399658
01014.png,bottom-face,smooth_2_sigma_2.5,0.007451938034778936
01014.png,forehead,smooth_2_sigma_2.5,0.006353985663458389
01014.png,under-eyes,smooth_2_sigma_2.5,0.008136872498117306
01018.png,left-cheek,original_roi,0.004004920672893253
01018.png,right-cheek,original_roi,0.004340735616745685
01018.png,bottom-face,original_roi,0.004762774737749533
01018.png,forehead,original_roi,0.003970233817744498
01018.png,under-eyes,original_roi,0.0044175242944751855
01018.png,left-cheek,smooth_1_sigma_1.5,0.0042340360503391565
01018.png,right-cheek,smooth_1_sigma_1.5,0.004465784059300888
01018.png,bottom-face,smooth_1_sigma_1.5,0.004839814643480174
01018.png,forehead,smooth_1_sigma_1.5,0.004263982739721755
01018.png,under-eyes,smooth_1_sigma_1.5,0.00473199036988135
01018.png,left-cheek,smooth_2_sigma_2.5,0.004327898979275755
01018.png,right-cheek,smooth_2_sigma_2.5,0.004538414586063414
01018.png,bottom-face,smooth_2_sigma_2.5,0.004875013039482245
01018.png,forehead,smooth_2_sigma_2.5,0.004307764027768199
01018.png,under-eyes,smooth_2_sigma_2.5,0.004916750616384431
01031.png,left-cheek,original_roi,0.005901907932496658
01031.png,right-cheek,original_roi,0.007379764445139225
01031.png,bottom-face,original_roi,0.009350840452551086
01031.png,forehead,original_roi,0.005601776822133403
01031.png,under-eyes,original_roi,0.005616525900715118
01031.png,left-cheek,smooth_1_sigma_1.5,0.0062479590492860865
01031.png,right-cheek,smooth_1_sigma_1.5,0.007884122624710135
01031.png,bottom-face,smooth_1_sigma_1.5,0.010140366357671553
01031.png,forehead,smooth_1_sigma_1.5,0.0059618334003967285
01031.png,under-eyes,smooth_1_sigma_1.5,0.006066477698927946
01031.png,left-cheek,smooth_2_sigma_2.5,0.006326318373068969
01031.png,right-cheek,smooth_2_sigma_2.5,0.00798351040741134
01031.png,bottom-face,smooth_2_sigma_2.5,0.010289935580202235
01031.png,forehead,smooth_2_sigma_2.5,0.006036852591634804
01031.png,under-eyes,smooth_2_sigma_2.5,0.006253694275642949
01033.png,left-cheek,original_roi,0.005530478573770538
01033.png,right-cheek,original_roi,0.006134210399246787
01033.png,bottom-face,original_roi,0.006845488372600718
01033.png,forehead,original_roi,0.005455204042229115
01033.png,under-eyes,original_roi,0.006111287400539085
01033.png,left-cheek,smooth_1_sigma_1.5,0.0058031367585249455
01033.png,right-cheek,smooth_1_sigma_1.5,0.006503101264528641
01033.png,bottom-face,smooth_1_sigma_1.5,0.00723300669357111
01033.png,forehead,smooth_1_sigma_1.5,0.005917242732239215
01033.png,under-eyes,smooth_1_sigma_1.5,0.0066097980522113195
01033.png,left-cheek,smooth_2_sigma_2.5,0.0058465349776075475
01033.png,right-cheek,smooth_2_sigma_2.5,0.00657290405434868
01033.png,bottom-face,smooth_2_sigma_2.5,0.007300847922102473
01033.png,forehead,smooth_2_sigma_2.5,0.00598776006533095
01033.png,under-eyes,smooth_2_sigma_2.5,0.006744704629592489
01044.png,left-cheek,original_roi,0.004949353983836161
01044.png,right-cheek,original_roi,0.004852683406643303
01044.png,bottom-face,original_roi,0.005398047273737119
01044.png,forehead,original_roi,0.004767955752066883
01044.png,under-eyes,original_roi,0.004872219245925826
01044.png,left-cheek,smooth_1_sigma_1.5,0.0050608025013765025
01044.png,right-cheek,smooth_1_sigma_1.5,0.004981087747761234
01044.png,bottom-face,smooth_1_sigma_1.5,0.005563575010030008
01044.png,forehead,smooth_1_sigma_1.5,0.004919174727767984
01044.png,under-eyes,smooth_1_sigma_1.5,0.004985329031464689
01044.png,left-cheek,smooth_2_sigma_2.5,0.005088594634401211
01044.png,right-cheek,smooth_2_sigma_2.5,0.0050192974168343256
01044.png,bottom-face,smooth_2_sigma_2.5,0.00562316039563338
01044.png,forehead,smooth_2_sigma_2.5,0.004963733683613881
01044.png,under-eyes,smooth_2_sigma_2.5,0.005012594296979967
01051.png,left-cheek,original_roi,0.004165755709536047
01051.png,right-cheek,original_roi,0.004509366075463388
01051.png,bottom-face,original_roi,0.0048364892063150625
01051.png,forehead,original_roi,0.004398700860990522
01051.png,under-eyes,original_roi,0.004223610263166386
01051.png,left-cheek,smooth_1_sigma_1.5,0.004248245093740169
01051.png,right-cheek,smooth_1_sigma_1.5,0.004594362910162362
01051.png,bottom-face,smooth_1_sigma_1.5,0.004972900374620418
01051.png,forehead,smooth_1_sigma_1.5,0.004565364184535088
01051.png,under-eyes,smooth_1_sigma_1.5,0.004323022048500958
01051.png,left-cheek,smooth_2_sigma_2.5,0.004266209107233884
01051.png,right-cheek,smooth_2_sigma_2.5,0.004613155240963958
01051.png,bottom-face,smooth_2_sigma_2.5,0.005047195820663516
01051.png,forehead,smooth_2_sigma_2.5,0.004598528062817735
01051.png,under-eyes,smooth_2_sigma_2.5,0.004349831354462362
01054.png,left-cheek,original_roi,0.0051480110116345155
01054.png,right-cheek,original_roi,0.005248204644745396
01054.png,bottom-face,original_roi,0.005571537799660524
01054.png,forehead,original_roi,0.005072467732748091
01054.png,under-eyes,original_roi,0.004877150166165045
01054.png,left-cheek,smooth_1_sigma_1.5,0.005547068909854246
01054.png,right-cheek,smooth_1_sigma_1.5,0.005720890718825326
01054.png,bottom-face,smooth_1_sigma_1.5,0.005991538881796507
01054.png,forehead,smooth_1_sigma_1.5,0.005427815178779503
01054.png,under-eyes,smooth_1_sigma_1.5,0.005528756847033503
01054.png,left-cheek,smooth_2_sigma_2.5,0.00560257464126569
01054.png,right-cheek,smooth_2_sigma_2.5,0.005825990325057968
01054.png,bottom-face,smooth_2_sigma_2.5,0.006044347467511867
01054.png,forehead,smooth_2_sigma_2.5,0.005471025975345564
01054.png,under-eyes,smooth_2_sigma_2.5,0.0056395145595258146
01059.png,left-cheek,original_roi,0.005557444988177452
01059.png,right-cheek,original_roi,0.010084276611287373
01059.png,bottom-face,original_roi,0.00783745561217905
01059.png,forehead,original_roi,0.006411146527979906
01059.png,under-eyes,original_roi,0.006157175308922321
01059.png,left-cheek,smooth_1_sigma_1.5,0.005742661603285034
01059.png,right-cheek,smooth_1_sigma_1.5,0.010618327240655225
01059.png,bottom-face,smooth_1_sigma_1.5,0.008774195624662607
01059.png,forehead,smooth_1_sigma_1.5,0.006738807625095825
01059.png,under-eyes,smooth_1_sigma_1.5,0.006368512367863411
01059.png,left-cheek,smooth_2_sigma_2.5,0.005790804399426043
01059.png,right-cheek,smooth_2_sigma_2.5,0.010763621862378702
01059.png,bottom-face,smooth_2_sigma_2.5,0.009078160948675074
01059.png,forehead,smooth_2_sigma_2.5,0.006805589879976293
01059.png,under-eyes,smooth_2_sigma_2.5,0.006421563872320089
01064.png,left-cheek,original_roi,0.004828387353223807
01064.png,right-cheek,original_roi,0.004604687085029088
01064.png,bottom-face,original_roi,0.005113386029918401
01064.png,forehead,original_roi,0.004198516102500608
01064.png,under-eyes,original_roi,0.004933229055989724
01064.png,left-cheek,smooth_1_sigma_1.5,0.005025009320423158
01064.png,right-cheek,smooth_1_sigma_1.5,0.004766033807681932
01064.png,bottom-face,smooth_1_sigma_1.5,0.0054006003407351556
01064.png,forehead,smooth_1_sigma_1.5,0.004405180876372588
01064.png,under-eyes,smooth_1_sigma_1.5,0.005173116463592037
01064.png,left-cheek,smooth_2_sigma_2.5,0.005064134623663495
01064.png,right-cheek,smooth_2_sigma_2.5,0.004795262151520171
01064.png,bottom-face,smooth_2_sigma_2.5,0.005452427531310499
01064.png,forehead,smooth_2_sigma_2.5,0.0044428268505897
01064.png,under-eyes,smooth_2_sigma_2.5,0.0052248208996528225
01068.png,left-cheek,original_roi,0.004900105561699442
01068.png,right-cheek,original_roi,0.0046276248917458095
01068.png,bottom-face,original_roi,0.005137022129838624
01068.png,forehead,original_roi,0.0042258808295770455
01068.png,under-eyes,original_roi,0.004947518209369231
01068.png,left-cheek,smooth_1_sigma_1.5,0.005274775562321265
01068.png,right-cheek,smooth_1_sigma_1.5,0.0048706913164296445
01068.png,bottom-face,smooth_1_sigma_1.5,0.005488226242194833
01068.png,forehead,smooth_1_sigma_1.5,0.004729271785196962
01068.png,under-eyes,smooth_1_sigma_1.5,0.005483309796422026
01068.png,left-cheek,smooth_2_sigma_2.5,0.005324167982525072
01068.png,right-cheek,smooth_2_sigma_2.5,0.0049369877649446635
01068.png,bottom-face,smooth_2_sigma_2.5,0.005556817764573677
01068.png,forehead,smooth_2_sigma_2.5,0.0048186209939800615
01068.png,under-eyes,smooth_2_sigma_2.5,0.00556699264284458
01080.png,left-cheek,original_roi,0.005006563984317293
01080.png,right-cheek,original_roi,0.004422100326266201
01080.png,bottom-face,original_roi,0.005417518615422491
01080.png,forehead,original_roi,0.004632608772938361
01080.png,under-eyes,original_roi,0.004843504568518765
01080.png,left-cheek,smooth_1_sigma_1.5,0.005149693312684846
01080.png,right-cheek,smooth_1_sigma_1.5,0.00453630690600992
01080.png,bottom-face,smooth_1_sigma_1.5,0.005547768105807877
01080.png,forehead,smooth_1_sigma_1.5,0.0048632326264751325
01080.png,under-eyes,smooth_1_sigma_1.5,0.005074972467849905
01080.png,left-cheek,smooth_2_sigma_2.5,0.005172698262169713
01080.png,right-cheek,smooth_2_sigma_2.5,0.004556395416156627
01080.png,bottom-face,smooth_2_sigma_2.5,0.005583534753059365
01080.png,forehead,smooth_2_sigma_2.5,0.004897014321365028
01080.png,under-eyes,smooth_2_sigma_2.5,0.005110707953731835
01084.png,left-cheek,original_roi,0.006066182922533644
01084.png,right-cheek,original_roi,0.00775644248651555
01084.png,bottom-face,original_roi,0.010063681354328027
01084.png,forehead,original_roi,0.005231236105427096
01084.png,under-eyes,original_roi,0.004872585886519589
01084.png,left-cheek,smooth_1_sigma_1.5,0.006511703809608886
01084.png,right-cheek,smooth_1_sigma_1.5,0.00864803858979056
01084.png,bottom-face,smooth_1_sigma_1.5,0.01159031681586681
01084.png,forehead,smooth_1_sigma_1.5,0.006014053347947523
01084.png,under-eyes,smooth_1_sigma_1.5,0.00566507464484758
01084.png,left-cheek,smooth_2_sigma_2.5,0.006703276974044604
01084.png,right-cheek,smooth_2_sigma_2.5,0.008798548437869801
01084.png,bottom-face,smooth_2_sigma_2.5,0.01195429591135339
01084.png,forehead,smooth_2_sigma_2.5,0.006194237941881128
01084.png,under-eyes,smooth_2_sigma_2.5,0.0057853257924360135
01088.png,left-cheek,original_roi,0.005581308516207452
01088.png,right-cheek,original_roi,0.005024332754560332
01088.png,bottom-face,original_roi,0.0059870678999912955
01088.png,forehead,original_roi,0.006393266077106163
01088.png,under-eyes,original_roi,0.005292073928522915
01088.png,left-cheek,smooth_1_sigma_1.5,0.0057549247813093105
01088.png,right-cheek,smooth_1_sigma_1.5,0.005235991245210777
01088.png,bottom-face,smooth_1_sigma_1.5,0.0062179602707704085
01088.png,forehead,smooth_1_sigma_1.5,0.006922119369158618
01088.png,under-eyes,smooth_1_sigma_1.5,0.005566339907665573
01088.png,left-cheek,smooth_2_sigma_2.5,0.005790600010741378
01088.png,right-cheek,smooth_2_sigma_2.5,0.005270217428095461
01088.png,bottom-face,smooth_2_sigma_2.5,0.006265518699593619
01088.png,forehead,smooth_2_sigma_2.5,0.007110662698272038
01088.png,under-eyes,smooth_2_sigma_2.5,0.005624809587626919
01103.png,left-cheek,original_roi,0.004867777544521541
01103.png,right-cheek,original_roi,0.004283930211651628
01103.png,bottom-face,original_roi,0.005091419609376046
01103.png,forehead,original_roi,0.004492799122006578
01103.png,under-eyes,original_roi,0.004735335473817782
01103.png,left-cheek,smooth_1_sigma_1.5,0.005002999670759327
01103.png,right-cheek,smooth_1_sigma_1.5,0.004367750697504561
01103.png,bottom-face,smooth_1_sigma_1.5,0.005227046996959339
01103.png,forehead,smooth_1_sigma_1.5,0.00470867353323563
01103.png,under-eyes,smooth_1_sigma_1.5,0.004915029166257741
01103.png,left-cheek,smooth_2_sigma_2.5,0.005028366494346522
01103.png,right-cheek,smooth_2_sigma_2.5,0.004386619016690456
01103.png,bottom-face,smooth_2_sigma_2.5,0.0052607960024661235
01103.png,forehead,smooth_2_sigma_2.5,0.0047425610151169955
01103.png,under-eyes,smooth_2_sigma_2.5,0.004948593859451793
01104.png,left-cheek,original_roi,0.004292252252097366
01104.png,right-cheek,original_roi,0.004866460632671812
01104.png,bottom-face,original_roi,0.00573307907170807
01104.png,forehead,original_roi,0.004019356893084224
01104.png,under-eyes,original_roi,0.003970664065482634
01104.png,left-cheek,smooth_1_sigma_1.5,0.004496776650573354
01104.png,right-cheek,smooth_1_sigma_1.5,0.005172403417238418
01104.png,bottom-face,smooth_1_sigma_1.5,0.006387698183770631
01104.png,forehead,smooth_1_sigma_1.5,0.004315481303849714
01104.png,under-eyes,smooth_1_sigma_1.5,0.004379906291439242
01104.png,left-cheek,smooth_2_sigma_2.5,0.004534950887925113
01104.png,right-cheek,smooth_2_sigma_2.5,0.005229992540032442
01104.png,bottom-face,smooth_2_sigma_2.5,0.0065029346202897876
01104.png,forehead,smooth_2_sigma_2.5,0.0043769721600098715
01104.png,under-eyes,smooth_2_sigma_2.5,0.004512468220322241
01126.png,left-cheek,original_roi,0.004367054291656952
01126.png,right-cheek,original_roi,0.005090183924554544
01126.png,bottom-face,original_roi,0.00557742862862888
01126.png,forehead,original_roi,0.0050061956311535875
01126.png,under-eyes,original_roi,0.004468228640640523
01126.png,left-cheek,smooth_1_sigma_1.5,0.0044929617699948545
01126.png,right-cheek,smooth_1_sigma_1.5,0.005284488683319792
01126.png,bottom-face,smooth_1_sigma_1.5,0.0057986650594874095
01126.png,forehead,smooth_1_sigma_1.5,0.00529986765171699
01126.png,under-eyes,smooth_1_sigma_1.5,0.004617860223753517
01126.png,left-cheek,smooth_2_sigma_2.5,0.004515515823159576
01126.png,right-cheek,smooth_2_sigma_2.5,0.0053199352286105285
01126.png,bottom-face,smooth_2_sigma_2.5,0.005842222995000094
01126.png,forehead,smooth_2_sigma_2.5,0.005367417016978176
01126.png,under-eyes,smooth_2_sigma_2.5,0.004647468243672738
01148.png,left-cheek,original_roi,0.004714070894883128
01148.png,right-cheek,original_roi,0.005086516132402368
01148.png,bottom-face,original_roi,0.005045170343856148
01148.png,forehead,original_roi,0.004167879411132175
01148.png,under-eyes,original_roi,0.004868501293751651
01148.png,left-cheek,smooth_1_sigma_1.5,0.0048282819084541516
01148.png,right-cheek,smooth_1_sigma_1.5,0.005225524455827003
01148.png,bottom-face,smooth_1_sigma_1.5,0.0051822301324015475
01148.png,forehead,smooth_1_sigma_1.5,0.004247749707164888
01148.png,under-eyes,smooth_1_sigma_1.5,0.0050253040164352095
01148.png,left-cheek,smooth_2_sigma_2.5,0.004850883550476888
01148.png,right-cheek,smooth_2_sigma_2.5,0.005247708662726919
01148.png,bottom-face,smooth_2_sigma_2.5,0.005212663917224686
01148.png,forehead,smooth_2_sigma_2.5,0.00426767633696362
01148.png,under-eyes,smooth_2_sigma_2.5,0.005072719422016669
01165.png,left-cheek,original_roi,0.004094701347873102
01165.png,right-cheek,original_roi,0.004642658657414574
01165.png,bottom-face,original_roi,0.004335188281141543
01165.png,forehead,original_roi,0.0044657131468042125
01165.png,under-eyes,original_roi,0.004159482517749236
01165.png,left-cheek,smooth_1_sigma_1.5,0.00418018964817559
01165.png,right-cheek,smooth_1_sigma_1.5,0.004898080378698759
01165.png,bottom-face,smooth_1_sigma_1.5,0.004449388676399892
01165.png,forehead,smooth_1_sigma_1.5,0.004587652698212706
01165.png,under-eyes,smooth_1_sigma_1.5,0.004281698683090014
01165.png,left-cheek,smooth_2_sigma_2.5,0.004203212172289616
01165.png,right-cheek,smooth_2_sigma_2.5,0.004998200367159491
01165.png,bottom-face,smooth_2_sigma_2.5,0.004483426570061941
01165.png,forehead,smooth_2_sigma_2.5,0.0046265013053013
01165.png,under-eyes,smooth_2_sigma_2.5,0.004312628324039193
01168.png,left-cheek,original_roi,0.0032128767473089586
01168.png,right-cheek,original_roi,0.003460604049704847
01168.png,bottom-face,original_roi,0.003490647139363427
01168.png,forehead,original_roi,0.003626271777680922
01168.png,under-eyes,original_roi,0.0035504041576367106
01168.png,left-cheek,smooth_1_sigma_1.5,0.003240484496571947
01168.png,right-cheek,smooth_1_sigma_1.5,0.0034952173602649933
01168.png,bottom-face,smooth_1_sigma_1.5,0.003525836643111288
01168.png,forehead,smooth_1_sigma_1.5,0.0036980610067518837
01168.png,under-eyes,smooth_1_sigma_1.5,0.003596594432286679
01168.png,left-cheek,smooth_2_sigma_2.5,0.0032499277854887393
01168.png,right-cheek,smooth_2_sigma_2.5,0.0035056663367517087
01168.png,bottom-face,smooth_2_sigma_2.5,0.0035393761169828014
01168.png,forehead,smooth_2_sigma_2.5,0.003718905016113717
01168.png,under-eyes,smooth_2_sigma_2.5,0.0036101769785772623
01171.png,left-cheek,original_roi,0.0068141099389590325
01171.png,right-cheek,original_roi,0.0057049608642751075
01171.png,bottom-face,original_roi,0.007220636884528101
01171.png,forehead,original_roi,0.0071076254555447575
01171.png,under-eyes,original_roi,0.006623282143989458
01171.png,left-cheek,smooth_1_sigma_1.5,0.007184791850497922
01171.png,right-cheek,smooth_1_sigma_1.5,0.006068297344683269
01171.png,bottom-face,smooth_1_sigma_1.5,0.007698074653128703
01171.png,forehead,smooth_1_sigma_1.5,0.007638927741219812
01171.png,under-eyes,smooth_1_sigma_1.5,0.007082966136555772
01171.png,left-cheek,smooth_2_sigma_2.5,0.007263517660078279
01171.png,right-cheek,smooth_2_sigma_2.5,0.006131885774008017
01171.png,bottom-face,smooth_2_sigma_2.5,0.007786007056336206
01171.png,forehead,smooth_2_sigma_2.5,0.007764897198305651
01171.png,under-eyes,smooth_2_sigma_2.5,0.007174586595417888
01174.png,left-cheek,original_roi,0.00960778671119592
01174.png,right-cheek,original_roi,
01174.png,bottom-face,original_roi,0.01305392895560856
01174.png,forehead,original_roi,0.006858175966771502
01174.png,under-eyes,original_roi,0.0048753308545169275
01174.png,left-cheek,smooth_1_sigma_1.5,0.010503868459146198
01174.png,right-cheek,smooth_1_sigma_1.5,
01174.png,bottom-face,smooth_1_sigma_1.5,0.01483182867722694
01174.png,forehead,smooth_1_sigma_1.5,0.007282036403851933
01174.png,under-eyes,smooth_1_sigma_1.5,0.005471483719308705
01174.png,left-cheek,smooth_2_sigma_2.5,0.010776302795809187
01174.png,right-cheek,smooth_2_sigma_2.5,
01174.png,bottom-face,smooth_2_sigma_2.5,0.015509390168202306
01174.png,forehead,smooth_2_sigma_2.5,0.007418861235248415
01174.png,under-eyes,smooth_2_sigma_2.5,0.005879991821151284
01177.png,left-cheek,original_roi,0.004352034643619524
01177.png,right-cheek,original_roi,0.004848406697841997
01177.png,bottom-face,original_roi,0.005020550157641031
01177.png,forehead,original_roi,0.004718753471025025
01177.png,under-eyes,original_roi,0.004562147647224725
01177.png,left-cheek,smooth_1_sigma_1.5,0.004465267793736778
01177.png,right-cheek,smooth_1_sigma_1.5,0.00499873094590351
01177.png,bottom-face,smooth_1_sigma_1.5,0.005215415806163929
01177.png,forehead,smooth_1_sigma_1.5,0.004932924081007694
01177.png,under-eyes,smooth_1_sigma_1.5,0.004779251617038695
01177.png,left-cheek,smooth_2_sigma_2.5,0.004492988910020885
01177.png,right-cheek,smooth_2_sigma_2.5,0.005033553462810499
01177.png,bottom-face,smooth_2_sigma_2.5,0.0052667527285948385
01177.png,forehead,smooth_2_sigma_2.5,0.004993620041253146
01177.png,under-eyes,smooth_2_sigma_2.5,0.004832790942086583
01179.png,left-cheek,original_roi,0.005329036884081169
01179.png,right-cheek,original_roi,0.004327043859055473
01179.png,bottom-face,original_roi,0.0057917502731895144
01179.png,forehead,original_roi,0.004553775049750567
01179.png,under-eyes,original_roi,0.004647958765908561
01179.png,left-cheek,smooth_1_sigma_1.5,0.005505377138975719
01179.png,right-cheek,smooth_1_sigma_1.5,0.004448865022459168
01179.png,bottom-face,smooth_1_sigma_1.5,0.006074298269689642
01179.png,forehead,smooth_1_sigma_1.5,0.0047042094599580205
01179.png,under-eyes,smooth_1_sigma_1.5,0.004795959174242935
01179.png,left-cheek,smooth_2_sigma_2.5,0.005544753624574675
01179.png,right-cheek,smooth_2_sigma_2.5,0.00447439029052323
01179.png,bottom-face,smooth_2_sigma_2.5,0.006143370952411033
01179.png,forehead,smooth_2_sigma_2.5,0.004737739237043133
01179.png,under-eyes,smooth_2_sigma_2.5,0.004837156296200418
01186.png,left-cheek,original_roi,0.007113588488156686
01186.png,right-cheek,original_roi,0.009108892430100855
01186.png,bottom-face,original_roi,0.010741891706816763
01186.png,forehead,original_roi,0.008250359952418426
01186.png,under-eyes,original_roi,0.00784390886469399
01186.png,left-cheek,smooth_1_sigma_1.5,0.007646582139834074
01186.png,right-cheek,smooth_1_sigma_1.5,0.009528229789670009
01186.png,bottom-face,smooth_1_sigma_1.5,0.011280065404576925
01186.png,forehead,smooth_1_sigma_1.5,0.008973554651792543
01186.png,under-eyes,smooth_1_sigma_1.5,0.00829686732274879
01186.png,left-cheek,smooth_2_sigma_2.5,0.007754445729380639
01186.png,right-cheek,smooth_2_sigma_2.5,0.009634565680312703
01186.png,bottom-face,smooth_2_sigma_2.5,0.011422148132209053
01186.png,forehead,smooth_2_sigma_2.5,0.009130227222748819
01186.png,under-eyes,smooth_2_sigma_2.5,0.00843076989241656
01189.png,left-cheek,original_roi,0.003941071884272658
01189.png,right-cheek,original_roi,0.004359663762029986
01189.png,bottom-face,original_roi,0.00458722213589814
01189.png,forehead,original_roi,0.0050674506603690305
01189.png,under-eyes,original_roi,0.010319185286103181
01189.png,left-cheek,smooth_1_sigma_1.5,0.004008428343545226
01189.png,right-cheek,smooth_1_sigma_1.5,0.004450975929715945
01189.png,bottom-face,smooth_1_sigma_1.5,0.004658146929647372
01189.png,forehead,smooth_1_sigma_1.5,0.005371932472013268
01189.png,under-eyes,smooth_1_sigma_1.5,0.011479080350480788
01189.png,left-cheek,smooth_2_sigma_2.5,0.0040303313978462705
01189.png,right-cheek,smooth_2_sigma_2.5,0.00448168415099441
01189.png,bottom-face,smooth_2_sigma_2.5,0.004686540726879438
01189.png,forehead,smooth_2_sigma_2.5,0.005460989038595372
01189.png,under-eyes,smooth_2_sigma_2.5,0.012396264873564116
01196.png,left-cheek,original_roi,0.004265227725032917
01196.png,right-cheek,original_roi,0.0043211819925540775
01196.png,bottom-face,original_roi,0.004658548957092241
01196.png,forehead,original_roi,0.007493273978804026
01196.png,under-eyes,original_roi,0.004585142901439892
01196.png,left-cheek,smooth_1_sigma_1.5,0.004441699944402715
01196.png,right-cheek,smooth_1_sigma_1.5,0.004552046928189239
01196.png,bottom-face,smooth_1_sigma_1.5,0.004786439960850968
01196.png,forehead,smooth_1_sigma_1.5,0.008322521354678902
01196.png,under-eyes,smooth_1_sigma_1.5,0.004797579846951847
01196.png,left-cheek,smooth_2_sigma_2.5,0.004532553702132528
01196.png,right-cheek,smooth_2_sigma_2.5,0.004659330583228186
01196.png,bottom-face,smooth_2_sigma_2.5,0.004811070600240716
01196.png,forehead,smooth_2_sigma_2.5,0.008577398864914461
01196.png,under-eyes,smooth_2_sigma_2.5,0.004897763399819129
01212.png,left-cheek,original_roi,0.007672222116250552
01212.png,right-cheek,original_roi,0.006580239936878454
01212.png,bottom-face,original_roi,0.009825039550530976
01212.png,forehead,original_roi,0.005386553383784326
01212.png,under-eyes,original_roi,0.005236360260203623
01212.png,left-cheek,smooth_1_sigma_1.5,0.008533113564687875
01212.png,right-cheek,smooth_1_sigma_1.5,0.007450836944665211
01212.png,bottom-face,smooth_1_sigma_1.5,0.011451687651439486
01212.png,forehead,smooth_1_sigma_1.5,0.006242145460331528
01212.png,under-eyes,smooth_1_sigma_1.5,0.005888591564803288
01212.png,left-cheek,smooth_2_sigma_2.5,0.008846851732125722
01212.png,right-cheek,smooth_2_sigma_2.5,0.007558076422424959
01212.png,bottom-face,smooth_2_sigma_2.5,0.011722265636582069
01212.png,forehead,smooth_2_sigma_2.5,0.006351665320429031
01212.png,under-eyes,smooth_2_sigma_2.5,0.0060327074841454885
01217.png,left-cheek,original_roi,0.006165078958854135
01217.png,right-cheek,original_roi,0.003365243348607639
01217.png,bottom-face,original_roi,0.004989829527704157
01217.png,forehead,original_roi,0.005140596144842136
01217.png,under-eyes,original_roi,0.004965345277988017
01217.png,left-cheek,smooth_1_sigma_1.5,0.006666038477015076
01217.png,right-cheek,smooth_1_sigma_1.5,0.003492163932307885
01217.png,bottom-face,smooth_1_sigma_1.5,0.005584531858233302
01217.png,forehead,smooth_1_sigma_1.5,0.00545990540455725
01217.png,under-eyes,smooth_1_sigma_1.5,0.005250859363414425
01217.png,left-cheek,smooth_2_sigma_2.5,0.0067534413684444475
01217.png,right-cheek,smooth_2_sigma_2.5,0.0035201771113280273
01217.png,bottom-face,smooth_2_sigma_2.5,0.005733902504444638
01217.png,forehead,smooth_2_sigma_2.5,0.0055290409610441885
01217.png,under-eyes,smooth_2_sigma_2.5,0.0053127429819502265
01224.png,left-cheek,original_roi,0.003117721254319307
01224.png,right-cheek,original_roi,0.0029161237940849216
01224.png,bottom-face,original_roi,0.004009652079810468
01224.png,forehead,original_roi,0.003077841659309637
01224.png,under-eyes,original_roi,0.0030125132309701996
01224.png,left-cheek,smooth_1_sigma_1.5,0.0032723979625910397
01224.png,right-cheek,smooth_1_sigma_1.5,0.003021231219885763
01224.png,bottom-face,smooth_1_sigma_1.5,0.004363684484586863
01224.png,forehead,smooth_1_sigma_1.5,0.003485411643279927
01224.png,under-eyes,smooth_1_sigma_1.5,0.003174693914418213
01224.png,left-cheek,smooth_2_sigma_2.5,0.00328826918749555
01224.png,right-cheek,smooth_2_sigma_2.5,0.0030337444100344306
01224.png,bottom-face,smooth_2_sigma_2.5,0.004405134635704585
01224.png,forehead,smooth_2_sigma_2.5,0.003531828733905554
01224.png,under-eyes,smooth_2_sigma_2.5,0.0031914126281658386
01238.png,left-cheek,original_roi,0.005630756309449543
01238.png,right-cheek,original_roi,0.006550736550227585
01238.png,bottom-face,original_roi,0.006460710787428487
01238.png,forehead,original_roi,0.0047900118283932
01238.png,under-eyes,original_roi,0.0046761073575341296
01238.png,left-cheek,smooth_1_sigma_1.5,0.005883085513671129
01238.png,right-cheek,smooth_1_sigma_1.5,0.006814271413801095
01238.png,bottom-face,smooth_1_sigma_1.5,0.006725991853116261
01238.png,forehead,smooth_1_sigma_1.5,0.005028122104386506
01238.png,under-eyes,smooth_1_sigma_1.5,0.004834725465823274
01238.png,left-cheek,smooth_2_sigma_2.5,0.005939614133505034
01238.png,right-cheek,smooth_2_sigma_2.5,0.006881372638328715
01238.png,bottom-face,smooth_2_sigma_2.5,0.006796391805302511
01238.png,forehead,smooth_2_sigma_2.5,0.005085383273982791
01238.png,under-eyes,smooth_2_sigma_2.5,0.004878934567754055
01248.png,left-cheek,original_roi,0.012720279622553031
01248.png,right-cheek,original_roi,0.004436994351009051
01248.png,bottom-face,original_roi,0.005653053339736033
01248.png,forehead,original_roi,0.004854127581465708
01248.png,under-eyes,original_roi,0.004918553946565682
01248.png,left-cheek,smooth_1_sigma_1.5,0.013977911029166483
01248.png,right-cheek,smooth_1_sigma_1.5,0.0048057277776641805
01248.png,bottom-face,smooth_1_sigma_1.5,0.0063199138484293415
01248.png,forehead,smooth_1_sigma_1.5,0.005407186423267216
01248.png,under-eyes,smooth_1_sigma_1.5,0.005377316639786434
01248.png,left-cheek,smooth_2_sigma_2.5,0.014639718921992832
01248.png,right-cheek,smooth_2_sigma_2.5,0.004882309124980957
01248.png,bottom-face,smooth_2_sigma_2.5,0.006449100796120384
01248.png,forehead,smooth_2_sigma_2.5,0.005520196943561219
01248.png,under-eyes,smooth_2_sigma_2.5,0.005541314915915356
01273.png,left-cheek,original_roi,0.007718739422238026
01273.png,right-cheek,original_roi,0.003355549772260767
01273.png,bottom-face,original_roi,0.004121361935655495
01273.png,forehead,original_roi,0.003923783604854946
01273.png,under-eyes,original_roi,0.004295238989314916
01273.png,left-cheek,smooth_1_sigma_1.5,0.00804225248127618
01273.png,right-cheek,smooth_1_sigma_1.5,0.003431105670502349
01273.png,bottom-face,smooth_1_sigma_1.5,0.004233624577837651
01273.png,forehead,smooth_1_sigma_1.5,0.004182226049019611
01273.png,under-eyes,smooth_1_sigma_1.5,0.004450775399268079
01273.png,left-cheek,smooth_2_sigma_2.5,0.008068688339948022
01273.png,right-cheek,smooth_2_sigma_2.5,0.003445748195782379
01273.png,bottom-face,smooth_2_sigma_2.5,0.004258004935430409
01273.png,forehead,smooth_2_sigma_2.5,0.004218961125534146
01273.png,under-eyes,smooth_2_sigma_2.5,0.004481790104696127
01301.png,left-cheek,original_roi,0.0049101456954957256
01301.png,right-cheek,original_roi,0.0073717505564389494
01301.png,bottom-face,original_roi,0.007061042479782287
01301.png,forehead,original_roi,0.004323374417613892
01301.png,under-eyes,original_roi,0.005362266575490025
01301.png,left-cheek,smooth_1_sigma_1.5,0.0053195211337221295
01301.png,right-cheek,smooth_1_sigma_1.5,0.008027501966222223
01301.png,bottom-face,smooth_1_sigma_1.5,0.007523838268539062
01301.png,forehead,smooth_1_sigma_1.5,0.0045373540711791125
01301.png,under-eyes,smooth_1_sigma_1.5,0.005872832555382706
01301.png,left-cheek,smooth_2_sigma_2.5,0.005624595406558112
01301.png,right-cheek,smooth_2_sigma_2.5,0.008410955066516228
01301.png,bottom-face,smooth_2_sigma_2.5,0.007671888478690778
01301.png,forehead,smooth_2_sigma_2.5,0.004578123630155288
01301.png,under-eyes,smooth_2_sigma_2.5,0.006215597755835697
01309.png,left-cheek,original_roi,0.004474047039289742
01309.png,right-cheek,original_roi,0.0039738074053097565
01309.png,bottom-face,original_roi,0.004167611552423787
01309.png,forehead,original_roi,0.003879265884772608
01309.png,under-eyes,original_roi,0.00405036414373826
01309.png,left-cheek,smooth_1_sigma_1.5,0.004570337513333762
01309.png,right-cheek,smooth_1_sigma_1.5,0.004029669634782338
01309.png,bottom-face,smooth_1_sigma_1.5,0.004224669855970911
01309.png,forehead,smooth_1_sigma_1.5,0.004002882538407537
01309.png,under-eyes,smooth_1_sigma_1.5,0.004135460324139344
01309.png,left-cheek,smooth_2_sigma_2.5,0.004610959605662201
01309.png,right-cheek,smooth_2_sigma_2.5,0.004052550898088042
01309.png,bottom-face,smooth_2_sigma_2.5,0.004255599890493109
01309.png,forehead,smooth_2_sigma_2.5,0.004046366302805043
01309.png,under-eyes,smooth_2_sigma_2.5,0.0041641886005335076
01327.png,left-cheek,original_roi,0.0038489285487119953
01327.png,right-cheek,original_roi,0.0034164422735598102
01327.png,bottom-face,original_roi,0.003956579511700917
01327.png,forehead,original_roi,0.0036588793190026996
01327.png,under-eyes,original_roi,0.003582283954798495
01327.png,left-cheek,smooth_1_sigma_1.5,0.003945508982331652
01327.png,right-cheek,smooth_1_sigma_1.5,0.0034822740115633116
01327.png,bottom-face,smooth_1_sigma_1.5,0.0040756211717533014
01327.png,forehead,smooth_1_sigma_1.5,0.003813822523000218
01327.png,under-eyes,smooth_1_sigma_1.5,0.0036856047460143366
01327.png,left-cheek,smooth_2_sigma_2.5,0.003956270412252871
01327.png,right-cheek,smooth_2_sigma_2.5,0.0034945112134512337
01327.png,bottom-face,smooth_2_sigma_2.5,0.004095217827392294
01327.png,forehead,smooth_2_sigma_2.5,0.0038398574877110694
01327.png,under-eyes,smooth_2_sigma_2.5,0.0037038968475416735
01338.png,left-cheek,original_roi,0.014099020442555066
01338.png,right-cheek,original_roi,0.014556420079301682
01338.png,bottom-face,original_roi,0.01651460224833202
01338.png,forehead,original_roi,0.014606384924885092
01338.png,under-eyes,original_roi,0.01754405675577049
01338.png,left-cheek,smooth_1_sigma_1.5,0.0159888300385576
01338.png,right-cheek,smooth_1_sigma_1.5,0.016849546249379264
01338.png,bottom-face,smooth_1_sigma_1.5,0.018972459314284415
01338.png,forehead,smooth_1_sigma_1.5,0.016966633635704848
01338.png,under-eyes,smooth_1_sigma_1.5,0.020408380187805917
01338.png,left-cheek,smooth_2_sigma_2.5,0.016332263472385353
01338.png,right-cheek,smooth_2_sigma_2.5,0.017268025787684386
01338.png,bottom-face,smooth_2_sigma_2.5,0.019562711205794385
01338.png,forehead,smooth_2_sigma_2.5,0.017560931098410868
01338.png,under-eyes,smooth_2_sigma_2.5,0.021084831624649476
01344.png,left-cheek,original_roi,0.00394190536815535
01344.png,right-cheek,original_roi,0.0032549210715413137
01344.png,bottom-face,original_roi,0.004001618941110299
01344.png,forehead,original_roi,0.004064952811392456
01344.png,under-eyes,original_roi,0.003409772041766365
01344.png,left-cheek,smooth_1_sigma_1.5,0.004038592608964686
01344.png,right-cheek,smooth_1_sigma_1.5,0.0033055855620281066
01344.png,bottom-face,smooth_1_sigma_1.5,0.004079465194537637
01344.png,forehead,smooth_1_sigma_1.5,0.00427742552928231
01344.png,under-eyes,smooth_1_sigma_1.5,0.0034990494316506095
01344.png,left-cheek,smooth_2_sigma_2.5,0.004058125732485953
01344.png,right-cheek,smooth_2_sigma_2.5,0.0033315956423896893
01344.png,bottom-face,smooth_2_sigma_2.5,0.0041030180561177
01344.png,forehead,smooth_2_sigma_2.5,0.004324901348496778
01344.png,under-eyes,smooth_2_sigma_2.5,0.003516366043394545
01351.png,left-cheek,original_roi,0.0038949128028075214
01351.png,right-cheek,original_roi,0.004756186692701496
01351.png,bottom-face,original_roi,0.00431504967915466
01351.png,forehead,original_roi,0.007180152590568098
01351.png,under-eyes,original_roi,0.005134100274945539
01351.png,left-cheek,smooth_1_sigma_1.5,0.004038461969704716
01351.png,right-cheek,smooth_1_sigma_1.5,0.004879112662847559
01351.png,bottom-face,smooth_1_sigma_1.5,0.004437496470011319
01351.png,forehead,smooth_1_sigma_1.5,0.007733329113559906
01351.png,under-eyes,smooth_1_sigma_1.5,0.005372573404883702
01351.png,left-cheek,smooth_2_sigma_2.5,0.004110787925279462
01351.png,right-cheek,smooth_2_sigma_2.5,0.0049046375994968
01351.png,bottom-face,smooth_2_sigma_2.5,0.00449410682584385
01351.png,forehead,smooth_2_sigma_2.5,0.00795756914269702
01351.png,under-eyes,smooth_2_sigma_2.5,0.00543511214785625
01357.png,left-cheek,original_roi,0.004038697916675443
01357.png,right-cheek,original_roi,0.0048446043888890605
01357.png,bottom-face,original_roi,0.004762218808536863
01357.png,forehead,original_roi,0.005380001538358556
01357.png,under-eyes,original_roi,0.004440029878960071
01357.png,left-cheek,smooth_1_sigma_1.5,0.004075352788245249
01357.png,right-cheek,smooth_1_sigma_1.5,0.004899267105884499
01357.png,bottom-face,smooth_1_sigma_1.5,0.004810962883669522
01357.png,forehead,smooth_1_sigma_1.5,0.005648664388767004
01357.png,under-eyes,smooth_1_sigma_1.5,0.0044929189621914474
01357.png,left-cheek,smooth_2_sigma_2.5,0.0040902716524416705
01357.png,right-cheek,smooth_2_sigma_2.5,0.004926786221156423
01357.png,bottom-face,smooth_2_sigma_2.5,0.004835097548959708
01357.png,forehead,smooth_2_sigma_2.5,0.005754627385443533
01357.png,under-eyes,smooth_2_sigma_2.5,0.004514140957916889
01360.png,left-cheek,original_roi,0.006414610857956772
01360.png,right-cheek,original_roi,0.007766402248910046
01360.png,bottom-face,original_roi,0.009944029367023861
01360.png,forehead,original_roi,0.006478752911242291
01360.png,under-eyes,original_roi,0.005766760333295138
01360.png,left-cheek,smooth_1_sigma_1.5,0.006755086683085899
01360.png,right-cheek,smooth_1_sigma_1.5,0.008249583097046572
01360.png,bottom-face,smooth_1_sigma_1.5,0.010804271378824379
01360.png,forehead,smooth_1_sigma_1.5,0.006800106181295893
01360.png,under-eyes,smooth_1_sigma_1.5,0.00602273701601814
01360.png,left-cheek,smooth_2_sigma_2.5,0.006794186265243616
01360.png,right-cheek,smooth_2_sigma_2.5,0.008322967675306511
01360.png,bottom-face,smooth_2_sigma_2.5,0.01094922911155747
01360.png,forehead,smooth_2_sigma_2.5,0.006852056060396964
01360.png,under-eyes,smooth_2_sigma_2.5,0.006069851276231396
01395.png,left-cheek,original_roi,0.0030566264316979545
01395.png,right-cheek,original_roi,0.003198792252876203
01395.png,bottom-face,original_roi,0.0033605986379123642
01395.png,forehead,original_roi,0.0030517529779748847
01395.png,under-eyes,original_roi,0.0031495021996619603
01395.png,left-cheek,smooth_1_sigma_1.5,0.0031327108424308745
01395.png,right-cheek,smooth_1_sigma_1.5,0.0032912170412579063
01395.png,bottom-face,smooth_1_sigma_1.5,0.003464035970872663
01395.png,forehead,smooth_1_sigma_1.5,0.0032602868103200696
01395.png,under-eyes,smooth_1_sigma_1.5,0.00333744017462373
01395.png,left-cheek,smooth_2_sigma_2.5,0.003148238364147708
01395.png,right-cheek,smooth_2_sigma_2.5,0.0033068693500828447
01395.png,bottom-face,smooth_2_sigma_2.5,0.0034827599752987916
01395.png,forehead,smooth_2_sigma_2.5,0.003294056979046064
01395.png,under-eyes,smooth_2_sigma_2.5,0.0033587405965583026
01410.png,left-cheek,original_roi,0.004363536211783447
01410.png,right-cheek,original_roi,0.004567052373723725
01410.png,bottom-face,original_roi,0.00700610225027578
01410.png,forehead,original_roi,0.004014382107657113
01410.png,under-eyes,original_roi,0.00443047032711833
01410.png,left-cheek,smooth_1_sigma_1.5,0.004552247636834323
01410.png,right-cheek,smooth_1_sigma_1.5,0.00469341895012952
01410.png,bottom-face,smooth_1_sigma_1.5,0.0073721183655846905
01410.png,forehead,smooth_1_sigma_1.5,0.004228863277170497
01410.png,under-eyes,smooth_1_sigma_1.5,0.0046636098700984134
01410.png,left-cheek,smooth_2_sigma_2.5,0.004596081373559004
01410.png,right-cheek,smooth_2_sigma_2.5,0.004735820115000706
01410.png,bottom-face,smooth_2_sigma_2.5,0.007467190709384408
01410.png,forehead,smooth_2_sigma_2.5,0.004272803819311472
01410.png,under-eyes,smooth_2_sigma_2.5,0.004747726432451458
01411.png,left-cheek,original_roi,0.005762529115080862
01411.png,right-cheek,original_roi,0.005586215955020929
01411.png,bottom-face,original_roi,0.006282389444026065
01411.png,forehead,original_roi,0.005842337021281091
01411.png,under-eyes,original_roi,0.005889636702144274
01411.png,left-cheek,smooth_1_sigma_1.5,0.0060697095133036005
01411.png,right-cheek,smooth_1_sigma_1.5,0.005906789170077789
01411.png,bottom-face,smooth_1_sigma_1.5,0.006625248663681803
01411.png,forehead,smooth_1_sigma_1.5,0.00627195465216772
01411.png,under-eyes,smooth_1_sigma_1.5,0.006580046987511761
01411.png,left-cheek,smooth_2_sigma_2.5,0.006162645075152112
01411.png,right-cheek,smooth_2_sigma_2.5,0.0060010317005982135
01411.png,bottom-face,smooth_2_sigma_2.5,0.00668930523501613
01411.png,forehead,smooth_2_sigma_2.5,0.006374768964810914
01411.png,under-eyes,smooth_2_sigma_2.5,0.006995325040725281
01421.png,left-cheek,original_roi,0.007887020352968486
01421.png,right-cheek,original_roi,0.010742570163517831
01421.png,bottom-face,original_roi,0.011660807178969107
01421.png,forehead,original_roi,0.008208570731516956
01421.png,under-eyes,original_roi,0.009296930451428173
01421.png,left-cheek,smooth_1_sigma_1.5,0.008327184488833657
01421.png,right-cheek,smooth_1_sigma_1.5,0.0112223457622382
01421.png,bottom-face,smooth_1_sigma_1.5,0.0122730871144739
01421.png,forehead,smooth_1_sigma_1.5,0.008674934142859608
01421.png,under-eyes,smooth_1_sigma_1.5,0.009860283909093897
01421.png,left-cheek,smooth_2_sigma_2.5,0.008438799362580829
01421.png,right-cheek,smooth_2_sigma_2.5,0.011385027455905488
01421.png,bottom-face,smooth_2_sigma_2.5,0.012541676053989462
01421.png,forehead,smooth_2_sigma_2.5,0.008824776338720771
01421.png,under-eyes,smooth_2_sigma_2.5,0.010087900844872976
01423.png,left-cheek,original_roi,0.0057487465269205
01423.png,right-cheek,original_roi,0.004257768975931312
01423.png,bottom-face,original_roi,0.006000093305131372
01423.png,forehead,original_roi,0.004618858824330894
01423.png,under-eyes,original_roi,0.004412958577851105
01423.png,left-cheek,smooth_1_sigma_1.5,0.0063529572703891314
01423.png,right-cheek,smooth_1_sigma_1.5,0.004650047537746633
01423.png,bottom-face,smooth_1_sigma_1.5,0.006422907815843668
01423.png,forehead,smooth_1_sigma_1.5,0.005192734965746664
01423.png,under-eyes,smooth_1_sigma_1.5,0.004942904038757799
01423.png,left-cheek,smooth_2_sigma_2.5,0.006442797483624472
01423.png,right-cheek,smooth_2_sigma_2.5,0.004704309533962894
01423.png,bottom-face,smooth_2_sigma_2.5,0.00651734611153566
01423.png,forehead,smooth_2_sigma_2.5,0.005276244420630481
01423.png,under-eyes,smooth_2_sigma_2.5,0.005031443812757044
01447.png,left-cheek,original_roi,0.0062076592546726405
01447.png,right-cheek,original_roi,0.005895304042788001
01447.png,bottom-face,original_roi,0.006433297339746736
01447.png,forehead,original_roi,0.005770452316410861
01447.png,under-eyes,original_roi,0.006491143917154419
01447.png,left-cheek,smooth_1_sigma_1.5,0.006590989799468128
01447.png,right-cheek,smooth_1_sigma_1.5,0.006229997007872373
01447.png,bottom-face,smooth_1_sigma_1.5,0.0068663397721481076
01447.png,forehead,smooth_1_sigma_1.5,0.006989337397115712
01447.png,under-eyes,smooth_1_sigma_1.5,0.006937631324523311
01447.png,left-cheek,smooth_2_sigma_2.5,0.006700134731317409
01447.png,right-cheek,smooth_2_sigma_2.5,0.006329504324649361
01447.png,bottom-face,smooth_2_sigma_2.5,0.006995902606346942
01447.png,forehead,smooth_2_sigma_2.5,0.007563287671478412
01447.png,under-eyes,smooth_2_sigma_2.5,0.007048127167840963
01452.png,left-cheek,original_roi,0.005830267368747898
01452.png,right-cheek,original_roi,0.004456792517861017
01452.png,bottom-face,original_roi,0.005601545831258593
01452.png,forehead,original_roi,0.004363780746318971
01452.png,under-eyes,original_roi,0.004275601187404766
01452.png,left-cheek,smooth_1_sigma_1.5,0.006124314156189006
01452.png,right-cheek,smooth_1_sigma_1.5,0.004662581056908137
01452.png,bottom-face,smooth_1_sigma_1.5,0.005936468284986272
01452.png,forehead,smooth_1_sigma_1.5,0.00468798104138148
01452.png,under-eyes,smooth_1_sigma_1.5,0.0046037245038567385
01452.png,left-cheek,smooth_2_sigma_2.5,0.00616472717484143
01452.png,right-cheek,smooth_2_sigma_2.5,0.0046958521475544005
01452.png,bottom-face,smooth_2_sigma_2.5,0.005986195712833955
01452.png,forehead,smooth_2_sigma_2.5,0.004728760080496897
01452.png,under-eyes,smooth_2_sigma_2.5,0.004683237944929463
01454.png,left-cheek,original_roi,0.003626141766932032
01454.png,right-cheek,original_roi,0.004112405356845504
01454.png,bottom-face,original_roi,0.004120548975315162
01454.png,forehead,original_roi,0.0036766861714376702
01454.png,under-eyes,original_roi,0.0036515419391828455
01454.png,left-cheek,smooth_1_sigma_1.5,0.0036759425220191304
01454.png,right-cheek,smooth_1_sigma_1.5,0.004285190477464789
01454.png,bottom-face,smooth_1_sigma_1.5,0.004243505206542618
01454.png,forehead,smooth_1_sigma_1.5,0.003771694381664525
01454.png,under-eyes,smooth_1_sigma_1.5,0.0037536969109222234
01454.png,left-cheek,smooth_2_sigma_2.5,0.0036880773957660494
01454.png,right-cheek,smooth_2_sigma_2.5,0.0043454917830284484
01454.png,bottom-face,smooth_2_sigma_2.5,0.004279145852430309
01454.png,forehead,smooth_2_sigma_2.5,0.0038067950892631606
01454.png,under-eyes,smooth_2_sigma_2.5,0.003787809354734802
01455.png,left-cheek,original_roi,0.002875949482574443
01455.png,right-cheek,original_roi,0.0029627276404734122
01455.png,bottom-face,original_roi,0.003000998625468384
01455.png,forehead,original_roi,0.003718479719629716
01455.png,under-eyes,original_roi,0.002880641479640775
01455.png,left-cheek,smooth_1_sigma_1.5,0.002900992233170969
01455.png,right-cheek,smooth_1_sigma_1.5,0.0029823805442651336
01455.png,bottom-face,smooth_1_sigma_1.5,0.0030319247894382904
01455.png,forehead,smooth_1_sigma_1.5,0.004463735551015249
01455.png,under-eyes,smooth_1_sigma_1.5,0.0029129294108960462
01455.png,left-cheek,smooth_2_sigma_2.5,0.00290975395443583
01455.png,right-cheek,smooth_2_sigma_2.5,0.0029920031592350254
01455.png,bottom-face,smooth_2_sigma_2.5,0.0030406349301903713
01455.png,forehead,smooth_2_sigma_2.5,0.004620629504806519
01455.png,under-eyes,smooth_2_sigma_2.5,0.0029235367535197228
01471.png,left-cheek,original_roi,0.00525617720850651
01471.png,right-cheek,original_roi,0.006270771865273169
01471.png,bottom-face,original_roi,0.006146486037514775
01471.png,forehead,original_roi,0.004745091673843786
01471.png,under-eyes,original_roi,0.005005655371944329
01471.png,left-cheek,smooth_1_sigma_1.5,0.005377907461946166
01471.png,right-cheek,smooth_1_sigma_1.5,0.006437981289890094
01471.png,bottom-face,smooth_1_sigma_1.5,0.006304732211921817
01471.png,forehead,smooth_1_sigma_1.5,0.004904308789780643
01471.png,under-eyes,smooth_1_sigma_1.5,0.005145797704898998
01471.png,left-cheek,smooth_2_sigma_2.5,0.005406687492291453
01471.png,right-cheek,smooth_2_sigma_2.5,0.006484365567629617
01471.png,bottom-face,smooth_2_sigma_2.5,0.00634915259405097
01471.png,forehead,smooth_2_sigma_2.5,0.004942752826328344
01471.png,under-eyes,smooth_2_sigma_2.5,0.005188493375790408
01481.png,left-cheek,original_roi,0.005593369704848712
01481.png,right-cheek,original_roi,0.00522722748547295
01481.png,bottom-face,original_roi,0.004884558189565219
01481.png,forehead,original_roi,0.006502495385066703
01481.png,under-eyes,original_roi,0.00497637470645136
01481.png,left-cheek,smooth_1_sigma_1.5,0.0058236286861334235
01481.png,right-cheek,smooth_1_sigma_1.5,0.005381111067411463
01481.png,bottom-face,smooth_1_sigma_1.5,0.005023781160502043
01481.png,forehead,smooth_1_sigma_1.5,0.007069209102382692
01481.png,under-eyes,smooth_1_sigma_1.5,0.0054258127555886475
01481.png,left-cheek,smooth_2_sigma_2.5,0.005866879306650367
01481.png,right-cheek,smooth_2_sigma_2.5,0.005418866152039426
01481.png,bottom-face,smooth_2_sigma_2.5,0.005057177527009656
01481.png,forehead,smooth_2_sigma_2.5,0.007253027061826069
01481.png,under-eyes,smooth_2_sigma_2.5,0.005550334251136902
01487.png,left-cheek,original_roi,0.004087281023297262
01487.png,right-cheek,original_roi,0.004355425406240798
01487.png,bottom-face,original_roi,0.00453366649612532
01487.png,forehead,original_roi,0.006881988399626537
01487.png,under-eyes,original_roi,0.004327541891711854
01487.png,left-cheek,smooth_1_sigma_1.5,0.004140589876925864
01487.png,right-cheek,smooth_1_sigma_1.5,0.00440027474671182
01487.png,bottom-face,smooth_1_sigma_1.5,0.0046124049379278305
01487.png,forehead,smooth_1_sigma_1.5,0.0075450459663628745
01487.png,under-eyes,smooth_1_sigma_1.5,0.004404499151005062
01487.png,left-cheek,smooth_2_sigma_2.5,0.004153700296112113
01487.png,right-cheek,smooth_2_sigma_2.5,0.004418877200995182
01487.png,bottom-face,smooth_2_sigma_2.5,0.004656971757399628
01487.png,forehead,smooth_2_sigma_2.5,0.007742196834784626
01487.png,under-eyes,smooth_2_sigma_2.5,0.004425636561563202
01503.png,left-cheek,original_roi,0.00546298434963475
01503.png,right-cheek,original_roi,0.0050249644278910635
01503.png,bottom-face,original_roi,0.006433005195933173
01503.png,forehead,original_roi,0.005501201803495344
01503.png,under-eyes,original_roi,0.005842649403826057
01503.png,left-cheek,smooth_1_sigma_1.5,0.005983451560277481
01503.png,right-cheek,smooth_1_sigma_1.5,0.0054914367029090935
01503.png,bottom-face,smooth_1_sigma_1.5,0.007148966914076456
01503.png,forehead,smooth_1_sigma_1.5,0.006169819126488718
01503.png,under-eyes,smooth_1_sigma_1.5,0.006310247484757656
01503.png,left-cheek,smooth_2_sigma_2.5,0.006072327454752989
01503.png,right-cheek,smooth_2_sigma_2.5,0.005567076674688049
01503.png,bottom-face,smooth_2_sigma_2.5,0.007263651210077973
01503.png,forehead,smooth_2_sigma_2.5,0.006290329210183415
01503.png,under-eyes,smooth_2_sigma_2.5,0.006395103071019625
01511.png,left-cheek,original_roi,0.007805528379724407
01511.png,right-cheek,original_roi,0.006237141196872394
01511.png,bottom-face,original_roi,0.008940987920176842
01511.png,forehead,original_roi,0.0065288511654975874
01511.png,under-eyes,original_roi,0.0065872702555249685
01511.png,left-cheek,smooth_1_sigma_1.5,0.008199864414687934
01511.png,right-cheek,smooth_1_sigma_1.5,0.006535243883564732
01511.png,bottom-face,smooth_1_sigma_1.5,0.009377204910091452
01511.png,forehead,smooth_1_sigma_1.5,0.006960765132853555
01511.png,under-eyes,smooth_1_sigma_1.5,0.007077445147669348
01511.png,left-cheek,smooth_2_sigma_2.5,0.008276574116026473
01511.png,right-cheek,smooth_2_sigma_2.5,0.006590309993459206
01511.png,bottom-face,smooth_2_sigma_2.5,0.00949032965507554
01511.png,forehead,smooth_2_sigma_2.5,0.007022748491241122
01511.png,under-eyes,smooth_2_sigma_2.5,0.007185137848356155
01513.png,left-cheek,original_roi,0.004514308504925004
01513.png,right-cheek,original_roi,0.004716215329311808
01513.png,bottom-face,original_roi,0.0049510201355789
01513.png,forehead,original_roi,0.005081964227329072
01513.png,under-eyes,original_roi,0.005202820028723539
01513.png,left-cheek,smooth_1_sigma_1.5,0.004702595394040534
01513.png,right-cheek,smooth_1_sigma_1.5,0.004847870234005114
01513.png,bottom-face,smooth_1_sigma_1.5,0.005096351950233076
01513.png,forehead,smooth_1_sigma_1.5,0.006396051402507424
01513.png,under-eyes,smooth_1_sigma_1.5,0.005722198997653632
01513.png,left-cheek,smooth_2_sigma_2.5,0.004747923245433314
01513.png,right-cheek,smooth_2_sigma_2.5,0.004879663671093173
01513.png,bottom-face,smooth_2_sigma_2.5,0.005131867493695063
01513.png,forehead,smooth_2_sigma_2.5,0.007111367715181278
01513.png,under-eyes,smooth_2_sigma_2.5,0.00594658013786212
01514.png,left-cheek,original_roi,0.004872977164256045
01514.png,right-cheek,original_roi,0.006003104218647517
01514.png,bottom-face,original_roi,0.00505379017888588
01514.png,forehead,original_roi,0.004918560937226173
01514.png,under-eyes,original_roi,0.004767766577609635
01514.png,left-cheek,smooth_1_sigma_1.5,0.005040268829078327
01514.png,right-cheek,smooth_1_sigma_1.5,0.0062484968577154465
01514.png,bottom-face,smooth_1_sigma_1.5,0.005195422867661982
01514.png,forehead,smooth_1_sigma_1.5,0.0054288546519412235
01514.png,under-eyes,smooth_1_sigma_1.5,0.0051337387673026525
01514.png,left-cheek,smooth_2_sigma_2.5,0.0050796372778391845
01514.png,right-cheek,smooth_2_sigma_2.5,0.006361902994823125
01514.png,bottom-face,smooth_2_sigma_2.5,0.005229500763535621
01514.png,forehead,smooth_2_sigma_2.5,0.005655728548023136
01514.png,under-eyes,smooth_2_sigma_2.5,0.005340535666688807
01516.png,left-cheek,original_roi,0.004706711774689371
01516.png,right-cheek,original_roi,0.0044595346446065914
01516.png,bottom-face,original_roi,0.004869443362424349
01516.png,forehead,original_roi,0.004215056747595652
01516.png,under-eyes,original_roi,0.005016851523966923
01516.png,left-cheek,smooth_1_sigma_1.5,0.004987365691186328
01516.png,right-cheek,smooth_1_sigma_1.5,0.004770812254199554
01516.png,bottom-face,smooth_1_sigma_1.5,0.005068528744121984
01516.png,forehead,smooth_1_sigma_1.5,0.004435290755248887
01516.png,under-eyes,smooth_1_sigma_1.5,0.005306829665643746
01516.png,left-cheek,smooth_2_sigma_2.5,0.005123282146403085
01516.png,right-cheek,smooth_2_sigma_2.5,0.0049155430453804135
01516.png,bottom-face,smooth_2_sigma_2.5,0.005109018251956084
01516.png,forehead,smooth_2_sigma_2.5,0.004485588766333563
01516.png,under-eyes,smooth_2_sigma_2.5,0.005434518379448351
01517.png,left-cheek,original_roi,0.009278534349484995
01517.png,right-cheek,original_roi,0.010586348091938208
01517.png,bottom-face,original_roi,0.01220144878473593
01517.png,forehead,original_roi,0.006775054294231525
01517.png,under-eyes,original_roi,0.008521257599002949
01517.png,left-cheek,smooth_1_sigma_1.5,0.010388020144279463
01517.png,right-cheek,smooth_1_sigma_1.5,0.012131891728053101
01517.png,bottom-face,smooth_1_sigma_1.5,0.01801307158609769
01517.png,forehead,smooth_1_sigma_1.5,0.0073728486248006864
01517.png,under-eyes,smooth_1_sigma_1.5,0.009644321851428425
01517.png,left-cheek,smooth_2_sigma_2.5,0.010664011864254242
01517.png,right-cheek,smooth_2_sigma_2.5,0.012620768373358942
01517.png,bottom-face,smooth_2_sigma_2.5,0.021259376582846143
01517.png,forehead,smooth_2_sigma_2.5,0.007496052001280045
01517.png,under-eyes,smooth_2_sigma_2.5,0.010045358379452134
01524.png,left-cheek,original_roi,0.006432645005955486
01524.png,right-cheek,original_roi,0.0036286876534471512
01524.png,bottom-face,original_roi,0.005971836423134604
01524.png,forehead,original_roi,0.004317920040206414
01524.png,under-eyes,original_roi,0.004180343125441805
01524.png,left-cheek,smooth_1_sigma_1.5,0.006772873597642136
01524.png,right-cheek,smooth_1_sigma_1.5,0.003923603902416854
01524.png,bottom-face,smooth_1_sigma_1.5,0.006624099567182635
01524.png,forehead,smooth_1_sigma_1.5,0.00465477792483324
01524.png,under-eyes,smooth_1_sigma_1.5,0.004505979666630102
01524.png,left-cheek,smooth_2_sigma_2.5,0.006829284014218932
01524.png,right-cheek,smooth_2_sigma_2.5,0.003958905785403318
01524.png,bottom-face,smooth_2_sigma_2.5,0.006732834427615729
01524.png,forehead,smooth_2_sigma_2.5,0.00469821629313186
01524.png,under-eyes,smooth_2_sigma_2.5,0.004567059895288119
01533.png,left-cheek,original_roi,0.004642828392552306
01533.png,right-cheek,original_roi,0.005193892067016095
01533.png,bottom-face,original_roi,0.005716576384743664
01533.png,forehead,original_roi,0.011621809097685242
01533.png,under-eyes,original_roi,0.005616885066505581
01533.png,left-cheek,smooth_1_sigma_1.5,0.004925115043446541
01533.png,right-cheek,smooth_1_sigma_1.5,0.005514254589571982
01533.png,bottom-face,smooth_1_sigma_1.5,0.006037359214586535
01533.png,forehead,smooth_1_sigma_1.5,0.013329783388985966
01533.png,under-eyes,smooth_1_sigma_1.5,0.006067444282476351
01533.png,left-cheek,smooth_2_sigma_2.5,0.0050587661826503386
01533.png,right-cheek,smooth_2_sigma_2.5,0.005625719927878642
01533.png,bottom-face,smooth_2_sigma_2.5,0.006079163840168466
01533.png,forehead,smooth_2_sigma_2.5,0.014209827242283521
01533.png,under-eyes,smooth_2_sigma_2.5,0.0062699676483850345
01548.png,left-cheek,original_roi,0.005633778056666144
01548.png,right-cheek,original_roi,0.006503593584397349
01548.png,bottom-face,original_roi,0.012038257922031795
01548.png,forehead,original_roi,0.005334167719492825
01548.png,under-eyes,original_roi,0.005669347908962441
01548.png,left-cheek,smooth_1_sigma_1.5,0.005971966312919516
01548.png,right-cheek,smooth_1_sigma_1.5,0.006786443513165798
01548.png,bottom-face,smooth_1_sigma_1.5,0.01458287807154032
01548.png,forehead,smooth_1_sigma_1.5,0.0055732154521147634
01548.png,under-eyes,smooth_1_sigma_1.5,0.005951384338026241
01548.png,left-cheek,smooth_2_sigma_2.5,0.006071055030253117
01548.png,right-cheek,smooth_2_sigma_2.5,0.00685460733586918
01548.png,bottom-face,smooth_2_sigma_2.5,0.015904790465003975
01548.png,forehead,smooth_2_sigma_2.5,0.005630660268175502
01548.png,under-eyes,smooth_2_sigma_2.5,0.006024589870919985
01556.png,left-cheek,original_roi,0.012130828437700488
01556.png,right-cheek,original_roi,0.008626958864705062
01556.png,bottom-face,original_roi,0.011707969448623973
01556.png,forehead,original_roi,0.0048842287847483965
01556.png,under-eyes,original_roi,0.005165314715824367
01556.png,left-cheek,smooth_1_sigma_1.5,0.013073212629489957
01556.png,right-cheek,smooth_1_sigma_1.5,0.009089876757183242
01556.png,bottom-face,smooth_1_sigma_1.5,0.01261543631683185
01556.png,forehead,smooth_1_sigma_1.5,0.005113027140444659
01556.png,under-eyes,smooth_1_sigma_1.5,0.005810379070109998
01556.png,left-cheek,smooth_2_sigma_2.5,0.013348080248710495
01556.png,right-cheek,smooth_2_sigma_2.5,0.009201091797356894
01556.png,bottom-face,smooth_2_sigma_2.5,0.012879372137609446
01556.png,forehead,smooth_2_sigma_2.5,0.005163405565056656
01556.png,under-eyes,smooth_2_sigma_2.5,0.006167560687137217
01564.png,left-cheek,original_roi,0.006069400787470972
01564.png,right-cheek,original_roi,0.0051385703113643036
01564.png,bottom-face,original_roi,0.006693982690647343
01564.png,forehead,original_roi,0.004289683622537214
01564.png,under-eyes,original_roi,0.007432817454625433
01564.png,left-cheek,smooth_1_sigma_1.5,0.006315271330255386
01564.png,right-cheek,smooth_1_sigma_1.5,0.0053680859754021
01564.png,bottom-face,smooth_1_sigma_1.5,0.007160005867433397
01564.png,forehead,smooth_1_sigma_1.5,0.004552325840184072
01564.png,under-eyes,smooth_1_sigma_1.5,0.008144764454454136
01564.png,left-cheek,smooth_2_sigma_2.5,0.006402496476361574
01564.png,right-cheek,smooth_2_sigma_2.5,0.005438564975802419
01564.png,bottom-face,smooth_2_sigma_2.5,0.007309905953233981
01564.png,forehead,smooth_2_sigma_2.5,0.00469878280888177
01564.png,under-eyes,smooth_2_sigma_2.5,0.00865426225450171
01574.png,left-cheek,original_roi,0.006409758920551842
01574.png,right-cheek,original_roi,0.006705489993313924
01574.png,bottom-face,original_roi,0.008381159629912259
01574.png,forehead,original_roi,0.0063624005968196985
01574.png,under-eyes,original_roi,0.005595393034476975
01574.png,left-cheek,smooth_1_sigma_1.5,0.007561904104207414
01574.png,right-cheek,smooth_1_sigma_1.5,0.007657209706169942
01574.png,bottom-face,smooth_1_sigma_1.5,0.010038013095824035
01574.png,forehead,smooth_1_sigma_1.5,0.006902170900422247
01574.png,under-eyes,smooth_1_sigma_1.5,0.0061396318587853055
01574.png,left-cheek,smooth_2_sigma_2.5,0.007935799186597158
01574.png,right-cheek,smooth_2_sigma_2.5,0.008190599119599799
01574.png,bottom-face,smooth_2_sigma_2.5,0.010631639085430893
01574.png,forehead,smooth_2_sigma_2.5,0.007028680154884795
01574.png,under-eyes,smooth_2_sigma_2.5,0.006346792301650767
01580.png,left-cheek,original_roi,0.0076768588134232384
01580.png,right-cheek,original_roi,0.004840408190819149
01580.png,bottom-face,original_roi,0.00847452856719173
01580.png,forehead,original_roi,0.005875546871645427
01580.png,under-eyes,original_roi,0.00646759684795693
01580.png,left-cheek,smooth_1_sigma_1.5,0.008236987303606327
01580.png,right-cheek,smooth_1_sigma_1.5,0.005430001854973759
01580.png,bottom-face,smooth_1_sigma_1.5,0.008896148096581126
01580.png,forehead,smooth_1_sigma_1.5,0.0061030555686921156
01580.png,under-eyes,smooth_1_sigma_1.5,0.006973260897565173
01580.png,left-cheek,smooth_2_sigma_2.5,0.008703169898518175
01580.png,right-cheek,smooth_2_sigma_2.5,0.006021639918152176
01580.png,bottom-face,smooth_2_sigma_2.5,0.009038540486931526
01580.png,forehead,smooth_2_sigma_2.5,0.006153843819884333
01580.png,under-eyes,smooth_2_sigma_2.5,0.007307705593344899
01587.png,left-cheek,original_roi,0.007004471247510453
01587.png,right-cheek,original_roi,0.006111861753820395
01587.png,bottom-face,original_roi,0.00662524414798301
01587.png,forehead,original_roi,0.006958322384530314
01587.png,under-eyes,original_roi,0.00686880436664198
01587.png,left-cheek,smooth_1_sigma_1.5,0.007334260914867049
01587.png,right-cheek,smooth_1_sigma_1.5,0.006471122650042277
01587.png,bottom-face,smooth_1_sigma_1.5,0.0070612832265526055
01587.png,forehead,smooth_1_sigma_1.5,0.0074352822125477
01587.png,under-eyes,smooth_1_sigma_1.5,0.007339036635817231
01587.png,left-cheek,smooth_2_sigma_2.5,0.007427644793445644
01587.png,right-cheek,smooth_2_sigma_2.5,0.006539926780925044
01587.png,bottom-face,smooth_2_sigma_2.5,0.007178016999830869
01587.png,forehead,smooth_2_sigma_2.5,0.007555456365003732
01587.png,under-eyes,smooth_2_sigma_2.5,0.007478455696573622
01598.png,left-cheek,original_roi,0.009024061861420164
01598.png,right-cheek,original_roi,0.004816610732842668
01598.png,bottom-face,original_roi,0.006173148655453505
01598.png,forehead,original_roi,0.0056874126362697645
01598.png,under-eyes,original_roi,0.006368314177616008
01598.png,left-cheek,smooth_1_sigma_1.5,0.00951498059365945
01598.png,right-cheek,smooth_1_sigma_1.5,0.004965142364501753
01598.png,bottom-face,smooth_1_sigma_1.5,0.006422733090110902
01598.png,forehead,smooth_1_sigma_1.5,0.005839016596332568
01598.png,under-eyes,smooth_1_sigma_1.5,0.006686077186411369
01598.png,left-cheek,smooth_2_sigma_2.5,0.009631572196957915
01598.png,right-cheek,smooth_2_sigma_2.5,0.00499195135642908
01598.png,bottom-face,smooth_2_sigma_2.5,0.006489382334802452
01598.png,forehead,smooth_2_sigma_2.5,0.005873695511016977
01598.png,under-eyes,smooth_2_sigma_2.5,0.006756583438602034
01600.png,left-cheek,original_roi,0.0058792711031772586
01600.png,right-cheek,original_roi,0.0062990014100150205
01600.png,bottom-face,original_roi,0.006297794169327747
01600.png,forehead,original_roi,0.005674864120464915
01600.png,under-eyes,original_roi,0.004208907874934686
01600.png,left-cheek,smooth_1_sigma_1.5,0.006019245082337211
01600.png,right-cheek,smooth_1_sigma_1.5,0.006453546772096787
01600.png,bottom-face,smooth_1_sigma_1.5,0.006467107699153681
01600.png,forehead,smooth_1_sigma_1.5,0.005856529990607241
01600.png,under-eyes,smooth_1_sigma_1.5,0.004477317232587279
01600.png,left-cheek,smooth_2_sigma_2.5,0.00605497697451143
01600.png,right-cheek,smooth_2_sigma_2.5,0.0064899674360086364
01600.png,bottom-face,smooth_2_sigma_2.5,0.006519470389152681
01600.png,forehead,smooth_2_sigma_2.5,0.005925510166700655
01600.png,under-eyes,smooth_2_sigma_2.5,0.004675348164880221
01601.png,left-cheek,original_roi,0.004816484546238577
01601.png,right-cheek,original_roi,0.005608706927844976
01601.png,bottom-face,original_roi,0.00560506389932459
01601.png,forehead,original_roi,0.00484789384912973
01601.png,under-eyes,original_roi,0.005756965600552633
01601.png,left-cheek,smooth_1_sigma_1.5,0.005022481742264074
01601.png,right-cheek,smooth_1_sigma_1.5,0.005895798700837825
01601.png,bottom-face,smooth_1_sigma_1.5,0.00587077649015021
01601.png,forehead,smooth_1_sigma_1.5,0.005188041653936899
01601.png,under-eyes,smooth_1_sigma_1.5,0.006139958165673621
01601.png,left-cheek,smooth_2_sigma_2.5,0.005060964763457688
01601.png,right-cheek,smooth_2_sigma_2.5,0.005946963731242091
01601.png,bottom-face,smooth_2_sigma_2.5,0.005923940863785317
01601.png,forehead,smooth_2_sigma_2.5,0.005261631639610668
01601.png,under-eyes,smooth_2_sigma_2.5,0.006220762177754568
01602.png,left-cheek,original_roi,0.008026328368038252
01602.png,right-cheek,original_roi,0.006276649697196797
01602.png,bottom-face,original_roi,0.007357811769534869
01602.png,forehead,original_roi,0.0040652265210717265
01602.png,under-eyes,original_roi,0.011401040923856428
01602.png,left-cheek,smooth_1_sigma_1.5,0.008848275505489507
01602.png,right-cheek,smooth_1_sigma_1.5,0.0068968483738350225
01602.png,bottom-face,smooth_1_sigma_1.5,0.009598855419684407
01602.png,forehead,smooth_1_sigma_1.5,0.005263522099363933
01602.png,under-eyes,smooth_1_sigma_1.5,0.013529733361476838
01602.png,left-cheek,smooth_2_sigma_2.5,0.009124760420063775
01602.png,right-cheek,smooth_2_sigma_2.5,0.007060198135452148
01602.png,bottom-face,smooth_2_sigma_2.5,0.010523115758707837
01602.png,forehead,smooth_2_sigma_2.5,0.0066965093373140645
01602.png,under-eyes,smooth_2_sigma_2.5,0.01544758928321873
01619.png,left-cheek,original_roi,0.003907516587249089
01619.png,right-cheek,original_roi,0.003583775564305395
01619.png,bottom-face,original_roi,0.004114333340793659
01619.png,forehead,original_roi,0.0040925550518187736
01619.png,under-eyes,original_roi,0.0036745348437383888
01619.png,left-cheek,smooth_1_sigma_1.5,0.004120865815414153
01619.png,right-cheek,smooth_1_sigma_1.5,0.0036190629438716164
01619.png,bottom-face,smooth_1_sigma_1.5,0.004245088449467994
01619.png,forehead,smooth_1_sigma_1.5,0.0042143904994596144
01619.png,under-eyes,smooth_1_sigma_1.5,0.0037732002922632895
01619.png,left-cheek,smooth_2_sigma_2.5,0.004160416106521929
01619.png,right-cheek,smooth_2_sigma_2.5,0.003630414113662799
01619.png,bottom-face,smooth_2_sigma_2.5,0.004282199626623647
01619.png,forehead,smooth_2_sigma_2.5,0.004244752604551422
01619.png,under-eyes,smooth_2_sigma_2.5,0.003790819897892267
01626.png,left-cheek,original_roi,0.005415494682456175
01626.png,right-cheek,original_roi,0.004930279487066262
01626.png,bottom-face,original_roi,0.005661281663599268
01626.png,forehead,original_roi,0.0042048501678866755
01626.png,under-eyes,original_roi,0.004883528202141804
01626.png,left-cheek,smooth_1_sigma_1.5,0.005606211878400406
01626.png,right-cheek,smooth_1_sigma_1.5,0.005107436939592122
01626.png,bottom-face,smooth_1_sigma_1.5,0.00589431291724234
01626.png,forehead,smooth_1_sigma_1.5,0.004357534956513782
01626.png,under-eyes,smooth_1_sigma_1.5,0.005056088050543633
01626.png,left-cheek,smooth_2_sigma_2.5,0.005640604376700702
01626.png,right-cheek,smooth_2_sigma_2.5,0.005138862130090946
01626.png,bottom-face,smooth_2_sigma_2.5,0.005943171691053862
01626.png,forehead,smooth_2_sigma_2.5,0.00438801554848091
01626.png,under-eyes,smooth_2_sigma_2.5,0.0050974093606817
01627.png,left-cheek,original_roi,0.004622337744616518
01627.png,right-cheek,original_roi,0.004682374990676118
01627.png,bottom-face,original_roi,0.005401398125646196
01627.png,forehead,original_roi,0.004805018089730822
01627.png,under-eyes,original_roi,0.00471300758558988
01627.png,left-cheek,smooth_1_sigma_1.5,0.004671613175552269
01627.png,right-cheek,smooth_1_sigma_1.5,0.004736133784072038
01627.png,bottom-face,smooth_1_sigma_1.5,0.005506379269126596
01627.png,forehead,smooth_1_sigma_1.5,0.004950177411195018
01627.png,under-eyes,smooth_1_sigma_1.5,0.004856216730202262
01627.png,left-cheek,smooth_2_sigma_2.5,0.004693572366578816
01627.png,right-cheek,smooth_2_sigma_2.5,0.004757114439300442
01627.png,bottom-face,smooth_2_sigma_2.5,0.005563582515355468
01627.png,forehead,smooth_2_sigma_2.5,0.004979722801322695
01627.png,under-eyes,smooth_2_sigma_2.5,0.004896471903494195
01634.png,left-cheek,original_roi,0.006018589089835023
01634.png,right-cheek,original_roi,0.005556057207048702
01634.png,bottom-face,original_roi,0.006198734773569552
01634.png,forehead,original_roi,0.00518679962226611
01634.png,under-eyes,original_roi,0.006289983716091542
01634.png,left-cheek,smooth_1_sigma_1.5,0.006267233015915211
01634.png,right-cheek,smooth_1_sigma_1.5,0.00572783551733626
01634.png,bottom-face,smooth_1_sigma_1.5,0.006398590832803049
01634.png,forehead,smooth_1_sigma_1.5,0.005507587776602421
01634.png,under-eyes,smooth_1_sigma_1.5,0.006633828988791843
01634.png,left-cheek,smooth_2_sigma_2.5,0.006364771964192446
01634.png,right-cheek,smooth_2_sigma_2.5,0.005774483840104556
01634.png,bottom-face,smooth_2_sigma_2.5,0.0064513673935321075
01634.png,forehead,smooth_2_sigma_2.5,0.005655387170884216
01634.png,under-eyes,smooth_2_sigma_2.5,0.006762977389321672
01639.png,left-cheek,original_roi,0.0050881577226410376
01639.png,right-cheek,original_roi,0.004253939613604312
01639.png,bottom-face,original_roi,0.0051616475077568775
01639.png,forehead,original_roi,0.004453396488748619
01639.png,under-eyes,original_roi,0.004636602186898212
01639.png,left-cheek,smooth_1_sigma_1.5,0.005167496738441994
01639.png,right-cheek,smooth_1_sigma_1.5,0.004318132443545567
01639.png,bottom-face,smooth_1_sigma_1.5,0.005254498023536165
01639.png,forehead,smooth_1_sigma_1.5,0.004564911468533372
01639.png,under-eyes,smooth_1_sigma_1.5,0.0047421719720608605
01639.png,left-cheek,smooth_2_sigma_2.5,0.005194241512049284
01639.png,right-cheek,smooth_2_sigma_2.5,0.004334764731886534
01639.png,bottom-face,smooth_2_sigma_2.5,0.0052807625402252825
01639.png,forehead,smooth_2_sigma_2.5,0.004592515981426846
01639.png,under-eyes,smooth_2_sigma_2.5,0.0047686118247175
01652.png,left-cheek,original_roi,0.005973349229208968
01652.png,right-cheek,original_roi,0.003853829352786441
01652.png,bottom-face,original_roi,0.005876068151554944
01652.png,forehead,original_roi,0.00495629156011294
01652.png,under-eyes,original_roi,0.004272697070224916
01652.png,left-cheek,smooth_1_sigma_1.5,0.006279956042445788
01652.png,right-cheek,smooth_1_sigma_1.5,0.003999870211044316
01652.png,bottom-face,smooth_1_sigma_1.5,0.006214584878779484
01652.png,forehead,smooth_1_sigma_1.5,0.005362086947767111
01652.png,under-eyes,smooth_1_sigma_1.5,0.00441387474372541
01652.png,left-cheek,smooth_2_sigma_2.5,0.006351558420260184
01652.png,right-cheek,smooth_2_sigma_2.5,0.004023727625674504
01652.png,bottom-face,smooth_2_sigma_2.5,0.006276554629235844
01652.png,forehead,smooth_2_sigma_2.5,0.005423455016061098
01652.png,under-eyes,smooth_2_sigma_2.5,0.004441887730631646
01657.png,left-cheek,original_roi,0.00428631731070215
01657.png,right-cheek,original_roi,0.004020207869057261
01657.png,bottom-face,original_roi,0.004648040282011028
01657.png,forehead,original_roi,0.007062058406674527
01657.png,under-eyes,original_roi,0.004718784994767198
01657.png,left-cheek,smooth_1_sigma_1.5,0.004373009743501714
01657.png,right-cheek,smooth_1_sigma_1.5,0.004103161387012127
01657.png,bottom-face,smooth_1_sigma_1.5,0.004724726891321758
01657.png,forehead,smooth_1_sigma_1.5,0.008467695719148934
01657.png,under-eyes,smooth_1_sigma_1.5,0.004887247436016728
01657.png,left-cheek,smooth_2_sigma_2.5,0.004396715420749876
01657.png,right-cheek,smooth_2_sigma_2.5,0.004124280588717184
01657.png,bottom-face,smooth_2_sigma_2.5,0.004748593084309623
01657.png,forehead,smooth_2_sigma_2.5,0.009025417408641788
01657.png,under-eyes,smooth_2_sigma_2.5,0.004941019046044066
01670.png,left-cheek,original_roi,0.0035316493757863044
01670.png,right-cheek,original_roi,0.00452586186013222
01670.png,bottom-face,original_roi,0.004345841709938781
01670.png,forehead,original_roi,0.005145105401118281
01670.png,under-eyes,original_roi,0.004356620274509589
01670.png,left-cheek,smooth_1_sigma_1.5,0.0036152793592838105
01670.png,right-cheek,smooth_1_sigma_1.5,0.004632070275556742
01670.png,bottom-face,smooth_1_sigma_1.5,0.004454386264210481
01670.png,forehead,smooth_1_sigma_1.5,0.006189281155676562
01670.png,under-eyes,smooth_1_sigma_1.5,0.00451813834683589
01670.png,left-cheek,smooth_2_sigma_2.5,0.0036315797267348175
01670.png,right-cheek,smooth_2_sigma_2.5,0.004660860547664905
01670.png,bottom-face,smooth_2_sigma_2.5,0.004478503128870719
01670.png,forehead,smooth_2_sigma_2.5,0.006558309598978217
01670.png,under-eyes,smooth_2_sigma_2.5,0.0045439116341754885
01681.png,left-cheek,original_roi,0.008777003794040054
01681.png,right-cheek,original_roi,0.007152764970346946
01681.png,bottom-face,original_roi,0.00606449032694256
01681.png,forehead,original_roi,0.008517429279959557
01681.png,under-eyes,original_roi,0.0084914035386487
01681.png,left-cheek,smooth_1_sigma_1.5,0.009320032763251466
01681.png,right-cheek,smooth_1_sigma_1.5,0.007497210070093958
01681.png,bottom-face,smooth_1_sigma_1.5,0.006558204207758445
01681.png,forehead,smooth_1_sigma_1.5,0.009169393020711888
01681.png,under-eyes,smooth_1_sigma_1.5,0.009027459838380299
01681.png,left-cheek,smooth_2_sigma_2.5,0.009443604561545974
01681.png,right-cheek,smooth_2_sigma_2.5,0.00756478633034476
01681.png,bottom-face,smooth_2_sigma_2.5,0.006855617333891552
01681.png,forehead,smooth_2_sigma_2.5,0.009309657885769677
01681.png,under-eyes,smooth_2_sigma_2.5,0.009147629153539808
01695.png,left-cheek,original_roi,0.004798765231048135
01695.png,right-cheek,original_roi,0.004593264500219022
01695.png,bottom-face,original_roi,0.004822303194584897
01695.png,forehead,original_roi,0.0047666038291833196
01695.png,under-eyes,original_roi,0.005083488070330325
01695.png,left-cheek,smooth_1_sigma_1.5,0.0048780303736785015
01695.png,right-cheek,smooth_1_sigma_1.5,0.004660954712101149
01695.png,bottom-face,smooth_1_sigma_1.5,0.004900378712701334
01695.png,forehead,smooth_1_sigma_1.5,0.004871441658758368
01695.png,under-eyes,smooth_1_sigma_1.5,0.005202455725698044
01695.png,left-cheek,smooth_2_sigma_2.5,0.004901326306713507
01695.png,right-cheek,smooth_2_sigma_2.5,0.004683272818506388
01695.png,bottom-face,smooth_2_sigma_2.5,0.004925371162731248
01695.png,forehead,smooth_2_sigma_2.5,0.004898454566094747
01695.png,under-eyes,smooth_2_sigma_2.5,0.005234188169282074
01697.png,left-cheek,original_roi,0.00425717525839729
01697.png,right-cheek,original_roi,0.0037508878291066692
01697.png,bottom-face,original_roi,0.004322715342770233
01697.png,forehead,original_roi,0.0036210043947139557
01697.png,under-eyes,original_roi,0.003527606482217787
01697.png,left-cheek,smooth_1_sigma_1.5,0.004363572941968893
01697.png,right-cheek,smooth_1_sigma_1.5,0.003816770551216976
01697.png,bottom-face,smooth_1_sigma_1.5,0.004439745359406185
01697.png,forehead,smooth_1_sigma_1.5,0.0037173227282653455
01697.png,under-eyes,smooth_1_sigma_1.5,0.003596794779455663
01697.png,left-cheek,smooth_2_sigma_2.5,0.004387001368030207
01697.png,right-cheek,smooth_2_sigma_2.5,0.0038341229808714684
01697.png,bottom-face,smooth_2_sigma_2.5,0.004468022616441423
01697.png,forehead,smooth_2_sigma_2.5,0.0037399951318940108
01697.png,under-eyes,smooth_2_sigma_2.5,0.0036143110463348204
01708.png,left-cheek,original_roi,0.004925045119020624
01708.png,right-cheek,original_roi,0.003518529313696844
01708.png,bottom-face,original_roi,0.004323848124216105
01708.png,forehead,original_roi,0.005089959842375199
01708.png,under-eyes,original_roi,0.004900591199804256
01708.png,left-cheek,smooth_1_sigma_1.5,0.005129734413081938
01708.png,right-cheek,smooth_1_sigma_1.5,0.0036070107418591764
01708.png,bottom-face,smooth_1_sigma_1.5,0.004458902080494533
01708.png,forehead,smooth_1_sigma_1.5,0.005705352772019237
01708.png,under-eyes,smooth_1_sigma_1.5,0.0052427933824998295
01708.png,left-cheek,smooth_2_sigma_2.5,0.005155619541026076
01708.png,right-cheek,smooth_2_sigma_2.5,0.003618837472904899
01708.png,bottom-face,smooth_2_sigma_2.5,0.004486757489050647
01708.png,forehead,smooth_2_sigma_2.5,0.005836323903801141
01708.png,under-eyes,smooth_2_sigma_2.5,0.005304671556138006
01712.png,left-cheek,original_roi,0.004946104610190807
01712.png,right-cheek,original_roi,0.009407268120683874
01712.png,bottom-face,original_roi,0.006614843215843108
01712.png,forehead,original_roi,0.005826680914781613
01712.png,under-eyes,original_roi,0.006094736294149517
01712.png,left-cheek,smooth_1_sigma_1.5,0.0050697134215985235
01712.png,right-cheek,smooth_1_sigma_1.5,0.009648019832940427
01712.png,bottom-face,smooth_1_sigma_1.5,0.006760065476143064
01712.png,forehead,smooth_1_sigma_1.5,0.0061403123466735035
01712.png,under-eyes,smooth_1_sigma_1.5,0.006520821683754433
01712.png,left-cheek,smooth_2_sigma_2.5,0.005098040207364761
01712.png,right-cheek,smooth_2_sigma_2.5,0.009731843431900374
01712.png,bottom-face,smooth_2_sigma_2.5,0.006819191289150626
01712.png,forehead,smooth_2_sigma_2.5,0.006195005787627275
01712.png,under-eyes,smooth_2_sigma_2.5,0.006686336307357931
01720.png,left-cheek,original_roi,0.007132620759186294
01720.png,right-cheek,original_roi,0.006273399962960606
01720.png,bottom-face,original_roi,0.008416128943632775
01720.png,forehead,original_roi,0.006266329747220655
01720.png,under-eyes,original_roi,0.005905532276747889
01720.png,left-cheek,smooth_1_sigma_1.5,0.007527366655062579
01720.png,right-cheek,smooth_1_sigma_1.5,0.0066625969526426035
01720.png,bottom-face,smooth_1_sigma_1.5,0.00949054221520525
01720.png,forehead,smooth_1_sigma_1.5,0.0067893973616345756
01720.png,under-eyes,smooth_1_sigma_1.5,0.006331836240873189
01720.png,left-cheek,smooth_2_sigma_2.5,0.0076202857889686015
01720.png,right-cheek,smooth_2_sigma_2.5,0.006744076948476263
01720.png,bottom-face,smooth_2_sigma_2.5,0.009835040952209266
01720.png,forehead,smooth_2_sigma_2.5,0.0069446309036795455
01720.png,under-eyes,smooth_2_sigma_2.5,0.006488286816487914
01734.png,left-cheek,original_roi,0.009362360529577446
01734.png,right-cheek,original_roi,0.00464678453231095
01734.png,bottom-face,original_roi,0.0070189751619920285
01734.png,forehead,original_roi,0.004502182200038809
01734.png,under-eyes,original_roi,0.00561242985446191
01734.png,left-cheek,smooth_1_sigma_1.5,0.009674362107750753
01734.png,right-cheek,smooth_1_sigma_1.5,0.005065079525718206
01734.png,bottom-face,smooth_1_sigma_1.5,0.008227669437811277
01734.png,forehead,smooth_1_sigma_1.5,0.004873353556215028
01734.png,under-eyes,smooth_1_sigma_1.5,0.006034113374182404
01734.png,left-cheek,smooth_2_sigma_2.5,0.009785171047364523
01734.png,right-cheek,smooth_2_sigma_2.5,0.005149630181262844
01734.png,bottom-face,smooth_2_sigma_2.5,0.00853480250116419
01734.png,forehead,smooth_2_sigma_2.5,0.004919354027446249
01734.png,under-eyes,smooth_2_sigma_2.5,0.006167113496720015
01746.png,left-cheek,original_roi,0.003306745134755905
01746.png,right-cheek,original_roi,0.0034652983472382576
01746.png,bottom-face,original_roi,0.0035234729692832415
01746.png,forehead,original_roi,0.004311510924064903
01746.png,under-eyes,original_roi,0.0032330277842487604
01746.png,left-cheek,smooth_1_sigma_1.5,0.0033482037580306757
01746.png,right-cheek,smooth_1_sigma_1.5,0.0034986277641851746
01746.png,bottom-face,smooth_1_sigma_1.5,0.0035653790869824226
01746.png,forehead,smooth_1_sigma_1.5,0.0046054468992259325
01746.png,under-eyes,smooth_1_sigma_1.5,0.0032725057106274213
01746.png,left-cheek,smooth_2_sigma_2.5,0.0033597876930849856
01746.png,right-cheek,smooth_2_sigma_2.5,0.003508594694487227
01746.png,bottom-face,smooth_2_sigma_2.5,0.003577910990357055
01746.png,forehead,smooth_2_sigma_2.5,0.004726339406101804
01746.png,under-eyes,smooth_2_sigma_2.5,0.003281215665220073
01753.png,left-cheek,original_roi,0.004672676343092094
01753.png,right-cheek,original_roi,0.005974958742865891
01753.png,bottom-face,original_roi,0.007224597745674104
01753.png,forehead,original_roi,0.004996817755766751
01753.png,under-eyes,original_roi,0.005690249831670895
01753.png,left-cheek,smooth_1_sigma_1.5,0.0051734227577408
01753.png,right-cheek,smooth_1_sigma_1.5,0.006495013898895287
01753.png,bottom-face,smooth_1_sigma_1.5,0.007747289233369242
01753.png,forehead,smooth_1_sigma_1.5,0.0056586975714321384
01753.png,under-eyes,smooth_1_sigma_1.5,0.006294634148192154
01753.png,left-cheek,smooth_2_sigma_2.5,0.005244135639449586
01753.png,right-cheek,smooth_2_sigma_2.5,0.006573103368253402
01753.png,bottom-face,smooth_2_sigma_2.5,0.007854449840606159
01753.png,forehead,smooth_2_sigma_2.5,0.005772528622627099
01753.png,under-eyes,smooth_2_sigma_2.5,0.006404208082433157
01760.png,left-cheek,original_roi,0.005246275901275205
01760.png,right-cheek,original_roi,0.005801441207580309
01760.png,bottom-face,original_roi,0.00600946018771167
01760.png,forehead,original_roi,0.009992724375389447
01760.png,under-eyes,original_roi,0.005015295470751639
01760.png,left-cheek,smooth_1_sigma_1.5,0.00542045022974239
01760.png,right-cheek,smooth_1_sigma_1.5,0.005931604513082226
01760.png,bottom-face,smooth_1_sigma_1.5,0.006150018647582746
01760.png,forehead,smooth_1_sigma_1.5,0.014166655548753456
01760.png,under-eyes,smooth_1_sigma_1.5,0.005274796501304249
01760.png,left-cheek,smooth_2_sigma_2.5,0.005454950462414102
01760.png,right-cheek,smooth_2_sigma_2.5,0.005962814291782722
01760.png,bottom-face,smooth_2_sigma_2.5,0.006191283264101
01760.png,forehead,smooth_2_sigma_2.5,0.016396140092813996
01760.png,under-eyes,smooth_2_sigma_2.5,0.0053246388950944695
01763.png,left-cheek,original_roi,0.004352319216607943
01763.png,right-cheek,original_roi,0.0037893147712419494
01763.png,bottom-face,original_roi,0.00427786798661402
01763.png,forehead,original_roi,0.0064043515504883216
01763.png,under-eyes,original_roi,0.004398388592946365
01763.png,left-cheek,smooth_1_sigma_1.5,0.0043796588030496734
01763.png,right-cheek,smooth_1_sigma_1.5,0.0038089362983641218
01763.png,bottom-face,smooth_1_sigma_1.5,0.004307384129514639
01763.png,forehead,smooth_1_sigma_1.5,0.006620379854345532
01763.png,under-eyes,smooth_1_sigma_1.5,0.004432240788940518
01763.png,left-cheek,smooth_2_sigma_2.5,0.004395392130689543
01763.png,right-cheek,smooth_2_sigma_2.5,0.0038207791215986346
01763.png,bottom-face,smooth_2_sigma_2.5,0.004325631179121455
01763.png,forehead,smooth_2_sigma_2.5,0.006702001797489134
01763.png,under-eyes,smooth_2_sigma_2.5,0.004450132566832584
01770.png,left-cheek,original_roi,0.005498877960810381
01770.png,right-cheek,original_roi,0.0065356004254108835
01770.png,bottom-face,original_roi,0.008044255341386782
01770.png,forehead,original_roi,0.006464712087602418
01770.png,under-eyes,original_roi,0.005539736502736709
01770.png,left-cheek,smooth_1_sigma_1.5,0.005597488868237007
01770.png,right-cheek,smooth_1_sigma_1.5,0.006737143819779219
01770.png,bottom-face,smooth_1_sigma_1.5,0.008302937592474094
01770.png,forehead,smooth_1_sigma_1.5,0.006688925027038526
01770.png,under-eyes,smooth_1_sigma_1.5,0.005732747482353542
01770.png,left-cheek,smooth_2_sigma_2.5,0.0056248771264982055
01770.png,right-cheek,smooth_2_sigma_2.5,0.00678657210896531
01770.png,bottom-face,smooth_2_sigma_2.5,0.008380719731360054
01770.png,forehead,smooth_2_sigma_2.5,0.006748193469079072
01770.png,under-eyes,smooth_2_sigma_2.5,0.005790296430376493
01788.png,left-cheek,original_roi,0.004134622999316758
01788.png,right-cheek,original_roi,0.004821742567158086
01788.png,bottom-face,original_roi,0.004926611355927129
01788.png,forehead,original_roi,0.00458484061341447
01788.png,under-eyes,original_roi,0.004236185026317952
01788.png,left-cheek,smooth_1_sigma_1.5,0.004369046009271004
01788.png,right-cheek,smooth_1_sigma_1.5,0.005037225590640694
01788.png,bottom-face,smooth_1_sigma_1.5,0.005174165299732524
01788.png,forehead,smooth_1_sigma_1.5,0.004896321155065889
01788.png,under-eyes,smooth_1_sigma_1.5,0.004486187771768042
01788.png,left-cheek,smooth_2_sigma_2.5,0.004403604147758802
01788.png,right-cheek,smooth_2_sigma_2.5,0.005076240136200731
01788.png,bottom-face,smooth_2_sigma_2.5,0.005220930711301272
01788.png,forehead,smooth_2_sigma_2.5,0.004953250450092238
01788.png,under-eyes,smooth_2_sigma_2.5,0.004527510362907907
01799.png,left-cheek,original_roi,0.008810001804050052
01799.png,right-cheek,original_roi,0.005949071424350362
01799.png,bottom-face,original_roi,0.008491173496022953
01799.png,forehead,original_roi,0.0054934476851603
01799.png,under-eyes,original_roi,0.005701741254627768
01799.png,left-cheek,smooth_1_sigma_1.5,0.009529840053444214
01799.png,right-cheek,smooth_1_sigma_1.5,0.006477463054154955
01799.png,bottom-face,smooth_1_sigma_1.5,0.009812662420589624
01799.png,forehead,smooth_1_sigma_1.5,0.006401495769422405
01799.png,under-eyes,smooth_1_sigma_1.5,0.006403317803064626
01799.png,left-cheek,smooth_2_sigma_2.5,0.009631238854741509
01799.png,right-cheek,smooth_2_sigma_2.5,0.006538370250796346
01799.png,bottom-face,smooth_2_sigma_2.5,0.009969393683959797
01799.png,forehead,smooth_2_sigma_2.5,0.0065026247460152516
01799.png,under-eyes,smooth_2_sigma_2.5,0.006520863066614311
01803.png,left-cheek,original_roi,0.00673084351255497
01803.png,right-cheek,original_roi,0.006931708312273639
01803.png,bottom-face,original_roi,0.008203256726779493
01803.png,forehead,original_roi,0.006254546333431651
01803.png,under-eyes,original_roi,0.007169480977420907
01803.png,left-cheek,smooth_1_sigma_1.5,0.007038103247498525
01803.png,right-cheek,smooth_1_sigma_1.5,0.007232823123933066
01803.png,bottom-face,smooth_1_sigma_1.5,0.008624282721775466
01803.png,forehead,smooth_1_sigma_1.5,0.006609002764170265
01803.png,under-eyes,smooth_1_sigma_1.5,0.0075302134963670725
01803.png,left-cheek,smooth_2_sigma_2.5,0.00710868466310992
01803.png,right-cheek,smooth_2_sigma_2.5,0.0073332374410982675
01803.png,bottom-face,smooth_2_sigma_2.5,0.008736014394841835
01803.png,forehead,smooth_2_sigma_2.5,0.006691248826589741
01803.png,under-eyes,smooth_2_sigma_2.5,0.007622512932630467
01805.png,left-cheek,original_roi,0.004184246210225587
01805.png,right-cheek,original_roi,0.0039525628751151095
01805.png,bottom-face,original_roi,0.004378076044850604
01805.png,forehead,original_roi,0.004008825321653756
01805.png,under-eyes,original_roi,0.004100054761969521
01805.png,left-cheek,smooth_1_sigma_1.5,0.004277928680333655
01805.png,right-cheek,smooth_1_sigma_1.5,0.00402246632427573
01805.png,bottom-face,smooth_1_sigma_1.5,0.004472450676461865
01805.png,forehead,smooth_1_sigma_1.5,0.004178919216966515
01805.png,under-eyes,smooth_1_sigma_1.5,0.0042138791605733465
01805.png,left-cheek,smooth_2_sigma_2.5,0.004299780317910043
01805.png,right-cheek,smooth_2_sigma_2.5,0.004039758748935094
01805.png,bottom-face,smooth_2_sigma_2.5,0.004498432979503579
01805.png,forehead,smooth_2_sigma_2.5,0.004231543296903558
01805.png,under-eyes,smooth_2_sigma_2.5,0.00423716338859367
01808.png,left-cheek,original_roi,0.005049405228292665
01808.png,right-cheek,original_roi,0.004885459314138519
01808.png,bottom-face,original_roi,0.006693534808618724
01808.png,forehead,original_roi,0.004708066915141341
01808.png,under-eyes,original_roi,0.004653146608542746
01808.png,left-cheek,smooth_1_sigma_1.5,0.005132038953987333
01808.png,right-cheek,smooth_1_sigma_1.5,0.0049516109818041835
01808.png,bottom-face,smooth_1_sigma_1.5,0.006942456364117925
01808.png,forehead,smooth_1_sigma_1.5,0.004829575502267788
01808.png,under-eyes,smooth_1_sigma_1.5,0.0047543648487501965
01808.png,left-cheek,smooth_2_sigma_2.5,0.005167721058957257
01808.png,right-cheek,smooth_2_sigma_2.5,0.004978552832549491
01808.png,bottom-face,smooth_2_sigma_2.5,0.007033245997028454
01808.png,forehead,smooth_2_sigma_2.5,0.004874942142225165
01808.png,under-eyes,smooth_2_sigma_2.5,0.004792842255098659
01822.png,left-cheek,original_roi,0.004180388123356342
01822.png,right-cheek,original_roi,0.004613215432639333
01822.png,bottom-face,original_roi,0.005228770971991582
01822.png,forehead,original_roi,0.00432731419699695
01822.png,under-eyes,original_roi,0.003921152061591573
01822.png,left-cheek,smooth_1_sigma_1.5,0.0043518339933637995
01822.png,right-cheek,smooth_1_sigma_1.5,0.00476601572473932
01822.png,bottom-face,smooth_1_sigma_1.5,0.0055349241351437236
01822.png,forehead,smooth_1_sigma_1.5,0.004572873378802884
01822.png,under-eyes,smooth_1_sigma_1.5,0.004375414709751968
01822.png,left-cheek,smooth_2_sigma_2.5,0.004388756316717481
01822.png,right-cheek,smooth_2_sigma_2.5,0.004810809452654969
01822.png,bottom-face,smooth_2_sigma_2.5,0.005601721814562336
01822.png,forehead,smooth_2_sigma_2.5,0.004614825382792801
01822.png,under-eyes,smooth_2_sigma_2.5,0.004640656921929296
01827.png,left-cheek,original_roi,0.0037713214488971055
01827.png,right-cheek,original_roi,0.0036991027444725944
01827.png,bottom-face,original_roi,0.004551765891722363
01827.png,forehead,original_roi,0.003768019972587189
01827.png,under-eyes,original_roi,0.0035036779912975048
01827.png,left-cheek,smooth_1_sigma_1.5,0.003832738989558182
01827.png,right-cheek,smooth_1_sigma_1.5,0.003743209910332939
01827.png,bottom-face,smooth_1_sigma_1.5,0.004633008261758843
01827.png,forehead,smooth_1_sigma_1.5,0.003937029335722085
01827.png,under-eyes,smooth_1_sigma_1.5,0.003569945337650537
01827.png,left-cheek,smooth_2_sigma_2.5,0.003846371016829058
01827.png,right-cheek,smooth_2_sigma_2.5,0.003756015947079447
01827.png,bottom-face,smooth_2_sigma_2.5,0.004657553642287147
01827.png,forehead,smooth_2_sigma_2.5,0.003960473959909255
01827.png,under-eyes,smooth_2_sigma_2.5,0.003587024899302366
01828.png,left-cheek,original_roi,0.004441880197050738
01828.png,right-cheek,original_roi,0.003360860283000528
01828.png,bottom-face,original_roi,0.003972951974006236
01828.png,forehead,original_roi,0.00394187641987958
01828.png,under-eyes,original_roi,0.004327448726771559
01828.png,left-cheek,smooth_1_sigma_1.5,0.004611034511567821
01828.png,right-cheek,smooth_1_sigma_1.5,0.0034761000337344564
01828.png,bottom-face,smooth_1_sigma_1.5,0.004081072739153366
01828.png,forehead,smooth_1_sigma_1.5,0.0043006535322982625
01828.png,under-eyes,smooth_1_sigma_1.5,0.004801555087388895
01828.png,left-cheek,smooth_2_sigma_2.5,0.0047102580318339506
01828.png,right-cheek,smooth_2_sigma_2.5,0.003547604947833804
01828.png,bottom-face,smooth_2_sigma_2.5,0.004102506689791103
01828.png,forehead,smooth_2_sigma_2.5,0.0043719586057083155
01828.png,under-eyes,smooth_2_sigma_2.5,0.005136247602641298
01868.png,left-cheek,original_roi,0.004355946609926899
01868.png,right-cheek,original_roi,0.004267953591173898
01868.png,bottom-face,original_roi,0.004640192351748048
01868.png,forehead,original_roi,0.004161972672547033
01868.png,under-eyes,original_roi,0.00421001836506968
01868.png,left-cheek,smooth_1_sigma_1.5,0.004471725229603476
01868.png,right-cheek,smooth_1_sigma_1.5,0.00436584061060697
01868.png,bottom-face,smooth_1_sigma_1.5,0.004712079433542377
01868.png,forehead,smooth_1_sigma_1.5,0.004269814308240279
01868.png,under-eyes,smooth_1_sigma_1.5,0.004491856500470151
01868.png,left-cheek,smooth_2_sigma_2.5,0.004519734034590041
01868.png,right-cheek,smooth_2_sigma_2.5,0.004408504379953658
01868.png,bottom-face,smooth_2_sigma_2.5,0.004737376989217045
01868.png,forehead,smooth_2_sigma_2.5,0.004295936705666993
01868.png,under-eyes,smooth_2_sigma_2.5,0.004622755168622866
01890.png,left-cheek,original_roi,0.005744992833223128
01890.png,right-cheek,original_roi,0.007953042270605946
01890.png,bottom-face,original_roi,0.007865893808033111
01890.png,forehead,original_roi,0.00596136804100096
01890.png,under-eyes,original_roi,0.005982986054581887
01890.png,left-cheek,smooth_1_sigma_1.5,0.006088434729868176
01890.png,right-cheek,smooth_1_sigma_1.5,0.008696216392707845
01890.png,bottom-face,smooth_1_sigma_1.5,0.008693571300325525
01890.png,forehead,smooth_1_sigma_1.5,0.0063617664495579235
01890.png,under-eyes,smooth_1_sigma_1.5,0.00647283948416159
01890.png,left-cheek,smooth_2_sigma_2.5,0.006148566397357184
01890.png,right-cheek,smooth_2_sigma_2.5,0.008843643919479597
01890.png,bottom-face,smooth_2_sigma_2.5,0.008824872685216173
01890.png,forehead,smooth_2_sigma_2.5,0.0064603734646337665
01890.png,under-eyes,smooth_2_sigma_2.5,0.0066065108382000306
01897.png,left-cheek,original_roi,0.005794319506167679
01897.png,right-cheek,original_roi,0.005581418779305448
01897.png,bottom-face,original_roi,0.005805462461732539
01897.png,forehead,original_roi,0.00535830121059754
01897.png,under-eyes,original_roi,0.005580417762636803
01897.png,left-cheek,smooth_1_sigma_1.5,0.006283739123781453
01897.png,right-cheek,smooth_1_sigma_1.5,0.006089140380323632
01897.png,bottom-face,smooth_1_sigma_1.5,0.00685807939387684
01897.png,forehead,smooth_1_sigma_1.5,0.005765332103499625
01897.png,under-eyes,smooth_1_sigma_1.5,0.0060620749698985735
01897.png,left-cheek,smooth_2_sigma_2.5,0.0063482984580738935
01897.png,right-cheek,smooth_2_sigma_2.5,0.006164031572135782
01897.png,bottom-face,smooth_2_sigma_2.5,0.0070944107442824245
01897.png,forehead,smooth_2_sigma_2.5,0.005819965685102654
01897.png,under-eyes,smooth_2_sigma_2.5,0.006145734926265534
01953.png,left-cheek,original_roi,0.005622568803159225
01953.png,right-cheek,original_roi,0.006007321712653232
01953.png,bottom-face,original_roi,0.006621249492285321
01953.png,forehead,original_roi,0.00823821930655877
01953.png,under-eyes,original_roi,0.006150437856707056
01953.png,left-cheek,smooth_1_sigma_1.5,0.0057269998442878245
01953.png,right-cheek,smooth_1_sigma_1.5,0.006119342624318454
01953.png,bottom-face,smooth_1_sigma_1.5,0.0068146838315438895
01953.png,forehead,smooth_1_sigma_1.5,0.009296099127763519
01953.png,under-eyes,smooth_1_sigma_1.5,0.0063774975667805125
01953.png,left-cheek,smooth_2_sigma_2.5,0.005762447467142145
01953.png,right-cheek,smooth_2_sigma_2.5,0.0061564706919270675
01953.png,bottom-face,smooth_2_sigma_2.5,0.0068898825558356275
01953.png,forehead,smooth_2_sigma_2.5,0.009807324350367007
01953.png,under-eyes,smooth_2_sigma_2.5,0.006455505492374712
01966.png,left-cheek,original_roi,0.004220843515958913
01966.png,right-cheek,original_roi,0.0035700747881906177
01966.png,bottom-face,original_roi,0.004260963492904603
01966.png,forehead,original_roi,0.0037836787842992032
01966.png,under-eyes,original_roi,0.003807072805298778
01966.png,left-cheek,smooth_1_sigma_1.5,0.0043404914593683525
01966.png,right-cheek,smooth_1_sigma_1.5,0.0036327637964040462
01966.png,bottom-face,smooth_1_sigma_1.5,0.004379795971477469
01966.png,forehead,smooth_1_sigma_1.5,0.003861671515403884
01966.png,under-eyes,smooth_1_sigma_1.5,0.0038841949984603254
01966.png,left-cheek,smooth_2_sigma_2.5,0.004359231910264284
01966.png,right-cheek,smooth_2_sigma_2.5,0.003645641172825967
01966.png,bottom-face,smooth_2_sigma_2.5,0.004398247215794224
01966.png,forehead,smooth_2_sigma_2.5,0.003876097595479155
01966.png,under-eyes,smooth_2_sigma_2.5,0.003896418883810242
01984.png,left-cheek,original_roi,0.0032573325064688507
01984.png,right-cheek,original_roi,0.0033519177762335317
01984.png,bottom-face,original_roi,0.0034827063496935887
01984.png,forehead,original_roi,0.00354703242795553
01984.png,under-eyes,original_roi,0.0034728977349498236
01984.png,left-cheek,smooth_1_sigma_1.5,0.003288063700185345
01984.png,right-cheek,smooth_1_sigma_1.5,0.0034139122523376766
01984.png,bottom-face,smooth_1_sigma_1.5,0.0035422072594339994
01984.png,forehead,smooth_1_sigma_1.5,0.003704150319803306
01984.png,under-eyes,smooth_1_sigma_1.5,0.0035980245912492093
01984.png,left-cheek,smooth_2_sigma_2.5,0.0032977854084954585
01984.png,right-cheek,smooth_2_sigma_2.5,0.0034254052546628952
01984.png,bottom-face,smooth_2_sigma_2.5,0.0035604548352820473
01984.png,forehead,smooth_2_sigma_2.5,0.003729355530981392
01984.png,under-eyes,smooth_2_sigma_2.5,0.0036181535723504342
01994.png,left-cheek,original_roi,0.014176183658325658
01994.png,right-cheek,original_roi,0.013225260995671667
01994.png,bottom-face,original_roi,0.01557159636313375
01994.png,forehead,original_roi,0.007052711061026106
01994.png,under-eyes,original_roi,0.02284816611951345
01994.png,left-cheek,smooth_1_sigma_1.5,0.01636311379556743
01994.png,right-cheek,smooth_1_sigma_1.5,0.014577756416227772
01994.png,bottom-face,smooth_1_sigma_1.5,0.01754141328292278
01994.png,forehead,smooth_1_sigma_1.5,0.009517473947962289
01994.png,under-eyes,smooth_1_sigma_1.5,0.026906480158443175
01994.png,left-cheek,smooth_2_sigma_2.5,0.017040341779291614
01994.png,right-cheek,smooth_2_sigma_2.5,0.014916906830190587
01994.png,bottom-face,smooth_2_sigma_2.5,0.018123237982851877
01994.png,forehead,smooth_2_sigma_2.5,0.012295769689662344
01994.png,under-eyes,smooth_2_sigma_2.5,0.03050048748521317
02011.png,left-cheek,original_roi,0.007686951379946018
02011.png,right-cheek,original_roi,0.00811442608661199
02011.png,bottom-face,original_roi,0.010443581195319029
02011.png,forehead,original_roi,0.006855995418840097
02011.png,under-eyes,original_roi,0.007487896667345908
02011.png,left-cheek,smooth_1_sigma_1.5,0.008175562568387284
02011.png,right-cheek,smooth_1_sigma_1.5,0.008603660221217876
02011.png,bottom-face,smooth_1_sigma_1.5,0.011390947804128176
02011.png,forehead,smooth_1_sigma_1.5,0.007409290130179406
02011.png,under-eyes,smooth_1_sigma_1.5,0.007981817512026599
02011.png,left-cheek,smooth_2_sigma_2.5,0.008284087903164325
02011.png,right-cheek,smooth_2_sigma_2.5,0.008712418783576025
02011.png,bottom-face,smooth_2_sigma_2.5,0.011653629402902196
02011.png,forehead,smooth_2_sigma_2.5,0.00754915424035646
02011.png,under-eyes,smooth_2_sigma_2.5,0.008118418476295802
02016.png,left-cheek,original_roi,0.00836212801714175
02016.png,right-cheek,original_roi,0.007081445001857808
02016.png,bottom-face,original_roi,0.007917204082977324
02016.png,forehead,original_roi,0.006227234345379075
02016.png,under-eyes,original_roi,0.01488250447257101
02016.png,left-cheek,smooth_1_sigma_1.5,0.010019823479082165
02016.png,right-cheek,smooth_1_sigma_1.5,0.00758027842994151
02016.png,bottom-face,smooth_1_sigma_1.5,0.008288964574719908
02016.png,forehead,smooth_1_sigma_1.5,0.0069640436605654405
02016.png,under-eyes,smooth_1_sigma_1.5,0.016157228065622697
02016.png,left-cheek,smooth_2_sigma_2.5,0.01082726611642852
02016.png,right-cheek,smooth_2_sigma_2.5,0.007820291115843783
02016.png,bottom-face,smooth_2_sigma_2.5,0.008390734547763786
02016.png,forehead,smooth_2_sigma_2.5,0.007239806289150015
02016.png,under-eyes,smooth_2_sigma_2.5,0.01674373602913547
02017.png,left-cheek,original_roi,0.006952273933924848
02017.png,right-cheek,original_roi,0.006858421100548231
02017.png,bottom-face,original_roi,0.007851346851565275
02017.png,forehead,original_roi,0.0042629161729307585
02017.png,under-eyes,original_roi,0.004186627099113913
02017.png,left-cheek,smooth_1_sigma_1.5,0.007096878664252603
02017.png,right-cheek,smooth_1_sigma_1.5,0.007023614551675293
02017.png,bottom-face,smooth_1_sigma_1.5,0.008038378747849313
02017.png,forehead,smooth_1_sigma_1.5,0.004370926104161858
02017.png,under-eyes,smooth_1_sigma_1.5,0.004682542529727195
02017.png,left-cheek,smooth_2_sigma_2.5,0.0071530588013199005
02017.png,right-cheek,smooth_2_sigma_2.5,0.007086881439019684
02017.png,bottom-face,smooth_2_sigma_2.5,0.008110845862422562
02017.png,forehead,smooth_2_sigma_2.5,0.00440338760307144
02017.png,under-eyes,smooth_2_sigma_2.5,0.004996278054545644
02042.png,left-cheek,original_roi,0.004945125681110594
02042.png,right-cheek,original_roi,0.0036959832753316623
02042.png,bottom-face,original_roi,0.004502187863923285
02042.png,forehead,original_roi,0.00585707121565924
02042.png,under-eyes,original_roi,0.004585665193008772
02042.png,left-cheek,smooth_1_sigma_1.5,0.005015667257562481
02042.png,right-cheek,smooth_1_sigma_1.5,0.0038129359394191847
02042.png,bottom-face,smooth_1_sigma_1.5,0.004751426967094241
02042.png,forehead,smooth_1_sigma_1.5,0.005976914627812496
02042.png,under-eyes,smooth_1_sigma_1.5,0.0046843788401615145
02042.png,left-cheek,smooth_2_sigma_2.5,0.005044410815525425
02042.png,right-cheek,smooth_2_sigma_2.5,0.003856266696285503
02042.png,bottom-face,smooth_2_sigma_2.5,0.00482576874984917
02042.png,forehead,smooth_2_sigma_2.5,0.00602406921359521
02042.png,under-eyes,smooth_2_sigma_2.5,0.0047277474241282785
02045.png,left-cheek,original_roi,0.006563301153904638
02045.png,right-cheek,original_roi,0.005092026376270843
02045.png,bottom-face,original_roi,0.005696998550252913
02045.png,forehead,original_roi,0.004313370095583688
02045.png,under-eyes,original_roi,0.004246431116123143
02045.png,left-cheek,smooth_1_sigma_1.5,0.006841355538039649
02045.png,right-cheek,smooth_1_sigma_1.5,0.005550225822373025
02045.png,bottom-face,smooth_1_sigma_1.5,0.006296831400319432
02045.png,forehead,smooth_1_sigma_1.5,0.004703968190793225
02045.png,under-eyes,smooth_1_sigma_1.5,0.005097871144507236
02045.png,left-cheek,smooth_2_sigma_2.5,0.0068550965282246955
02045.png,right-cheek,smooth_2_sigma_2.5,0.005668436242485841
02045.png,bottom-face,smooth_2_sigma_2.5,0.006428338175717407
02045.png,forehead,smooth_2_sigma_2.5,0.004778875844378207
02045.png,under-eyes,smooth_2_sigma_2.5,0.0054848562893503455
03001.png,left-cheek,original_roi,0.0035686899177298087
03001.png,right-cheek,original_roi,0.003657027758724558
03001.png,bottom-face,original_roi,0.0038382508689722866
03001.png,forehead,original_roi,0.003777118796465843
03001.png,under-eyes,original_roi,0.0036991557162924776
03001.png,left-cheek,smooth_1_sigma_1.5,0.0036637270846866534
03001.png,right-cheek,smooth_1_sigma_1.5,0.003760476261268726
03001.png,bottom-face,smooth_1_sigma_1.5,0.0039546762346199995
03001.png,forehead,smooth_1_sigma_1.5,0.0040908824379052595
03001.png,under-eyes,smooth_1_sigma_1.5,0.0037869790224924413
03001.png,left-cheek,smooth_2_sigma_2.5,0.0036852017476546755
03001.png,right-cheek,smooth_2_sigma_2.5,0.0037841879618397646
03001.png,bottom-face,smooth_2_sigma_2.5,0.003982626181830291
03001.png,forehead,smooth_2_sigma_2.5,0.0041955374439553795
03001.png,under-eyes,smooth_2_sigma_2.5,0.0038084296984469664
03006.png,left-cheek,original_roi,0.003630772328015323
03006.png,right-cheek,original_roi,0.003549891779608767
03006.png,bottom-face,original_roi,0.003785118930163447
03006.png,forehead,original_roi,0.003734936263426432
03006.png,under-eyes,original_roi,0.003855334083043723
03006.png,left-cheek,smooth_1_sigma_1.5,0.0036621445128833504
03006.png,right-cheek,smooth_1_sigma_1.5,0.0035813408817187862
03006.png,bottom-face,smooth_1_sigma_1.5,0.003825767066545855
03006.png,forehead,smooth_1_sigma_1.5,0.0038029437093692418
03006.png,under-eyes,smooth_1_sigma_1.5,0.0039103924545762685
03006.png,left-cheek,smooth_2_sigma_2.5,0.003674852348000545
03006.png,right-cheek,smooth_2_sigma_2.5,0.003595212891897407
03006.png,bottom-face,smooth_2_sigma_2.5,0.0038466988438442757
03006.png,forehead,smooth_2_sigma_2.5,0.003823716021864325
03006.png,under-eyes,smooth_2_sigma_2.5,0.0039297186248491815
03012.png,left-cheek,original_roi,0.005378822421505047
03012.png,right-cheek,original_roi,0.007307854027912878
03012.png,bottom-face,original_roi,0.007043061403941091
03012.png,forehead,original_roi,0.0057580915145874646
03012.png,under-eyes,original_roi,0.006449453300986754
03012.png,left-cheek,smooth_1_sigma_1.5,0.005596168782955325
03012.png,right-cheek,smooth_1_sigma_1.5,0.007768403953360579
03012.png,bottom-face,smooth_1_sigma_1.5,0.0074390344918921925
03012.png,forehead,smooth_1_sigma_1.5,0.006044995622509562
03012.png,under-eyes,smooth_1_sigma_1.5,0.006794205910353831
03012.png,left-cheek,smooth_2_sigma_2.5,0.005633522820233418
03012.png,right-cheek,smooth_2_sigma_2.5,0.007840380356577664
03012.png,bottom-face,smooth_2_sigma_2.5,0.0075269008835548165
03012.png,forehead,smooth_2_sigma_2.5,0.006091687585270183
03012.png,under-eyes,smooth_2_sigma_2.5,0.006856856891958463
03013.png,left-cheek,original_roi,0.003866062775265103
03013.png,right-cheek,original_roi,0.0035478841367289076
03013.png,bottom-face,original_roi,0.0034697994168472524
03013.png,forehead,original_roi,0.003524443194805899
03013.png,under-eyes,original_roi,0.0035872530780334828
03013.png,left-cheek,smooth_1_sigma_1.5,0.00406012657716886
03013.png,right-cheek,smooth_1_sigma_1.5,0.003742164579934352
03013.png,bottom-face,smooth_1_sigma_1.5,0.0038424155247635096
03013.png,forehead,smooth_1_sigma_1.5,0.003941527599544546
03013.png,under-eyes,smooth_1_sigma_1.5,0.004057296168098641
03013.png,left-cheek,smooth_2_sigma_2.5,0.00410509827081124
03013.png,right-cheek,smooth_2_sigma_2.5,0.003780291998180153
03013.png,bottom-face,smooth_2_sigma_2.5,0.003920708692392687
03013.png,forehead,smooth_2_sigma_2.5,0.004055048541955794
03013.png,under-eyes,smooth_2_sigma_2.5,0.004282275579449615
03018.png,left-cheek,original_roi,0.005226159086916977
03018.png,right-cheek,original_roi,0.004712157330050501
03018.png,bottom-face,original_roi,0.0064363120509424825
03018.png,forehead,original_roi,0.004771626637926431
03018.png,under-eyes,original_roi,0.004751297417989103
03018.png,left-cheek,smooth_1_sigma_1.5,0.005473571680136973
03018.png,right-cheek,smooth_1_sigma_1.5,0.00494277386835596
03018.png,bottom-face,smooth_1_sigma_1.5,0.007550820771166752
03018.png,forehead,smooth_1_sigma_1.5,0.005083131849856153
03018.png,under-eyes,smooth_1_sigma_1.5,0.0050014932322228235
03018.png,left-cheek,smooth_2_sigma_2.5,0.0055223827424464925
03018.png,right-cheek,smooth_2_sigma_2.5,0.0049841287532925846
03018.png,bottom-face,smooth_2_sigma_2.5,0.007846743295019156
03018.png,forehead,smooth_2_sigma_2.5,0.005164926338148304
03018.png,under-eyes,smooth_2_sigma_2.5,0.00505421432901835
03020.png,left-cheek,original_roi,0.004315895908053425
03020.png,right-cheek,original_roi,0.004424984915260538
03020.png,bottom-face,original_roi,0.004304815413266915
03020.png,forehead,original_roi,0.00475954700240128
03020.png,under-eyes,original_roi,0.0042857294345924075
03020.png,left-cheek,smooth_1_sigma_1.5,0.004409179375829213
03020.png,right-cheek,smooth_1_sigma_1.5,0.004516109860657417
03020.png,bottom-face,smooth_1_sigma_1.5,0.004569611885941502
03020.png,forehead,smooth_1_sigma_1.5,0.004938446205752706
03020.png,under-eyes,smooth_1_sigma_1.5,0.004409443319061345
03020.png,left-cheek,smooth_2_sigma_2.5,0.004431226284198431
03020.png,right-cheek,smooth_2_sigma_2.5,0.004540426535638545
03020.png,bottom-face,smooth_2_sigma_2.5,0.004627307177386503
03020.png,forehead,smooth_2_sigma_2.5,0.00502626984144132
03020.png,under-eyes,smooth_2_sigma_2.5,0.004443143448480904
03025.png,left-cheek,original_roi,0.006438371321622039
03025.png,right-cheek,original_roi,0.005926917431666758
03025.png,bottom-face,original_roi,0.006337100152051429
03025.png,forehead,original_roi,0.00527330138566231
03025.png,under-eyes,original_roi,0.005506355995774912
03025.png,left-cheek,smooth_1_sigma_1.5,0.006800696490340915
03025.png,right-cheek,smooth_1_sigma_1.5,0.006032680581534636
03025.png,bottom-face,smooth_1_sigma_1.5,0.006464320287707675
03025.png,forehead,smooth_1_sigma_1.5,0.005373889797393529
03025.png,under-eyes,smooth_1_sigma_1.5,0.005670625288328842
03025.png,left-cheek,smooth_2_sigma_2.5,0.007052409443266275
03025.png,right-cheek,smooth_2_sigma_2.5,0.006069987327084643
03025.png,bottom-face,smooth_2_sigma_2.5,0.006503788646326225
03025.png,forehead,smooth_2_sigma_2.5,0.005409529209301169
03025.png,under-eyes,smooth_2_sigma_2.5,0.005764854986329917
03027.png,left-cheek,original_roi,0.004411940679115308
03027.png,right-cheek,original_roi,0.004337609289399393
03027.png,bottom-face,original_roi,0.004888734944140298
03027.png,forehead,original_roi,0.004419509302338537
03027.png,under-eyes,original_roi,0.005227616457742847
03027.png,left-cheek,smooth_1_sigma_1.5,0.004457465736516822
03027.png,right-cheek,smooth_1_sigma_1.5,0.004390409375027324
03027.png,bottom-face,smooth_1_sigma_1.5,0.00497027528650944
03027.png,forehead,smooth_1_sigma_1.5,0.004479162648578622
03027.png,under-eyes,smooth_1_sigma_1.5,0.0053603405940014425
03027.png,left-cheek,smooth_2_sigma_2.5,0.004476910640647831
03027.png,right-cheek,smooth_2_sigma_2.5,0.004411291217652745
03027.png,bottom-face,smooth_2_sigma_2.5,0.005014043198728133
03027.png,forehead,smooth_2_sigma_2.5,0.004505008684834418
03027.png,under-eyes,smooth_2_sigma_2.5,0.005404535848671646
03029.png,left-cheek,original_roi,0.004188089244113589
03029.png,right-cheek,original_roi,0.00383068272467947
03029.png,bottom-face,original_roi,0.004055940419169144
03029.png,forehead,original_roi,0.0038521507895789378
03029.png,under-eyes,original_roi,0.0036210246767463946
03029.png,left-cheek,smooth_1_sigma_1.5,0.004319115630989162
03029.png,right-cheek,smooth_1_sigma_1.5,0.00390990243381136
03029.png,bottom-face,smooth_1_sigma_1.5,0.004157565297984699
03029.png,forehead,smooth_1_sigma_1.5,0.003938780375291487
03029.png,under-eyes,smooth_1_sigma_1.5,0.0036854734982359385
03029.png,left-cheek,smooth_2_sigma_2.5,0.004334870754245905
03029.png,right-cheek,smooth_2_sigma_2.5,0.00392329871063796
03029.png,bottom-face,smooth_2_sigma_2.5,0.004175473133924668
03029.png,forehead,smooth_2_sigma_2.5,0.003960240688683453
03029.png,under-eyes,smooth_2_sigma_2.5,0.0037005789478468526
03033.png,left-cheek,original_roi,0.005715818621629534
03033.png,right-cheek,original_roi,0.004855579934804545
03033.png,bottom-face,original_roi,0.0049909137445604355
03033.png,forehead,original_roi,0.020136463380661874
03033.png,under-eyes,original_roi,0.006168747714610797
03033.png,left-cheek,smooth_1_sigma_1.5,0.005884340257849656
03033.png,right-cheek,smooth_1_sigma_1.5,0.005020766715486832
03033.png,bottom-face,smooth_1_sigma_1.5,0.005162792144904483
03033.png,forehead,smooth_1_sigma_1.5,0.021785433093651465
03033.png,under-eyes,smooth_1_sigma_1.5,0.006637828137622349
03033.png,left-cheek,smooth_2_sigma_2.5,0.0059238784394412105
03033.png,right-cheek,smooth_2_sigma_2.5,0.005058580935757246
03033.png,bottom-face,smooth_2_sigma_2.5,0.005202105652050526
03033.png,forehead,smooth_2_sigma_2.5,0.022207144830845304
03033.png,under-eyes,smooth_2_sigma_2.5,0.006804865412965469
03034.png,left-cheek,original_roi,0.006734605789343762
03034.png,right-cheek,original_roi,0.005323529204955158
03034.png,bottom-face,original_roi,0.004483060318002897
03034.png,forehead,original_roi,0.0038666785479592783
03034.png,under-eyes,original_roi,0.0043457841101888954
03034.png,left-cheek,smooth_1_sigma_1.5,0.007198509562056134
03034.png,right-cheek,smooth_1_sigma_1.5,0.005792934912215484
03034.png,bottom-face,smooth_1_sigma_1.5,0.005390294238484829
03034.png,forehead,smooth_1_sigma_1.5,0.003979067349851916
03034.png,under-eyes,smooth_1_sigma_1.5,0.0048669113195739236
03034.png,left-cheek,smooth_2_sigma_2.5,0.007298997602065874
03034.png,right-cheek,smooth_2_sigma_2.5,0.0059531561248840695
03034.png,bottom-face,smooth_2_sigma_2.5,0.005674388021393598
03034.png,forehead,smooth_2_sigma_2.5,0.004005431280565241
03034.png,under-eyes,smooth_2_sigma_2.5,0.005235279369059206
03035.png,left-cheek,original_roi,0.005867139671379838
03035.png,right-cheek,original_roi,0.005052561502768143
03035.png,bottom-face,original_roi,0.0062399286534769
03035.png,forehead,original_roi,0.005160757536224539
03035.png,under-eyes,original_roi,0.005221699923529676
03035.png,left-cheek,smooth_1_sigma_1.5,0.006152228339548576
03035.png,right-cheek,smooth_1_sigma_1.5,0.005213393926967667
03035.png,bottom-face,smooth_1_sigma_1.5,0.006590346686747845
03035.png,forehead,smooth_1_sigma_1.5,0.005416969069045708
03035.png,under-eyes,smooth_1_sigma_1.5,0.0054360907186728
03035.png,left-cheek,smooth_2_sigma_2.5,0.006210457226401727
03035.png,right-cheek,smooth_2_sigma_2.5,0.0052505186251377055
03035.png,bottom-face,smooth_2_sigma_2.5,0.006669591899211058
03035.png,forehead,smooth_2_sigma_2.5,0.005514321776008646
03035.png,under-eyes,smooth_2_sigma_2.5,0.005497818157494835
03036.png,left-cheek,original_roi,0.004150274107220618
03036.png,right-cheek,original_roi,0.004594032051918675
03036.png,bottom-face,original_roi,0.005044790305359592
03036.png,forehead,original_roi,0.004352269228654317
03036.png,under-eyes,original_roi,0.004297457435088946
03036.png,left-cheek,smooth_1_sigma_1.5,0.0042929277846680694
03036.png,right-cheek,smooth_1_sigma_1.5,0.0047975366514913815
03036.png,bottom-face,smooth_1_sigma_1.5,0.005278880868858534
03036.png,forehead,smooth_1_sigma_1.5,0.004519180531159125
03036.png,under-eyes,smooth_1_sigma_1.5,0.004506686359852612
03036.png,left-cheek,smooth_2_sigma_2.5,0.00431452905983507
03036.png,right-cheek,smooth_2_sigma_2.5,0.0048256613318463735
03036.png,bottom-face,smooth_2_sigma_2.5,0.005317702250928487
03036.png,forehead,smooth_2_sigma_2.5,0.00454552689235937
03036.png,under-eyes,smooth_2_sigma_2.5,0.004552205322274213
03039.png,left-cheek,original_roi,0.004157905438005562
03039.png,right-cheek,original_roi,0.0046510295483152796
03039.png,bottom-face,original_roi,0.004704198301023255
03039.png,forehead,original_roi,0.005282919311498337
03039.png,under-eyes,original_roi,0.004842457436683512
03039.png,left-cheek,smooth_1_sigma_1.5,0.004252133991774686
03039.png,right-cheek,smooth_1_sigma_1.5,0.004815136395697348
03039.png,bottom-face,smooth_1_sigma_1.5,0.005326017779401931
03039.png,forehead,smooth_1_sigma_1.5,0.0054963063737292666
03039.png,under-eyes,smooth_1_sigma_1.5,0.004945357153997412
03039.png,left-cheek,smooth_2_sigma_2.5,0.0042853075145969505
03039.png,right-cheek,smooth_2_sigma_2.5,0.004881895368445189
03039.png,bottom-face,smooth_2_sigma_2.5,0.005553893565301373
03039.png,forehead,smooth_2_sigma_2.5,0.005577695166317302
03039.png,under-eyes,smooth_2_sigma_2.5,0.004977013987837424
03044.png,left-cheek,original_roi,0.004178627402934368
03044.png,right-cheek,original_roi,0.004560405589819592
03044.png,bottom-face,original_roi,0.004464375759789612
03044.png,forehead,original_roi,0.004342201196476492
03044.png,under-eyes,original_roi,0.004436020935384386
03044.png,left-cheek,smooth_1_sigma_1.5,0.004302828896227572
03044.png,right-cheek,smooth_1_sigma_1.5,0.004744811392119858
03044.png,bottom-face,smooth_1_sigma_1.5,0.004571778190101427
03044.png,forehead,smooth_1_sigma_1.5,0.00454805777331459
03044.png,under-eyes,smooth_1_sigma_1.5,0.004821403617366145
03044.png,left-cheek,smooth_2_sigma_2.5,0.004322080280679416
03044.png,right-cheek,smooth_2_sigma_2.5,0.004772476352372642
03044.png,bottom-face,smooth_2_sigma_2.5,0.004594364357029577
03044.png,forehead,smooth_2_sigma_2.5,0.0045797882858477365
03044.png,under-eyes,smooth_2_sigma_2.5,0.004899808849635703
03049.png,left-cheek,original_roi,0.005247724423682412
03049.png,right-cheek,original_roi,0.005042275235334866
03049.png,bottom-face,original_roi,0.00490959465824437
03049.png,forehead,original_roi,0.004784319134147449
03049.png,under-eyes,original_roi,0.005047692981098802
03049.png,left-cheek,smooth_1_sigma_1.5,0.005427282622229049
03049.png,right-cheek,smooth_1_sigma_1.5,0.005201760321985023
03049.png,bottom-face,smooth_1_sigma_1.5,0.005049913108509697
03049.png,forehead,smooth_1_sigma_1.5,0.005038792950328971
03049.png,under-eyes,smooth_1_sigma_1.5,0.005320270496789966
03049.png,left-cheek,smooth_2_sigma_2.5,0.005459390728566745
03049.png,right-cheek,smooth_2_sigma_2.5,0.005227687777342606
03049.png,bottom-face,smooth_2_sigma_2.5,0.005080107310106359
03049.png,forehead,smooth_2_sigma_2.5,0.005093872528551408
03049.png,under-eyes,smooth_2_sigma_2.5,0.0054324032607511305
03053.png,left-cheek,original_roi,0.0036383643851255107
03053.png,right-cheek,original_roi,0.0036376955731964433
03053.png,bottom-face,original_roi,0.0038626952940197176
03053.png,forehead,original_roi,0.0041700103868483815
03053.png,under-eyes,original_roi,0.0034732347903236997
03053.png,left-cheek,smooth_1_sigma_1.5,0.0036730718035930207
03053.png,right-cheek,smooth_1_sigma_1.5,0.00368038810472041
03053.png,bottom-face,smooth_1_sigma_1.5,0.003947498443126376
03053.png,forehead,smooth_1_sigma_1.5,0.004392123604492096
03053.png,under-eyes,smooth_1_sigma_1.5,0.003548767586313557
03053.png,left-cheek,smooth_2_sigma_2.5,0.0036868993930431293
03053.png,right-cheek,smooth_2_sigma_2.5,0.003695688148539542
03053.png,bottom-face,smooth_2_sigma_2.5,0.003986855040734794
03053.png,forehead,smooth_2_sigma_2.5,0.004447832750755162
03053.png,under-eyes,smooth_2_sigma_2.5,0.003575620816327085
03055.png,left-cheek,original_roi,0.0041796567023811015
03055.png,right-cheek,original_roi,0.003783951283994498
03055.png,bottom-face,original_roi,0.004292260914100904
03055.png,forehead,original_roi,0.0037713839866708484
03055.png,under-eyes,original_roi,0.0037051215384268314
03055.png,left-cheek,smooth_1_sigma_1.5,0.004269246748051371
03055.png,right-cheek,smooth_1_sigma_1.5,0.003855807096409969
03055.png,bottom-face,smooth_1_sigma_1.5,0.0044132900232545695
03055.png,forehead,smooth_1_sigma_1.5,0.0039076077616514516
03055.png,under-eyes,smooth_1_sigma_1.5,0.00379886860919209
03055.png,left-cheek,smooth_2_sigma_2.5,0.004294486515797723
03055.png,right-cheek,smooth_2_sigma_2.5,0.0038809215343258018
03055.png,bottom-face,smooth_2_sigma_2.5,0.004442854230704489
03055.png,forehead,smooth_2_sigma_2.5,0.00394281865555516
03055.png,under-eyes,smooth_2_sigma_2.5,0.0038276123539481657
03057.png,left-cheek,original_roi,0.005516299319947197
03057.png,right-cheek,original_roi,0.0049891321050241294
03057.png,bottom-face,original_roi,0.0058898574591539484
03057.png,forehead,original_roi,0.0051565027900915845
03057.png,under-eyes,original_roi,0.005096105040292519
03057.png,left-cheek,smooth_1_sigma_1.5,0.005603579678126992
03057.png,right-cheek,smooth_1_sigma_1.5,0.005107156492678095
03057.png,bottom-face,smooth_1_sigma_1.5,0.0060403340440513134
03057.png,forehead,smooth_1_sigma_1.5,0.0053481164790223756
03057.png,under-eyes,smooth_1_sigma_1.5,0.005503640505856919
03057.png,left-cheek,smooth_2_sigma_2.5,0.005646860413866787
03057.png,right-cheek,smooth_2_sigma_2.5,0.005146414989516237
03057.png,bottom-face,smooth_2_sigma_2.5,0.006098897586233914
03057.png,forehead,smooth_2_sigma_2.5,0.005392307611253898
03057.png,under-eyes,smooth_2_sigma_2.5,0.00578944175436004
03058.png,left-cheek,original_roi,0.004394218854980785
03058.png,right-cheek,original_roi,0.00460246125474858
03058.png,bottom-face,original_roi,0.004840381534381318
03058.png,forehead,original_roi,0.0053179459176256475
03058.png,under-eyes,original_roi,0.004659895087744442
03058.png,left-cheek,smooth_1_sigma_1.5,0.004519268042491608
03058.png,right-cheek,smooth_1_sigma_1.5,0.004720530890500675
03058.png,bottom-face,smooth_1_sigma_1.5,0.0051987160300414675
03058.png,forehead,smooth_1_sigma_1.5,0.005658828687097802
03058.png,under-eyes,smooth_1_sigma_1.5,0.004780322834565826
03058.png,left-cheek,smooth_2_sigma_2.5,0.004546747612326842
03058.png,right-cheek,smooth_2_sigma_2.5,0.004749134858719091
03058.png,bottom-face,smooth_2_sigma_2.5,0.005260110019667993
03058.png,forehead,smooth_2_sigma_2.5,0.005760888552625476
03058.png,under-eyes,smooth_2_sigma_2.5,0.0048067398085526744
03059.png,left-cheek,original_roi,0.004711466179490692
03059.png,right-cheek,original_roi,0.0035403584709008916
03059.png,bottom-face,original_roi,0.00446932487133156
03059.png,forehead,original_roi,0.003930917341212333
03059.png,under-eyes,original_roi,0.004239786444759322
03059.png,left-cheek,smooth_1_sigma_1.5,0.004838310988691464
03059.png,right-cheek,smooth_1_sigma_1.5,0.0035827145336586493
03059.png,bottom-face,smooth_1_sigma_1.5,0.004728805010613245
03059.png,forehead,smooth_1_sigma_1.5,0.004008645773740081
03059.png,under-eyes,smooth_1_sigma_1.5,0.004307178428292476
03059.png,left-cheek,smooth_2_sigma_2.5,0.004878523204426094
03059.png,right-cheek,smooth_2_sigma_2.5,0.0035981320206009164
03059.png,bottom-face,smooth_2_sigma_2.5,0.004799318410701714
03059.png,forehead,smooth_2_sigma_2.5,0.00403544007008068
03059.png,under-eyes,smooth_2_sigma_2.5,0.004329983592033037
03062.png,left-cheek,original_roi,0.0037518186369577084
03062.png,right-cheek,original_roi,0.005619104576156195
03062.png,bottom-face,original_roi,0.004507243076729501
03062.png,forehead,original_roi,0.004616574396537816
03062.png,under-eyes,original_roi,0.006160625518852606
03062.png,left-cheek,smooth_1_sigma_1.5,0.0038448840993161996
03062.png,right-cheek,smooth_1_sigma_1.5,0.005838707568768301
03062.png,bottom-face,smooth_1_sigma_1.5,0.004622647942309744
03062.png,forehead,smooth_1_sigma_1.5,0.004846650088680971
03062.png,under-eyes,smooth_1_sigma_1.5,0.006750708722744128
03062.png,left-cheek,smooth_2_sigma_2.5,0.0038654799745700633
03062.png,right-cheek,smooth_2_sigma_2.5,0.005890952875185321
03062.png,bottom-face,smooth_2_sigma_2.5,0.004651636916767392
03062.png,forehead,smooth_2_sigma_2.5,0.004894593946854916
03062.png,under-eyes,smooth_2_sigma_2.5,0.006964032779986335
03063.png,left-cheek,original_roi,0.004815922688479876
03063.png,right-cheek,original_roi,0.005056398823148558
03063.png,bottom-face,original_roi,0.005157603525711437
03063.png,forehead,original_roi,0.004958633007417994
03063.png,under-eyes,original_roi,0.004436947019968627
03063.png,left-cheek,smooth_1_sigma_1.5,0.00496392072876938
03063.png,right-cheek,smooth_1_sigma_1.5,0.005174539836212702
03063.png,bottom-face,smooth_1_sigma_1.5,0.005282757429334521
03063.png,forehead,smooth_1_sigma_1.5,0.005185232727921016
03063.png,under-eyes,smooth_1_sigma_1.5,0.004693528129742659
03063.png,left-cheek,smooth_2_sigma_2.5,0.0050267489321235296
03063.png,right-cheek,smooth_2_sigma_2.5,0.005203940535948452
03063.png,bottom-face,smooth_2_sigma_2.5,0.005311828180481603
03063.png,forehead,smooth_2_sigma_2.5,0.005282983743745633
03063.png,under-eyes,smooth_2_sigma_2.5,0.004796153257998713
03065.png,left-cheek,original_roi,0.006566083746203458
03065.png,right-cheek,original_roi,0.004897295522005657
03065.png,bottom-face,original_roi,0.005120888347856448
03065.png,forehead,original_roi,0.005341030406653339
03065.png,under-eyes,original_roi,0.005852652435517389
03065.png,left-cheek,smooth_1_sigma_1.5,0.006696727375375695
03065.png,right-cheek,smooth_1_sigma_1.5,0.004981047372120171
03065.png,bottom-face,smooth_1_sigma_1.5,0.005201682692581068
03065.png,forehead,smooth_1_sigma_1.5,0.005467275503648454
03065.png,under-eyes,smooth_1_sigma_1.5,0.0060151639006619465
03065.png,left-cheek,smooth_2_sigma_2.5,0.006734153330743532
03065.png,right-cheek,smooth_2_sigma_2.5,0.00500610388294557
03065.png,bottom-face,smooth_2_sigma_2.5,0.005227700492712264
03065.png,forehead,smooth_2_sigma_2.5,0.005499116156536013
03065.png,under-eyes,smooth_2_sigma_2.5,0.006055080103527927
03068.png,left-cheek,original_roi,0.005720520150008717
03068.png,right-cheek,original_roi,0.006145567936031929
03068.png,bottom-face,original_roi,0.00654898767077699
03068.png,forehead,original_roi,0.005547038428387639
03068.png,under-eyes,original_roi,0.0070630014548593726
03068.png,left-cheek,smooth_1_sigma_1.5,0.005940548547304951
03068.png,right-cheek,smooth_1_sigma_1.5,0.006361564240555951
03068.png,bottom-face,smooth_1_sigma_1.5,0.006799390233249631
03068.png,forehead,smooth_1_sigma_1.5,0.005841865548364865
03068.png,under-eyes,smooth_1_sigma_1.5,0.00769947759177885
03068.png,left-cheek,smooth_2_sigma_2.5,0.0059871945902020655
03068.png,right-cheek,smooth_2_sigma_2.5,0.006409570868514584
03068.png,bottom-face,smooth_2_sigma_2.5,0.006850346040630097
03068.png,forehead,smooth_2_sigma_2.5,0.005924174437548969
03068.png,under-eyes,smooth_2_sigma_2.5,0.008066158459744328
03069.png,left-cheek,original_roi,0.011642835144101565
03069.png,right-cheek,original_roi,0.01282043773712652
03069.png,bottom-face,original_roi,0.013219137674960918
03069.png,forehead,original_roi,0.01626032914491049
03069.png,under-eyes,original_roi,0.011541352467130896
03069.png,left-cheek,smooth_1_sigma_1.5,0.012569456798719588
03069.png,right-cheek,smooth_1_sigma_1.5,0.01387819850388312
03069.png,bottom-face,smooth_1_sigma_1.5,0.01571416152156968
03069.png,forehead,smooth_1_sigma_1.5,0.017758364389430528
03069.png,under-eyes,smooth_1_sigma_1.5,0.012448850146044495
03069.png,left-cheek,smooth_2_sigma_2.5,0.012747152727559701
03069.png,right-cheek,smooth_2_sigma_2.5,0.014074979042880223
03069.png,bottom-face,smooth_2_sigma_2.5,0.016156099940068256
03069.png,forehead,smooth_2_sigma_2.5,0.018190423962006697
03069.png,under-eyes,smooth_2_sigma_2.5,0.012685039890409682
03071.png,left-cheek,original_roi,0.0035972322383122585
03071.png,right-cheek,original_roi,0.003508807441270079
03071.png,bottom-face,original_roi,0.0038184795582162016
03071.png,forehead,original_roi,0.0031957901501740763
03071.png,under-eyes,original_roi,0.0036012468574036
03071.png,left-cheek,smooth_1_sigma_1.5,0.003634132771078606
03071.png,right-cheek,smooth_1_sigma_1.5,0.003553192615959245
03071.png,bottom-face,smooth_1_sigma_1.5,0.003884754992203524
03071.png,forehead,smooth_1_sigma_1.5,0.003261523003319866
03071.png,under-eyes,smooth_1_sigma_1.5,0.003659033432192716
03071.png,left-cheek,smooth_2_sigma_2.5,0.003648600051489115
03071.png,right-cheek,smooth_2_sigma_2.5,0.0035659074403424362
03071.png,bottom-face,smooth_2_sigma_2.5,0.0039040276469267427
03071.png,forehead,smooth_2_sigma_2.5,0.0032785460652672996
03071.png,under-eyes,smooth_2_sigma_2.5,0.003674209948071934
03073.png,left-cheek,original_roi,0.005014850078065537
03073.png,right-cheek,original_roi,0.004676981220790332
03073.png,bottom-face,original_roi,0.009613487516445803
03073.png,forehead,original_roi,0.004916342527276198
03073.png,under-eyes,original_roi,0.004895868388276294
03073.png,left-cheek,smooth_1_sigma_1.5,0.00543471865276305
03073.png,right-cheek,smooth_1_sigma_1.5,0.005091719748185922
03073.png,bottom-face,smooth_1_sigma_1.5,0.01731624701157957
03073.png,forehead,smooth_1_sigma_1.5,0.005275386157980249
03073.png,under-eyes,smooth_1_sigma_1.5,0.005163595851495977
03073.png,left-cheek,smooth_2_sigma_2.5,0.005505849640350402
03073.png,right-cheek,smooth_2_sigma_2.5,0.005175600493035848
03073.png,bottom-face,smooth_2_sigma_2.5,0.022488892765329345
03073.png,forehead,smooth_2_sigma_2.5,0.005346826971405352
03073.png,under-eyes,smooth_2_sigma_2.5,0.005222263658502068
03076.png,left-cheek,original_roi,0.004733675539951796
03076.png,right-cheek,original_roi,0.004393693777968616
03076.png,bottom-face,original_roi,0.005291382772302551
03076.png,forehead,original_roi,0.004024998252553804
03076.png,under-eyes,original_roi,0.004321738355551139
03076.png,left-cheek,smooth_1_sigma_1.5,0.004905789001706301
03076.png,right-cheek,smooth_1_sigma_1.5,0.004516673074164838
03076.png,bottom-face,smooth_1_sigma_1.5,0.005534140766687503
03076.png,forehead,smooth_1_sigma_1.5,0.00412260418742051
03076.png,under-eyes,smooth_1_sigma_1.5,0.0044563605021467655
03076.png,left-cheek,smooth_2_sigma_2.5,0.004930744388367431
03076.png,right-cheek,smooth_2_sigma_2.5,0.004539613151730018
03076.png,bottom-face,smooth_2_sigma_2.5,0.005572346302022015
03076.png,forehead,smooth_2_sigma_2.5,0.004144893700392534
03076.png,under-eyes,smooth_2_sigma_2.5,0.00448715568022706
03077.png,left-cheek,original_roi,0.0040725954462221756
03077.png,right-cheek,original_roi,0.003379609092109441
03077.png,bottom-face,original_roi,0.00441558423018975
03077.png,forehead,original_roi,0.0033353247558793983
03077.png,under-eyes,original_roi,0.003452164901220811
03077.png,left-cheek,smooth_1_sigma_1.5,0.004171665626317329
03077.png,right-cheek,smooth_1_sigma_1.5,0.0034280445866518875
03077.png,bottom-face,smooth_1_sigma_1.5,0.004535707085040331
03077.png,forehead,smooth_1_sigma_1.5,0.003382317034709041
03077.png,under-eyes,smooth_1_sigma_1.5,0.003545016897990737
03077.png,left-cheek,smooth_2_sigma_2.5,0.004197604887345682
03077.png,right-cheek,smooth_2_sigma_2.5,0.0034425982734818555
03077.png,bottom-face,smooth_2_sigma_2.5,0.004571880537844504
03077.png,forehead,smooth_2_sigma_2.5,0.0033970278594716544
03077.png,under-eyes,smooth_2_sigma_2.5,0.00358724560271604
03078.png,left-cheek,original_roi,0.0034537469507905714
03078.png,right-cheek,original_roi,0.003441024360808122
03078.png,bottom-face,original_roi,0.003609407710037932
03078.png,forehead,original_roi,0.0038720121582930603
03078.png,under-eyes,original_roi,0.003664303982184212
03078.png,left-cheek,smooth_1_sigma_1.5,0.0036429155326076655
03078.png,right-cheek,smooth_1_sigma_1.5,0.003615700837168727
03078.png,bottom-face,smooth_1_sigma_1.5,0.004035567735728012
03078.png,forehead,smooth_1_sigma_1.5,0.003991065916640827
03078.png,under-eyes,smooth_1_sigma_1.5,0.0038746591679863058
03078.png,left-cheek,smooth_2_sigma_2.5,0.003707038614932837
03078.png,right-cheek,smooth_2_sigma_2.5,0.0036834636972374038
03078.png,bottom-face,smooth_2_sigma_2.5,0.004152937858863316
03078.png,forehead,smooth_2_sigma_2.5,0.004021042559750284
03078.png,under-eyes,smooth_2_sigma_2.5,0.0039502750088037586
03080.png,left-cheek,original_roi,0.00430152173485696
03080.png,right-cheek,original_roi,0.004911294400562517
03080.png,bottom-face,original_roi,0.005380079202058219
03080.png,forehead,original_roi,0.0048932795450390915
03080.png,under-eyes,original_roi,0.004691954964649431
03080.png,left-cheek,smooth_1_sigma_1.5,0.004746078297844829
03080.png,right-cheek,smooth_1_sigma_1.5,0.005173997580681352
03080.png,bottom-face,smooth_1_sigma_1.5,0.00568492467405072
03080.png,forehead,smooth_1_sigma_1.5,0.005264716715595319
03080.png,under-eyes,smooth_1_sigma_1.5,0.005018788202150316
03080.png,left-cheek,smooth_2_sigma_2.5,0.004909580270997558
03080.png,right-cheek,smooth_2_sigma_2.5,0.005210475965301555
03080.png,bottom-face,smooth_2_sigma_2.5,0.005731346484115733
03080.png,forehead,smooth_2_sigma_2.5,0.005327078030759588
03080.png,under-eyes,smooth_2_sigma_2.5,0.005080538052510856
03082.png,left-cheek,original_roi,0.00827474646260598
03082.png,right-cheek,original_roi,0.005022684530748502
03082.png,bottom-face,original_roi,0.00764913436092996
03082.png,forehead,original_roi,0.005963107220753954
03082.png,under-eyes,original_roi,0.006015834997072592
03082.png,left-cheek,smooth_1_sigma_1.5,0.008674737484324143
03082.png,right-cheek,smooth_1_sigma_1.5,0.005171992687618474
03082.png,bottom-face,smooth_1_sigma_1.5,0.010032675711677827
03082.png,forehead,smooth_1_sigma_1.5,0.006236132960258419
03082.png,under-eyes,smooth_1_sigma_1.5,0.007092864551582777
03082.png,left-cheek,smooth_2_sigma_2.5,0.008813391378063886
03082.png,right-cheek,smooth_2_sigma_2.5,0.005218782805321665
03082.png,bottom-face,smooth_2_sigma_2.5,0.011153472279720852
03082.png,forehead,smooth_2_sigma_2.5,0.006401667533975819
03082.png,under-eyes,smooth_2_sigma_2.5,0.00829690850951948
03084.png,left-cheek,original_roi,0.00494983801318575
03084.png,right-cheek,original_roi,0.00515744177443706
03084.png,bottom-face,original_roi,0.0054687020747058255
03084.png,forehead,original_roi,0.004696405293771622
03084.png,under-eyes,original_roi,0.005585591775272362
03084.png,left-cheek,smooth_1_sigma_1.5,0.005018285656296053
03084.png,right-cheek,smooth_1_sigma_1.5,0.005240998085336884
03084.png,bottom-face,smooth_1_sigma_1.5,0.005548104044329398
03084.png,forehead,smooth_1_sigma_1.5,0.004784066560326195
03084.png,under-eyes,smooth_1_sigma_1.5,0.0058377848424267876
03084.png,left-cheek,smooth_2_sigma_2.5,0.005038884145137866
03084.png,right-cheek,smooth_2_sigma_2.5,0.005265401279661393
03084.png,bottom-face,smooth_2_sigma_2.5,0.0055760761771391455
03084.png,forehead,smooth_2_sigma_2.5,0.004811751793880544
03084.png,under-eyes,smooth_2_sigma_2.5,0.005929326487848578
03088.png,left-cheek,original_roi,0.0039912564741262325
03088.png,right-cheek,original_roi,0.004000202379928832
03088.png,bottom-face,original_roi,0.0042788531279999405
03088.png,forehead,original_roi,0.0035482491307707335
03088.png,under-eyes,original_roi,0.003865618207335445
03088.png,left-cheek,smooth_1_sigma_1.5,0.004081050228254966
03088.png,right-cheek,smooth_1_sigma_1.5,0.004107741696832006
03088.png,bottom-face,smooth_1_sigma_1.5,0.004429608731596526
03088.png,forehead,smooth_1_sigma_1.5,0.0036605325074360196
03088.png,under-eyes,smooth_1_sigma_1.5,0.003966978881500726
03088.png,left-cheek,smooth_2_sigma_2.5,0.004109074269766444
03088.png,right-cheek,smooth_2_sigma_2.5,0.004139405662248356
03088.png,bottom-face,smooth_2_sigma_2.5,0.004480328266287859
03088.png,forehead,smooth_2_sigma_2.5,0.0036887721257946415
03088.png,under-eyes,smooth_2_sigma_2.5,0.003993506208811523
03099.png,left-cheek,original_roi,0.004254762472833982
03099.png,right-cheek,original_roi,0.004402458313247743
03099.png,bottom-face,original_roi,0.004809059778882433
03099.png,forehead,original_roi,0.005448553311683611
03099.png,under-eyes,original_roi,0.0038722680368619995
03099.png,left-cheek,smooth_1_sigma_1.5,0.0043338899178048795
03099.png,right-cheek,smooth_1_sigma_1.5,0.00452536721965097
03099.png,bottom-face,smooth_1_sigma_1.5,0.004963971105305987
03099.png,forehead,smooth_1_sigma_1.5,0.005602859166642653
03099.png,under-eyes,smooth_1_sigma_1.5,0.004009008819093168
03099.png,left-cheek,smooth_2_sigma_2.5,0.0043563697728421485
03099.png,right-cheek,smooth_2_sigma_2.5,0.004563312654539053
03099.png,bottom-face,smooth_2_sigma_2.5,0.005021288014743985
03099.png,forehead,smooth_2_sigma_2.5,0.005656355984740595
03099.png,under-eyes,smooth_2_sigma_2.5,0.004057417562710337
03102.png,left-cheek,original_roi,0.005208657608998175
03102.png,right-cheek,original_roi,0.004280762299313496
03102.png,bottom-face,original_roi,0.004427817457793227
03102.png,forehead,original_roi,0.003887311936415378
03102.png,under-eyes,original_roi,0.005352055031879488
03102.png,left-cheek,smooth_1_sigma_1.5,0.005467777322492943
03102.png,right-cheek,smooth_1_sigma_1.5,0.00444335198123704
03102.png,bottom-face,smooth_1_sigma_1.5,0.005007650512169226
03102.png,forehead,smooth_1_sigma_1.5,0.003967771939145663
03102.png,under-eyes,smooth_1_sigma_1.5,0.005537247569945649
03102.png,left-cheek,smooth_2_sigma_2.5,0.005521035721672559
03102.png,right-cheek,smooth_2_sigma_2.5,0.004492922663233023
03102.png,bottom-face,smooth_2_sigma_2.5,0.0051737225308066265
03102.png,forehead,smooth_2_sigma_2.5,0.003990639261090502
03102.png,under-eyes,smooth_2_sigma_2.5,0.005582366600691088
03110.png,left-cheek,original_roi,0.005061756068411348
03110.png,right-cheek,original_roi,0.005421969804314583
03110.png,bottom-face,original_roi,0.006588001224795638
03110.png,forehead,original_roi,0.004528890182196075
03110.png,under-eyes,original_roi,0.0043618529796857
03110.png,left-cheek,smooth_1_sigma_1.5,0.005256424672965662
03110.png,right-cheek,smooth_1_sigma_1.5,0.005666364107816549
03110.png,bottom-face,smooth_1_sigma_1.5,0.006881583105510554
03110.png,forehead,smooth_1_sigma_1.5,0.004974449437236576
03110.png,under-eyes,smooth_1_sigma_1.5,0.004778994644619933
03110.png,left-cheek,smooth_2_sigma_2.5,0.005293751903660991
03110.png,right-cheek,smooth_2_sigma_2.5,0.005715090471820689
03110.png,bottom-face,smooth_2_sigma_2.5,0.0069514124329142024
03110.png,forehead,smooth_2_sigma_2.5,0.0052204936780411455
03110.png,under-eyes,smooth_2_sigma_2.5,0.0049755099460738065
03111.png,left-cheek,original_roi,0.006833806437211096
03111.png,right-cheek,original_roi,0.004989839429373533
03111.png,bottom-face,original_roi,0.005617362902217023
03111.png,forehead,original_roi,0.005209036667387922
03111.png,under-eyes,original_roi,0.005381136076301678
03111.png,left-cheek,smooth_1_sigma_1.5,0.0071676842229117695
03111.png,right-cheek,smooth_1_sigma_1.5,0.005134092711594748
03111.png,bottom-face,smooth_1_sigma_1.5,0.005851084587569668
03111.png,forehead,smooth_1_sigma_1.5,0.005387221744668626
03111.png,under-eyes,smooth_1_sigma_1.5,0.005639927232354804
03111.png,left-cheek,smooth_2_sigma_2.5,0.0072240337122009566
03111.png,right-cheek,smooth_2_sigma_2.5,0.005164148333733379
03111.png,bottom-face,smooth_2_sigma_2.5,0.005908185966266142
03111.png,forehead,smooth_2_sigma_2.5,0.0054316448958963304
03111.png,under-eyes,smooth_2_sigma_2.5,0.005711814334276898
03116.png,left-cheek,original_roi,0.004959943665367627
03116.png,right-cheek,original_roi,0.006398992072824564
03116.png,bottom-face,original_roi,0.005603475986356153
03116.png,forehead,original_roi,0.0061795379676591435
03116.png,under-eyes,original_roi,0.005267582486096022
03116.png,left-cheek,smooth_1_sigma_1.5,0.00504128282108182
03116.png,right-cheek,smooth_1_sigma_1.5,0.006529666481859414
03116.png,bottom-face,smooth_1_sigma_1.5,0.005701994349980578
03116.png,forehead,smooth_1_sigma_1.5,0.006912367934662719
03116.png,under-eyes,smooth_1_sigma_1.5,0.005642019021895038
03116.png,left-cheek,smooth_2_sigma_2.5,0.005070628478316211
03116.png,right-cheek,smooth_2_sigma_2.5,0.006582597793508983
03116.png,bottom-face,smooth_2_sigma_2.5,0.005743289430288983
03116.png,forehead,smooth_2_sigma_2.5,0.007243615656416739
03116.png,under-eyes,smooth_2_sigma_2.5,0.005816907300012338
03118.png,left-cheek,original_roi,0.006209344914395772
03118.png,right-cheek,original_roi,0.006209237548340311
03118.png,bottom-face,original_roi,0.007523729961224567
03118.png,forehead,original_roi,0.004895808703834954
03118.png,under-eyes,original_roi,0.006438940221975602
03118.png,left-cheek,smooth_1_sigma_1.5,0.0066210592623277215
03118.png,right-cheek,smooth_1_sigma_1.5,0.0066381699848144585
03118.png,bottom-face,smooth_1_sigma_1.5,0.009130346741560791
03118.png,forehead,smooth_1_sigma_1.5,0.005089715506198127
03118.png,under-eyes,smooth_1_sigma_1.5,0.006815296735076903
03118.png,left-cheek,smooth_2_sigma_2.5,0.006712142397564288
03118.png,right-cheek,smooth_2_sigma_2.5,0.006731901489977207
03118.png,bottom-face,smooth_2_sigma_2.5,0.009631911434834496
03118.png,forehead,smooth_2_sigma_2.5,0.0051301688689311
03118.png,under-eyes,smooth_2_sigma_2.5,0.006926763077495293
03119.png,left-cheek,original_roi,0.004381275291073694
03119.png,right-cheek,original_roi,0.008571108131321791
03119.png,bottom-face,original_roi,0.005393892151292683
03119.png,forehead,original_roi,0.005674491697977494
03119.png,under-eyes,original_roi,0.005690843202001955
03119.png,left-cheek,smooth_1_sigma_1.5,0.004439071478178176
03119.png,right-cheek,smooth_1_sigma_1.5,0.008746533923618327
03119.png,bottom-face,smooth_1_sigma_1.5,0.005487162349619019
03119.png,forehead,smooth_1_sigma_1.5,0.0058527552068289405
03119.png,under-eyes,smooth_1_sigma_1.5,0.005947801138459925
03119.png,left-cheek,smooth_2_sigma_2.5,0.0044601765514908675
03119.png,right-cheek,smooth_2_sigma_2.5,0.008828439877061499
03119.png,bottom-face,smooth_2_sigma_2.5,0.005521592899532398
03119.png,forehead,smooth_2_sigma_2.5,0.005919014234313193
03119.png,under-eyes,smooth_2_sigma_2.5,0.006060399381296566
03120.png,left-cheek,original_roi,0.006093964534156934
03120.png,right-cheek,original_roi,0.004588213598815916
03120.png,bottom-face,original_roi,0.005285337632522472
03120.png,forehead,original_roi,0.0038809939508517013
03120.png,under-eyes,original_roi,0.004897602363726864
03120.png,left-cheek,smooth_1_sigma_1.5,0.006292463964632638
03120.png,right-cheek,smooth_1_sigma_1.5,0.0047441189071353
03120.png,bottom-face,smooth_1_sigma_1.5,0.005432815737223879
03120.png,forehead,smooth_1_sigma_1.5,0.003991370160253944
03120.png,under-eyes,smooth_1_sigma_1.5,0.005240517954443688
03120.png,left-cheek,smooth_2_sigma_2.5,0.006360886628010854
03120.png,right-cheek,smooth_2_sigma_2.5,0.0048193132926788226
03120.png,bottom-face,smooth_2_sigma_2.5,0.005479426556786583
03120.png,forehead,smooth_2_sigma_2.5,0.0040200384391428515
03120.png,under-eyes,smooth_2_sigma_2.5,0.005482095083861323
03121.png,left-cheek,original_roi,0.0036336455193498583
03121.png,right-cheek,original_roi,0.003529702143814977
03121.png,bottom-face,original_roi,0.0034073065932475697
03121.png,forehead,original_roi,0.0034236134571357622
03121.png,under-eyes,original_roi,0.003741014051432671
03121.png,left-cheek,smooth_1_sigma_1.5,0.00400402181617888
03121.png,right-cheek,smooth_1_sigma_1.5,0.0036746938811767073
03121.png,bottom-face,smooth_1_sigma_1.5,0.0036925623954984403
03121.png,forehead,smooth_1_sigma_1.5,0.0035256790236931936
03121.png,under-eyes,smooth_1_sigma_1.5,0.003972490239143902
03121.png,left-cheek,smooth_2_sigma_2.5,0.004142933665020048
03121.png,right-cheek,smooth_2_sigma_2.5,0.0037129813334425654
03121.png,bottom-face,smooth_2_sigma_2.5,0.0037466738291196417
03121.png,forehead,smooth_2_sigma_2.5,0.0035475253222414997
03121.png,under-eyes,smooth_2_sigma_2.5,0.004113006313102215
03122.png,left-cheek,original_roi,0.004528842356869552
03122.png,right-cheek,original_roi,0.004932709651009226
03122.png,bottom-face,original_roi,0.006783711551483797
03122.png,forehead,original_roi,0.004451833976807749
03122.png,under-eyes,original_roi,0.00448518782436203
03122.png,left-cheek,smooth_1_sigma_1.5,0.004677339219832115
03122.png,right-cheek,smooth_1_sigma_1.5,0.005021162831977934
03122.png,bottom-face,smooth_1_sigma_1.5,0.007702937291759141
03122.png,forehead,smooth_1_sigma_1.5,0.004544278680129747
03122.png,under-eyes,smooth_1_sigma_1.5,0.004617433600596428
03122.png,left-cheek,smooth_2_sigma_2.5,0.004716327916172104
03122.png,right-cheek,smooth_2_sigma_2.5,0.005045849780753718
03122.png,bottom-face,smooth_2_sigma_2.5,0.008047866329294783
03122.png,forehead,smooth_2_sigma_2.5,0.004569443063692572
03122.png,under-eyes,smooth_2_sigma_2.5,0.0046771502881878665
03126.png,left-cheek,original_roi,0.004807981167303717
03126.png,right-cheek,original_roi,0.004893985361085464
03126.png,bottom-face,original_roi,0.004954375434839257
03126.png,forehead,original_roi,0.00512551638706545
03126.png,under-eyes,original_roi,0.005480365329117164
03126.png,left-cheek,smooth_1_sigma_1.5,0.004948927559936915
03126.png,right-cheek,smooth_1_sigma_1.5,0.0049764127568132956
03126.png,bottom-face,smooth_1_sigma_1.5,0.005075088649770292
03126.png,forehead,smooth_1_sigma_1.5,0.005300153572128686
03126.png,under-eyes,smooth_1_sigma_1.5,0.005707025437676544
03126.png,left-cheek,smooth_2_sigma_2.5,0.004985017915722271
03126.png,right-cheek,smooth_2_sigma_2.5,0.005003494145761756
03126.png,bottom-face,smooth_2_sigma_2.5,0.005112724210244152
03126.png,forehead,smooth_2_sigma_2.5,0.005343779878991664
03126.png,under-eyes,smooth_2_sigma_2.5,0.005796329979155489
03127.png,left-cheek,original_roi,0.004884694783416476
03127.png,right-cheek,original_roi,0.005185409253649278
03127.png,bottom-face,original_roi,0.005176903292487605
03127.png,forehead,original_roi,0.004787958776092101
03127.png,under-eyes,original_roi,0.007100424600347693
03127.png,left-cheek,smooth_1_sigma_1.5,0.005246446534354054
03127.png,right-cheek,smooth_1_sigma_1.5,0.005601486470668229
03127.png,bottom-face,smooth_1_sigma_1.5,0.005419258622185773
03127.png,forehead,smooth_1_sigma_1.5,0.005103239893691717
03127.png,under-eyes,smooth_1_sigma_1.5,0.008155646793789596
03127.png,left-cheek,smooth_2_sigma_2.5,0.005305638544687644
03127.png,right-cheek,smooth_2_sigma_2.5,0.005707514376743222
03127.png,bottom-face,smooth_2_sigma_2.5,0.005459240432574425
03127.png,forehead,smooth_2_sigma_2.5,0.005168194702603387
03127.png,under-eyes,smooth_2_sigma_2.5,0.008616609457557321
03128.png,left-cheek,original_roi,0.0035352391387616458
03128.png,right-cheek,original_roi,0.0035047713811640156
03128.png,bottom-face,original_roi,0.0035971853353057586
03128.png,forehead,original_roi,0.0034420347434025575
03128.png,under-eyes,original_roi,0.0035246512451129787
03128.png,left-cheek,smooth_1_sigma_1.5,0.003594213656590081
03128.png,right-cheek,smooth_1_sigma_1.5,0.0035594623923752683
03128.png,bottom-face,smooth_1_sigma_1.5,0.00365012594608629
03128.png,forehead,smooth_1_sigma_1.5,0.003486340005400792
03128.png,under-eyes,smooth_1_sigma_1.5,0.0036266322512163475
03128.png,left-cheek,smooth_2_sigma_2.5,0.0036142099440525134
03128.png,right-cheek,smooth_2_sigma_2.5,0.003572755653926854
03128.png,bottom-face,smooth_2_sigma_2.5,0.003669796928949341
03128.png,forehead,smooth_2_sigma_2.5,0.003500642820187912
03128.png,under-eyes,smooth_2_sigma_2.5,0.003653455955984165
03129.png,left-cheek,original_roi,0.004004040752299954
03129.png,right-cheek,original_roi,0.00373104184572709
03129.png,bottom-face,original_roi,0.0045322095547682085
03129.png,forehead,original_roi,0.005603793437073399
03129.png,under-eyes,original_roi,0.003736704405827674
03129.png,left-cheek,smooth_1_sigma_1.5,0.004102010236155168
03129.png,right-cheek,smooth_1_sigma_1.5,0.0038408264839006902
03129.png,bottom-face,smooth_1_sigma_1.5,0.004638005208103447
03129.png,forehead,smooth_1_sigma_1.5,0.006344999371710572
03129.png,under-eyes,smooth_1_sigma_1.5,0.003825174496595984
03129.png,left-cheek,smooth_2_sigma_2.5,0.004119326223794692
03129.png,right-cheek,smooth_2_sigma_2.5,0.003856524824018742
03129.png,bottom-face,smooth_2_sigma_2.5,0.004660074641485285
03129.png,forehead,smooth_2_sigma_2.5,0.006506103951863539
03129.png,under-eyes,smooth_2_sigma_2.5,0.0038446764796512935
03131.png,left-cheek,original_roi,0.004709117199684827
03131.png,right-cheek,original_roi,0.004253506437862401
03131.png,bottom-face,original_roi,0.00488721796626442
03131.png,forehead,original_roi,0.004643808852218995
03131.png,under-eyes,original_roi,0.0049587008228056655
03131.png,left-cheek,smooth_1_sigma_1.5,0.004846472289110738
03131.png,right-cheek,smooth_1_sigma_1.5,0.004385734658087438
03131.png,bottom-face,smooth_1_sigma_1.5,0.005022958766614759
03131.png,forehead,smooth_1_sigma_1.5,0.004819784155475202
03131.png,under-eyes,smooth_1_sigma_1.5,0.005124727770937025
03131.png,left-cheek,smooth_2_sigma_2.5,0.0048762889248901015
03131.png,right-cheek,smooth_2_sigma_2.5,0.004409914431602541
03131.png,bottom-face,smooth_2_sigma_2.5,0.005052591223027272
03131.png,forehead,smooth_2_sigma_2.5,0.004850888192958708
03131.png,under-eyes,smooth_2_sigma_2.5,0.005161087730016347
03132.png,left-cheek,original_roi,0.006060089666759855
03132.png,right-cheek,original_roi,0.00398837868026405
03132.png,bottom-face,original_roi,0.005448346773147445
03132.png,forehead,original_roi,0.005054811370546965
03132.png,under-eyes,original_roi,0.006287839586788696
03132.png,left-cheek,smooth_1_sigma_1.5,0.006351308593380852
03132.png,right-cheek,smooth_1_sigma_1.5,0.004300908736759113
03132.png,bottom-face,smooth_1_sigma_1.5,0.005793916285540126
03132.png,forehead,smooth_1_sigma_1.5,0.005379951024342442
03132.png,under-eyes,smooth_1_sigma_1.5,0.006790707878982257
03132.png,left-cheek,smooth_2_sigma_2.5,0.006402942357967504
03132.png,right-cheek,smooth_2_sigma_2.5,0.00440264603319336
03132.png,bottom-face,smooth_2_sigma_2.5,0.005847676207833821
03132.png,forehead,smooth_2_sigma_2.5,0.005459200975119119
03132.png,under-eyes,smooth_2_sigma_2.5,0.00690046760572789
03133.png,left-cheek,original_roi,0.004713773978553024
03133.png,right-cheek,original_roi,0.004876215442304697
03133.png,bottom-face,original_roi,0.004901583340211102
03133.png,forehead,original_roi,0.004393727947656069
03133.png,under-eyes,original_roi,0.004708607872575599
03133.png,left-cheek,smooth_1_sigma_1.5,0.004904705199199822
03133.png,right-cheek,smooth_1_sigma_1.5,0.0052411220163018895
03133.png,bottom-face,smooth_1_sigma_1.5,0.005213104785094786
03133.png,forehead,smooth_1_sigma_1.5,0.004633503787884353
03133.png,under-eyes,smooth_1_sigma_1.5,0.005095452960146228
03133.png,left-cheek,smooth_2_sigma_2.5,0.004963301600933101
03133.png,right-cheek,smooth_2_sigma_2.5,0.005403885425990715
03133.png,bottom-face,smooth_2_sigma_2.5,0.005331585306863277
03133.png,forehead,smooth_2_sigma_2.5,0.004699500101083469
03133.png,under-eyes,smooth_2_sigma_2.5,0.005302108140103218
03134.png,left-cheek,original_roi,0.004824209894997031
03134.png,right-cheek,original_roi,0.004792858428124437
03134.png,bottom-face,original_roi,0.005167948047872726
03134.png,forehead,original_roi,0.005562213313153024
03134.png,under-eyes,original_roi,0.0047372156075752925
03134.png,left-cheek,smooth_1_sigma_1.5,0.004961966215644759
03134.png,right-cheek,smooth_1_sigma_1.5,0.004919139477478227
03134.png,bottom-face,smooth_1_sigma_1.5,0.00532907117144051
03134.png,forehead,smooth_1_sigma_1.5,0.006014155122126485
03134.png,under-eyes,smooth_1_sigma_1.5,0.004987528888723057
03134.png,left-cheek,smooth_2_sigma_2.5,0.004995404043294494
03134.png,right-cheek,smooth_2_sigma_2.5,0.004950028037622236
03134.png,bottom-face,smooth_2_sigma_2.5,0.005369571681121804
03134.png,forehead,smooth_2_sigma_2.5,0.006161740520461832
03134.png,under-eyes,smooth_2_sigma_2.5,0.005078181811276238
03135.png,left-cheek,original_roi,0.0038810741845946607
03135.png,right-cheek,original_roi,0.0038661143541870863
03135.png,bottom-face,original_roi,0.005700897277533753
03135.png,forehead,original_roi,0.004426578910158547
03135.png,under-eyes,original_roi,0.0036523826517515564
03135.png,left-cheek,smooth_1_sigma_1.5,0.00391370553185798
03135.png,right-cheek,smooth_1_sigma_1.5,0.0038985844948740186
03135.png,bottom-face,smooth_1_sigma_1.5,0.005801432400828529
03135.png,forehead,smooth_1_sigma_1.5,0.004479024903785072
03135.png,under-eyes,smooth_1_sigma_1.5,0.003678841691129819
03135.png,left-cheek,smooth_2_sigma_2.5,0.003926472967108251
03135.png,right-cheek,smooth_2_sigma_2.5,0.003911066952267249
03135.png,bottom-face,smooth_2_sigma_2.5,0.0058305642170502535
03135.png,forehead,smooth_2_sigma_2.5,0.004495196372607731
03135.png,under-eyes,smooth_2_sigma_2.5,0.003691726081699157
03138.png,left-cheek,original_roi,0.0046173718907741275
03138.png,right-cheek,original_roi,0.006449612752506066
03138.png,bottom-face,original_roi,0.0052934760899290695
03138.png,forehead,original_roi,0.005972466198120545
03138.png,under-eyes,original_roi,0.005655899944181905
03138.png,left-cheek,smooth_1_sigma_1.5,0.004754989459400801
03138.png,right-cheek,smooth_1_sigma_1.5,0.006717507067485601
03138.png,bottom-face,smooth_1_sigma_1.5,0.005474364523475556
03138.png,forehead,smooth_1_sigma_1.5,0.006377785907758786
03138.png,under-eyes,smooth_1_sigma_1.5,0.006104074361330922
03138.png,left-cheek,smooth_2_sigma_2.5,0.004780589414438137
03138.png,right-cheek,smooth_2_sigma_2.5,0.006788708021220799
03138.png,bottom-face,smooth_2_sigma_2.5,0.005513941751065688
03138.png,forehead,smooth_2_sigma_2.5,0.006534579106296273
03138.png,under-eyes,smooth_2_sigma_2.5,0.006258853298320398
03140.png,left-cheek,original_roi,0.004340527939618372
03140.png,right-cheek,original_roi,0.0039351458780162605
03140.png,bottom-face,original_roi,0.004394361692851302
03140.png,forehead,original_roi,0.004109200171514244
03140.png,under-eyes,original_roi,0.004340518875084786
03140.png,left-cheek,smooth_1_sigma_1.5,0.004424597583244128
03140.png,right-cheek,smooth_1_sigma_1.5,0.004053663114893273
03140.png,bottom-face,smooth_1_sigma_1.5,0.0045024750057779455
03140.png,forehead,smooth_1_sigma_1.5,0.004235232905391509
03140.png,under-eyes,smooth_1_sigma_1.5,0.004537424705047419
03140.png,left-cheek,smooth_2_sigma_2.5,0.004445880868909726
03140.png,right-cheek,smooth_2_sigma_2.5,0.0040801300175289145
03140.png,bottom-face,smooth_2_sigma_2.5,0.004525729080591105
03140.png,forehead,smooth_2_sigma_2.5,0.004260218765067026
03140.png,under-eyes,smooth_2_sigma_2.5,0.004584300985147942
03142.png,left-cheek,original_roi,0.003244629337883419
03142.png,right-cheek,original_roi,0.005485790257748556
03142.png,bottom-face,original_roi,0.003647103864130467
03142.png,forehead,original_roi,0.003590971683031661
03142.png,under-eyes,original_roi,0.011263258450822034
03142.png,left-cheek,smooth_1_sigma_1.5,0.0033168168931103155
03142.png,right-cheek,smooth_1_sigma_1.5,0.005720771567907811
03142.png,bottom-face,smooth_1_sigma_1.5,0.003705441489616696
03142.png,forehead,smooth_1_sigma_1.5,0.003745910554105469
03142.png,under-eyes,smooth_1_sigma_1.5,0.012416520511884787
03142.png,left-cheek,smooth_2_sigma_2.5,0.0033602924259027674
03142.png,right-cheek,smooth_2_sigma_2.5,0.005819219164936492
03142.png,bottom-face,smooth_2_sigma_2.5,0.003731614818829475
03142.png,forehead,smooth_2_sigma_2.5,0.0038294817238948785
03142.png,under-eyes,smooth_2_sigma_2.5,0.013027058290523507
03143.png,left-cheek,original_roi,0.0042162483414728506
03143.png,right-cheek,original_roi,0.004630777119420415
03143.png,bottom-face,original_roi,0.004775074237801062
03143.png,forehead,original_roi,0.00403393840909115
03143.png,under-eyes,original_roi,0.0053874367812005285
03143.png,left-cheek,smooth_1_sigma_1.5,0.004426521957990668
03143.png,right-cheek,smooth_1_sigma_1.5,0.004969070347712117
03143.png,bottom-face,smooth_1_sigma_1.5,0.005096880365254229
03143.png,forehead,smooth_1_sigma_1.5,0.004135563767357729
03143.png,under-eyes,smooth_1_sigma_1.5,0.0057332303179961465
03143.png,left-cheek,smooth_2_sigma_2.5,0.004595609375447037
03143.png,right-cheek,smooth_2_sigma_2.5,0.005208346339544268
03143.png,bottom-face,smooth_2_sigma_2.5,0.005191495460486335
03143.png,forehead,smooth_2_sigma_2.5,0.004183673726438697
03143.png,under-eyes,smooth_2_sigma_2.5,0.005938296281627191
03146.png,left-cheek,original_roi,0.0046364923798945116
03146.png,right-cheek,original_roi,0.003816317184983912
03146.png,bottom-face,original_roi,0.004096707226090429
03146.png,forehead,original_roi,0.0036119697907166953
03146.png,under-eyes,original_roi,0.003756857940889113
03146.png,left-cheek,smooth_1_sigma_1.5,0.0048005604359108445
03146.png,right-cheek,smooth_1_sigma_1.5,0.003941833172377413
03146.png,bottom-face,smooth_1_sigma_1.5,0.004162095492922015
03146.png,forehead,smooth_1_sigma_1.5,0.0036967868801478687
03146.png,under-eyes,smooth_1_sigma_1.5,0.003947709913384844
03146.png,left-cheek,smooth_2_sigma_2.5,0.004912549076259028
03146.png,right-cheek,smooth_2_sigma_2.5,0.004029936650297944
03146.png,bottom-face,smooth_2_sigma_2.5,0.004190673866479228
03146.png,forehead,smooth_2_sigma_2.5,0.003720129050473399
03146.png,under-eyes,smooth_2_sigma_2.5,0.004088788602742751
03148.png,left-cheek,original_roi,0.0052137589145459275
03148.png,right-cheek,original_roi,0.004781054288137443
03148.png,bottom-face,original_roi,0.005029852191657037
03148.png,forehead,original_roi,0.0049751680245360445
03148.png,under-eyes,original_roi,0.0057046148488000235
03148.png,left-cheek,smooth_1_sigma_1.5,0.005329722064948506
03148.png,right-cheek,smooth_1_sigma_1.5,0.004882664209687266
03148.png,bottom-face,smooth_1_sigma_1.5,0.005124938978515702
03148.png,forehead,smooth_1_sigma_1.5,0.005152456241406984
03148.png,under-eyes,smooth_1_sigma_1.5,0.005869721980064176
03148.png,left-cheek,smooth_2_sigma_2.5,0.005362177891238244
03148.png,right-cheek,smooth_2_sigma_2.5,0.0049147713973771625
03148.png,bottom-face,smooth_2_sigma_2.5,0.005153033925933943
03148.png,forehead,smooth_2_sigma_2.5,0.005213701111152473
03148.png,under-eyes,smooth_2_sigma_2.5,0.005910092106097183
03149.png,left-cheek,original_roi,0.0037938786012124497
03149.png,right-cheek,original_roi,0.00497139638116777
03149.png,bottom-face,original_roi,0.0060640046572806765
03149.png,forehead,original_roi,0.008757262222580635
03149.png,under-eyes,original_roi,0.004537773935694446
03149.png,left-cheek,smooth_1_sigma_1.5,0.0038361481399020337
03149.png,right-cheek,smooth_1_sigma_1.5,0.005106653500507434
03149.png,bottom-face,smooth_1_sigma_1.5,0.006644020373031157
03149.png,forehead,smooth_1_sigma_1.5,0.009101338367314957
03149.png,under-eyes,smooth_1_sigma_1.5,0.004612160073519497
03149.png,left-cheek,smooth_2_sigma_2.5,0.0038505812496221264
03149.png,right-cheek,smooth_2_sigma_2.5,0.005139421016916623
03149.png,bottom-face,smooth_2_sigma_2.5,0.006784294243918003
03149.png,forehead,smooth_2_sigma_2.5,0.00926219056469764
03149.png,under-eyes,smooth_2_sigma_2.5,0.004636693336197189
03150.png,left-cheek,original_roi,0.004111038628949548
03150.png,right-cheek,original_roi,0.004666403999278974
03150.png,bottom-face,original_roi,0.004639748471204171
03150.png,forehead,original_roi,0.0036657283478463863
03150.png,under-eyes,original_roi,0.00426447534477167
03150.png,left-cheek,smooth_1_sigma_1.5,0.004216415214481543
03150.png,right-cheek,smooth_1_sigma_1.5,0.004860634163922979
03150.png,bottom-face,smooth_1_sigma_1.5,0.005147830306780692
03150.png,forehead,smooth_1_sigma_1.5,0.003797291297638509
03150.png,under-eyes,smooth_1_sigma_1.5,0.004435446585389407
03150.png,left-cheek,smooth_2_sigma_2.5,0.004239201581067964
03150.png,right-cheek,smooth_2_sigma_2.5,0.004912293175458661
03150.png,bottom-face,smooth_2_sigma_2.5,0.0052482815215014016
03150.png,forehead,smooth_2_sigma_2.5,0.0038226748316673876
03150.png,under-eyes,smooth_2_sigma_2.5,0.004484157983317583
03151.png,left-cheek,original_roi,0.0037038865886144068
03151.png,right-cheek,original_roi,0.003487191266783729
03151.png,bottom-face,original_roi,0.003912968944083571
03151.png,forehead,original_roi,0.0037108631076441857
03151.png,under-eyes,original_roi,0.0037896255192183172
03151.png,left-cheek,smooth_1_sigma_1.5,0.0037508579219692807
03151.png,right-cheek,smooth_1_sigma_1.5,0.0035302051249852793
03151.png,bottom-face,smooth_1_sigma_1.5,0.003974767858812522
03151.png,forehead,smooth_1_sigma_1.5,0.0037729947095684994
03151.png,under-eyes,smooth_1_sigma_1.5,0.003847425658327815
03151.png,left-cheek,smooth_2_sigma_2.5,0.0037657151480387737
03151.png,right-cheek,smooth_2_sigma_2.5,0.003542692926145056
03151.png,bottom-face,smooth_2_sigma_2.5,0.003990818154558434
03151.png,forehead,smooth_2_sigma_2.5,0.003787998575656816
03151.png,under-eyes,smooth_2_sigma_2.5,0.003865742303367917
03154.png,left-cheek,original_roi,0.004460646603688632
03154.png,right-cheek,original_roi,0.005809630999650616
03154.png,bottom-face,original_roi,0.00556267477986269
03154.png,forehead,original_roi,0.004692125363070795
03154.png,under-eyes,original_roi,0.005568045919386508
03154.png,left-cheek,smooth_1_sigma_1.5,0.004792061095936393
03154.png,right-cheek,smooth_1_sigma_1.5,0.0065732604370944
03154.png,bottom-face,smooth_1_sigma_1.5,0.0066887777634665035
03154.png,forehead,smooth_1_sigma_1.5,0.00527950896925323
03154.png,under-eyes,smooth_1_sigma_1.5,0.006194291058939785
03154.png,left-cheek,smooth_2_sigma_2.5,0.004832273739208471
03154.png,right-cheek,smooth_2_sigma_2.5,0.006784894125348951
03154.png,bottom-face,smooth_2_sigma_2.5,0.006938157763325935
03154.png,forehead,smooth_2_sigma_2.5,0.0053403408398275684
03154.png,under-eyes,smooth_2_sigma_2.5,0.0063034300871933685
03156.png,left-cheek,original_roi,0.004333817516750246
03156.png,right-cheek,original_roi,0.004900906700877393
03156.png,bottom-face,original_roi,0.005025273207440281
03156.png,forehead,original_roi,0.005194429735803751
03156.png,under-eyes,original_roi,0.004750947553911463
03156.png,left-cheek,smooth_1_sigma_1.5,0.004450953276620707
03156.png,right-cheek,smooth_1_sigma_1.5,0.00506337610799002
03156.png,bottom-face,smooth_1_sigma_1.5,0.0051767471553893765
03156.png,forehead,smooth_1_sigma_1.5,0.005921104449375765
03156.png,under-eyes,smooth_1_sigma_1.5,0.0049338263914661395
03156.png,left-cheek,smooth_2_sigma_2.5,0.004478782230961695
03156.png,right-cheek,smooth_2_sigma_2.5,0.005092595696313197
03156.png,bottom-face,smooth_2_sigma_2.5,0.005207973056069306
03156.png,forehead,smooth_2_sigma_2.5,0.0060662665347982325
03156.png,under-eyes,smooth_2_sigma_2.5,0.0049691460108957876
03157.png,left-cheek,original_roi,0.003667401258425882
03157.png,right-cheek,original_roi,0.005249669765384456
03157.png,bottom-face,original_roi,0.006835679706172998
03157.png,forehead,original_roi,0.004143563921699803
03157.png,under-eyes,original_roi,0.0045219485662936565
03157.png,left-cheek,smooth_1_sigma_1.5,0.003761672327698751
03157.png,right-cheek,smooth_1_sigma_1.5,0.005466608240150145
03157.png,bottom-face,smooth_1_sigma_1.5,0.007686137336565536
03157.png,forehead,smooth_1_sigma_1.5,0.004349819648122524
03157.png,under-eyes,smooth_1_sigma_1.5,0.00472961326941009
03157.png,left-cheek,smooth_2_sigma_2.5,0.003781219860643335
03157.png,right-cheek,smooth_2_sigma_2.5,0.0055022295463999435
03157.png,bottom-face,smooth_2_sigma_2.5,0.007903952343639392
03157.png,forehead,smooth_2_sigma_2.5,0.004384960772314564
03157.png,under-eyes,smooth_2_sigma_2.5,0.004779591759996906
03159.png,left-cheek,original_roi,0.0051332125080150144
03159.png,right-cheek,original_roi,0.004368572271702201
03159.png,bottom-face,original_roi,0.004168144988811498
03159.png,forehead,original_roi,0.003989325270841382
03159.png,under-eyes,original_roi,0.0037895721741804432
03159.png,left-cheek,smooth_1_sigma_1.5,0.0054217140169639
03159.png,right-cheek,smooth_1_sigma_1.5,0.004512465977420914
03159.png,bottom-face,smooth_1_sigma_1.5,0.004561822851293594
03159.png,forehead,smooth_1_sigma_1.5,0.004149724817597592
03159.png,under-eyes,smooth_1_sigma_1.5,0.003984948172588575
03159.png,left-cheek,smooth_2_sigma_2.5,0.00548882763567993
03159.png,right-cheek,smooth_2_sigma_2.5,0.004549659184339142
03159.png,bottom-face,smooth_2_sigma_2.5,0.0046490931298690625
03159.png,forehead,smooth_2_sigma_2.5,0.004189167617597803
03159.png,under-eyes,smooth_2_sigma_2.5,0.004073676825844277
03162.png,left-cheek,original_roi,0.004231158405187198
03162.png,right-cheek,original_roi,
03162.png,bottom-face,original_roi,0.004556643992346297
03162.png,forehead,original_roi,0.004202962817908571
03162.png,under-eyes,original_roi,0.004466679013146514
03162.png,left-cheek,smooth_1_sigma_1.5,0.004366166720130376
03162.png,right-cheek,smooth_1_sigma_1.5,
03162.png,bottom-face,smooth_1_sigma_1.5,0.004686973153579091
03162.png,forehead,smooth_1_sigma_1.5,0.004336925369414014
03162.png,under-eyes,smooth_1_sigma_1.5,0.005106548906349764
03162.png,left-cheek,smooth_2_sigma_2.5,0.00442582879693261
03162.png,right-cheek,smooth_2_sigma_2.5,
03162.png,bottom-face,smooth_2_sigma_2.5,0.00471344574475105
03162.png,forehead,smooth_2_sigma_2.5,0.004365589183842457
03162.png,under-eyes,smooth_2_sigma_2.5,0.005582991323140208
03164.png,left-cheek,original_roi,0.0040601514282382406
03164.png,right-cheek,original_roi,0.004223532030575851
03164.png,bottom-face,original_roi,0.004808118025932075
03164.png,forehead,original_roi,0.007707237520402486
03164.png,under-eyes,original_roi,0.004821874123752707
03164.png,left-cheek,smooth_1_sigma_1.5,0.004088205201992726
03164.png,right-cheek,smooth_1_sigma_1.5,0.004251771938051682
03164.png,bottom-face,smooth_1_sigma_1.5,0.004856263583675327
03164.png,forehead,smooth_1_sigma_1.5,0.00825930270253114
03164.png,under-eyes,smooth_1_sigma_1.5,0.0048786785336135145
03164.png,left-cheek,smooth_2_sigma_2.5,0.0041024017779432214
03164.png,right-cheek,smooth_2_sigma_2.5,0.0042666656792537
03164.png,bottom-face,smooth_2_sigma_2.5,0.0048916750994226505
03164.png,forehead,smooth_2_sigma_2.5,0.008490168353230366
03164.png,under-eyes,smooth_2_sigma_2.5,0.004901616491988621
03165.png,left-cheek,original_roi,0.0033814357774325887
03165.png,right-cheek,original_roi,0.003376637271630095
03165.png,bottom-face,original_roi,0.003627641234344148
03165.png,forehead,original_roi,0.003709543273911158
03165.png,under-eyes,original_roi,0.0036655635856187017
03165.png,left-cheek,smooth_1_sigma_1.5,0.003448736917794415
03165.png,right-cheek,smooth_1_sigma_1.5,0.0034433432028358963
03165.png,bottom-face,smooth_1_sigma_1.5,0.003708436019717975
03165.png,forehead,smooth_1_sigma_1.5,0.003851542227414985
03165.png,under-eyes,smooth_1_sigma_1.5,0.00375533754864311
03165.png,left-cheek,smooth_2_sigma_2.5,0.0034613136387803747
03165.png,right-cheek,smooth_2_sigma_2.5,0.0034557679931854096
03165.png,bottom-face,smooth_2_sigma_2.5,0.0037237260947242446
03165.png,forehead,smooth_2_sigma_2.5,0.003884644189773267
03165.png,under-eyes,smooth_2_sigma_2.5,0.003772214711268904
03166.png,left-cheek,original_roi,0.004576147364290449
03166.png,right-cheek,original_roi,0.004456019878978088
03166.png,bottom-face,original_roi,0.004505202327022485
03166.png,forehead,original_roi,0.004129182969210487
03166.png,under-eyes,original_roi,0.004472637940765716
03166.png,left-cheek,smooth_1_sigma_1.5,0.004730325292503217
03166.png,right-cheek,smooth_1_sigma_1.5,0.004604596699411371
03166.png,bottom-face,smooth_1_sigma_1.5,0.004647526571276785
03166.png,forehead,smooth_1_sigma_1.5,0.004276055048621941
03166.png,under-eyes,smooth_1_sigma_1.5,0.004648899096981612
03166.png,left-cheek,smooth_2_sigma_2.5,0.004757199899293726
03166.png,right-cheek,smooth_2_sigma_2.5,0.004632157000708382
03166.png,bottom-face,smooth_2_sigma_2.5,0.00467739473180269
03166.png,forehead,smooth_2_sigma_2.5,0.004302333262818237
03166.png,under-eyes,smooth_2_sigma_2.5,0.004682221469044005
03167.png,left-cheek,original_roi,0.0033972064944158774
03167.png,right-cheek,original_roi,0.004640605130702928
03167.png,bottom-face,original_roi,0.004168200080123019
03167.png,forehead,original_roi,0.0038475220370896113
03167.png,under-eyes,original_roi,0.0041930302077392515
03167.png,left-cheek,smooth_1_sigma_1.5,0.0034652631942485336
03167.png,right-cheek,smooth_1_sigma_1.5,0.0048033168041869455
03167.png,bottom-face,smooth_1_sigma_1.5,0.004294713983461942
03167.png,forehead,smooth_1_sigma_1.5,0.003966686245330383
03167.png,under-eyes,smooth_1_sigma_1.5,0.004399506485413703
03167.png,left-cheek,smooth_2_sigma_2.5,0.0034810507824819628
03167.png,right-cheek,smooth_2_sigma_2.5,0.004866995797364219
03167.png,bottom-face,smooth_2_sigma_2.5,0.00432156702255008
03167.png,forehead,smooth_2_sigma_2.5,0.003992921729277927
03167.png,under-eyes,smooth_2_sigma_2.5,0.004534200954772
03173.png,left-cheek,original_roi,0.005259937253270986
03173.png,right-cheek,original_roi,0.004992621169346825
03173.png,bottom-face,original_roi,0.005332065731037045
03173.png,forehead,original_roi,0.004548976261151572
03173.png,under-eyes,original_roi,0.004957563753348589
03173.png,left-cheek,smooth_1_sigma_1.5,0.005467446002035242
03173.png,right-cheek,smooth_1_sigma_1.5,0.005180437582646477
03173.png,bottom-face,smooth_1_sigma_1.5,0.005561492002497133
03173.png,forehead,smooth_1_sigma_1.5,0.004686909361551733
03173.png,under-eyes,smooth_1_sigma_1.5,0.005152853596290365
03173.png,left-cheek,smooth_2_sigma_2.5,0.005498899750763128
03173.png,right-cheek,smooth_2_sigma_2.5,0.0052074659637615294
03173.png,bottom-face,smooth_2_sigma_2.5,0.005594453447822038
03173.png,forehead,smooth_2_sigma_2.5,0.00471236421338081
03173.png,under-eyes,smooth_2_sigma_2.5,0.005197079972667918
03175.png,left-cheek,original_roi,0.003571072384053534
03175.png,right-cheek,original_roi,0.003038034912090712
03175.png,bottom-face,original_roi,0.003402636251313108
03175.png,forehead,original_roi,0.0030622158935140835
03175.png,under-eyes,original_roi,0.003152023561876324
03175.png,left-cheek,smooth_1_sigma_1.5,0.0036949593166056855
03175.png,right-cheek,smooth_1_sigma_1.5,0.0030637933035101124
03175.png,bottom-face,smooth_1_sigma_1.5,0.0035544594730761354
03175.png,forehead,smooth_1_sigma_1.5,0.0030970226969455395
03175.png,under-eyes,smooth_1_sigma_1.5,0.0032132116337578237
03175.png,left-cheek,smooth_2_sigma_2.5,0.0037804707421220354
03175.png,right-cheek,smooth_2_sigma_2.5,0.0030731352458708
03175.png,bottom-face,smooth_2_sigma_2.5,0.0036018572997281403
03175.png,forehead,smooth_2_sigma_2.5,0.003110699374384649
03175.png,under-eyes,smooth_2_sigma_2.5,0.0032355299434943
03176.png,left-cheek,original_roi,0.004463635954784793
03176.png,right-cheek,original_roi,0.004817254750332323
03176.png,bottom-face,original_roi,0.004666259473623849
03176.png,forehead,original_roi,0.004309056227055361
03176.png,under-eyes,original_roi,0.004724028739412306
03176.png,left-cheek,smooth_1_sigma_1.5,0.004520671542568187
03176.png,right-cheek,smooth_1_sigma_1.5,0.0048798357871612606
03176.png,bottom-face,smooth_1_sigma_1.5,0.004731986195095819
03176.png,forehead,smooth_1_sigma_1.5,0.004424685911119722
03176.png,under-eyes,smooth_1_sigma_1.5,0.00482870335938857
03176.png,left-cheek,smooth_2_sigma_2.5,0.004541925271773579
03176.png,right-cheek,smooth_2_sigma_2.5,0.004904107961408239
03176.png,bottom-face,smooth_2_sigma_2.5,0.004761424696920446
03176.png,forehead,smooth_2_sigma_2.5,0.004474443383235696
03176.png,under-eyes,smooth_2_sigma_2.5,0.004864388162231887
03177.png,left-cheek,original_roi,0.006797609761528803
03177.png,right-cheek,original_roi,0.00915812830263718
03177.png,bottom-face,original_roi,0.00752775358216938
03177.png,forehead,original_roi,0.006451391948126028
03177.png,under-eyes,original_roi,0.006755335992017672
03177.png,left-cheek,smooth_1_sigma_1.5,0.007039912106907889
03177.png,right-cheek,smooth_1_sigma_1.5,0.009915745253208218
03177.png,bottom-face,smooth_1_sigma_1.5,0.007818372157360342
03177.png,forehead,smooth_1_sigma_1.5,0.0067113575104518035
03177.png,under-eyes,smooth_1_sigma_1.5,0.007234258870177249
03177.png,left-cheek,smooth_2_sigma_2.5,0.007103707110554984
03177.png,right-cheek,smooth_2_sigma_2.5,0.01028179029397642
03177.png,bottom-face,smooth_2_sigma_2.5,0.007884132605961342
03177.png,forehead,smooth_2_sigma_2.5,0.006761513671763414
03177.png,under-eyes,smooth_2_sigma_2.5,0.00743232402349444
03179.png,left-cheek,original_roi,0.005779248371539902
03179.png,right-cheek,original_roi,0.005676795761667696
03179.png,bottom-face,original_roi,0.005312842269685195
03179.png,forehead,original_roi,0.004258120036203052
03179.png,under-eyes,original_roi,0.004890939214383746
03179.png,left-cheek,smooth_1_sigma_1.5,0.006114467334749323
03179.png,right-cheek,smooth_1_sigma_1.5,0.0059562903933322925
03179.png,bottom-face,smooth_1_sigma_1.5,0.006518802327606378
03179.png,forehead,smooth_1_sigma_1.5,0.004441068173723956
03179.png,under-eyes,smooth_1_sigma_1.5,0.005118866119915789
03179.png,left-cheek,smooth_2_sigma_2.5,0.006197280826872474
03179.png,right-cheek,smooth_2_sigma_2.5,0.0060194514953099115
03179.png,bottom-face,smooth_2_sigma_2.5,0.006848369091470723
03179.png,forehead,smooth_2_sigma_2.5,0.004482897526041992
03179.png,under-eyes,smooth_2_sigma_2.5,0.005206144575102699
03180.png,left-cheek,original_roi,0.005575438234038684
03180.png,right-cheek,original_roi,0.003644071517197195
03180.png,bottom-face,original_roi,0.005398893471302744
03180.png,forehead,original_roi,0.0036999897338460624
03180.png,under-eyes,original_roi,0.003846602710926878
03180.png,left-cheek,smooth_1_sigma_1.5,0.005784083824998147
03180.png,right-cheek,smooth_1_sigma_1.5,0.0036839822423881128
03180.png,bottom-face,smooth_1_sigma_1.5,0.005584148377008856
03180.png,forehead,smooth_1_sigma_1.5,0.003748101202464211
03180.png,under-eyes,smooth_1_sigma_1.5,0.00390527846479461
03180.png,left-cheek,smooth_2_sigma_2.5,0.005842590015691956
03180.png,right-cheek,smooth_2_sigma_2.5,0.0036944413068779242
03180.png,bottom-face,smooth_2_sigma_2.5,0.005641155814523076
03180.png,forehead,smooth_2_sigma_2.5,0.003771517595966282
03180.png,under-eyes,smooth_2_sigma_2.5,0.0039354243373320285
03181.png,left-cheek,original_roi,0.00429974132810363
03181.png,right-cheek,original_roi,0.0035020440126332097
03181.png,bottom-face,original_roi,0.004125161248281435
03181.png,forehead,original_roi,0.004841631149900557
03181.png,under-eyes,original_roi,0.004188804702613346
03181.png,left-cheek,smooth_1_sigma_1.5,0.004412076029606789
03181.png,right-cheek,smooth_1_sigma_1.5,0.003560093395939045
03181.png,bottom-face,smooth_1_sigma_1.5,0.004214550316194922
03181.png,forehead,smooth_1_sigma_1.5,0.0051503484660585285
03181.png,under-eyes,smooth_1_sigma_1.5,0.0042964800881513995
03181.png,left-cheek,smooth_2_sigma_2.5,0.004431715565283406
03181.png,right-cheek,smooth_2_sigma_2.5,0.0035734115719136083
03181.png,bottom-face,smooth_2_sigma_2.5,0.0042364497997494826
03181.png,forehead,smooth_2_sigma_2.5,0.00525906488393544
03181.png,under-eyes,smooth_2_sigma_2.5,0.0043230453897606
03182.png,left-cheek,original_roi,0.004148285279337073
03182.png,right-cheek,original_roi,0.0040141084172219755
03182.png,bottom-face,original_roi,0.004029425145193663
03182.png,forehead,original_roi,0.0033025864895242316
03182.png,under-eyes,original_roi,0.003902616045265606
03182.png,left-cheek,smooth_1_sigma_1.5,0.004258793984633421
03182.png,right-cheek,smooth_1_sigma_1.5,0.004108119886416759
03182.png,bottom-face,smooth_1_sigma_1.5,0.00407491830271676
03182.png,forehead,smooth_1_sigma_1.5,0.003325852204270893
03182.png,under-eyes,smooth_1_sigma_1.5,0.004005867132788716
03182.png,left-cheek,smooth_2_sigma_2.5,0.004327744719935153
03182.png,right-cheek,smooth_2_sigma_2.5,0.004164978329273886
03182.png,bottom-face,smooth_2_sigma_2.5,0.004092936874421944
03182.png,forehead,smooth_2_sigma_2.5,0.0033369277485070055
03182.png,under-eyes,smooth_2_sigma_2.5,0.004059306226427837
03183.png,left-cheek,original_roi,0.004252837633064043
03183.png,right-cheek,original_roi,0.003332171908516129
03183.png,bottom-face,original_roi,0.0049173469367226365
03183.png,forehead,original_roi,0.0036484281376084984
03183.png,under-eyes,original_roi,0.0034018997387822354
03183.png,left-cheek,smooth_1_sigma_1.5,0.004358408849745977
03183.png,right-cheek,smooth_1_sigma_1.5,0.0033857039898114293
03183.png,bottom-face,smooth_1_sigma_1.5,0.005193235666125438
03183.png,forehead,smooth_1_sigma_1.5,0.0037358413596800728
03183.png,under-eyes,smooth_1_sigma_1.5,0.0034758626743697815
03183.png,left-cheek,smooth_2_sigma_2.5,0.004379062762357347
03183.png,right-cheek,smooth_2_sigma_2.5,0.0034029579380654464
03183.png,bottom-face,smooth_2_sigma_2.5,0.00528737984785689
03183.png,forehead,smooth_2_sigma_2.5,0.003756311409099193
03183.png,under-eyes,smooth_2_sigma_2.5,0.0034990098265454896
03184.png,left-cheek,original_roi,0.0037994513508888476
03184.png,right-cheek,original_roi,0.003964445864845314
03184.png,bottom-face,original_roi,0.004322348401876915
03184.png,forehead,original_roi,0.006302053855167597
03184.png,under-eyes,original_roi,0.004236252105456093
03184.png,left-cheek,smooth_1_sigma_1.5,0.003817881912417016
03184.png,right-cheek,smooth_1_sigma_1.5,0.00399200305175936
03184.png,bottom-face,smooth_1_sigma_1.5,0.004355648736836382
03184.png,forehead,smooth_1_sigma_1.5,0.006604076868496891
03184.png,under-eyes,smooth_1_sigma_1.5,0.004278246972598849
03184.png,left-cheek,smooth_2_sigma_2.5,0.0038310485314491695
03184.png,right-cheek,smooth_2_sigma_2.5,0.004005259549264704
03184.png,bottom-face,smooth_2_sigma_2.5,0.004372685314282665
03184.png,forehead,smooth_2_sigma_2.5,0.006731603534570449
03184.png,under-eyes,smooth_2_sigma_2.5,0.00429844724626401
03185.png,left-cheek,original_roi,0.004511521200631471
03185.png,right-cheek,original_roi,0.004775871511686814
03185.png,bottom-face,original_roi,0.005069758899718587
03185.png,forehead,original_roi,0.00417780946511649
03185.png,under-eyes,original_roi,0.00437276712084268
03185.png,left-cheek,smooth_1_sigma_1.5,0.004617626004517792
03185.png,right-cheek,smooth_1_sigma_1.5,0.00493025577531445
03185.png,bottom-face,smooth_1_sigma_1.5,0.00525363055345432
03185.png,forehead,smooth_1_sigma_1.5,0.004261170753805747
03185.png,under-eyes,smooth_1_sigma_1.5,0.004516931754171502
03185.png,left-cheek,smooth_2_sigma_2.5,0.004641178813722875
03185.png,right-cheek,smooth_2_sigma_2.5,0.004967619841045093
03185.png,bottom-face,smooth_2_sigma_2.5,0.005293840032751576
03185.png,forehead,smooth_2_sigma_2.5,0.004282678853308404
03185.png,under-eyes,smooth_2_sigma_2.5,0.004554374889522134
03190.png,left-cheek,original_roi,0.00416423641413978
03190.png,right-cheek,original_roi,0.004706956109136718
03190.png,bottom-face,original_roi,0.004543212359794459
03190.png,forehead,original_roi,0.004021849861077117
03190.png,under-eyes,original_roi,0.004365271336069413
03190.png,left-cheek,smooth_1_sigma_1.5,0.004276622680723791
03190.png,right-cheek,smooth_1_sigma_1.5,0.004858929146778259
03190.png,bottom-face,smooth_1_sigma_1.5,0.004642652596041967
03190.png,forehead,smooth_1_sigma_1.5,0.004154732304103718
03190.png,under-eyes,smooth_1_sigma_1.5,0.004565179149543756
03190.png,left-cheek,smooth_2_sigma_2.5,0.00430780338000409
03190.png,right-cheek,smooth_2_sigma_2.5,0.004901198299774144
03190.png,bottom-face,smooth_2_sigma_2.5,0.004666096772921405
03190.png,forehead,smooth_2_sigma_2.5,0.004185126991641919
03190.png,under-eyes,smooth_2_sigma_2.5,0.004614999428569364
03191.png,left-cheek,original_roi,0.004849849101765742
03191.png,right-cheek,original_roi,0.004751720415023654
03191.png,bottom-face,original_roi,0.004977036190744669
03191.png,forehead,original_roi,0.004880884196272712
03191.png,under-eyes,original_roi,0.004579675525314039
03191.png,left-cheek,smooth_1_sigma_1.5,0.005101532024377285
03191.png,right-cheek,smooth_1_sigma_1.5,0.004989095554204098
03191.png,bottom-face,smooth_1_sigma_1.5,0.005746162812772387
03191.png,forehead,smooth_1_sigma_1.5,0.00509976413962913
03191.png,under-eyes,smooth_1_sigma_1.5,0.004908749657512546
03191.png,left-cheek,smooth_2_sigma_2.5,0.005165633653508447
03191.png,right-cheek,smooth_2_sigma_2.5,0.0050543762389452926
03191.png,bottom-face,smooth_2_sigma_2.5,0.006046848966876627
03191.png,forehead,smooth_2_sigma_2.5,0.005149602668839475
03191.png,under-eyes,smooth_2_sigma_2.5,0.0051233379904141755
03193.png,left-cheek,original_roi,0.005555689779628092
03193.png,right-cheek,original_roi,0.006507729091969356
03193.png,bottom-face,original_roi,0.006458038944676854
03193.png,forehead,original_roi,0.004822400638164547
03193.png,under-eyes,original_roi,0.005417620584445165
03193.png,left-cheek,smooth_1_sigma_1.5,0.005768182294118633
03193.png,right-cheek,smooth_1_sigma_1.5,0.006793468317167075
03193.png,bottom-face,smooth_1_sigma_1.5,0.006790524690299862
03193.png,forehead,smooth_1_sigma_1.5,0.0050498101599827285
03193.png,under-eyes,smooth_1_sigma_1.5,0.005747246373059094
03193.png,left-cheek,smooth_2_sigma_2.5,0.00581420865677163
03193.png,right-cheek,smooth_2_sigma_2.5,0.0068518879711324384
03193.png,bottom-face,smooth_2_sigma_2.5,0.006862625809471205
03193.png,forehead,smooth_2_sigma_2.5,0.0050962560132039505
03193.png,under-eyes,smooth_2_sigma_2.5,0.0058743138343914005
03194.png,left-cheek,original_roi,0.0045066011097494914
03194.png,right-cheek,original_roi,0.0046000389239934545
03194.png,bottom-face,original_roi,0.004374098739208721
03194.png,forehead,original_roi,0.004320237826666443
03194.png,under-eyes,original_roi,0.004804252360058229
03194.png,left-cheek,smooth_1_sigma_1.5,0.0046008406547153775
03194.png,right-cheek,smooth_1_sigma_1.5,0.004689976063270822
03194.png,bottom-face,smooth_1_sigma_1.5,0.004455690045490408
03194.png,forehead,smooth_1_sigma_1.5,0.00449607433875522
03194.png,under-eyes,smooth_1_sigma_1.5,0.005127105371942236
03194.png,left-cheek,smooth_2_sigma_2.5,0.0046242031471462235
03194.png,right-cheek,smooth_2_sigma_2.5,0.004712725778035082
03194.png,bottom-face,smooth_2_sigma_2.5,0.0044767833792944646
03194.png,forehead,smooth_2_sigma_2.5,0.00452743615218211
03194.png,under-eyes,smooth_2_sigma_2.5,0.005268728579990756
03198.png,left-cheek,original_roi,0.003677244464244833
03198.png,right-cheek,original_roi,0.006866187408781397
03198.png,bottom-face,original_roi,0.005230353916935525
03198.png,forehead,original_roi,0.004607964756269559
03198.png,under-eyes,original_roi,0.0038753898882621096
03198.png,left-cheek,smooth_1_sigma_1.5,0.0037661697643665533
03198.png,right-cheek,smooth_1_sigma_1.5,0.0072520331483388
03198.png,bottom-face,smooth_1_sigma_1.5,0.0054447208484268185
03198.png,forehead,smooth_1_sigma_1.5,0.004858959506278934
03198.png,under-eyes,smooth_1_sigma_1.5,0.0042590275731881145
03198.png,left-cheek,smooth_2_sigma_2.5,0.003796027248632865
03198.png,right-cheek,smooth_2_sigma_2.5,0.007448649093995452
03198.png,bottom-face,smooth_2_sigma_2.5,0.00553504006372209
03198.png,forehead,smooth_2_sigma_2.5,0.004941374353789684
03198.png,under-eyes,smooth_2_sigma_2.5,0.004425918722184467
03199.png,left-cheek,original_roi,0.004243251922224268
03199.png,right-cheek,original_roi,0.0037331340346198824
03199.png,bottom-face,original_roi,0.004214349308051487
03199.png,forehead,original_roi,0.003915403292577045
03199.png,under-eyes,original_roi,0.003988730183274992
03199.png,left-cheek,smooth_1_sigma_1.5,0.004317976163547601
03199.png,right-cheek,smooth_1_sigma_1.5,0.0038183584884228607
03199.png,bottom-face,smooth_1_sigma_1.5,0.004303789727248302
03199.png,forehead,smooth_1_sigma_1.5,0.00402868471883576
03199.png,under-eyes,smooth_1_sigma_1.5,0.004081699792678595
03199.png,left-cheek,smooth_2_sigma_2.5,0.004333270180721897
03199.png,right-cheek,smooth_2_sigma_2.5,0.0038468287208725774
03199.png,bottom-face,smooth_2_sigma_2.5,0.004328165973861086
03199.png,forehead,smooth_2_sigma_2.5,0.004063462120716989
03199.png,under-eyes,smooth_2_sigma_2.5,0.004106539676702964
03200.png,left-cheek,original_roi,0.006784238805702853
03200.png,right-cheek,original_roi,0.007356725285122251
03200.png,bottom-face,original_roi,0.007866832705700363
03200.png,forehead,original_roi,0.006724739492469486
03200.png,under-eyes,original_roi,0.005649099576165607
03200.png,left-cheek,smooth_1_sigma_1.5,0.007203397497059191
03200.png,right-cheek,smooth_1_sigma_1.5,0.007777938230168774
03200.png,bottom-face,smooth_1_sigma_1.5,0.008853559979974673
03200.png,forehead,smooth_1_sigma_1.5,0.008018613044633919
03200.png,under-eyes,smooth_1_sigma_1.5,0.0060837212864145555
03200.png,left-cheek,smooth_2_sigma_2.5,0.007286129760314458
03200.png,right-cheek,smooth_2_sigma_2.5,0.007872590919418094
03200.png,bottom-face,smooth_2_sigma_2.5,0.009063320994997324
03200.png,forehead,smooth_2_sigma_2.5,0.008664107908348286
03200.png,under-eyes,smooth_2_sigma_2.5,0.006219866073878884
03201.png,left-cheek,original_roi,0.004032512113532543
03201.png,right-cheek,original_roi,0.0041240640464106975
03201.png,bottom-face,original_roi,0.0043860630080528595
03201.png,forehead,original_roi,0.003838116769348401
03201.png,under-eyes,original_roi,0.00467678474099785
03201.png,left-cheek,smooth_1_sigma_1.5,0.0041848553373676186
03201.png,right-cheek,smooth_1_sigma_1.5,0.004275143670676727
03201.png,bottom-face,smooth_1_sigma_1.5,0.004568321207910943
03201.png,forehead,smooth_1_sigma_1.5,0.004051585796393861
03201.png,under-eyes,smooth_1_sigma_1.5,0.005072981659029242
03201.png,left-cheek,smooth_2_sigma_2.5,0.004225534998898184
03201.png,right-cheek,smooth_2_sigma_2.5,0.0043034773393987626
03201.png,bottom-face,smooth_2_sigma_2.5,0.004597194292570589
03201.png,forehead,smooth_2_sigma_2.5,0.004138740541168667
03201.png,under-eyes,smooth_2_sigma_2.5,0.005263031601964393
03207.png,left-cheek,original_roi,0.004582789824790201
03207.png,right-cheek,original_roi,0.004815046506028888
03207.png,bottom-face,original_roi,0.005015156896193466
03207.png,forehead,original_roi,0.006156450965152927
03207.png,under-eyes,original_roi,0.004103666257707358
03207.png,left-cheek,smooth_1_sigma_1.5,0.00481811301273683
03207.png,right-cheek,smooth_1_sigma_1.5,0.005021841385319248
03207.png,bottom-face,smooth_1_sigma_1.5,0.005279562652085919
03207.png,forehead,smooth_1_sigma_1.5,0.0072198430311949564
03207.png,under-eyes,smooth_1_sigma_1.5,0.004336577677195768
03207.png,left-cheek,smooth_2_sigma_2.5,0.0048624349283901205
03207.png,right-cheek,smooth_2_sigma_2.5,0.00506758669988993
03207.png,bottom-face,smooth_2_sigma_2.5,0.0053336841254476176
03207.png,forehead,smooth_2_sigma_2.5,0.007635656903554202
03207.png,under-eyes,smooth_2_sigma_2.5,0.004399153051776605
03208.png,left-cheek,original_roi,0.0038727679877501022
03208.png,right-cheek,original_roi,0.00443898839108117
03208.png,bottom-face,original_roi,0.005127534270668964
03208.png,forehead,original_roi,0.004023513296035849
03208.png,under-eyes,original_roi,0.004514897576196723
03208.png,left-cheek,smooth_1_sigma_1.5,0.003973533951028795
03208.png,right-cheek,smooth_1_sigma_1.5,0.004596702952715623
03208.png,bottom-face,smooth_1_sigma_1.5,0.005476516490403078
03208.png,forehead,smooth_1_sigma_1.5,0.004146174505635096
03208.png,under-eyes,smooth_1_sigma_1.5,0.004700685300492083
03208.png,left-cheek,smooth_2_sigma_2.5,0.003993086339794658
03208.png,right-cheek,smooth_2_sigma_2.5,0.0046253573462290126
03208.png,bottom-face,smooth_2_sigma_2.5,0.00555718284150477
03208.png,forehead,smooth_2_sigma_2.5,0.004168882065449484
03208.png,under-eyes,smooth_2_sigma_2.5,0.004747433918233111
03209.png,left-cheek,original_roi,0.005801215987819005
03209.png,right-cheek,original_roi,0.005964371365413562
03209.png,bottom-face,original_roi,0.006337195928354517
03209.png,forehead,original_roi,0.005172101083236059
03209.png,under-eyes,original_roi,0.005977402018769802
03209.png,left-cheek,smooth_1_sigma_1.5,0.005887517067464838
03209.png,right-cheek,smooth_1_sigma_1.5,0.006072035344472894
03209.png,bottom-face,smooth_1_sigma_1.5,0.006489609810860926
03209.png,forehead,smooth_1_sigma_1.5,0.005253010279299584
03209.png,under-eyes,smooth_1_sigma_1.5,0.006139667565167408
03209.png,left-cheek,smooth_2_sigma_2.5,0.005923355042037676
03209.png,right-cheek,smooth_2_sigma_2.5,0.006109871120612552
03209.png,bottom-face,smooth_2_sigma_2.5,0.006550729541963316
03209.png,forehead,smooth_2_sigma_2.5,0.005290826234506905
03209.png,under-eyes,smooth_2_sigma_2.5,0.006207967151180652
03210.png,left-cheek,original_roi,0.0034925202267047234
03210.png,right-cheek,original_roi,0.003860737883793136
03210.png,bottom-face,original_roi,0.00369486160544925
03210.png,forehead,original_roi,0.0033813711372958606
03210.png,under-eyes,original_roi,0.0033980947422780315
03210.png,left-cheek,smooth_1_sigma_1.5,0.00354551270135793
03210.png,right-cheek,smooth_1_sigma_1.5,0.003932976018165941
03210.png,bottom-face,smooth_1_sigma_1.5,0.003753389180438209
03210.png,forehead,smooth_1_sigma_1.5,0.003426323037582663
03210.png,under-eyes,smooth_1_sigma_1.5,0.0034515531825355713
03210.png,left-cheek,smooth_2_sigma_2.5,0.0035642623260952687
03210.png,right-cheek,smooth_2_sigma_2.5,0.003949646143711347
03210.png,bottom-face,smooth_2_sigma_2.5,0.00377598215321814
03210.png,forehead,smooth_2_sigma_2.5,0.003440863936162874
03210.png,under-eyes,smooth_2_sigma_2.5,0.0034697273630634857
03212.png,left-cheek,original_roi,0.005080914174582579
03212.png,right-cheek,original_roi,0.004295375825414825
03212.png,bottom-face,original_roi,0.00568413986281221
03212.png,forehead,original_roi,0.004120020702418785
03212.png,under-eyes,original_roi,0.004607492662863566
03212.png,left-cheek,smooth_1_sigma_1.5,0.005289067922785326
03212.png,right-cheek,smooth_1_sigma_1.5,0.004437806871306838
03212.png,bottom-face,smooth_1_sigma_1.5,0.005943038250895359
03212.png,forehead,smooth_1_sigma_1.5,0.004274581275401949
03212.png,under-eyes,smooth_1_sigma_1.5,0.004825978591584497
03212.png,left-cheek,smooth_2_sigma_2.5,0.005325331782483285
03212.png,right-cheek,smooth_2_sigma_2.5,0.004463374933612376
03212.png,bottom-face,smooth_2_sigma_2.5,0.005994623008515277
03212.png,forehead,smooth_2_sigma_2.5,0.00430470327687468
03212.png,under-eyes,smooth_2_sigma_2.5,0.004865726815976802
03213.png,left-cheek,original_roi,0.005469224070603968
03213.png,right-cheek,original_roi,0.0035365562491783097
03213.png,bottom-face,original_roi,0.004302224263106196
03213.png,forehead,original_roi,0.004777805966384623
03213.png,under-eyes,original_roi,0.004683753328241701
03213.png,left-cheek,smooth_1_sigma_1.5,0.005625128856691934
03213.png,right-cheek,smooth_1_sigma_1.5,0.0035945664967566076
03213.png,bottom-face,smooth_1_sigma_1.5,0.0043712144515040425
03213.png,forehead,smooth_1_sigma_1.5,0.004942184535094757
03213.png,under-eyes,smooth_1_sigma_1.5,0.004831614930183904
03213.png,left-cheek,smooth_2_sigma_2.5,0.005673762622193145
03213.png,right-cheek,smooth_2_sigma_2.5,0.003612825744321716
03213.png,bottom-face,smooth_2_sigma_2.5,0.004402141787556761
03213.png,forehead,smooth_2_sigma_2.5,0.0050019164335055885
03213.png,under-eyes,smooth_2_sigma_2.5,0.00487913697212367
03214.png,left-cheek,original_roi,
03214.png,right-cheek,original_roi,0.004471842367658892
03214.png,bottom-face,original_roi,0.005339530181726993
03214.png,forehead,original_roi,0.0036557105356788606
03214.png,under-eyes,original_roi,0.003884813308496881
03214.png,left-cheek,smooth_1_sigma_1.5,
03214.png,right-cheek,smooth_1_sigma_1.5,0.004623687690889191
03214.png,bottom-face,smooth_1_sigma_1.5,0.005535128195772031
03214.png,forehead,smooth_1_sigma_1.5,0.003881791857067953
03214.png,under-eyes,smooth_1_sigma_1.5,0.004110165178544874
03214.png,left-cheek,smooth_2_sigma_2.5,
03214.png,right-cheek,smooth_2_sigma_2.5,0.004652639793963474
03214.png,bottom-face,smooth_2_sigma_2.5,0.005582434082615533
03214.png,forehead,smooth_2_sigma_2.5,0.0039205364816512715
03214.png,under-eyes,smooth_2_sigma_2.5,0.004172125776249481
03215.png,left-cheek,original_roi,0.005322604228237336
03215.png,right-cheek,original_roi,0.0037843834179623385
03215.png,bottom-face,original_roi,0.005864382048884585
03215.png,forehead,original_roi,0.00613247676474421
03215.png,under-eyes,original_roi,0.004981812073898868
03215.png,left-cheek,smooth_1_sigma_1.5,0.005646801841313657
03215.png,right-cheek,smooth_1_sigma_1.5,0.004014095228865776
03215.png,bottom-face,smooth_1_sigma_1.5,0.0061643604279924755
03215.png,forehead,smooth_1_sigma_1.5,0.006608078111060766
03215.png,under-eyes,smooth_1_sigma_1.5,0.005303275336923141
03215.png,left-cheek,smooth_2_sigma_2.5,0.0057027801374727105
03215.png,right-cheek,smooth_2_sigma_2.5,0.004053750593996567
03215.png,bottom-face,smooth_2_sigma_2.5,0.006211933007810562
03215.png,forehead,smooth_2_sigma_2.5,0.00672315899965821
03215.png,under-eyes,smooth_2_sigma_2.5,0.0053700760818883725
03217.png,left-cheek,original_roi,0.0041304964664612845
03217.png,right-cheek,original_roi,
03217.png,bottom-face,original_roi,0.004393907973244452
03217.png,forehead,original_roi,0.003964334029531086
03217.png,under-eyes,original_roi,0.0036712295744974494
03217.png,left-cheek,smooth_1_sigma_1.5,0.00416691023624461
03217.png,right-cheek,smooth_1_sigma_1.5,
03217.png,bottom-face,smooth_1_sigma_1.5,0.004449569874632759
03217.png,forehead,smooth_1_sigma_1.5,0.00402472185561016
03217.png,under-eyes,smooth_1_sigma_1.5,0.003907418693721598
03217.png,left-cheek,smooth_2_sigma_2.5,0.004182498367181338
03217.png,right-cheek,smooth_2_sigma_2.5,
03217.png,bottom-face,smooth_2_sigma_2.5,0.004471159885624954
03217.png,forehead,smooth_2_sigma_2.5,0.004043823534174673
03217.png,under-eyes,smooth_2_sigma_2.5,0.004011328407929226
03218.png,left-cheek,original_roi,0.004111129808828834
03218.png,right-cheek,original_roi,0.004406711423607844
03218.png,bottom-face,original_roi,0.004429163466659041
03218.png,forehead,original_roi,0.004777865061600192
03218.png,under-eyes,original_roi,0.004158475044763523
03218.png,left-cheek,smooth_1_sigma_1.5,0.004150029138162575
03218.png,right-cheek,smooth_1_sigma_1.5,0.004431336927936223
03218.png,bottom-face,smooth_1_sigma_1.5,0.0044585587510990905
03218.png,forehead,smooth_1_sigma_1.5,0.005053263372820222
03218.png,under-eyes,smooth_1_sigma_1.5,0.004209482649355146
03218.png,left-cheek,smooth_2_sigma_2.5,0.004172011843481165
03218.png,right-cheek,smooth_2_sigma_2.5,0.004445517389211124
03218.png,bottom-face,smooth_2_sigma_2.5,0.004474362143257128
03218.png,forehead,smooth_2_sigma_2.5,0.00518250092957925
03218.png,under-eyes,smooth_2_sigma_2.5,0.004231266110867296
03219.png,left-cheek,original_roi,0.005569599560846729
03219.png,right-cheek,original_roi,0.0032014752061266657
03219.png,bottom-face,original_roi,0.0036752572402472296
03219.png,forehead,original_roi,0.0033945061777509392
03219.png,under-eyes,original_roi,0.0036401169439501677
03219.png,left-cheek,smooth_1_sigma_1.5,0.005705524301948053
03219.png,right-cheek,smooth_1_sigma_1.5,0.0032543457806643943
03219.png,bottom-face,smooth_1_sigma_1.5,0.003788162115857557
03219.png,forehead,smooth_1_sigma_1.5,0.003439921895812527
03219.png,under-eyes,smooth_1_sigma_1.5,0.0037140546401212664
03219.png,left-cheek,smooth_2_sigma_2.5,0.005719619310067389
03219.png,right-cheek,smooth_2_sigma_2.5,0.003270109289968629
03219.png,bottom-face,smooth_2_sigma_2.5,0.0038202352479185355
03219.png,forehead,smooth_2_sigma_2.5,0.003454007795753958
03219.png,under-eyes,smooth_2_sigma_2.5,0.0037358639185445237
03224.png,left-cheek,original_roi,0.004356880924562429
03224.png,right-cheek,original_roi,0.004532607209407098
03224.png,bottom-face,original_roi,0.004182977467468867
03224.png,forehead,original_roi,0.004266185540370944
03224.png,under-eyes,original_roi,0.005242426936358092
03224.png,left-cheek,smooth_1_sigma_1.5,0.00440668222780601
03224.png,right-cheek,smooth_1_sigma_1.5,0.004589630446182419
03224.png,bottom-face,smooth_1_sigma_1.5,0.004221297719350395
03224.png,forehead,smooth_1_sigma_1.5,0.004628257193032056
03224.png,under-eyes,smooth_1_sigma_1.5,0.005359241016636714
03224.png,left-cheek,smooth_2_sigma_2.5,0.004423464313521593
03224.png,right-cheek,smooth_2_sigma_2.5,0.004609003308342123
03224.png,bottom-face,smooth_2_sigma_2.5,0.004236184951444479
03224.png,forehead,smooth_2_sigma_2.5,0.004763759726592186
03224.png,under-eyes,smooth_2_sigma_2.5,0.005394244617846379
04000.png,left-cheek,original_roi,0.006302533913439381
04000.png,right-cheek,original_roi,0.00901809110386318
04000.png,bottom-face,original_roi,0.00874357912586556
04000.png,forehead,original_roi,0.00731232409765522
04000.png,under-eyes,original_roi,0.008162639241729974
04000.png,left-cheek,smooth_1_sigma_1.5,0.006783645546239392
04000.png,right-cheek,smooth_1_sigma_1.5,0.00988505487772198
04000.png,bottom-face,smooth_1_sigma_1.5,0.009475219962137538
04000.png,forehead,smooth_1_sigma_1.5,0.00809673801860935
04000.png,under-eyes,smooth_1_sigma_1.5,0.00927072935693373
04000.png,left-cheek,smooth_2_sigma_2.5,0.007000285820948528
04000.png,right-cheek,smooth_2_sigma_2.5,0.01023940283482686
04000.png,bottom-face,smooth_2_sigma_2.5,0.009653923847277611
04000.png,forehead,smooth_2_sigma_2.5,0.008304442023349045
04000.png,under-eyes,smooth_2_sigma_2.5,0.009725617267102693
04003.png,left-cheek,original_roi,0.004868148975045017
04003.png,right-cheek,original_roi,0.0052443762729944485
04003.png,bottom-face,original_roi,0.005704102769547804
04003.png,forehead,original_roi,0.0037757044815282053
04003.png,under-eyes,original_roi,0.0037934095998316012
04003.png,left-cheek,smooth_1_sigma_1.5,0.004997220893499432
04003.png,right-cheek,smooth_1_sigma_1.5,0.005416672057601711
04003.png,bottom-face,smooth_1_sigma_1.5,0.00591374829530566
04003.png,forehead,smooth_1_sigma_1.5,0.004014873786106921
04003.png,under-eyes,smooth_1_sigma_1.5,0.003977080409840348
04003.png,left-cheek,smooth_2_sigma_2.5,0.005028823278068521
04003.png,right-cheek,smooth_2_sigma_2.5,0.005447892265869901
04003.png,bottom-face,smooth_2_sigma_2.5,0.005980037329053199
04003.png,forehead,smooth_2_sigma_2.5,0.004097219444940277
04003.png,under-eyes,smooth_2_sigma_2.5,0.004059420588824052
04004.png,left-cheek,original_roi,0.006057517240446242
04004.png,right-cheek,original_roi,0.005406010502511313
04004.png,bottom-face,original_roi,0.005786694815392663
04004.png,forehead,original_roi,0.005512087399631231
04004.png,under-eyes,original_roi,0.0060743551865155175
04004.png,left-cheek,smooth_1_sigma_1.5,0.006186529958728393
04004.png,right-cheek,smooth_1_sigma_1.5,0.005520542194250642
04004.png,bottom-face,smooth_1_sigma_1.5,0.005906073490582454
04004.png,forehead,smooth_1_sigma_1.5,0.005694867526547802
04004.png,under-eyes,smooth_1_sigma_1.5,0.006343359882529369
04004.png,left-cheek,smooth_2_sigma_2.5,0.006219280921503346
04004.png,right-cheek,smooth_2_sigma_2.5,0.005546962659001958
04004.png,bottom-face,smooth_2_sigma_2.5,0.005937968480993794
04004.png,forehead,smooth_2_sigma_2.5,0.0057464077390665365
04004.png,under-eyes,smooth_2_sigma_2.5,0.00644108677912009
04005.png,left-cheek,original_roi,0.0031594703842011984
04005.png,right-cheek,original_roi,0.0036089215380817087
04005.png,bottom-face,original_roi,0.0037226051583832123
04005.png,forehead,original_roi,0.003312574039825153
04005.png,under-eyes,original_roi,0.003547456449002238
04005.png,left-cheek,smooth_1_sigma_1.5,0.0031895050314194274
04005.png,right-cheek,smooth_1_sigma_1.5,0.003665893089641842
04005.png,bottom-face,smooth_1_sigma_1.5,0.003815126200901139
04005.png,forehead,smooth_1_sigma_1.5,0.0033557344750678483
04005.png,under-eyes,smooth_1_sigma_1.5,0.0036179312574161917
04005.png,left-cheek,smooth_2_sigma_2.5,0.0031989274598222643
04005.png,right-cheek,smooth_2_sigma_2.5,0.0036831524202782166
04005.png,bottom-face,smooth_2_sigma_2.5,0.0038441208968975947
04005.png,forehead,smooth_2_sigma_2.5,0.0033691714557912604
04005.png,under-eyes,smooth_2_sigma_2.5,0.003632167246605052
04006.png,left-cheek,original_roi,0.005122510029914658
04006.png,right-cheek,original_roi,
04006.png,bottom-face,original_roi,0.006199052514087545
04006.png,forehead,original_roi,0.0050293849476368176
04006.png,under-eyes,original_roi,0.004677501881325752
04006.png,left-cheek,smooth_1_sigma_1.5,0.005416801560842203
04006.png,right-cheek,smooth_1_sigma_1.5,
04006.png,bottom-face,smooth_1_sigma_1.5,0.006642452785250147
04006.png,forehead,smooth_1_sigma_1.5,0.00536299780364077
04006.png,under-eyes,smooth_1_sigma_1.5,0.004911618119986165
04006.png,left-cheek,smooth_2_sigma_2.5,0.005459483677324343
04006.png,right-cheek,smooth_2_sigma_2.5,
04006.png,bottom-face,smooth_2_sigma_2.5,0.00671534118005384
04006.png,forehead,smooth_2_sigma_2.5,0.005421187491717908
04006.png,under-eyes,smooth_2_sigma_2.5,0.004960571016990794
04007.png,left-cheek,original_roi,0.003312274103721736
04007.png,right-cheek,original_roi,0.0035107877381883854
04007.png,bottom-face,original_roi,0.0036888086198363194
04007.png,forehead,original_roi,0.0035148492918146475
04007.png,under-eyes,original_roi,0.003608722490845591
04007.png,left-cheek,smooth_1_sigma_1.5,0.003344180545692373
04007.png,right-cheek,smooth_1_sigma_1.5,0.003553528450376876
04007.png,bottom-face,smooth_1_sigma_1.5,0.0037589103871707163
04007.png,forehead,smooth_1_sigma_1.5,0.003562281771885383
04007.png,under-eyes,smooth_1_sigma_1.5,0.0036746447545521416
04007.png,left-cheek,smooth_2_sigma_2.5,0.0033564092611807267
04007.png,right-cheek,smooth_2_sigma_2.5,0.0035662769945637887
04007.png,bottom-face,smooth_2_sigma_2.5,0.0037762312925100705
04007.png,forehead,smooth_2_sigma_2.5,0.0035781696572203263
04007.png,under-eyes,smooth_2_sigma_2.5,0.003693130939778004
04008.png,left-cheek,original_roi,0.004979232726693929
04008.png,right-cheek,original_roi,0.0045117382348488924
04008.png,bottom-face,original_roi,0.00487915670124028
04008.png,forehead,original_roi,0.00476877534177646
04008.png,under-eyes,original_roi,0.004766103394984606
04008.png,left-cheek,smooth_1_sigma_1.5,0.005126784008177227
04008.png,right-cheek,smooth_1_sigma_1.5,0.004603172229826698
04008.png,bottom-face,smooth_1_sigma_1.5,0.005016024576528512
04008.png,forehead,smooth_1_sigma_1.5,0.00495833148355106
04008.png,under-eyes,smooth_1_sigma_1.5,0.005020797535361156
04008.png,left-cheek,smooth_2_sigma_2.5,0.005161086761532592
04008.png,right-cheek,smooth_2_sigma_2.5,0.0046283308208297045
04008.png,bottom-face,smooth_2_sigma_2.5,0.005052351861013567
04008.png,forehead,smooth_2_sigma_2.5,0.0050026422180555865
04008.png,under-eyes,smooth_2_sigma_2.5,0.005079327935692028
04009.png,left-cheek,original_roi,0.0038622447215261044
04009.png,right-cheek,original_roi,0.003697271443955587
04009.png,bottom-face,original_roi,0.004155892580995191
04009.png,forehead,original_roi,0.003976419210943344
04009.png,under-eyes,original_roi,0.0041075545268162315
04009.png,left-cheek,smooth_1_sigma_1.5,0.003946982088268323
04009.png,right-cheek,smooth_1_sigma_1.5,0.0037639626589199868
04009.png,bottom-face,smooth_1_sigma_1.5,0.004255659463897263
04009.png,forehead,smooth_1_sigma_1.5,0.004139063846945473
04009.png,under-eyes,smooth_1_sigma_1.5,0.004221933493815238
04009.png,left-cheek,smooth_2_sigma_2.5,0.003967422819768897
04009.png,right-cheek,smooth_2_sigma_2.5,0.0037804484250384134
04009.png,bottom-face,smooth_2_sigma_2.5,0.004279825351149919
04009.png,forehead,smooth_2_sigma_2.5,0.004172715648173696
04009.png,under-eyes,smooth_2_sigma_2.5,0.0042475771874171874
04011.png,left-cheek,original_roi,0.005299164974796502
04011.png,right-cheek,original_roi,0.004250688602181231
04011.png,bottom-face,original_roi,0.004654154196114865
04011.png,forehead,original_roi,0.004184797103484217
04011.png,under-eyes,original_roi,0.0043355677937193
04011.png,left-cheek,smooth_1_sigma_1.5,0.005440667940864184
04011.png,right-cheek,smooth_1_sigma_1.5,0.004356335403509692
04011.png,bottom-face,smooth_1_sigma_1.5,0.004784477363807982
04011.png,forehead,smooth_1_sigma_1.5,0.004319538429576891
04011.png,under-eyes,smooth_1_sigma_1.5,0.004619102180118779
04011.png,left-cheek,smooth_2_sigma_2.5,0.005483070079375662
04011.png,right-cheek,smooth_2_sigma_2.5,0.004387452615912594
04011.png,bottom-face,smooth_2_sigma_2.5,0.004829312553258267
04011.png,forehead,smooth_2_sigma_2.5,0.004367344247511226
04011.png,under-eyes,smooth_2_sigma_2.5,0.004742065584149386
04012.png,left-cheek,original_roi,0.004828291140454173
04012.png,right-cheek,original_roi,0.004802904835481148
04012.png,bottom-face,original_roi,0.004326935913672277
04012.png,forehead,original_roi,0.004041484338818437
04012.png,under-eyes,original_roi,0.008384125544655308
04012.png,left-cheek,smooth_1_sigma_1.5,0.005032642751889004
04012.png,right-cheek,smooth_1_sigma_1.5,0.004990909070712811
04012.png,bottom-face,smooth_1_sigma_1.5,0.004435056866430378
04012.png,forehead,smooth_1_sigma_1.5,0.00426486703108924
04012.png,under-eyes,smooth_1_sigma_1.5,0.008897739765813274
04012.png,left-cheek,smooth_2_sigma_2.5,0.005116031306785954
04012.png,right-cheek,smooth_2_sigma_2.5,0.0050858299987553415
04012.png,bottom-face,smooth_2_sigma_2.5,0.004462302826058488
04012.png,forehead,smooth_2_sigma_2.5,0.0044431169943723444
04012.png,under-eyes,smooth_2_sigma_2.5,0.009120469960931915
04014.png,left-cheek,original_roi,0.004235158019852388
04014.png,right-cheek,original_roi,0.0042820896162084334
04014.png,bottom-face,original_roi,0.0043703360808581195
04014.png,forehead,original_roi,0.004309482734872174
04014.png,under-eyes,original_roi,0.004557245630531007
04014.png,left-cheek,smooth_1_sigma_1.5,0.0042964950542979715
04014.png,right-cheek,smooth_1_sigma_1.5,0.004346625710492061
04014.png,bottom-face,smooth_1_sigma_1.5,0.004427115073292935
04014.png,forehead,smooth_1_sigma_1.5,0.0044066290388274695
04014.png,under-eyes,smooth_1_sigma_1.5,0.004645039597919784
04014.png,left-cheek,smooth_2_sigma_2.5,0.0043134108012350784
04014.png,right-cheek,smooth_2_sigma_2.5,0.00436331018562713
04014.png,bottom-face,smooth_2_sigma_2.5,0.004446602105798461
04014.png,forehead,smooth_2_sigma_2.5,0.004426896491729382
04014.png,under-eyes,smooth_2_sigma_2.5,0.0046686595726866
04015.png,left-cheek,original_roi,0.0039756065665769325
04015.png,right-cheek,original_roi,0.004390153543628958
04015.png,bottom-face,original_roi,0.004502306257835621
04015.png,forehead,original_roi,0.0040680099542206695
04015.png,under-eyes,original_roi,0.003907010678484448
04015.png,left-cheek,smooth_1_sigma_1.5,0.0040069844300147945
04015.png,right-cheek,smooth_1_sigma_1.5,0.004496662485899163
04015.png,bottom-face,smooth_1_sigma_1.5,0.0045772698806799215
04015.png,forehead,smooth_1_sigma_1.5,0.004182235955312502
04015.png,under-eyes,smooth_1_sigma_1.5,0.00395468285314247
04015.png,left-cheek,smooth_2_sigma_2.5,0.004020494438152505
04015.png,right-cheek,smooth_2_sigma_2.5,0.00448784510502062
04015.png,bottom-face,smooth_2_sigma_2.5,0.004605453310109326
04015.png,forehead,smooth_2_sigma_2.5,0.004239906959529167
04015.png,under-eyes,smooth_2_sigma_2.5,0.0039703417712005085
04017.png,left-cheek,original_roi,0.003941901493047971
04017.png,right-cheek,original_roi,0.004538776729255187
04017.png,bottom-face,original_roi,0.004601905582737356
04017.png,forehead,original_roi,0.0066658461415154404
04017.png,under-eyes,original_roi,0.004648496528281387
04017.png,left-cheek,smooth_1_sigma_1.5,0.004002016270799305
04017.png,right-cheek,smooth_1_sigma_1.5,0.004654774468912108
04017.png,bottom-face,smooth_1_sigma_1.5,0.004718263261494868
04017.png,forehead,smooth_1_sigma_1.5,0.007148698573192164
04017.png,under-eyes,smooth_1_sigma_1.5,0.004827586008450656
04017.png,left-cheek,smooth_2_sigma_2.5,0.004024722413668686
04017.png,right-cheek,smooth_2_sigma_2.5,0.004683574962872057
04017.png,bottom-face,smooth_2_sigma_2.5,0.004751904988465465
04017.png,forehead,smooth_2_sigma_2.5,0.007307185540608074
04017.png,under-eyes,smooth_2_sigma_2.5,0.004904248707271943
04019.png,left-cheek,original_roi,0.0037516847300652126
04019.png,right-cheek,original_roi,0.0036483744348015097
04019.png,bottom-face,original_roi,0.004345037554413934
04019.png,forehead,original_roi,0.011835342775642042
04019.png,under-eyes,original_roi,0.003720978985399322
04019.png,left-cheek,smooth_1_sigma_1.5,0.0037783064521148915
04019.png,right-cheek,smooth_1_sigma_1.5,0.003668555435043945
04019.png,bottom-face,smooth_1_sigma_1.5,0.004420169235433419
04019.png,forehead,smooth_1_sigma_1.5,0.01327485057697105
04019.png,under-eyes,smooth_1_sigma_1.5,0.003764183395944858
04019.png,left-cheek,smooth_2_sigma_2.5,0.003791759695985327
04019.png,right-cheek,smooth_2_sigma_2.5,0.00368000904293604
04019.png,bottom-face,smooth_2_sigma_2.5,0.004458064482339563
04019.png,forehead,smooth_2_sigma_2.5,0.014216784198139596
04019.png,under-eyes,smooth_2_sigma_2.5,0.003778650199526063
04020.png,left-cheek,original_roi,0.005318605116255609
04020.png,right-cheek,original_roi,0.005622390772753879
04020.png,bottom-face,original_roi,0.007981310336230974
04020.png,forehead,original_roi,0.005932356776187367
04020.png,under-eyes,original_roi,0.0058540499084809225
04020.png,left-cheek,smooth_1_sigma_1.5,0.005468650230687951
04020.png,right-cheek,smooth_1_sigma_1.5,0.005784189247575065
04020.png,bottom-face,smooth_1_sigma_1.5,0.008294974575837187
04020.png,forehead,smooth_1_sigma_1.5,0.006179229079360965
04020.png,under-eyes,smooth_1_sigma_1.5,0.006107506201108526
04020.png,left-cheek,smooth_2_sigma_2.5,0.0055015561920508105
04020.png,right-cheek,smooth_2_sigma_2.5,0.0058243880940267
04020.png,bottom-face,smooth_2_sigma_2.5,0.008393125977748193
04020.png,forehead,smooth_2_sigma_2.5,0.006230639961673795
04020.png,under-eyes,smooth_2_sigma_2.5,0.0061689426012700175
04023.png,left-cheek,original_roi,0.003576656564347599
04023.png,right-cheek,original_roi,0.0034199287025737622
04023.png,bottom-face,original_roi,0.00405937350966268
04023.png,forehead,original_roi,0.003429039596016011
04023.png,under-eyes,original_roi,0.003505640616593111
04023.png,left-cheek,smooth_1_sigma_1.5,0.003616468419049142
04023.png,right-cheek,smooth_1_sigma_1.5,0.003458863107292797
04023.png,bottom-face,smooth_1_sigma_1.5,0.00411804520701143
04023.png,forehead,smooth_1_sigma_1.5,0.0035340351786422156
04023.png,under-eyes,smooth_1_sigma_1.5,0.003557917372460702
04023.png,left-cheek,smooth_2_sigma_2.5,0.0036318587450176764
04023.png,right-cheek,smooth_2_sigma_2.5,0.0034703624737152023
04023.png,bottom-face,smooth_2_sigma_2.5,0.004137437572661255
04023.png,forehead,smooth_2_sigma_2.5,0.0035579857062897945
04023.png,under-eyes,smooth_2_sigma_2.5,0.003572001505015151
04024.png,left-cheek,original_roi,0.003795933585295067
04024.png,right-cheek,original_roi,0.003759629610281413
04024.png,bottom-face,original_roi,0.004137037407201949
04024.png,forehead,original_roi,0.0035260192262296856
04024.png,under-eyes,original_roi,0.003911501086756146
04024.png,left-cheek,smooth_1_sigma_1.5,0.003841034264821793
04024.png,right-cheek,smooth_1_sigma_1.5,0.0038130340245116144
04024.png,bottom-face,smooth_1_sigma_1.5,0.004188839144109295
04024.png,forehead,smooth_1_sigma_1.5,0.0036445997779890552
04024.png,under-eyes,smooth_1_sigma_1.5,0.004036656863049353
04024.png,left-cheek,smooth_2_sigma_2.5,0.003854069073440718
04024.png,right-cheek,smooth_2_sigma_2.5,0.003827627749315599
04024.png,bottom-face,smooth_2_sigma_2.5,0.004209808801592825
04024.png,forehead,smooth_2_sigma_2.5,0.0036807634540780834
04024.png,under-eyes,smooth_2_sigma_2.5,0.004070982184493188
04027.png,left-cheek,original_roi,0.004415479928744162
04027.png,right-cheek,original_roi,0.004031141190022807
04027.png,bottom-face,original_roi,0.004894969938216699
04027.png,forehead,original_roi,0.0040245326093174445
04027.png,under-eyes,original_roi,0.0037710556068182547
04027.png,left-cheek,smooth_1_sigma_1.5,0.0044974350220082365
04027.png,right-cheek,smooth_1_sigma_1.5,0.004103027600763409
04027.png,bottom-face,smooth_1_sigma_1.5,0.0050066140707178625
04027.png,forehead,smooth_1_sigma_1.5,0.004148573726277795
04027.png,under-eyes,smooth_1_sigma_1.5,0.0038691632464752474
04027.png,left-cheek,smooth_2_sigma_2.5,0.004519673040786953
04027.png,right-cheek,smooth_2_sigma_2.5,0.004121081991614381
04027.png,bottom-face,smooth_2_sigma_2.5,0.005039813261176385
04027.png,forehead,smooth_2_sigma_2.5,0.0041752285290386675
04027.png,under-eyes,smooth_2_sigma_2.5,0.003909456299233547
04037.png,left-cheek,original_roi,0.00461933012624983
04037.png,right-cheek,original_roi,0.004959800349796909
04037.png,bottom-face,original_roi,0.005622701076475906
04037.png,forehead,original_roi,0.005018398575707025
04037.png,under-eyes,original_roi,0.004960256994308704
04037.png,left-cheek,smooth_1_sigma_1.5,0.004759066905075687
04037.png,right-cheek,smooth_1_sigma_1.5,0.005111987063241975
04037.png,bottom-face,smooth_1_sigma_1.5,0.005774386756491641
04037.png,forehead,smooth_1_sigma_1.5,0.0051942190206733345
04037.png,under-eyes,smooth_1_sigma_1.5,0.005121952538076487
04037.png,left-cheek,smooth_2_sigma_2.5,0.004795092644012791
04037.png,right-cheek,smooth_2_sigma_2.5,0.0051712218838572965
04037.png,bottom-face,smooth_2_sigma_2.5,0.0058227020256646405
04037.png,forehead,smooth_2_sigma_2.5,0.005232522578022405
04037.png,under-eyes,smooth_2_sigma_2.5,0.005156045969613782
04047.png,left-cheek,original_roi,0.00824642310682081
04047.png,right-cheek,original_roi,0.006410744453091954
04047.png,bottom-face,original_roi,0.00925401056825841
04047.png,forehead,original_roi,0.004454854278109433
04047.png,under-eyes,original_roi,0.0041725583616036
04047.png,left-cheek,smooth_1_sigma_1.5,0.009146269110029264
04047.png,right-cheek,smooth_1_sigma_1.5,0.006900852288913762
04047.png,bottom-face,smooth_1_sigma_1.5,0.010185468144941116
04047.png,forehead,smooth_1_sigma_1.5,0.004711224689300009
04047.png,under-eyes,smooth_1_sigma_1.5,0.004375516323578165
04047.png,left-cheek,smooth_2_sigma_2.5,0.009287790173689903
04047.png,right-cheek,smooth_2_sigma_2.5,0.006975174610918798
04047.png,bottom-face,smooth_2_sigma_2.5,0.010316698190516496
04047.png,forehead,smooth_2_sigma_2.5,0.0047500713707650435
04047.png,under-eyes,smooth_2_sigma_2.5,0.004419987838695847
04051.png,left-cheek,original_roi,0.004212827313007325
04051.png,right-cheek,original_roi,0.003997737715143765
04051.png,bottom-face,original_roi,0.004528317205386515
04051.png,forehead,original_roi,0.007139882626249748
04051.png,under-eyes,original_roi,0.004633201139296921
04051.png,left-cheek,smooth_1_sigma_1.5,0.00428807020854552
04051.png,right-cheek,smooth_1_sigma_1.5,0.004069746468926675
04051.png,bottom-face,smooth_1_sigma_1.5,0.004628324809579825
04051.png,forehead,smooth_1_sigma_1.5,0.00816115928192911
04051.png,under-eyes,smooth_1_sigma_1.5,0.0048463942397321816
04051.png,left-cheek,smooth_2_sigma_2.5,0.004305720217869523
04051.png,right-cheek,smooth_2_sigma_2.5,0.004085913959297902
04051.png,bottom-face,smooth_2_sigma_2.5,0.004661119737582998
04051.png,forehead,smooth_2_sigma_2.5,0.008613388463457449
04051.png,under-eyes,smooth_2_sigma_2.5,0.004913896686797863
04052.png,left-cheek,original_roi,0.0045050696899449506
04052.png,right-cheek,original_roi,0.00472091385873766
04052.png,bottom-face,original_roi,0.005294878032020778
04052.png,forehead,original_roi,0.0043613129427955925
04052.png,under-eyes,original_roi,0.004589850193792651
04052.png,left-cheek,smooth_1_sigma_1.5,0.004627903039621814
04052.png,right-cheek,smooth_1_sigma_1.5,0.004831562325945798
04052.png,bottom-face,smooth_1_sigma_1.5,0.005474859651330679
04052.png,forehead,smooth_1_sigma_1.5,0.00449741557546612
04052.png,under-eyes,smooth_1_sigma_1.5,0.004769316560499622
04052.png,left-cheek,smooth_2_sigma_2.5,0.004685266257485871
04052.png,right-cheek,smooth_2_sigma_2.5,0.004864320323836061
04052.png,bottom-face,smooth_2_sigma_2.5,0.005533026329661567
04052.png,forehead,smooth_2_sigma_2.5,0.004545784158410236
04052.png,under-eyes,smooth_2_sigma_2.5,0.0048577501508623696
04055.png,left-cheek,original_roi,0.005214859387169377
04055.png,right-cheek,original_roi,0.004200499198654117
04055.png,bottom-face,original_roi,0.004550534236093889
04055.png,forehead,original_roi,0.009197111504100887
04055.png,under-eyes,original_roi,0.004935537932854136
04055.png,left-cheek,smooth_1_sigma_1.5,0.005542343956361864
04055.png,right-cheek,smooth_1_sigma_1.5,0.004394784607424669
04055.png,bottom-face,smooth_1_sigma_1.5,0.006067487659278849
04055.png,forehead,smooth_1_sigma_1.5,0.009980280381055846
04055.png,under-eyes,smooth_1_sigma_1.5,0.0053090331679717636
04055.png,left-cheek,smooth_2_sigma_2.5,0.00560737755850804
04055.png,right-cheek,smooth_2_sigma_2.5,0.004429289611291916
04055.png,bottom-face,smooth_2_sigma_2.5,0.006461446402140231
04055.png,forehead,smooth_2_sigma_2.5,0.01018069295233252
04055.png,under-eyes,smooth_2_sigma_2.5,0.00544499947990328
04057.png,left-cheek,original_roi,0.005554843319862353
04057.png,right-cheek,original_roi,0.005937764277010949
04057.png,bottom-face,original_roi,0.006782771624492873
04057.png,forehead,original_roi,0.006029928156902598
04057.png,under-eyes,original_roi,0.0057456897012050775
04057.png,left-cheek,smooth_1_sigma_1.5,0.00577676514718046
04057.png,right-cheek,smooth_1_sigma_1.5,0.0061567392524977055
04057.png,bottom-face,smooth_1_sigma_1.5,0.0069736066133802635
04057.png,forehead,smooth_1_sigma_1.5,0.0063108414392083236
04057.png,under-eyes,smooth_1_sigma_1.5,0.00600646170819584
04057.png,left-cheek,smooth_2_sigma_2.5,0.005811567868184627
04057.png,right-cheek,smooth_2_sigma_2.5,0.006190802385932049
04057.png,bottom-face,smooth_2_sigma_2.5,0.007032795952954491
04057.png,forehead,smooth_2_sigma_2.5,0.006354348255586302
04057.png,under-eyes,smooth_2_sigma_2.5,0.0060679216150415
04058.png,left-cheek,original_roi,0.005289061386606541
04058.png,right-cheek,original_roi,0.004984867128251556
04058.png,bottom-face,original_roi,0.005389892664148091
04058.png,forehead,original_roi,0.004936224204160504
04058.png,under-eyes,original_roi,0.005073294294054669
04058.png,left-cheek,smooth_1_sigma_1.5,0.005439742742940162
04058.png,right-cheek,smooth_1_sigma_1.5,0.005122133451116767
04058.png,bottom-face,smooth_1_sigma_1.5,0.0055045353204275236
04058.png,forehead,smooth_1_sigma_1.5,0.005131951018404933
04058.png,under-eyes,smooth_1_sigma_1.5,0.005216482129118253
04058.png,left-cheek,smooth_2_sigma_2.5,0.005472841978900944
04058.png,right-cheek,smooth_2_sigma_2.5,0.005156993572525474
04058.png,bottom-face,smooth_2_sigma_2.5,0.005539495693301104
04058.png,forehead,smooth_2_sigma_2.5,0.005172489210733999
04058.png,under-eyes,smooth_2_sigma_2.5,0.005252191275084403
04059.png,left-cheek,original_roi,
04059.png,right-cheek,original_roi,0.00441066167346128
04059.png,bottom-face,original_roi,0.005207377868203067
04059.png,forehead,original_roi,0.005057678290399627
04059.png,under-eyes,original_roi,0.004775815337010714
04059.png,left-cheek,smooth_1_sigma_1.5,
04059.png,right-cheek,smooth_1_sigma_1.5,0.004463947707797872
04059.png,bottom-face,smooth_1_sigma_1.5,0.005283196035930208
04059.png,forehead,smooth_1_sigma_1.5,0.005232137049202013
04059.png,under-eyes,smooth_1_sigma_1.5,0.004913325727453477
04059.png,left-cheek,smooth_2_sigma_2.5,
04059.png,right-cheek,smooth_2_sigma_2.5,0.0044832600016619355
04059.png,bottom-face,smooth_2_sigma_2.5,0.005315944015719342
04059.png,forehead,smooth_2_sigma_2.5,0.005302137038118426
04059.png,under-eyes,smooth_2_sigma_2.5,0.004965757174914095
04060.png,left-cheek,original_roi,0.005764408488308315
04060.png,right-cheek,original_roi,0.005905274392382578
04060.png,bottom-face,original_roi,0.005271877911734718
04060.png,forehead,original_roi,0.0046105260031901645
04060.png,under-eyes,original_roi,0.007428222607235464
04060.png,left-cheek,smooth_1_sigma_1.5,0.006183893975849316
04060.png,right-cheek,smooth_1_sigma_1.5,0.006349632462859295
04060.png,bottom-face,smooth_1_sigma_1.5,0.00563429390454825
04060.png,forehead,smooth_1_sigma_1.5,0.005118214966300114
04060.png,under-eyes,smooth_1_sigma_1.5,0.009577706680549879
04060.png,left-cheek,smooth_2_sigma_2.5,0.006301151110202223
04060.png,right-cheek,smooth_2_sigma_2.5,0.006468641823532373
04060.png,bottom-face,smooth_2_sigma_2.5,0.005704674328133686
04060.png,forehead,smooth_2_sigma_2.5,0.005347916042510763
04060.png,under-eyes,smooth_2_sigma_2.5,0.011525806397571042
04061.png,left-cheek,original_roi,0.009297877572985598
04061.png,right-cheek,original_roi,0.008197338901209673
04061.png,bottom-face,original_roi,0.014970658600772046
04061.png,forehead,original_roi,0.008446238781875958
04061.png,under-eyes,original_roi,0.007122335009975437
04061.png,left-cheek,smooth_1_sigma_1.5,0.010214276021637552
04061.png,right-cheek,smooth_1_sigma_1.5,0.00888805702365804
04061.png,bottom-face,smooth_1_sigma_1.5,0.016729993919163768
04061.png,forehead,smooth_1_sigma_1.5,0.00973479538449428
04061.png,under-eyes,smooth_1_sigma_1.5,0.007902919731975077
04061.png,left-cheek,smooth_2_sigma_2.5,0.010340291206413763
04061.png,right-cheek,smooth_2_sigma_2.5,0.009012874272540486
04061.png,bottom-face,smooth_2_sigma_2.5,0.01711129116781169
04061.png,forehead,smooth_2_sigma_2.5,0.0099054533257813
04061.png,under-eyes,smooth_2_sigma_2.5,0.008054185322600731
04064.png,left-cheek,original_roi,0.0037718882168615866
04064.png,right-cheek,original_roi,0.0038658158327167388
04064.png,bottom-face,original_roi,0.00466674071196315
04064.png,forehead,original_roi,0.00401842130019591
04064.png,under-eyes,original_roi,0.003634449408024637
04064.png,left-cheek,smooth_1_sigma_1.5,0.003833934293101678
04064.png,right-cheek,smooth_1_sigma_1.5,0.003939068416354491
04064.png,bottom-face,smooth_1_sigma_1.5,0.00477549074885153
04064.png,forehead,smooth_1_sigma_1.5,0.004260117022762768
04064.png,under-eyes,smooth_1_sigma_1.5,0.003716593715503434
04064.png,left-cheek,smooth_2_sigma_2.5,0.0038467909895507284
04064.png,right-cheek,smooth_2_sigma_2.5,0.003953244103000817
04064.png,bottom-face,smooth_2_sigma_2.5,0.004806959110458413
04064.png,forehead,smooth_2_sigma_2.5,0.004347224528350907
04064.png,under-eyes,smooth_2_sigma_2.5,0.0037336821596649565
04068.png,left-cheek,original_roi,0.003938177476110835
04068.png,right-cheek,original_roi,0.0038542515137077555
04068.png,bottom-face,original_roi,0.003911847589586596
04068.png,forehead,original_roi,0.0034507387459976513
04068.png,under-eyes,original_roi,0.0035267338412840956
04068.png,left-cheek,smooth_1_sigma_1.5,0.004185777458301449
04068.png,right-cheek,smooth_1_sigma_1.5,0.004025393385327454
04068.png,bottom-face,smooth_1_sigma_1.5,0.0041274907552089094
04068.png,forehead,smooth_1_sigma_1.5,0.003576402622631192
04068.png,under-eyes,smooth_1_sigma_1.5,0.003734760997811715
04068.png,left-cheek,smooth_2_sigma_2.5,0.004226000165504328
04068.png,right-cheek,smooth_2_sigma_2.5,0.004047800175087578
04068.png,bottom-face,smooth_2_sigma_2.5,0.0041601326454891565
04068.png,forehead,smooth_2_sigma_2.5,0.0035970597817639935
04068.png,under-eyes,smooth_2_sigma_2.5,0.003780021255058263
04073.png,left-cheek,original_roi,0.005106099902089048
04073.png,right-cheek,original_roi,0.005456526197696829
04073.png,bottom-face,original_roi,0.006058219110922911
04073.png,forehead,original_roi,0.004456358437779252
04073.png,under-eyes,original_roi,0.005287394095020509
04073.png,left-cheek,smooth_1_sigma_1.5,0.005197156225090866
04073.png,right-cheek,smooth_1_sigma_1.5,0.005542055709184245
04073.png,bottom-face,smooth_1_sigma_1.5,0.00618558737262541
04073.png,forehead,smooth_1_sigma_1.5,0.0046416154916218855
04073.png,under-eyes,smooth_1_sigma_1.5,0.005615720674943938
04073.png,left-cheek,smooth_2_sigma_2.5,0.005226880964918069
04073.png,right-cheek,smooth_2_sigma_2.5,0.005576917482459655
04073.png,bottom-face,smooth_2_sigma_2.5,0.0062281420994071855
04073.png,forehead,smooth_2_sigma_2.5,0.00472199961626683
04073.png,under-eyes,smooth_2_sigma_2.5,0.005779204849480031
04080.png,left-cheek,original_roi,0.003532438524772341
04080.png,right-cheek,original_roi,0.0034668707500983107
04080.png,bottom-face,original_roi,0.004034947749376441
04080.png,forehead,original_roi,0.0033334093323126837
04080.png,under-eyes,original_roi,0.003557852496837053
04080.png,left-cheek,smooth_1_sigma_1.5,0.0035868882980167206
04080.png,right-cheek,smooth_1_sigma_1.5,0.003509118907562119
04080.png,bottom-face,smooth_1_sigma_1.5,0.004141559815198432
04080.png,forehead,smooth_1_sigma_1.5,0.0037505152516122543
04080.png,under-eyes,smooth_1_sigma_1.5,0.003656278522247478
04080.png,left-cheek,smooth_2_sigma_2.5,0.003599534392865022
04080.png,right-cheek,smooth_2_sigma_2.5,0.003522168481289404
04080.png,bottom-face,smooth_2_sigma_2.5,0.004171717149016845
04080.png,forehead,smooth_2_sigma_2.5,0.003886104503437738
04080.png,under-eyes,smooth_2_sigma_2.5,0.0036784444125555022
04086.png,left-cheek,original_roi,0.0038896195518549753
04086.png,right-cheek,original_roi,0.004039568747327893
04086.png,bottom-face,original_roi,0.0041700555357252
04086.png,forehead,original_roi,0.0039309116382796536
04086.png,under-eyes,original_roi,0.004588090503246069
04086.png,left-cheek,smooth_1_sigma_1.5,0.004051380105426753
04086.png,right-cheek,smooth_1_sigma_1.5,0.004153508930992538
04086.png,bottom-face,smooth_1_sigma_1.5,0.004241116502425914
04086.png,forehead,smooth_1_sigma_1.5,0.004056273565752651
04086.png,under-eyes,smooth_1_sigma_1.5,0.004870440999182971
04086.png,left-cheek,smooth_2_sigma_2.5,0.004134866876440055
04086.png,right-cheek,smooth_2_sigma_2.5,0.004203633923456773
04086.png,bottom-face,smooth_2_sigma_2.5,0.004263632688476523
04086.png,forehead,smooth_2_sigma_2.5,0.004098078404094909
04086.png,under-eyes,smooth_2_sigma_2.5,0.005038058666404537
04089.png,left-cheek,original_roi,0.0055832366463331425
04089.png,right-cheek,original_roi,0.0054600763782504235
04089.png,bottom-face,original_roi,0.006588671829582459
04089.png,forehead,original_roi,0.004330606406814203
04089.png,under-eyes,original_roi,0.004267150610440325
04089.png,left-cheek,smooth_1_sigma_1.5,0.006021608035218748
04089.png,right-cheek,smooth_1_sigma_1.5,0.005847616110094382
04089.png,bottom-face,smooth_1_sigma_1.5,0.0069371906910568135
04089.png,forehead,smooth_1_sigma_1.5,0.004537885923653739
04089.png,under-eyes,smooth_1_sigma_1.5,0.004505525682585845
04089.png,left-cheek,smooth_2_sigma_2.5,0.00616887110056998
04089.png,right-cheek,smooth_2_sigma_2.5,0.0059437037554705046
04089.png,bottom-face,smooth_2_sigma_2.5,0.006992946202569074
04089.png,forehead,smooth_2_sigma_2.5,0.0045650316813718285
04089.png,under-eyes,smooth_2_sigma_2.5,0.0045679513823366465
04094.png,left-cheek,original_roi,0.00542928297516522
04094.png,right-cheek,original_roi,0.0060765794372827685
04094.png,bottom-face,original_roi,0.007030788491273181
04094.png,forehead,original_roi,0.005144118758413256
04094.png,under-eyes,original_roi,0.0055588174168553295
04094.png,left-cheek,smooth_1_sigma_1.5,0.005736588370650831
04094.png,right-cheek,smooth_1_sigma_1.5,0.006545878011812284
04094.png,bottom-face,smooth_1_sigma_1.5,0.0078095626220296525
04094.png,forehead,smooth_1_sigma_1.5,0.005480497527095591
04094.png,under-eyes,smooth_1_sigma_1.5,0.006397103518500581
04094.png,left-cheek,smooth_2_sigma_2.5,0.005806056146138677
04094.png,right-cheek,smooth_2_sigma_2.5,0.006670663521033723
04094.png,bottom-face,smooth_2_sigma_2.5,0.007956503230891528
04094.png,forehead,smooth_2_sigma_2.5,0.005550255116009733
04094.png,under-eyes,smooth_2_sigma_2.5,0.006960669299470424
04095.png,left-cheek,original_roi,0.0049596777390056995
04095.png,right-cheek,original_roi,0.00429497392826438
04095.png,bottom-face,original_roi,0.0046251480480436055
04095.png,forehead,original_roi,0.005738662853617551
04095.png,under-eyes,original_roi,0.004713511953573137
04095.png,left-cheek,smooth_1_sigma_1.5,0.005146650909567099
04095.png,right-cheek,smooth_1_sigma_1.5,0.004491502226548763
04095.png,bottom-face,smooth_1_sigma_1.5,0.004820746890557863
04095.png,forehead,smooth_1_sigma_1.5,0.00625146808119892
04095.png,under-eyes,smooth_1_sigma_1.5,0.004918803805800698
04095.png,left-cheek,smooth_2_sigma_2.5,0.0051844627568107884
04095.png,right-cheek,smooth_2_sigma_2.5,0.0045185730923001715
04095.png,bottom-face,smooth_2_sigma_2.5,0.004854858636766035
04095.png,forehead,smooth_2_sigma_2.5,0.006426409994556939
04095.png,under-eyes,smooth_2_sigma_2.5,0.004954794114930504
04098.png,left-cheek,original_roi,0.0068871792348960854
04098.png,right-cheek,original_roi,0.0035702696859109843
04098.png,bottom-face,original_roi,0.004988882924390436
04098.png,forehead,original_roi,0.004081388215671904
04098.png,under-eyes,original_roi,0.005011037485607035
04098.png,left-cheek,smooth_1_sigma_1.5,0.007260036194023186
04098.png,right-cheek,smooth_1_sigma_1.5,0.00372563397686689
04098.png,bottom-face,smooth_1_sigma_1.5,0.0052427139894615235
04098.png,forehead,smooth_1_sigma_1.5,0.004292603842445499
04098.png,under-eyes,smooth_1_sigma_1.5,0.005371084882327611
04098.png,left-cheek,smooth_2_sigma_2.5,0.007344998346339371
04098.png,right-cheek,smooth_2_sigma_2.5,0.0037752672354113078
04098.png,bottom-face,smooth_2_sigma_2.5,0.005298785940564003
04098.png,forehead,smooth_2_sigma_2.5,0.004331013334591652
04098.png,under-eyes,smooth_2_sigma_2.5,0.005485421056411506
04100.png,left-cheek,original_roi,0.0043460145003371906
04100.png,right-cheek,original_roi,0.005137480326983267
04100.png,bottom-face,original_roi,0.004930906222978529
04100.png,forehead,original_roi,0.004275322350415152
04100.png,under-eyes,original_roi,0.004961119165531066
04100.png,left-cheek,smooth_1_sigma_1.5,0.004505059586426408
04100.png,right-cheek,smooth_1_sigma_1.5,0.005371888903487895
04100.png,bottom-face,smooth_1_sigma_1.5,0.0051306139482109265
04100.png,forehead,smooth_1_sigma_1.5,0.004572377797904617
04100.png,under-eyes,smooth_1_sigma_1.5,0.005186047691575134
04100.png,left-cheek,smooth_2_sigma_2.5,0.0045347702147505295
04100.png,right-cheek,smooth_2_sigma_2.5,0.0054333159761142235
04100.png,bottom-face,smooth_2_sigma_2.5,0.005174642726980054
04100.png,forehead,smooth_2_sigma_2.5,0.004651753885994721
04100.png,under-eyes,smooth_2_sigma_2.5,0.005239957574136726
04101.png,left-cheek,original_roi,0.003842116076383617
04101.png,right-cheek,original_roi,0.004241070702258736
04101.png,bottom-face,original_roi,0.004016673368298268
04101.png,forehead,original_roi,0.004284002950726657
04101.png,under-eyes,original_roi,0.003726312162766539
04101.png,left-cheek,smooth_1_sigma_1.5,0.0038977968711354106
04101.png,right-cheek,smooth_1_sigma_1.5,0.004323846577501179
04101.png,bottom-face,smooth_1_sigma_1.5,0.0040931386622385605
04101.png,forehead,smooth_1_sigma_1.5,0.004627642424830418
04101.png,under-eyes,smooth_1_sigma_1.5,0.003807178538983635
04101.png,left-cheek,smooth_2_sigma_2.5,0.003908878245993849
04101.png,right-cheek,smooth_2_sigma_2.5,0.004341673000716908
04101.png,bottom-face,smooth_2_sigma_2.5,0.004115899007101962
04101.png,forehead,smooth_2_sigma_2.5,0.004755734237131891
04101.png,under-eyes,smooth_2_sigma_2.5,0.0038269092556087072
04102.png,left-cheek,original_roi,0.004026141807995488
04102.png,right-cheek,original_roi,0.003541829674514937
04102.png,bottom-face,original_roi,0.0040538730773534825
04102.png,forehead,original_roi,0.003954933791653992
04102.png,under-eyes,original_roi,0.003852615089948221
04102.png,left-cheek,smooth_1_sigma_1.5,0.0040859206661564606
04102.png,right-cheek,smooth_1_sigma_1.5,0.003593987052120238
04102.png,bottom-face,smooth_1_sigma_1.5,0.004130192002209912
04102.png,forehead,smooth_1_sigma_1.5,0.004070234746283139
04102.png,under-eyes,smooth_1_sigma_1.5,0.004188026031713732
04102.png,left-cheek,smooth_2_sigma_2.5,0.004101611523273499
04102.png,right-cheek,smooth_2_sigma_2.5,0.0036077526221393163
04102.png,bottom-face,smooth_2_sigma_2.5,0.004148590597237231
04102.png,forehead,smooth_2_sigma_2.5,0.004098784689901731
04102.png,under-eyes,smooth_2_sigma_2.5,0.0044526370495904495
04107.png,left-cheek,original_roi,0.0036610336694513942
04107.png,right-cheek,original_roi,0.003795692256920789
04107.png,bottom-face,original_roi,0.004935134535194899
04107.png,forehead,original_roi,0.004255618975217409
04107.png,under-eyes,original_roi,0.0037398124069158256
04107.png,left-cheek,smooth_1_sigma_1.5,0.0037508739840821986
04107.png,right-cheek,smooth_1_sigma_1.5,0.003905718309017616
04107.png,bottom-face,smooth_1_sigma_1.5,0.005152600510347745
04107.png,forehead,smooth_1_sigma_1.5,0.00440024056052232
04107.png,under-eyes,smooth_1_sigma_1.5,0.00385903077706645
04107.png,left-cheek,smooth_2_sigma_2.5,0.0037653880841718537
04107.png,right-cheek,smooth_2_sigma_2.5,0.0039298162968587165
04107.png,bottom-face,smooth_2_sigma_2.5,0.005195732134087702
04107.png,forehead,smooth_2_sigma_2.5,0.004425690411187251
04107.png,under-eyes,smooth_2_sigma_2.5,0.0038820048808934026
04108.png,left-cheek,original_roi,0.003978741702863968
04108.png,right-cheek,original_roi,0.00391933073223509
04108.png,bottom-face,original_roi,0.004616650292944965
04108.png,forehead,original_roi,0.004262416858764024
04108.png,under-eyes,original_roi,0.0041734951368812955
04108.png,left-cheek,smooth_1_sigma_1.5,0.004067285790472669
04108.png,right-cheek,smooth_1_sigma_1.5,0.004005563104246886
04108.png,bottom-face,smooth_1_sigma_1.5,0.004796853258114367
04108.png,forehead,smooth_1_sigma_1.5,0.004555307317265283
04108.png,under-eyes,smooth_1_sigma_1.5,0.004283663617631761
04108.png,left-cheek,smooth_2_sigma_2.5,0.004090689563882149
04108.png,right-cheek,smooth_2_sigma_2.5,0.004028469344255389
04108.png,bottom-face,smooth_2_sigma_2.5,0.00485552770398492
04108.png,forehead,smooth_2_sigma_2.5,0.004697317590573408
04108.png,under-eyes,smooth_2_sigma_2.5,0.004319221578628362
04109.png,left-cheek,original_roi,0.00821729073445919
04109.png,right-cheek,original_roi,0.004491850367068098
04109.png,bottom-face,original_roi,0.005569553233633605
04109.png,forehead,original_roi,0.004681726902573953
04109.png,under-eyes,original_roi,0.004527830398566233
04109.png,left-cheek,smooth_1_sigma_1.5,0.009637069410402942
04109.png,right-cheek,smooth_1_sigma_1.5,0.004699198294097302
04109.png,bottom-face,smooth_1_sigma_1.5,0.005864639244044458
04109.png,forehead,smooth_1_sigma_1.5,0.005039730292511433
04109.png,under-eyes,smooth_1_sigma_1.5,0.004711908082993744
04109.png,left-cheek,smooth_2_sigma_2.5,0.010965956608036325
04109.png,right-cheek,smooth_2_sigma_2.5,0.004730234167040098
04109.png,bottom-face,smooth_2_sigma_2.5,0.005941672985221807
04109.png,forehead,smooth_2_sigma_2.5,0.00510573098395206
04109.png,under-eyes,smooth_2_sigma_2.5,0.004757128885649093
04111.png,left-cheek,original_roi,0.004659219471920127
04111.png,right-cheek,original_roi,0.0044879610674205305
04111.png,bottom-face,original_roi,0.00716087407714223
04111.png,forehead,original_roi,0.004354690074709479
04111.png,under-eyes,original_roi,0.004759918455728178
04111.png,left-cheek,smooth_1_sigma_1.5,0.004778002200461402
04111.png,right-cheek,smooth_1_sigma_1.5,0.0045968848060487285
04111.png,bottom-face,smooth_1_sigma_1.5,0.008118389217188294
04111.png,forehead,smooth_1_sigma_1.5,0.004505825978393379
04111.png,under-eyes,smooth_1_sigma_1.5,0.004891973748494672
04111.png,left-cheek,smooth_2_sigma_2.5,0.004813691326461086
04111.png,right-cheek,smooth_2_sigma_2.5,0.004625030413794095
04111.png,bottom-face,smooth_2_sigma_2.5,0.00841847252285636
04111.png,forehead,smooth_2_sigma_2.5,0.00454554357732626
04111.png,under-eyes,smooth_2_sigma_2.5,0.00492586159062753
04112.png,left-cheek,original_roi,0.004999025439471877
04112.png,right-cheek,original_roi,0.003449993955134016
04112.png,bottom-face,original_roi,0.004362753907188096
04112.png,forehead,original_roi,0.0038173405099764016
04112.png,under-eyes,original_roi,0.0038841852433824835
04112.png,left-cheek,smooth_1_sigma_1.5,0.0054642282216801836
04112.png,right-cheek,smooth_1_sigma_1.5,0.0036010297408730903
04112.png,bottom-face,smooth_1_sigma_1.5,0.0051681754451880545
04112.png,forehead,smooth_1_sigma_1.5,0.004052285824208181
04112.png,under-eyes,smooth_1_sigma_1.5,0.0041213421570723266
04112.png,left-cheek,smooth_2_sigma_2.5,0.005547741303954882
04112.png,right-cheek,smooth_2_sigma_2.5,0.0036336898238715325
04112.png,bottom-face,smooth_2_sigma_2.5,0.005345322950648666
04112.png,forehead,smooth_2_sigma_2.5,0.004093588640429723
04112.png,under-eyes,smooth_2_sigma_2.5,0.004179535446408466
04113.png,left-cheek,original_roi,0.004879261956162667
04113.png,right-cheek,original_roi,0.005771094961765566
04113.png,bottom-face,original_roi,0.005746802059036535
04113.png,forehead,original_roi,0.005043165526343777
04113.png,under-eyes,original_roi,0.0055645959903514826
04113.png,left-cheek,smooth_1_sigma_1.5,0.004987571522414063
04113.png,right-cheek,smooth_1_sigma_1.5,0.005964617498395163
04113.png,bottom-face,smooth_1_sigma_1.5,0.005924590164168304
04113.png,forehead,smooth_1_sigma_1.5,0.005266050064055306
04113.png,under-eyes,smooth_1_sigma_1.5,0.00578734054881628
04113.png,left-cheek,smooth_2_sigma_2.5,0.005010955611345727
04113.png,right-cheek,smooth_2_sigma_2.5,0.006000230710317401
04113.png,bottom-face,smooth_2_sigma_2.5,0.005971951798246403
04113.png,forehead,smooth_2_sigma_2.5,0.005322270276600507
04113.png,under-eyes,smooth_2_sigma_2.5,0.005837257594394248
04114.png,left-cheek,original_roi,0.003563382922365957
04114.png,right-cheek,original_roi,0.004802381046258151
04114.png,bottom-face,original_roi,0.003861539082376704
04114.png,forehead,original_roi,0.003532834055795791
04114.png,under-eyes,original_roi,0.003595355003606975
04114.png,left-cheek,smooth_1_sigma_1.5,0.00366720297386122
04114.png,right-cheek,smooth_1_sigma_1.5,0.004962614896943342
04114.png,bottom-face,smooth_1_sigma_1.5,0.003977705791621263
04114.png,forehead,smooth_1_sigma_1.5,0.0036505913605739764
04114.png,under-eyes,smooth_1_sigma_1.5,0.00371034629617604
04114.png,left-cheek,smooth_2_sigma_2.5,0.0036834956237732884
04114.png,right-cheek,smooth_2_sigma_2.5,0.004975303258963583
04114.png,bottom-face,smooth_2_sigma_2.5,0.003996569642437647
04114.png,forehead,smooth_2_sigma_2.5,0.003673163667558059
04114.png,under-eyes,smooth_2_sigma_2.5,0.003734812220562669
04120.png,left-cheek,original_roi,0.005538732548357521
04120.png,right-cheek,original_roi,0.00506135318866962
04120.png,bottom-face,original_roi,0.005936778710312595
04120.png,forehead,original_roi,0.005001121868024632
04120.png,under-eyes,original_roi,0.005726457347736255
04120.png,left-cheek,smooth_1_sigma_1.5,0.005660378329904274
04120.png,right-cheek,smooth_1_sigma_1.5,0.005167584817241739
04120.png,bottom-face,smooth_1_sigma_1.5,0.0060883507749460615
04120.png,forehead,smooth_1_sigma_1.5,0.006175423600777748
04120.png,under-eyes,smooth_1_sigma_1.5,0.005917510445811053
04120.png,left-cheek,smooth_2_sigma_2.5,0.005691692391697194
04120.png,right-cheek,smooth_2_sigma_2.5,0.005194247571535227
04120.png,bottom-face,smooth_2_sigma_2.5,0.006125552927269454
04120.png,forehead,smooth_2_sigma_2.5,0.006634230257695224
04120.png,under-eyes,smooth_2_sigma_2.5,0.00595104466305271
04121.png,left-cheek,original_roi,0.003963208773286128
04121.png,right-cheek,original_roi,
04121.png,bottom-face,original_roi,0.004459002916146641
04121.png,forehead,original_roi,0.004512402609097683
04121.png,under-eyes,original_roi,0.004629120164101518
04121.png,left-cheek,smooth_1_sigma_1.5,0.004103814038646888
04121.png,right-cheek,smooth_1_sigma_1.5,
04121.png,bottom-face,smooth_1_sigma_1.5,0.004626601177744478
04121.png,forehead,smooth_1_sigma_1.5,0.004797235956584076
04121.png,under-eyes,smooth_1_sigma_1.5,0.0048791605835133145
04121.png,left-cheek,smooth_2_sigma_2.5,0.004128470220732309
04121.png,right-cheek,smooth_2_sigma_2.5,
04121.png,bottom-face,smooth_2_sigma_2.5,0.004656175513841859
04121.png,forehead,smooth_2_sigma_2.5,0.004864403188480978
04121.png,under-eyes,smooth_2_sigma_2.5,0.00494093189174435
04122.png,left-cheek,original_roi,0.003976675373879991
04122.png,right-cheek,original_roi,0.0034590601093356208
04122.png,bottom-face,original_roi,0.0038090746520415488
04122.png,forehead,original_roi,0.0056737157010327294
04122.png,under-eyes,original_roi,0.00448483504991729
04122.png,left-cheek,smooth_1_sigma_1.5,0.004072063917181629
04122.png,right-cheek,smooth_1_sigma_1.5,0.0035029826762851654
04122.png,bottom-face,smooth_1_sigma_1.5,0.0038972471344962123
04122.png,forehead,smooth_1_sigma_1.5,0.005939284425420086
04122.png,under-eyes,smooth_1_sigma_1.5,0.00454273319414869
04122.png,left-cheek,smooth_2_sigma_2.5,0.004117795348021478
04122.png,right-cheek,smooth_2_sigma_2.5,0.003517029693849301
04122.png,bottom-face,smooth_2_sigma_2.5,0.003932497888206441
04122.png,forehead,smooth_2_sigma_2.5,0.006002014484381305
04122.png,under-eyes,smooth_2_sigma_2.5,0.004561945563523536
04123.png,left-cheek,original_roi,0.004714150316964517
04123.png,right-cheek,original_roi,0.004951356390343633
04123.png,bottom-face,original_roi,0.004985866011136918
04123.png,forehead,original_roi,0.004489390871875589
04123.png,under-eyes,original_roi,0.004247214438364525
04123.png,left-cheek,smooth_1_sigma_1.5,0.00485672199754943
04123.png,right-cheek,smooth_1_sigma_1.5,0.005125211605706125
04123.png,bottom-face,smooth_1_sigma_1.5,0.005155384857464592
04123.png,forehead,smooth_1_sigma_1.5,0.004662056558889595
04123.png,under-eyes,smooth_1_sigma_1.5,0.0044195928726412865
04123.png,left-cheek,smooth_2_sigma_2.5,0.004889001409365242
04123.png,right-cheek,smooth_2_sigma_2.5,0.005165081454502471
04123.png,bottom-face,smooth_2_sigma_2.5,0.005188833733732512
04123.png,forehead,smooth_2_sigma_2.5,0.0046960000631909955
04123.png,under-eyes,smooth_2_sigma_2.5,0.004462016740792549
04124.png,left-cheek,original_roi,0.006531476389271056
04124.png,right-cheek,original_roi,0.0047867451654844346
04124.png,bottom-face,original_roi,0.005908903140131521
04124.png,forehead,original_roi,0.005147600362402109
04124.png,under-eyes,original_roi,0.005198401437619441
04124.png,left-cheek,smooth_1_sigma_1.5,0.006674515751577593
04124.png,right-cheek,smooth_1_sigma_1.5,0.0050051378180561695
04124.png,bottom-face,smooth_1_sigma_1.5,0.006028785300070647
04124.png,forehead,smooth_1_sigma_1.5,0.005708604883898931
04124.png,under-eyes,smooth_1_sigma_1.5,0.005666873161979248
04124.png,left-cheek,smooth_2_sigma_2.5,0.006740485229524665
04124.png,right-cheek,smooth_2_sigma_2.5,0.005115644723551169
04124.png,bottom-face,smooth_2_sigma_2.5,0.006066649039849528
04124.png,forehead,smooth_2_sigma_2.5,0.006031453763388408
04124.png,under-eyes,smooth_2_sigma_2.5,0.005964813823922038
04125.png,left-cheek,original_roi,0.00656348733988329
04125.png,right-cheek,original_roi,0.006189727835404581
04125.png,bottom-face,original_roi,0.007706691172829798
04125.png,forehead,original_roi,0.0056841632343327675
04125.png,under-eyes,original_roi,0.005576545770997714
04125.png,left-cheek,smooth_1_sigma_1.5,0.0067329055867042685
04125.png,right-cheek,smooth_1_sigma_1.5,0.00633181965654874
04125.png,bottom-face,smooth_1_sigma_1.5,0.007937801158011347
04125.png,forehead,smooth_1_sigma_1.5,0.005878601302893334
04125.png,under-eyes,smooth_1_sigma_1.5,0.005757465256505543
04125.png,left-cheek,smooth_2_sigma_2.5,0.006776634199519452
04125.png,right-cheek,smooth_2_sigma_2.5,0.006375237054344767
04125.png,bottom-face,smooth_2_sigma_2.5,0.008002071107946653
04125.png,forehead,smooth_2_sigma_2.5,0.005971840185573458
04125.png,under-eyes,smooth_2_sigma_2.5,0.005850537131746017
04129.png,left-cheek,original_roi,0.00538659505636107
04129.png,right-cheek,original_roi,0.005252866802894331
04129.png,bottom-face,original_roi,0.0053743987663796506
04129.png,forehead,original_roi,0.004820646735225255
04129.png,under-eyes,original_roi,0.005297532309927303
04129.png,left-cheek,smooth_1_sigma_1.5,0.0055943885291485475
04129.png,right-cheek,smooth_1_sigma_1.5,0.005503353905445345
04129.png,bottom-face,smooth_1_sigma_1.5,0.005628985917506701
04129.png,forehead,smooth_1_sigma_1.5,0.005281880627475889
04129.png,under-eyes,smooth_1_sigma_1.5,0.005922930087595029
04129.png,left-cheek,smooth_2_sigma_2.5,0.005640458835067181
04129.png,right-cheek,smooth_2_sigma_2.5,0.005568238484138442
04129.png,bottom-face,smooth_2_sigma_2.5,0.005682671039540388
04129.png,forehead,smooth_2_sigma_2.5,0.005407797612147036
04129.png,under-eyes,smooth_2_sigma_2.5,0.006143816173000224
04132.png,left-cheek,original_roi,0.0036610511620531736
04132.png,right-cheek,original_roi,0.0037440774777121643
04132.png,bottom-face,original_roi,0.0039068183422449
04132.png,forehead,original_roi,0.003596376203458415
04132.png,under-eyes,original_roi,0.004013401101221939
04132.png,left-cheek,smooth_1_sigma_1.5,0.003714873863685322
04132.png,right-cheek,smooth_1_sigma_1.5,0.003799901756466288
04132.png,bottom-face,smooth_1_sigma_1.5,0.003967623010611203
04132.png,forehead,smooth_1_sigma_1.5,0.0036492906472615134
04132.png,under-eyes,smooth_1_sigma_1.5,0.0041033055909912046
04132.png,left-cheek,smooth_2_sigma_2.5,0.0037287699668882646
04132.png,right-cheek,smooth_2_sigma_2.5,0.0038146102548377177
04132.png,bottom-face,smooth_2_sigma_2.5,0.003987199443157324
04132.png,forehead,smooth_2_sigma_2.5,0.00366268513387321
04132.png,under-eyes,smooth_2_sigma_2.5,0.004124824194939413
04138.png,left-cheek,original_roi,0.0045436502165835954
04138.png,right-cheek,original_roi,0.0036627992900329282
04138.png,bottom-face,original_roi,0.003880890085007132
04138.png,forehead,original_roi,0.003758900867211291
04138.png,under-eyes,original_roi,0.007865854156194623
04138.png,left-cheek,smooth_1_sigma_1.5,0.004792475589919698
04138.png,right-cheek,smooth_1_sigma_1.5,0.003738432041489602
04138.png,bottom-face,smooth_1_sigma_1.5,0.003969543718822341
04138.png,forehead,smooth_1_sigma_1.5,0.0038360400718017705
04138.png,under-eyes,smooth_1_sigma_1.5,0.008822468541591978
04138.png,left-cheek,smooth_2_sigma_2.5,0.004938198512792465
04138.png,right-cheek,smooth_2_sigma_2.5,0.003762666895839592
04138.png,bottom-face,smooth_2_sigma_2.5,0.004011469480685993
04138.png,forehead,smooth_2_sigma_2.5,0.0038533835968860815
04138.png,under-eyes,smooth_2_sigma_2.5,0.009246085177640515
04141.png,left-cheek,original_roi,0.004956018822238007
04141.png,right-cheek,original_roi,0.004838401344440061
04141.png,bottom-face,original_roi,0.005718864666157547
04141.png,forehead,original_roi,0.0049321195629495485
04141.png,under-eyes,original_roi,0.0047299222390158255
04141.png,left-cheek,smooth_1_sigma_1.5,0.00503512151468421
04141.png,right-cheek,smooth_1_sigma_1.5,0.0049029457564487644
04141.png,bottom-face,smooth_1_sigma_1.5,0.005815815218419535
04141.png,forehead,smooth_1_sigma_1.5,0.005156141049225747
04141.png,under-eyes,smooth_1_sigma_1.5,0.004838309439908713
04141.png,left-cheek,smooth_2_sigma_2.5,0.005063204593362157
04141.png,right-cheek,smooth_2_sigma_2.5,0.00492598011976359
04141.png,bottom-face,smooth_2_sigma_2.5,0.005853427780779264
04141.png,forehead,smooth_2_sigma_2.5,0.005258296958601833
04141.png,under-eyes,smooth_2_sigma_2.5,0.004891179251516823
04142.png,left-cheek,original_roi,0.007052016825625663
04142.png,right-cheek,original_roi,0.00507356312348894
04142.png,bottom-face,original_roi,0.006518852398091145
04142.png,forehead,original_roi,0.003943333563811401
04142.png,under-eyes,original_roi,0.00405391240806424
04142.png,left-cheek,smooth_1_sigma_1.5,0.0074242710450281146
04142.png,right-cheek,smooth_1_sigma_1.5,0.00522650492887119
04142.png,bottom-face,smooth_1_sigma_1.5,0.006932303909579823
04142.png,forehead,smooth_1_sigma_1.5,0.004184424126903
04142.png,under-eyes,smooth_1_sigma_1.5,0.004708114668725827
04142.png,left-cheek,smooth_2_sigma_2.5,0.007504519566341848
04142.png,right-cheek,smooth_2_sigma_2.5,0.005251843939142598
04142.png,bottom-face,smooth_2_sigma_2.5,0.007052750392000205
04142.png,forehead,smooth_2_sigma_2.5,0.004323171459643852
04142.png,under-eyes,smooth_2_sigma_2.5,0.00540376614712113
04143.png,left-cheek,original_roi,0.008332871787151332
04143.png,right-cheek,original_roi,0.006320670512026145
04143.png,bottom-face,original_roi,0.008196962556401432
04143.png,forehead,original_roi,0.006633730048347973
04143.png,under-eyes,original_roi,0.007346224341865152
04143.png,left-cheek,smooth_1_sigma_1.5,0.008600701329180394
04143.png,right-cheek,smooth_1_sigma_1.5,0.006512092563037312
04143.png,bottom-face,smooth_1_sigma_1.5,0.008526454871908866
04143.png,forehead,smooth_1_sigma_1.5,0.006855529808447072
04143.png,under-eyes,smooth_1_sigma_1.5,0.007627384272145866
04143.png,left-cheek,smooth_2_sigma_2.5,0.00867630422703717
04143.png,right-cheek,smooth_2_sigma_2.5,0.0065584979477533
04143.png,bottom-face,smooth_2_sigma_2.5,0.00861831228232139
04143.png,forehead,smooth_2_sigma_2.5,0.006910635482496767
04143.png,under-eyes,smooth_2_sigma_2.5,0.007719680529029461
04144.png,left-cheek,original_roi,0.006516257648831335
04144.png,right-cheek,original_roi,0.004218042349350182
04144.png,bottom-face,original_roi,0.005502040148717158
04144.png,forehead,original_roi,0.004355344030169078
04144.png,under-eyes,original_roi,0.00502700461202993
04144.png,left-cheek,smooth_1_sigma_1.5,0.006962955597538622
04144.png,right-cheek,smooth_1_sigma_1.5,0.004367129312572656
04144.png,bottom-face,smooth_1_sigma_1.5,0.00579029099074584
04144.png,forehead,smooth_1_sigma_1.5,0.004568155988619215
04144.png,under-eyes,smooth_1_sigma_1.5,0.0053028657790638095
04144.png,left-cheek,smooth_2_sigma_2.5,0.007089358843142142
04144.png,right-cheek,smooth_2_sigma_2.5,0.004406480805371423
04144.png,bottom-face,smooth_2_sigma_2.5,0.00585969136571326
04144.png,forehead,smooth_2_sigma_2.5,0.004611948395312225
04144.png,under-eyes,smooth_2_sigma_2.5,0.005365680740092399
04145.png,left-cheek,original_roi,0.005935629550726355
04145.png,right-cheek,original_roi,0.005115141040608091
04145.png,bottom-face,original_roi,0.00673232630638771
04145.png,forehead,original_roi,0.006234576264930297
04145.png,under-eyes,original_roi,0.004885597204684865
04145.png,left-cheek,smooth_1_sigma_1.5,0.006068241612413492
04145.png,right-cheek,smooth_1_sigma_1.5,0.005226592210629629
04145.png,bottom-face,smooth_1_sigma_1.5,0.006945777520632252
04145.png,forehead,smooth_1_sigma_1.5,0.006675206067169108
04145.png,under-eyes,smooth_1_sigma_1.5,0.005053177799505028
04145.png,left-cheek,smooth_2_sigma_2.5,0.006108854618444109
04145.png,right-cheek,smooth_2_sigma_2.5,0.005257526875116347
04145.png,bottom-face,smooth_2_sigma_2.5,0.007010368858496717
04145.png,forehead,smooth_2_sigma_2.5,0.006803966672612298
04145.png,under-eyes,smooth_2_sigma_2.5,0.005126731454097362
04151.png,left-cheek,original_roi,0.007688427039734559
04151.png,right-cheek,original_roi,0.004010690129921986
04151.png,bottom-face,original_roi,0.005088947369875735
04151.png,forehead,original_roi,0.004943386719910382
04151.png,under-eyes,original_roi,0.011184535616566784
04151.png,left-cheek,smooth_1_sigma_1.5,0.00801376517569628
04151.png,right-cheek,smooth_1_sigma_1.5,0.004195379170796996
04151.png,bottom-face,smooth_1_sigma_1.5,0.00530955995605831
04151.png,forehead,smooth_1_sigma_1.5,0.005339930724474979
04151.png,under-eyes,smooth_1_sigma_1.5,0.01267993477798212
04151.png,left-cheek,smooth_2_sigma_2.5,0.008084538513998898
04151.png,right-cheek,smooth_2_sigma_2.5,0.004251709928438741
04151.png,bottom-face,smooth_2_sigma_2.5,0.005394635062861657
04151.png,forehead,smooth_2_sigma_2.5,0.005431783275936502
04151.png,under-eyes,smooth_2_sigma_2.5,0.013498402018803929
04153.png,left-cheek,original_roi,0.007461327791530483
04153.png,right-cheek,original_roi,0.0034969582403538355
04153.png,bottom-face,original_roi,0.005351311183668077
04153.png,forehead,original_roi,0.0042389679365308726
04153.png,under-eyes,original_roi,0.005422231363706577
04153.png,left-cheek,smooth_1_sigma_1.5,0.007727873416422882
04153.png,right-cheek,smooth_1_sigma_1.5,0.0036474270602027685
04153.png,bottom-face,smooth_1_sigma_1.5,0.005763890442233031
04153.png,forehead,smooth_1_sigma_1.5,0.004519810657237624
04153.png,under-eyes,smooth_1_sigma_1.5,0.00582266452743169
04153.png,left-cheek,smooth_2_sigma_2.5,0.007792926689938937
04153.png,right-cheek,smooth_2_sigma_2.5,0.003672711328930987
04153.png,bottom-face,smooth_2_sigma_2.5,0.005851716708065306
04153.png,forehead,smooth_2_sigma_2.5,0.004566466098636953
04153.png,under-eyes,smooth_2_sigma_2.5,0.005923375674841904
04154.png,left-cheek,original_roi,0.0054622704683352195
04154.png,right-cheek,original_roi,0.005809370769414918
04154.png,bottom-face,original_roi,0.0069192871361034676
04154.png,forehead,original_roi,0.0049963444276033275
04154.png,under-eyes,original_roi,0.0057408996267886364
04154.png,left-cheek,smooth_1_sigma_1.5,0.005626244285819658
04154.png,right-cheek,smooth_1_sigma_1.5,0.005987476393446099
04154.png,bottom-face,smooth_1_sigma_1.5,0.007331098903865338
04154.png,forehead,smooth_1_sigma_1.5,0.00512050809729243
04154.png,under-eyes,smooth_1_sigma_1.5,0.005904989964965329
04154.png,left-cheek,smooth_2_sigma_2.5,0.005678661540737764
04154.png,right-cheek,smooth_2_sigma_2.5,0.006034049339867856
04154.png,bottom-face,smooth_2_sigma_2.5,0.007462107010449639
04154.png,forehead,smooth_2_sigma_2.5,0.005153354736250271
04154.png,under-eyes,smooth_2_sigma_2.5,0.005939213115858964
04156.png,left-cheek,original_roi,0.006277013727552387
04156.png,right-cheek,original_roi,0.006015970535550559
04156.png,bottom-face,original_roi,0.005843214225216584
04156.png,forehead,original_roi,0.005633765616092187
04156.png,under-eyes,original_roi,0.005877559802162616
04156.png,left-cheek,smooth_1_sigma_1.5,0.00666987387910728
04156.png,right-cheek,smooth_1_sigma_1.5,0.006432395694608111
04156.png,bottom-face,smooth_1_sigma_1.5,0.006033895286331986
04156.png,forehead,smooth_1_sigma_1.5,0.005993510438913883
04156.png,under-eyes,smooth_1_sigma_1.5,0.006188607453820217
04156.png,left-cheek,smooth_2_sigma_2.5,0.006817783607291734
04156.png,right-cheek,smooth_2_sigma_2.5,0.006621663348137906
04156.png,bottom-face,smooth_2_sigma_2.5,0.00608134607685392
04156.png,forehead,smooth_2_sigma_2.5,0.006136166757676951
04156.png,under-eyes,smooth_2_sigma_2.5,0.00627218957572403
04157.png,left-cheek,original_roi,0.007163521714606237
04157.png,right-cheek,original_roi,0.00731437913384622
04157.png,bottom-face,original_roi,0.006879540187934891
04157.png,forehead,original_roi,0.0058270639975035185
04157.png,under-eyes,original_roi,0.00701895923454349
04157.png,left-cheek,smooth_1_sigma_1.5,0.007604636212458404
04157.png,right-cheek,smooth_1_sigma_1.5,0.0077912412902374295
04157.png,bottom-face,smooth_1_sigma_1.5,0.007253732223302545
04157.png,forehead,smooth_1_sigma_1.5,0.0061228977766279126
04157.png,under-eyes,smooth_1_sigma_1.5,0.007529184803554362
04157.png,left-cheek,smooth_2_sigma_2.5,0.0077062516444300925
04157.png,right-cheek,smooth_2_sigma_2.5,0.007907631792052502
04157.png,bottom-face,smooth_2_sigma_2.5,0.007322555532222397
04157.png,forehead,smooth_2_sigma_2.5,0.006181715691807608
04157.png,under-eyes,smooth_2_sigma_2.5,0.007672747347745534
04158.png,left-cheek,original_roi,0.004086188642076422
04158.png,right-cheek,original_roi,0.005039332491445338
04158.png,bottom-face,original_roi,0.005765921880495031
04158.png,forehead,original_roi,0.00416678490245735
04158.png,under-eyes,original_roi,0.004443151873572275
04158.png,left-cheek,smooth_1_sigma_1.5,0.00414673707754851
04158.png,right-cheek,smooth_1_sigma_1.5,0.005190793350721961
04158.png,bottom-face,smooth_1_sigma_1.5,0.005954073843231239
04158.png,forehead,smooth_1_sigma_1.5,0.0043089213333198356
04158.png,under-eyes,smooth_1_sigma_1.5,0.004636634324267101
04158.png,left-cheek,smooth_2_sigma_2.5,0.004155632086741464
04158.png,right-cheek,smooth_2_sigma_2.5,0.005224140433609196
04158.png,bottom-face,smooth_2_sigma_2.5,0.006000793138907721
04158.png,forehead,smooth_2_sigma_2.5,0.004337102434064915
04158.png,under-eyes,smooth_2_sigma_2.5,0.004696882414151944
04161.png,left-cheek,original_roi,0.0075936521842739566
04161.png,right-cheek,original_roi,0.005569912274901552
04161.png,bottom-face,original_roi,0.004986839644876766
04161.png,forehead,original_roi,0.004206804789668005
04161.png,under-eyes,original_roi,0.0053318992572391624
04161.png,left-cheek,smooth_1_sigma_1.5,0.008364134892597923
04161.png,right-cheek,smooth_1_sigma_1.5,0.005980700426603498
04161.png,bottom-face,smooth_1_sigma_1.5,0.006097849633896902
04161.png,forehead,smooth_1_sigma_1.5,0.004502895773191068
04161.png,under-eyes,smooth_1_sigma_1.5,0.006121585855237825
04161.png,left-cheek,smooth_2_sigma_2.5,0.008522183580512724
04161.png,right-cheek,smooth_2_sigma_2.5,0.0060303836903913355
04161.png,bottom-face,smooth_2_sigma_2.5,0.006301604857504305
04161.png,forehead,smooth_2_sigma_2.5,0.004588957040501528
04161.png,under-eyes,smooth_2_sigma_2.5,0.0064963693460702975
04162.png,left-cheek,original_roi,0.004107457914299513
04162.png,right-cheek,original_roi,
04162.png,bottom-face,original_roi,0.004946178254457422
04162.png,forehead,original_roi,0.003605482847026486
04162.png,under-eyes,original_roi,0.003975147156882652
04162.png,left-cheek,smooth_1_sigma_1.5,0.004248740578660624
04162.png,right-cheek,smooth_1_sigma_1.5,
04162.png,bottom-face,smooth_1_sigma_1.5,0.005212034100695011
04162.png,forehead,smooth_1_sigma_1.5,0.003787772088170978
04162.png,under-eyes,smooth_1_sigma_1.5,0.004286485824979553
04162.png,left-cheek,smooth_2_sigma_2.5,0.004273586922174203
04162.png,right-cheek,smooth_2_sigma_2.5,
04162.png,bottom-face,smooth_2_sigma_2.5,0.005272645205919927
04162.png,forehead,smooth_2_sigma_2.5,0.003814922528523038
04162.png,under-eyes,smooth_2_sigma_2.5,0.004458755570703123
04163.png,left-cheek,original_roi,0.004334527687152342
04163.png,right-cheek,original_roi,0.005581258146895253
04163.png,bottom-face,original_roi,0.00513038512196143
04163.png,forehead,original_roi,0.0047849005197964705
04163.png,under-eyes,original_roi,0.004638795746370254
04163.png,left-cheek,smooth_1_sigma_1.5,0.0045742488639952715
04163.png,right-cheek,smooth_1_sigma_1.5,0.006022000604381837
04163.png,bottom-face,smooth_1_sigma_1.5,0.005614036973817097
04163.png,forehead,smooth_1_sigma_1.5,0.00524423262525516
04163.png,under-eyes,smooth_1_sigma_1.5,0.005252982424172292
04163.png,left-cheek,smooth_2_sigma_2.5,0.004627882982057428
04163.png,right-cheek,smooth_2_sigma_2.5,0.006090658625876161
04163.png,bottom-face,smooth_2_sigma_2.5,0.00569714867264889
04163.png,forehead,smooth_2_sigma_2.5,0.0053296730561797085
04163.png,under-eyes,smooth_2_sigma_2.5,0.005511384932540505
04164.png,left-cheek,original_roi,0.004265664697159941
04164.png,right-cheek,original_roi,0.004225782257712799
04164.png,bottom-face,original_roi,0.00459937324889692
04164.png,forehead,original_roi,0.005133590127074391
04164.png,under-eyes,original_roi,0.004610810155959101
04164.png,left-cheek,smooth_1_sigma_1.5,0.0044840647051705255
04164.png,right-cheek,smooth_1_sigma_1.5,0.004417018202764976
04164.png,bottom-face,smooth_1_sigma_1.5,0.004922921429190229
04164.png,forehead,smooth_1_sigma_1.5,0.006039993103040942
04164.png,under-eyes,smooth_1_sigma_1.5,0.0048276736802609
04164.png,left-cheek,smooth_2_sigma_2.5,0.00452221369453908
04164.png,right-cheek,smooth_2_sigma_2.5,0.0044513003817258385
04164.png,bottom-face,smooth_2_sigma_2.5,0.004985456338962792
04164.png,forehead,smooth_2_sigma_2.5,0.006336035542987958
04164.png,under-eyes,smooth_2_sigma_2.5,0.004878336831534904
04165.png,left-cheek,original_roi,0.004773577908304489
04165.png,right-cheek,original_roi,0.0048417937689323905
04165.png,bottom-face,original_roi,0.005239786194440424
04165.png,forehead,original_roi,0.0048716591354308475
04165.png,under-eyes,original_roi,0.005150780996816139
04165.png,left-cheek,smooth_1_sigma_1.5,0.004974103865502309
04165.png,right-cheek,smooth_1_sigma_1.5,0.0050365299010442476
04165.png,bottom-face,smooth_1_sigma_1.5,0.0054323284834708425
04165.png,forehead,smooth_1_sigma_1.5,0.005935078888136403
04165.png,under-eyes,smooth_1_sigma_1.5,0.005409191104648844
04165.png,left-cheek,smooth_2_sigma_2.5,0.005010398621889519
04165.png,right-cheek,smooth_2_sigma_2.5,0.005071643997982522
04165.png,bottom-face,smooth_2_sigma_2.5,0.005472378367125867
04165.png,forehead,smooth_2_sigma_2.5,0.006585393368546918
04165.png,under-eyes,smooth_2_sigma_2.5,0.005467093150881946
04166.png,left-cheek,original_roi,0.006463600304196839
04166.png,right-cheek,original_roi,0.005382543272434326
04166.png,bottom-face,original_roi,0.006352984560170483
04166.png,forehead,original_roi,0.005793323924795299
04166.png,under-eyes,original_roi,0.006054152684906692
04166.png,left-cheek,smooth_1_sigma_1.5,0.006660169814271808
04166.png,right-cheek,smooth_1_sigma_1.5,0.00553572732047111
04166.png,bottom-face,smooth_1_sigma_1.5,0.006560722273970544
04166.png,forehead,smooth_1_sigma_1.5,0.006002344781847121
04166.png,under-eyes,smooth_1_sigma_1.5,0.00625400761373818
04166.png,left-cheek,smooth_2_sigma_2.5,0.006712531184941309
04166.png,right-cheek,smooth_2_sigma_2.5,0.0055797732103654105
04166.png,bottom-face,smooth_2_sigma_2.5,0.006618674925627242
04166.png,forehead,smooth_2_sigma_2.5,0.006056568365340421
04166.png,under-eyes,smooth_2_sigma_2.5,0.0063150215448732495
04167.png,left-cheek,original_roi,0.0064934761735926366
04167.png,right-cheek,original_roi,0.007517203973137546
04167.png,bottom-face,original_roi,0.00758496823665793
04167.png,forehead,original_roi,0.0059155669173346324
04167.png,under-eyes,original_roi,0.00572766795414691
04167.png,left-cheek,smooth_1_sigma_1.5,0.007059989530427437
04167.png,right-cheek,smooth_1_sigma_1.5,0.008110843925379634
04167.png,bottom-face,smooth_1_sigma_1.5,0.00816812817478462
04167.png,forehead,smooth_1_sigma_1.5,0.006365910165433863
04167.png,under-eyes,smooth_1_sigma_1.5,0.006220438208698337
04167.png,left-cheek,smooth_2_sigma_2.5,0.007130168442941716
04167.png,right-cheek,smooth_2_sigma_2.5,0.008187205575613048
04167.png,bottom-face,smooth_2_sigma_2.5,0.008256848782346832
04167.png,forehead,smooth_2_sigma_2.5,0.006441348308843414
04167.png,under-eyes,smooth_2_sigma_2.5,0.006360371240941707
04171.png,left-cheek,original_roi,0.005131854358046143
04171.png,right-cheek,original_roi,0.005694454946728637
04171.png,bottom-face,original_roi,0.006133313934319712
04171.png,forehead,original_roi,0.004276076523131745
04171.png,under-eyes,original_roi,0.006118176098803278
04171.png,left-cheek,smooth_1_sigma_1.5,0.00534943603831922
04171.png,right-cheek,smooth_1_sigma_1.5,0.005915899383478413
04171.png,bottom-face,smooth_1_sigma_1.5,0.0068416009662446
04171.png,forehead,smooth_1_sigma_1.5,0.004486391606779774
04171.png,under-eyes,smooth_1_sigma_1.5,0.0063995290532120625
04171.png,left-cheek,smooth_2_sigma_2.5,0.005385107024204136
04171.png,right-cheek,smooth_2_sigma_2.5,0.005966239639241009
04171.png,bottom-face,smooth_2_sigma_2.5,0.006983755795847425
04171.png,forehead,smooth_2_sigma_2.5,0.004520695870764191
04171.png,under-eyes,smooth_2_sigma_2.5,0.0064603227809411955
04174.png,left-cheek,original_roi,0.004563815354789838
04174.png,right-cheek,original_roi,0.005067969914535136
04174.png,bottom-face,original_roi,0.005208109282282522
04174.png,forehead,original_roi,0.004728116803120177
04174.png,under-eyes,original_roi,0.005149612977665498
04174.png,left-cheek,smooth_1_sigma_1.5,0.0046421399239026905
04174.png,right-cheek,smooth_1_sigma_1.5,0.005162227916022067
04174.png,bottom-face,smooth_1_sigma_1.5,0.005306243538829487
04174.png,forehead,smooth_1_sigma_1.5,0.004909385004140433
04174.png,under-eyes,smooth_1_sigma_1.5,0.005344478877491034
04174.png,left-cheek,smooth_2_sigma_2.5,0.004662997515292742
04174.png,right-cheek,smooth_2_sigma_2.5,0.005189323614823163
04174.png,bottom-face,smooth_2_sigma_2.5,0.005334664160530501
04174.png,forehead,smooth_2_sigma_2.5,0.00494854541761993
04174.png,under-eyes,smooth_2_sigma_2.5,0.005400755067922893
04176.png,left-cheek,original_roi,0.005403007278804715
04176.png,right-cheek,original_roi,0.006218380809843973
04176.png,bottom-face,original_roi,0.0060990815036019025
04176.png,forehead,original_roi,0.005002046731147988
04176.png,under-eyes,original_roi,0.005487455249408796
04176.png,left-cheek,smooth_1_sigma_1.5,0.005606169660883878
04176.png,right-cheek,smooth_1_sigma_1.5,0.006520595182222354
04176.png,bottom-face,smooth_1_sigma_1.5,0.0064081501753320575
04176.png,forehead,smooth_1_sigma_1.5,0.005257084303362885
04176.png,under-eyes,smooth_1_sigma_1.5,0.005817432455450931
04176.png,left-cheek,smooth_2_sigma_2.5,0.005642294892207817
04176.png,right-cheek,smooth_2_sigma_2.5,0.006571129483834942
04176.png,bottom-face,smooth_2_sigma_2.5,0.00646286627533165
04176.png,forehead,smooth_2_sigma_2.5,0.005306786045583118
04176.png,under-eyes,smooth_2_sigma_2.5,0.005898566959409862
04179.png,left-cheek,original_roi,0.00564648472904189
04179.png,right-cheek,original_roi,0.0049568162715345025
04179.png,bottom-face,original_roi,0.004865246420662513
04179.png,forehead,original_roi,0.0038387795333365746
04179.png,under-eyes,original_roi,0.004038576334980113
04179.png,left-cheek,smooth_1_sigma_1.5,0.0058904195743279845
04179.png,right-cheek,smooth_1_sigma_1.5,0.0051346486411139565
04179.png,bottom-face,smooth_1_sigma_1.5,0.0050026170056142695
04179.png,forehead,smooth_1_sigma_1.5,0.003987671261311501
04179.png,under-eyes,smooth_1_sigma_1.5,0.004205813920576209
04179.png,left-cheek,smooth_2_sigma_2.5,0.006010635591928592
04179.png,right-cheek,smooth_2_sigma_2.5,0.0052360279276852315
04179.png,bottom-face,smooth_2_sigma_2.5,0.0050418257107245215
04179.png,forehead,smooth_2_sigma_2.5,0.004069895890458492
04179.png,under-eyes,smooth_2_sigma_2.5,0.0042850115979572515
04183.png,left-cheek,original_roi,0.004022688219976154
04183.png,right-cheek,original_roi,0.004236955396235311
04183.png,bottom-face,original_roi,0.004231247820192693
04183.png,forehead,original_roi,0.004388402186118815
04183.png,under-eyes,original_roi,0.005160129835893191
04183.png,left-cheek,smooth_1_sigma_1.5,0.004093200738361455
04183.png,right-cheek,smooth_1_sigma_1.5,0.004343157090273892
04183.png,bottom-face,smooth_1_sigma_1.5,0.004277738328032215
04183.png,forehead,smooth_1_sigma_1.5,0.004726050788637832
04183.png,under-eyes,smooth_1_sigma_1.5,0.0056204568686982715
04183.png,left-cheek,smooth_2_sigma_2.5,0.004133849648490455
04183.png,right-cheek,smooth_2_sigma_2.5,0.004387202716039373
04183.png,bottom-face,smooth_2_sigma_2.5,0.004297019569046732
04183.png,forehead,smooth_2_sigma_2.5,0.004876268238201525
04183.png,under-eyes,smooth_2_sigma_2.5,0.005884160395715533
04185.png,left-cheek,original_roi,0.006033304678891427
04185.png,right-cheek,original_roi,0.003989458078002585
04185.png,bottom-face,original_roi,0.005374329323600316
04185.png,forehead,original_roi,0.008167902549784889
04185.png,under-eyes,original_roi,0.005791246244240316
04185.png,left-cheek,smooth_1_sigma_1.5,0.006106486711636682
04185.png,right-cheek,smooth_1_sigma_1.5,0.004135941081914415
04185.png,bottom-face,smooth_1_sigma_1.5,0.005654574438910445
04185.png,forehead,smooth_1_sigma_1.5,0.00856648420853585
04185.png,under-eyes,smooth_1_sigma_1.5,0.00599261267852382
04185.png,left-cheek,smooth_2_sigma_2.5,0.0061406666629348055
04185.png,right-cheek,smooth_2_sigma_2.5,0.004175995254995443
04185.png,bottom-face,smooth_2_sigma_2.5,0.005748318201895657
04185.png,forehead,smooth_2_sigma_2.5,0.008875369398307366
04185.png,under-eyes,smooth_2_sigma_2.5,0.006072080360449106
04189.png,left-cheek,original_roi,0.005462134332574312
04189.png,right-cheek,original_roi,0.003963665877001125
04189.png,bottom-face,original_roi,0.00466355975867078
04189.png,forehead,original_roi,0.004444681137821687
04189.png,under-eyes,original_roi,0.003997102198491596
04189.png,left-cheek,smooth_1_sigma_1.5,0.00580060770182957
04189.png,right-cheek,smooth_1_sigma_1.5,0.004101286736833524
04189.png,bottom-face,smooth_1_sigma_1.5,0.004860855467828386
04189.png,forehead,smooth_1_sigma_1.5,0.004687824422186109
04189.png,under-eyes,smooth_1_sigma_1.5,0.0041405767681507695
04189.png,left-cheek,smooth_2_sigma_2.5,0.005863582510857324
04189.png,right-cheek,smooth_2_sigma_2.5,0.004122388911018914
04189.png,bottom-face,smooth_2_sigma_2.5,0.0048915879372026395
04189.png,forehead,smooth_2_sigma_2.5,0.004751315795780857
04189.png,under-eyes,smooth_2_sigma_2.5,0.004168254000601018
04191.png,left-cheek,original_roi,0.005287524779252827
04191.png,right-cheek,original_roi,0.004670428133973937
04191.png,bottom-face,original_roi,0.005450170447508789
04191.png,forehead,original_roi,0.004981748808214268
04191.png,under-eyes,original_roi,0.005233666679346012
04191.png,left-cheek,smooth_1_sigma_1.5,0.005478078624926492
04191.png,right-cheek,smooth_1_sigma_1.5,0.0048273890502113104
04191.png,bottom-face,smooth_1_sigma_1.5,0.005665121029131526
04191.png,forehead,smooth_1_sigma_1.5,0.005225511562243426
04191.png,under-eyes,smooth_1_sigma_1.5,0.005418942456462166
04191.png,left-cheek,smooth_2_sigma_2.5,0.005519784229559578
04191.png,right-cheek,smooth_2_sigma_2.5,0.004865925563077283
04191.png,bottom-face,smooth_2_sigma_2.5,0.005713428481907749
04191.png,forehead,smooth_2_sigma_2.5,0.005292729032503823
04191.png,under-eyes,smooth_2_sigma_2.5,0.005463374273540467
04196.png,left-cheek,original_roi,0.0059343705397113785
04196.png,right-cheek,original_roi,0.005774193862979561
04196.png,bottom-face,original_roi,0.006896732620829167
04196.png,forehead,original_roi,0.005725088456715927
04196.png,under-eyes,original_roi,0.005351143833684439
04196.png,left-cheek,smooth_1_sigma_1.5,0.006201886280702195
04196.png,right-cheek,smooth_1_sigma_1.5,0.006057285761837573
04196.png,bottom-face,smooth_1_sigma_1.5,0.007332424571927949
04196.png,forehead,smooth_1_sigma_1.5,0.006140116792864955
04196.png,under-eyes,smooth_1_sigma_1.5,0.005751578441535263
04196.png,left-cheek,smooth_2_sigma_2.5,0.0062799774430995535
04196.png,right-cheek,smooth_2_sigma_2.5,0.006114565239792227
04196.png,bottom-face,smooth_2_sigma_2.5,0.007457215491476641
04196.png,forehead,smooth_2_sigma_2.5,0.006215346435163837
04196.png,under-eyes,smooth_2_sigma_2.5,0.005829968366777209
04197.png,left-cheek,original_roi,0.0060617016617322056
04197.png,right-cheek,original_roi,0.005338801920429232
04197.png,bottom-face,original_roi,0.006919327338753094
04197.png,forehead,original_roi,0.004947904302226233
04197.png,under-eyes,original_roi,0.005535449221619949
04197.png,left-cheek,smooth_1_sigma_1.5,0.0062738522700647266
04197.png,right-cheek,smooth_1_sigma_1.5,0.005477847939315121
04197.png,bottom-face,smooth_1_sigma_1.5,0.007222171037317036
04197.png,forehead,smooth_1_sigma_1.5,0.005171719467402304
04197.png,under-eyes,smooth_1_sigma_1.5,0.005856483244270857
04197.png,left-cheek,smooth_2_sigma_2.5,0.006318179374642076
04197.png,right-cheek,smooth_2_sigma_2.5,0.005509505327296966
04197.png,bottom-face,smooth_2_sigma_2.5,0.007285615216295892
04197.png,forehead,smooth_2_sigma_2.5,0.005214149300853707
04197.png,under-eyes,smooth_2_sigma_2.5,0.005940098151831916
04199.png,left-cheek,original_roi,0.003861647671135574
04199.png,right-cheek,original_roi,0.004534212691785093
04199.png,bottom-face,original_roi,0.004119017528511822
04199.png,forehead,original_roi,0.0034193738124473206
04199.png,under-eyes,original_roi,0.0036649867302056952
04199.png,left-cheek,smooth_1_sigma_1.5,0.003920844833893866
04199.png,right-cheek,smooth_1_sigma_1.5,0.004587664372364153
04199.png,bottom-face,smooth_1_sigma_1.5,0.0041615470957412
04199.png,forehead,smooth_1_sigma_1.5,0.0034576410434689732
04199.png,under-eyes,smooth_1_sigma_1.5,0.003715296058323107
04199.png,left-cheek,smooth_2_sigma_2.5,0.003946642163954208
04199.png,right-cheek,smooth_2_sigma_2.5,0.004604334659311035
04199.png,bottom-face,smooth_2_sigma_2.5,0.004177818501572264
04199.png,forehead,smooth_2_sigma_2.5,0.003470717807459845
04199.png,under-eyes,smooth_2_sigma_2.5,0.003732333585597008
04201.png,left-cheek,original_roi,0.004297996262998132
04201.png,right-cheek,original_roi,0.00428427000272204
04201.png,bottom-face,original_roi,0.004593241703583768
04201.png,forehead,original_roi,0.00413749511630441
04201.png,under-eyes,original_roi,0.004177553364535503
04201.png,left-cheek,smooth_1_sigma_1.5,0.004408202046161568
04201.png,right-cheek,smooth_1_sigma_1.5,0.004396629687757932
04201.png,bottom-face,smooth_1_sigma_1.5,0.005080861882751762
04201.png,forehead,smooth_1_sigma_1.5,0.004320263863497261
04201.png,under-eyes,smooth_1_sigma_1.5,0.0042704694953381635
04201.png,left-cheek,smooth_2_sigma_2.5,0.004432388678583468
04201.png,right-cheek,smooth_2_sigma_2.5,0.004420779503945504
04201.png,bottom-face,smooth_2_sigma_2.5,0.005206205700665183
04201.png,forehead,smooth_2_sigma_2.5,0.0043605540339617605
04201.png,under-eyes,smooth_2_sigma_2.5,0.004290216928388462
04205.png,left-cheek,original_roi,0.004606605350230218
04205.png,right-cheek,original_roi,0.0067194921665051114
04205.png,bottom-face,original_roi,0.0040101664290813676
04205.png,forehead,original_roi,0.0042408803162492705
04205.png,under-eyes,original_roi,0.005156794179706066
04205.png,left-cheek,smooth_1_sigma_1.5,0.005099564385906229
04205.png,right-cheek,smooth_1_sigma_1.5,0.007220127925781996
04205.png,bottom-face,smooth_1_sigma_1.5,0.004711184397479729
04205.png,forehead,smooth_1_sigma_1.5,0.004435805757779313
04205.png,under-eyes,smooth_1_sigma_1.5,0.005487461653351531
04205.png,left-cheek,smooth_2_sigma_2.5,0.005252760629874391
04205.png,right-cheek,smooth_2_sigma_2.5,0.007354864535082022
04205.png,bottom-face,smooth_2_sigma_2.5,0.004942940734337945
04205.png,forehead,smooth_2_sigma_2.5,0.004491535024536243
04205.png,under-eyes,smooth_2_sigma_2.5,0.0056231805468630845
04207.png,left-cheek,original_roi,0.0035520184600246487
04207.png,right-cheek,original_roi,0.004007298965700241
04207.png,bottom-face,original_roi,0.003819853929737397
04207.png,forehead,original_roi,0.0034330027881827913
04207.png,under-eyes,original_roi,0.0038772280186508586
04207.png,left-cheek,smooth_1_sigma_1.5,0.00357703393186136
04207.png,right-cheek,smooth_1_sigma_1.5,0.004035230618927066
04207.png,bottom-face,smooth_1_sigma_1.5,0.0038527303986464236
04207.png,forehead,smooth_1_sigma_1.5,0.003460119721727609
04207.png,under-eyes,smooth_1_sigma_1.5,0.0039454723337435165
04207.png,left-cheek,smooth_2_sigma_2.5,0.0035895362756167776
04207.png,right-cheek,smooth_2_sigma_2.5,0.004049059693835272
04207.png,bottom-face,smooth_2_sigma_2.5,0.003869557614896672
04207.png,forehead,smooth_2_sigma_2.5,0.0034722617104610202
04207.png,under-eyes,smooth_2_sigma_2.5,0.003977868023809403
04208.png,left-cheek,original_roi,0.0051193389103703
04208.png,right-cheek,original_roi,0.0038586627507003956
04208.png,bottom-face,original_roi,0.0055394899245500345
04208.png,forehead,original_roi,0.004718973583282405
04208.png,under-eyes,original_roi,0.005190195621792094
04208.png,left-cheek,smooth_1_sigma_1.5,0.005322174971808761
04208.png,right-cheek,smooth_1_sigma_1.5,0.003964168142985442
04208.png,bottom-face,smooth_1_sigma_1.5,0.005698781842147551
04208.png,forehead,smooth_1_sigma_1.5,0.0048677238617870254
04208.png,under-eyes,smooth_1_sigma_1.5,0.0053404693809860244
04208.png,left-cheek,smooth_2_sigma_2.5,0.005366714251346901
04208.png,right-cheek,smooth_2_sigma_2.5,0.003985555241447916
04208.png,bottom-face,smooth_2_sigma_2.5,0.005741931653058567
04208.png,forehead,smooth_2_sigma_2.5,0.004900401800142769
04208.png,under-eyes,smooth_2_sigma_2.5,0.005377171049329962
04216.png,left-cheek,original_roi,0.004780575672536986
04216.png,right-cheek,original_roi,0.0056284648211582
04216.png,bottom-face,original_roi,0.005873791130040769
04216.png,forehead,original_roi,0.004377239885457793
04216.png,under-eyes,original_roi,0.00485321244265704
04216.png,left-cheek,smooth_1_sigma_1.5,0.005118203824097673
04216.png,right-cheek,smooth_1_sigma_1.5,0.005986122614514733
04216.png,bottom-face,smooth_1_sigma_1.5,0.006349624849752333
04216.png,forehead,smooth_1_sigma_1.5,0.004635722457236844
04216.png,under-eyes,smooth_1_sigma_1.5,0.005208568722816927
04216.png,left-cheek,smooth_2_sigma_2.5,0.005174988341466153
04216.png,right-cheek,smooth_2_sigma_2.5,0.006059934136252097
04216.png,bottom-face,smooth_2_sigma_2.5,0.0064350654410151665
04216.png,forehead,smooth_2_sigma_2.5,0.004679321008421354
04216.png,under-eyes,smooth_2_sigma_2.5,0.005316614430870899
04218.png,left-cheek,original_roi,0.005067471513226934
04218.png,right-cheek,original_roi,0.005245911717299662
04218.png,bottom-face,original_roi,0.005170838214401632
04218.png,forehead,original_roi,0.0067240883351762475
04218.png,under-eyes,original_roi,0.006014448727423419
04218.png,left-cheek,smooth_1_sigma_1.5,0.00515516811068235
04218.png,right-cheek,smooth_1_sigma_1.5,0.005338459991211437
04218.png,bottom-face,smooth_1_sigma_1.5,0.005265852402880402
04218.png,forehead,smooth_1_sigma_1.5,0.0071686542727145254
04218.png,under-eyes,smooth_1_sigma_1.5,0.006283177546017236
04218.png,left-cheek,smooth_2_sigma_2.5,0.005182595344820433
04218.png,right-cheek,smooth_2_sigma_2.5,0.005366840731252574
04218.png,bottom-face,smooth_2_sigma_2.5,0.005295644534496816
04218.png,forehead,smooth_2_sigma_2.5,0.007325646169847678
04218.png,under-eyes,smooth_2_sigma_2.5,0.00636420368491336
04219.png,left-cheek,original_roi,0.005075939027553732
04219.png,right-cheek,original_roi,0.004596519597540643
04219.png,bottom-face,original_roi,0.004706662549581781
04219.png,forehead,original_roi,0.004587350944649312
04219.png,under-eyes,original_roi,0.004483769294450225
04219.png,left-cheek,smooth_1_sigma_1.5,0.0052569456546443
04219.png,right-cheek,smooth_1_sigma_1.5,0.004772416670878781
04219.png,bottom-face,smooth_1_sigma_1.5,0.004882435544686349
04219.png,forehead,smooth_1_sigma_1.5,0.004995588306474585
04219.png,under-eyes,smooth_1_sigma_1.5,0.00490650885171231
04219.png,left-cheek,smooth_2_sigma_2.5,0.005294753978780287
04219.png,right-cheek,smooth_2_sigma_2.5,0.004805804244615219
04219.png,bottom-face,smooth_2_sigma_2.5,0.004922244405668991
04219.png,forehead,smooth_2_sigma_2.5,0.005060289165408045
04219.png,under-eyes,smooth_2_sigma_2.5,0.005045094156197642
04224.png,left-cheek,original_roi,
04224.png,right-cheek,original_roi,0.004280061800674152
04224.png,bottom-face,original_roi,0.005682634260740131
04224.png,forehead,original_roi,0.004616729118904026
04224.png,under-eyes,original_roi,0.0047897590251156485
04224.png,left-cheek,smooth_1_sigma_1.5,
04224.png,right-cheek,smooth_1_sigma_1.5,0.004433833967941314
04224.png,bottom-face,smooth_1_sigma_1.5,0.005961791749893302
04224.png,forehead,smooth_1_sigma_1.5,0.004843740671346818
04224.png,under-eyes,smooth_1_sigma_1.5,0.005007127446862921
04224.png,left-cheek,smooth_2_sigma_2.5,
04224.png,right-cheek,smooth_2_sigma_2.5,0.004466946308087707
04224.png,bottom-face,smooth_2_sigma_2.5,0.006017382909016054
04224.png,forehead,smooth_2_sigma_2.5,0.004893430705686402
04224.png,under-eyes,smooth_2_sigma_2.5,0.0050562700702548365
04225.png,left-cheek,original_roi,0.006712973801888887
04225.png,right-cheek,original_roi,0.005496301951411118
04225.png,bottom-face,original_roi,0.006131726738156112
04225.png,forehead,original_roi,0.005414988897030493
04225.png,under-eyes,original_roi,0.005951129990852667
04225.png,left-cheek,smooth_1_sigma_1.5,0.007084347103216771
04225.png,right-cheek,smooth_1_sigma_1.5,0.005851933161876306
04225.png,bottom-face,smooth_1_sigma_1.5,0.0064501011974669965
04225.png,forehead,smooth_1_sigma_1.5,0.005804412144753844
04225.png,under-eyes,smooth_1_sigma_1.5,0.006586339375769073
04225.png,left-cheek,smooth_2_sigma_2.5,0.007191020414741942
04225.png,right-cheek,smooth_2_sigma_2.5,0.005949718312214803
04225.png,bottom-face,smooth_2_sigma_2.5,0.006518420340050542
04225.png,forehead,smooth_2_sigma_2.5,0.005922328623336638
04225.png,under-eyes,smooth_2_sigma_2.5,0.006901336959046786
04227.png,left-cheek,original_roi,0.003519802749042293
04227.png,right-cheek,original_roi,0.0036062916172130088
04227.png,bottom-face,original_roi,0.003605399687886134
04227.png,forehead,original_roi,0.003238343437066401
04227.png,under-eyes,original_roi,0.00323888497482917
04227.png,left-cheek,smooth_1_sigma_1.5,0.003648033708575146
04227.png,right-cheek,smooth_1_sigma_1.5,0.0037187676338013564
04227.png,bottom-face,smooth_1_sigma_1.5,0.003729799231038191
04227.png,forehead,smooth_1_sigma_1.5,0.0032874296714109565
04227.png,under-eyes,smooth_1_sigma_1.5,0.0033695000371252786
04227.png,left-cheek,smooth_2_sigma_2.5,0.0036693327440990527
04227.png,right-cheek,smooth_2_sigma_2.5,0.0037389902645920997
04227.png,bottom-face,smooth_2_sigma_2.5,0.0037532856273821903
04227.png,forehead,smooth_2_sigma_2.5,0.0032995782466004897
04227.png,under-eyes,smooth_2_sigma_2.5,0.003417760603014526
04232.png,left-cheek,original_roi,0.006625904771702151
04232.png,right-cheek,original_roi,0.006312443017173856
04232.png,bottom-face,original_roi,0.00675417537971717
04232.png,forehead,original_roi,0.006069225505921115
04232.png,under-eyes,original_roi,0.005914561531972154
04232.png,left-cheek,smooth_1_sigma_1.5,0.0068422731131956615
04232.png,right-cheek,smooth_1_sigma_1.5,0.006490434769373372
04232.png,bottom-face,smooth_1_sigma_1.5,0.0068986431558847
04232.png,forehead,smooth_1_sigma_1.5,0.006397114846151091
04232.png,under-eyes,smooth_1_sigma_1.5,0.0062437208187869206
04232.png,left-cheek,smooth_2_sigma_2.5,0.006887113485200332
04232.png,right-cheek,smooth_2_sigma_2.5,0.0065330608783350785
04232.png,bottom-face,smooth_2_sigma_2.5,0.006948196648037449
04232.png,forehead,smooth_2_sigma_2.5,0.006453867443525504
04232.png,under-eyes,smooth_2_sigma_2.5,0.00633468844004979
04233.png,left-cheek,original_roi,0.004345885622218469
04233.png,right-cheek,original_roi,0.005460464465365201
04233.png,bottom-face,original_roi,0.004968812442022432
04233.png,forehead,original_roi,0.0038108784826556084
04233.png,under-eyes,original_roi,0.0043644786176318465
04233.png,left-cheek,smooth_1_sigma_1.5,0.004444794625921074
04233.png,right-cheek,smooth_1_sigma_1.5,0.005635752180195095
04233.png,bottom-face,smooth_1_sigma_1.5,0.005092352692873887
04233.png,forehead,smooth_1_sigma_1.5,0.003959427642137963
04233.png,under-eyes,smooth_1_sigma_1.5,0.004601721009541034
04233.png,left-cheek,smooth_2_sigma_2.5,0.004466112606970265
04233.png,right-cheek,smooth_2_sigma_2.5,0.0056803532582360376
04233.png,bottom-face,smooth_2_sigma_2.5,0.005121325471175612
04233.png,forehead,smooth_2_sigma_2.5,0.00398150150958809
04233.png,under-eyes,smooth_2_sigma_2.5,0.004669851115450599
04234.png,left-cheek,original_roi,0.005047590320491149
04234.png,right-cheek,original_roi,0.005144616209837988
04234.png,bottom-face,original_roi,0.005548887172089498
04234.png,forehead,original_roi,0.0036165283557212345
04234.png,under-eyes,original_roi,0.003657443621671707
04234.png,left-cheek,smooth_1_sigma_1.5,0.0052969032887917435
04234.png,right-cheek,smooth_1_sigma_1.5,0.00541420858350407
04234.png,bottom-face,smooth_1_sigma_1.5,0.005796587155771545
04234.png,forehead,smooth_1_sigma_1.5,0.0039173088029198855
04234.png,under-eyes,smooth_1_sigma_1.5,0.004266181513505292
04234.png,left-cheek,smooth_2_sigma_2.5,0.005337544955964953
04234.png,right-cheek,smooth_2_sigma_2.5,0.005457953279010651
04234.png,bottom-face,smooth_2_sigma_2.5,0.005843795057066966
04234.png,forehead,smooth_2_sigma_2.5,0.004009074552576241
04234.png,under-eyes,smooth_2_sigma_2.5,0.004582806902107507
04235.png,left-cheek,original_roi,0.003309408303261298
04235.png,right-cheek,original_roi,0.007141896712753059
04235.png,bottom-face,original_roi,0.004517061690261355
04235.png,forehead,original_roi,0.00377566979965494
04235.png,under-eyes,original_roi,0.004098601587357575
04235.png,left-cheek,smooth_1_sigma_1.5,0.003377057561168207
04235.png,right-cheek,smooth_1_sigma_1.5,0.007409076674301526
04235.png,bottom-face,smooth_1_sigma_1.5,0.004641014031486676
04235.png,forehead,smooth_1_sigma_1.5,0.0038892129659636385
04235.png,under-eyes,smooth_1_sigma_1.5,0.004237863956860168
04235.png,left-cheek,smooth_2_sigma_2.5,0.0033903079073646144
04235.png,right-cheek,smooth_2_sigma_2.5,0.0074685997700949126
04235.png,bottom-face,smooth_2_sigma_2.5,0.004672599678751977
04235.png,forehead,smooth_2_sigma_2.5,0.003910768234633443
04235.png,under-eyes,smooth_2_sigma_2.5,0.004264378345998073
04238.png,left-cheek,original_roi,0.00714112943973714
04238.png,right-cheek,original_roi,0.00788807283113156
04238.png,bottom-face,original_roi,0.007670330178038685
04238.png,forehead,original_roi,0.006141469690497399
04238.png,under-eyes,original_roi,0.006654528632705588
04238.png,left-cheek,smooth_1_sigma_1.5,0.007595604340329142
04238.png,right-cheek,smooth_1_sigma_1.5,0.008174634330515764
04238.png,bottom-face,smooth_1_sigma_1.5,0.00818337362136562
04238.png,forehead,smooth_1_sigma_1.5,0.006561382948418841
04238.png,under-eyes,smooth_1_sigma_1.5,0.006917062444708276
04238.png,left-cheek,smooth_2_sigma_2.5,0.00772397129239633
04238.png,right-cheek,smooth_2_sigma_2.5,0.008232966849080698
04238.png,bottom-face,smooth_2_sigma_2.5,0.008325839562147686
04238.png,forehead,smooth_2_sigma_2.5,0.006701213900022534
04238.png,under-eyes,smooth_2_sigma_2.5,0.006969280705923341
04240.png,left-cheek,original_roi,0.005147772686082373
04240.png,right-cheek,original_roi,0.004411233723348719
04240.png,bottom-face,original_roi,0.004798329151150105
04240.png,forehead,original_roi,0.004094323262669785
04240.png,under-eyes,original_roi,0.00437765739978825
04240.png,left-cheek,smooth_1_sigma_1.5,0.005383464457034731
04240.png,right-cheek,smooth_1_sigma_1.5,0.004624903177656651
04240.png,bottom-face,smooth_1_sigma_1.5,0.005837856191042187
04240.png,forehead,smooth_1_sigma_1.5,0.004290450577630576
04240.png,under-eyes,smooth_1_sigma_1.5,0.004687093698016939
04240.png,left-cheek,smooth_2_sigma_2.5,0.005439353465496091
04240.png,right-cheek,smooth_2_sigma_2.5,0.004684508142962515
04240.png,bottom-face,smooth_2_sigma_2.5,0.006284017429474234
04240.png,forehead,smooth_2_sigma_2.5,0.004356239569508514
04240.png,under-eyes,smooth_2_sigma_2.5,0.004815636636358414
04248.png,left-cheek,original_roi,0.004760070780776609
04248.png,right-cheek,original_roi,0.006707069894797559
04248.png,bottom-face,original_roi,0.005641100076382275
04248.png,forehead,original_roi,0.004516434421607027
04248.png,under-eyes,original_roi,0.004922773571762651
04248.png,left-cheek,smooth_1_sigma_1.5,0.004946400746255645
04248.png,right-cheek,smooth_1_sigma_1.5,0.007047702928200657
04248.png,bottom-face,smooth_1_sigma_1.5,0.005858677405584313
04248.png,forehead,smooth_1_sigma_1.5,0.00473950844636681
04248.png,under-eyes,smooth_1_sigma_1.5,0.00526659271520186
04248.png,left-cheek,smooth_2_sigma_2.5,0.004980826360284019
04248.png,right-cheek,smooth_2_sigma_2.5,0.007114807047487938
04248.png,bottom-face,smooth_2_sigma_2.5,0.005909004982806704
04248.png,forehead,smooth_2_sigma_2.5,0.004784448530989539
04248.png,under-eyes,smooth_2_sigma_2.5,0.005363360797208329
04249.png,left-cheek,original_roi,0.005781599385182361
04249.png,right-cheek,original_roi,0.004525435920779685
04249.png,bottom-face,original_roi,0.00541270295997179
04249.png,forehead,original_roi,0.005196293977382214
04249.png,under-eyes,original_roi,0.0048042803369711205
04249.png,left-cheek,smooth_1_sigma_1.5,0.006039875244834731
04249.png,right-cheek,smooth_1_sigma_1.5,0.004677623665771937
04249.png,bottom-face,smooth_1_sigma_1.5,0.005575266588439188
04249.png,forehead,smooth_1_sigma_1.5,0.005771127693346869
04249.png,under-eyes,smooth_1_sigma_1.5,0.005146948983819932
04249.png,left-cheek,smooth_2_sigma_2.5,0.006099810182764546
04249.png,right-cheek,smooth_2_sigma_2.5,0.004713591105205951
04249.png,bottom-face,smooth_2_sigma_2.5,0.005607519010160506
04249.png,forehead,smooth_2_sigma_2.5,0.0058580080551228104
04249.png,under-eyes,smooth_2_sigma_2.5,0.0052905696277902895
05001.png,left-cheek,original_roi,0.004547920164781954
05001.png,right-cheek,original_roi,0.008697573540005438
05001.png,bottom-face,original_roi,0.00908464784479081
05001.png,forehead,original_roi,0.005535021390211824
05001.png,under-eyes,original_roi,0.006882664897568197
05001.png,left-cheek,smooth_1_sigma_1.5,0.004765760211560965
05001.png,right-cheek,smooth_1_sigma_1.5,0.009159117145323034
05001.png,bottom-face,smooth_1_sigma_1.5,0.009927580531272179
05001.png,forehead,smooth_1_sigma_1.5,0.005889257842887705
05001.png,under-eyes,smooth_1_sigma_1.5,0.007393803593753902
05001.png,left-cheek,smooth_2_sigma_2.5,0.004806164652730178
05001.png,right-cheek,smooth_2_sigma_2.5,0.009253011755606774
05001.png,bottom-face,smooth_2_sigma_2.5,0.01017038509211181
05001.png,forehead,smooth_2_sigma_2.5,0.0059773748660556375
05001.png,under-eyes,smooth_2_sigma_2.5,0.007597934988921722
05006.png,left-cheek,original_roi,0.004196404695011895
05006.png,right-cheek,original_roi,0.0063420581914757765
05006.png,bottom-face,original_roi,0.004752371738916881
05006.png,forehead,original_roi,0.004326613805811145
05006.png,under-eyes,original_roi,0.005005410057508112
05006.png,left-cheek,smooth_1_sigma_1.5,0.004279703781355133
05006.png,right-cheek,smooth_1_sigma_1.5,0.006496011467785626
05006.png,bottom-face,smooth_1_sigma_1.5,0.004826754243205385
05006.png,forehead,smooth_1_sigma_1.5,0.004441747863743625
05006.png,under-eyes,smooth_1_sigma_1.5,0.00518160912374957
05006.png,left-cheek,smooth_2_sigma_2.5,0.004300229790894546
05006.png,right-cheek,smooth_2_sigma_2.5,0.006539582619235723
05006.png,bottom-face,smooth_2_sigma_2.5,0.004851589334958312
05006.png,forehead,smooth_2_sigma_2.5,0.004465999758585169
05006.png,under-eyes,smooth_2_sigma_2.5,0.0052260740531196075
05011.png,left-cheek,original_roi,0.007015117710595847
05011.png,right-cheek,original_roi,0.006211754640952186
05011.png,bottom-face,original_roi,0.007271029227342683
05011.png,forehead,original_roi,0.00563288362561359
05011.png,under-eyes,original_roi,0.006391849767342559
05011.png,left-cheek,smooth_1_sigma_1.5,0.007565526091207816
05011.png,right-cheek,smooth_1_sigma_1.5,0.0068462472346181484
05011.png,bottom-face,smooth_1_sigma_1.5,0.007964353030678864
05011.png,forehead,smooth_1_sigma_1.5,0.007088987111925101
05011.png,under-eyes,smooth_1_sigma_1.5,0.00733581625311566
05011.png,left-cheek,smooth_2_sigma_2.5,0.007661881469460403
05011.png,right-cheek,smooth_2_sigma_2.5,0.006929037208587877
05011.png,bottom-face,smooth_2_sigma_2.5,0.008078649517892176
05011.png,forehead,smooth_2_sigma_2.5,0.00732389155926092
05011.png,under-eyes,smooth_2_sigma_2.5,0.007547457662868308
05015.png,left-cheek,original_roi,0.0043824946302136415
05015.png,right-cheek,original_roi,0.003929328079225042
05015.png,bottom-face,original_roi,0.003927366359714699
05015.png,forehead,original_roi,0.0034078971771183573
05015.png,under-eyes,original_roi,0.003811867651288873
05015.png,left-cheek,smooth_1_sigma_1.5,0.004424692749343144
05015.png,right-cheek,smooth_1_sigma_1.5,0.003960484984516025
05015.png,bottom-face,smooth_1_sigma_1.5,0.003958299991567517
05015.png,forehead,smooth_1_sigma_1.5,0.0034554003823195904
05015.png,under-eyes,smooth_1_sigma_1.5,0.003859326138614544
05015.png,left-cheek,smooth_2_sigma_2.5,0.0044437877518741075
05015.png,right-cheek,smooth_2_sigma_2.5,0.003973290831852725
05015.png,bottom-face,smooth_2_sigma_2.5,0.003975447099879013
05015.png,forehead,smooth_2_sigma_2.5,0.003474803093508955
05015.png,under-eyes,smooth_2_sigma_2.5,0.0038796452264798346
05017.png,left-cheek,original_roi,0.005365732084778829
05017.png,right-cheek,original_roi,0.003931068209684619
05017.png,bottom-face,original_roi,0.004859624206196674
05017.png,forehead,original_roi,0.004175148685042541
05017.png,under-eyes,original_roi,0.00529610968909382
05017.png,left-cheek,smooth_1_sigma_1.5,0.0057233414747400405
05017.png,right-cheek,smooth_1_sigma_1.5,0.004140303119452998
05017.png,bottom-face,smooth_1_sigma_1.5,0.005315617912187493
05017.png,forehead,smooth_1_sigma_1.5,0.004409961999081529
05017.png,under-eyes,smooth_1_sigma_1.5,0.0055949004575209715
05017.png,left-cheek,smooth_2_sigma_2.5,0.005868262970717299
05017.png,right-cheek,smooth_2_sigma_2.5,0.00423984674843258
05017.png,bottom-face,smooth_2_sigma_2.5,0.005455674850163983
05017.png,forehead,smooth_2_sigma_2.5,0.004494451291044556
05017.png,under-eyes,smooth_2_sigma_2.5,0.005706692146039325
05021.png,left-cheek,original_roi,0.004153394015917053
05021.png,right-cheek,original_roi,0.00455297429332138
05021.png,bottom-face,original_roi,0.004333915353682794
05021.png,forehead,original_roi,0.004199191909773279
05021.png,under-eyes,original_roi,0.004354976521192793
05021.png,left-cheek,smooth_1_sigma_1.5,0.004294248188481402
05021.png,right-cheek,smooth_1_sigma_1.5,0.004740942274835075
05021.png,bottom-face,smooth_1_sigma_1.5,0.004470551570500056
05021.png,forehead,smooth_1_sigma_1.5,0.004427342122298726
05021.png,under-eyes,smooth_1_sigma_1.5,0.004532401021828474
05021.png,left-cheek,smooth_2_sigma_2.5,0.004316154568136336
05021.png,right-cheek,smooth_2_sigma_2.5,0.004823377451075995
05021.png,bottom-face,smooth_2_sigma_2.5,0.004494272065465975
05021.png,forehead,smooth_2_sigma_2.5,0.004466402585066544
05021.png,under-eyes,smooth_2_sigma_2.5,0.0045619932445529416
05025.png,left-cheek,original_roi,0.005682567833751335
05025.png,right-cheek,original_roi,0.005273842226697932
05025.png,bottom-face,original_roi,0.006055942462701903
05025.png,forehead,original_roi,0.00842499284811329
05025.png,under-eyes,original_roi,0.005112736344462653
05025.png,left-cheek,smooth_1_sigma_1.5,0.005807614668109854
05025.png,right-cheek,smooth_1_sigma_1.5,0.0053904334950018885
05025.png,bottom-face,smooth_1_sigma_1.5,0.006220037352294877
05025.png,forehead,smooth_1_sigma_1.5,0.009602192749269675
05025.png,under-eyes,smooth_1_sigma_1.5,0.005431271479071618
05025.png,left-cheek,smooth_2_sigma_2.5,0.00584162522736241
05025.png,right-cheek,smooth_2_sigma_2.5,0.005421541018846393
05025.png,bottom-face,smooth_2_sigma_2.5,0.006274957225161835
05025.png,forehead,smooth_2_sigma_2.5,0.010048008968786326
05025.png,under-eyes,smooth_2_sigma_2.5,0.005555776899967572
05028.png,left-cheek,original_roi,0.0034944105281060943
05028.png,right-cheek,original_roi,0.0036024591059999377
05028.png,bottom-face,original_roi,0.004538185751423863
05028.png,forehead,original_roi,0.003401168123319072
05028.png,under-eyes,original_roi,0.0034646702158332436
05028.png,left-cheek,smooth_1_sigma_1.5,0.0035695962221505514
05028.png,right-cheek,smooth_1_sigma_1.5,0.0037117136795983825
05028.png,bottom-face,smooth_1_sigma_1.5,0.005000009518879893
05028.png,forehead,smooth_1_sigma_1.5,0.0034678720917819183
05028.png,under-eyes,smooth_1_sigma_1.5,0.003520925027071057
05028.png,left-cheek,smooth_2_sigma_2.5,0.003592822237061741
05028.png,right-cheek,smooth_2_sigma_2.5,0.003744303561386834
05028.png,bottom-face,smooth_2_sigma_2.5,0.005157986955761892
05028.png,forehead,smooth_2_sigma_2.5,0.0034905851294986957
05028.png,under-eyes,smooth_2_sigma_2.5,0.0035373997355434617
05031.png,left-cheek,original_roi,0.0051791667964245745
05031.png,right-cheek,original_roi,0.005259412568954566
05031.png,bottom-face,original_roi,0.005596440187622523
05031.png,forehead,original_roi,0.004516604857701185
05031.png,under-eyes,original_roi,0.004442610605190624
05031.png,left-cheek,smooth_1_sigma_1.5,0.005355686226516325
05031.png,right-cheek,smooth_1_sigma_1.5,0.005444321194226155
05031.png,bottom-face,smooth_1_sigma_1.5,0.0058205401875513285
05031.png,forehead,smooth_1_sigma_1.5,0.004704830782222795
05031.png,under-eyes,smooth_1_sigma_1.5,0.004630673958241719
05031.png,left-cheek,smooth_2_sigma_2.5,0.005403311926116732
05031.png,right-cheek,smooth_2_sigma_2.5,0.005487425487783636
05031.png,bottom-face,smooth_2_sigma_2.5,0.0058864353990157785
05031.png,forehead,smooth_2_sigma_2.5,0.004758394113663689
05031.png,under-eyes,smooth_2_sigma_2.5,0.004705283107319109
05032.png,left-cheek,original_roi,0.00824337885515809
05032.png,right-cheek,original_roi,0.007272936967322423
05032.png,bottom-face,original_roi,0.005922160985121334
05032.png,forehead,original_roi,0.007093653543916792
05032.png,under-eyes,original_roi,0.008499286283940947
05032.png,left-cheek,smooth_1_sigma_1.5,0.008747288564456456
05032.png,right-cheek,smooth_1_sigma_1.5,0.007817682753588366
05032.png,bottom-face,smooth_1_sigma_1.5,0.007049452543967059
05032.png,forehead,smooth_1_sigma_1.5,0.007777644096717759
05032.png,under-eyes,smooth_1_sigma_1.5,0.009130468916930477
05032.png,left-cheek,smooth_2_sigma_2.5,0.008855422575145266
05032.png,right-cheek,smooth_2_sigma_2.5,0.007938100799432494
05032.png,bottom-face,smooth_2_sigma_2.5,0.007872644765834333
05032.png,forehead,smooth_2_sigma_2.5,0.008043577882168695
05032.png,under-eyes,smooth_2_sigma_2.5,0.009286763566016962
05036.png,left-cheek,original_roi,0.004402995193646616
05036.png,right-cheek,original_roi,0.0038110369611335806
05036.png,bottom-face,original_roi,0.003710431969275703
05036.png,forehead,original_roi,0.003974730491392592
05036.png,under-eyes,original_roi,0.004190342701430629
05036.png,left-cheek,smooth_1_sigma_1.5,0.004838615127445151
05036.png,right-cheek,smooth_1_sigma_1.5,0.004021547600822093
05036.png,bottom-face,smooth_1_sigma_1.5,0.0041909573947915375
05036.png,forehead,smooth_1_sigma_1.5,0.004137138325812495
05036.png,under-eyes,smooth_1_sigma_1.5,0.004396550373200136
05036.png,left-cheek,smooth_2_sigma_2.5,0.004916588490682786
05036.png,right-cheek,smooth_2_sigma_2.5,0.00406179455312059
05036.png,bottom-face,smooth_2_sigma_2.5,0.004278395120203642
05036.png,forehead,smooth_2_sigma_2.5,0.00416514284778381
05036.png,under-eyes,smooth_2_sigma_2.5,0.004447726201006003
05037.png,left-cheek,original_roi,0.0039039015113128245
05037.png,right-cheek,original_roi,0.003465953697348753
05037.png,bottom-face,original_roi,0.00432992501055624
05037.png,forehead,original_roi,0.005417532190544393
05037.png,under-eyes,original_roi,0.0038373085627383496
05037.png,left-cheek,smooth_1_sigma_1.5,0.004079857198344696
05037.png,right-cheek,smooth_1_sigma_1.5,0.0035929361255589553
05037.png,bottom-face,smooth_1_sigma_1.5,0.004527361347691353
05037.png,forehead,smooth_1_sigma_1.5,0.006306137261403037
05037.png,under-eyes,smooth_1_sigma_1.5,0.004111969084923775
05037.png,left-cheek,smooth_2_sigma_2.5,0.00410501336461564
05037.png,right-cheek,smooth_2_sigma_2.5,0.0036129046871576256
05037.png,bottom-face,smooth_2_sigma_2.5,0.004577215813242248
05037.png,forehead,smooth_2_sigma_2.5,0.00650316177197111
05037.png,under-eyes,smooth_2_sigma_2.5,0.004150310012465474
05039.png,left-cheek,original_roi,0.00464956144788059
05039.png,right-cheek,original_roi,0.005046443551325305
05039.png,bottom-face,original_roi,0.0056329827650217655
05039.png,forehead,original_roi,0.004647305957322453
05039.png,under-eyes,original_roi,0.0057495784784239445
05039.png,left-cheek,smooth_1_sigma_1.5,0.004740514708779806
05039.png,right-cheek,smooth_1_sigma_1.5,0.0051405845584607986
05039.png,bottom-face,smooth_1_sigma_1.5,0.00572052584944349
05039.png,forehead,smooth_1_sigma_1.5,0.004747185860481634
05039.png,under-eyes,smooth_1_sigma_1.5,0.005912300655590252
05039.png,left-cheek,smooth_2_sigma_2.5,0.004764576469743339
05039.png,right-cheek,smooth_2_sigma_2.5,0.005169503865052116
05039.png,bottom-face,smooth_2_sigma_2.5,0.00575169669045339
05039.png,forehead,smooth_2_sigma_2.5,0.004772861653095017
05039.png,under-eyes,smooth_2_sigma_2.5,0.0059489496794558755
05050.png,left-cheek,original_roi,0.005545340945238061
05050.png,right-cheek,original_roi,0.0047171832533174545
05050.png,bottom-face,original_roi,0.005976201810501742
05050.png,forehead,original_roi,0.004782766088822989
05050.png,under-eyes,original_roi,0.0051199009519161546
05050.png,left-cheek,smooth_1_sigma_1.5,0.005795997020025998
05050.png,right-cheek,smooth_1_sigma_1.5,0.0048447487742111755
05050.png,bottom-face,smooth_1_sigma_1.5,0.006305766427717065
05050.png,forehead,smooth_1_sigma_1.5,0.005023283350631785
05050.png,under-eyes,smooth_1_sigma_1.5,0.0053079446394215515
05050.png,left-cheek,smooth_2_sigma_2.5,0.005875340917984575
05050.png,right-cheek,smooth_2_sigma_2.5,0.004875826260199517
05050.png,bottom-face,smooth_2_sigma_2.5,0.006423488083635411
05050.png,forehead,smooth_2_sigma_2.5,0.005130887549845096
05050.png,under-eyes,smooth_2_sigma_2.5,0.005369901083387361
05051.png,left-cheek,original_roi,0.008053605212145926
05051.png,right-cheek,original_roi,0.008514617320295705
05051.png,bottom-face,original_roi,0.007896910470542825
05051.png,forehead,original_roi,0.0045039451098183685
05051.png,under-eyes,original_roi,0.007529994260025299
05051.png,left-cheek,smooth_1_sigma_1.5,0.008469371622898583
05051.png,right-cheek,smooth_1_sigma_1.5,0.008950110319292166
05051.png,bottom-face,smooth_1_sigma_1.5,0.008550620418648847
05051.png,forehead,smooth_1_sigma_1.5,0.0049778332938049145
05051.png,under-eyes,smooth_1_sigma_1.5,0.008192885135627494
05051.png,left-cheek,smooth_2_sigma_2.5,0.008698221273201832
05051.png,right-cheek,smooth_2_sigma_2.5,0.009067810422823827
05051.png,bottom-face,smooth_2_sigma_2.5,0.008755527849308139
05051.png,forehead,smooth_2_sigma_2.5,0.00508025328464427
05051.png,under-eyes,smooth_2_sigma_2.5,0.008459478900247291
05055.png,left-cheek,original_roi,0.0033917894804003914
05055.png,right-cheek,original_roi,
05055.png,bottom-face,original_roi,0.003920456088468855
05055.png,forehead,original_roi,0.0039013484955473976
05055.png,under-eyes,original_roi,0.0035037977060987514
05055.png,left-cheek,smooth_1_sigma_1.5,0.0034606840941663053
05055.png,right-cheek,smooth_1_sigma_1.5,
05055.png,bottom-face,smooth_1_sigma_1.5,0.00403015544626134
05055.png,forehead,smooth_1_sigma_1.5,0.004060034536928712
05055.png,under-eyes,smooth_1_sigma_1.5,0.0035823285745642973
05055.png,left-cheek,smooth_2_sigma_2.5,0.003472020916590318
05055.png,right-cheek,smooth_2_sigma_2.5,
05055.png,bottom-face,smooth_2_sigma_2.5,0.004046007999302184
05055.png,forehead,smooth_2_sigma_2.5,0.004083117401742343
05055.png,under-eyes,smooth_2_sigma_2.5,0.003596019755292645
05056.png,left-cheek,original_roi,0.004008907011938799
05056.png,right-cheek,original_roi,0.004550048959057231
05056.png,bottom-face,original_roi,0.0043594082886180266
05056.png,forehead,original_roi,0.0036478968407102222
05056.png,under-eyes,original_roi,0.004289913560927198
05056.png,left-cheek,smooth_1_sigma_1.5,0.004171736304126338
05056.png,right-cheek,smooth_1_sigma_1.5,0.004825481574099741
05056.png,bottom-face,smooth_1_sigma_1.5,0.004569878084549614
05056.png,forehead,smooth_1_sigma_1.5,0.0037846203530601404
05056.png,under-eyes,smooth_1_sigma_1.5,0.004562945587780296
05056.png,left-cheek,smooth_2_sigma_2.5,0.0041981812428814064
05056.png,right-cheek,smooth_2_sigma_2.5,0.004899194402695065
05056.png,bottom-face,smooth_2_sigma_2.5,0.004607137727664222
05056.png,forehead,smooth_2_sigma_2.5,0.003809301355598123
05056.png,under-eyes,smooth_2_sigma_2.5,0.004636453115312319
05063.png,left-cheek,original_roi,0.005308281014643834
05063.png,right-cheek,original_roi,0.005134874311770427
05063.png,bottom-face,original_roi,0.00547662998875364
05063.png,forehead,original_roi,0.005319936352095104
05063.png,under-eyes,original_roi,0.0050598475172861195
05063.png,left-cheek,smooth_1_sigma_1.5,0.005396060897955691
05063.png,right-cheek,smooth_1_sigma_1.5,0.005268372343261421
05063.png,bottom-face,smooth_1_sigma_1.5,0.005627749819533432
05063.png,forehead,smooth_1_sigma_1.5,0.005490889569304016
05063.png,under-eyes,smooth_1_sigma_1.5,0.005218938952585248
05063.png,left-cheek,smooth_2_sigma_2.5,0.005425661660202285
05063.png,right-cheek,smooth_2_sigma_2.5,0.005299047904080767
05063.png,bottom-face,smooth_2_sigma_2.5,0.005682741822940072
05063.png,forehead,smooth_2_sigma_2.5,0.005526483802383618
05063.png,under-eyes,smooth_2_sigma_2.5,0.0052579998649767284
05070.png,left-cheek,original_roi,0.004772072754167005
05070.png,right-cheek,original_roi,0.004350378717619521
05070.png,bottom-face,original_roi,0.004503327174293358
05070.png,forehead,original_roi,0.0038533311782456476
05070.png,under-eyes,original_roi,0.003975228286623499
05070.png,left-cheek,smooth_1_sigma_1.5,0.004875250648862459
05070.png,right-cheek,smooth_1_sigma_1.5,0.004430467966092714
05070.png,bottom-face,smooth_1_sigma_1.5,0.004595039919602665
05070.png,forehead,smooth_1_sigma_1.5,0.00390175502225652
05070.png,under-eyes,smooth_1_sigma_1.5,0.00405421599881054
05070.png,left-cheek,smooth_2_sigma_2.5,0.004894074801632797
05070.png,right-cheek,smooth_2_sigma_2.5,0.004450538528628271
05070.png,bottom-face,smooth_2_sigma_2.5,0.004627013502140499
05070.png,forehead,smooth_2_sigma_2.5,0.003916273826142602
05070.png,under-eyes,smooth_2_sigma_2.5,0.00408317350990719
05074.png,left-cheek,original_roi,0.004625667413703025
05074.png,right-cheek,original_roi,0.0048599727128950596
05074.png,bottom-face,original_roi,0.00563376304323095
05074.png,forehead,original_roi,0.004671992093200882
05074.png,under-eyes,original_roi,0.004420591683475221
05074.png,left-cheek,smooth_1_sigma_1.5,0.004794249908586373
05074.png,right-cheek,smooth_1_sigma_1.5,0.0050885821051881944
05074.png,bottom-face,smooth_1_sigma_1.5,0.006382511241368477
05074.png,forehead,smooth_1_sigma_1.5,0.005091956744396199
05074.png,under-eyes,smooth_1_sigma_1.5,0.004674910512714913
05074.png,left-cheek,smooth_2_sigma_2.5,0.0048541842820866606
05074.png,right-cheek,smooth_2_sigma_2.5,0.005195557852440637
05074.png,bottom-face,smooth_2_sigma_2.5,0.006809324008879731
05074.png,forehead,smooth_2_sigma_2.5,0.005358016572969586
05074.png,under-eyes,smooth_2_sigma_2.5,0.004874840144450338
05076.png,left-cheek,original_roi,0.006108119017995978
05076.png,right-cheek,original_roi,0.0047936043351486275
05076.png,bottom-face,original_roi,0.005145664150703513
05076.png,forehead,original_roi,0.005188674128922116
05076.png,under-eyes,original_roi,0.005107604295778626
05076.png,left-cheek,smooth_1_sigma_1.5,0.006258942721878933
05076.png,right-cheek,smooth_1_sigma_1.5,0.004882588875158337
05076.png,bottom-face,smooth_1_sigma_1.5,0.005280313312642841
05076.png,forehead,smooth_1_sigma_1.5,0.005323874914084564
05076.png,under-eyes,smooth_1_sigma_1.5,0.005315008875947379
05076.png,left-cheek,smooth_2_sigma_2.5,0.006306412216264956
05076.png,right-cheek,smooth_2_sigma_2.5,0.004906959475561733
05076.png,bottom-face,smooth_2_sigma_2.5,0.005317296080404945
05076.png,forehead,smooth_2_sigma_2.5,0.005372947538287564
05076.png,under-eyes,smooth_2_sigma_2.5,0.005430962440241917
05081.png,left-cheek,original_roi,0.0055937332483149286
05081.png,right-cheek,original_roi,0.006583405380348722
05081.png,bottom-face,original_roi,0.006339747690344436
05081.png,forehead,original_roi,0.005796632922776092
05081.png,under-eyes,original_roi,0.005487108977743572
05081.png,left-cheek,smooth_1_sigma_1.5,0.0056720409892342975
05081.png,right-cheek,smooth_1_sigma_1.5,0.0067336624854378545
05081.png,bottom-face,smooth_1_sigma_1.5,0.006438129141012691
05081.png,forehead,smooth_1_sigma_1.5,0.005897712627919088
05081.png,under-eyes,smooth_1_sigma_1.5,0.005636954132992773
05081.png,left-cheek,smooth_2_sigma_2.5,0.005702384900535329
05081.png,right-cheek,smooth_2_sigma_2.5,0.00681581659441057
05081.png,bottom-face,smooth_2_sigma_2.5,0.00647721142704186
05081.png,forehead,smooth_2_sigma_2.5,0.005942633491282462
05081.png,under-eyes,smooth_2_sigma_2.5,0.005741555771606202
05084.png,left-cheek,original_roi,0.003851187594185081
05084.png,right-cheek,original_roi,0.003983590248968293
05084.png,bottom-face,original_roi,0.004003369779823825
05084.png,forehead,original_roi,0.0035474961502899105
05084.png,under-eyes,original_roi,0.003883014831497203
05084.png,left-cheek,smooth_1_sigma_1.5,0.003949377958687357
05084.png,right-cheek,smooth_1_sigma_1.5,0.0041016149546590774
05084.png,bottom-face,smooth_1_sigma_1.5,0.004304995459600761
05084.png,forehead,smooth_1_sigma_1.5,0.003628482105383473
05084.png,under-eyes,smooth_1_sigma_1.5,0.0040254133045237
05084.png,left-cheek,smooth_2_sigma_2.5,0.003981327752963066
05084.png,right-cheek,smooth_2_sigma_2.5,0.004136328965046175
05084.png,bottom-face,smooth_2_sigma_2.5,0.004365174318027244
05084.png,forehead,smooth_2_sigma_2.5,0.0036504339196025896
05084.png,under-eyes,smooth_2_sigma_2.5,0.0040709139232156235
05085.png,left-cheek,original_roi,0.00371968212094985
05085.png,right-cheek,original_roi,0.0038312973217816747
05085.png,bottom-face,original_roi,0.004938425476747462
05085.png,forehead,original_roi,0.00388540264686682
05085.png,under-eyes,original_roi,0.004173058616393136
05085.png,left-cheek,smooth_1_sigma_1.5,0.003815801055620072
05085.png,right-cheek,smooth_1_sigma_1.5,0.003948590583929291
05085.png,bottom-face,smooth_1_sigma_1.5,0.005715262334678635
05085.png,forehead,smooth_1_sigma_1.5,0.00399881084900174
05085.png,under-eyes,smooth_1_sigma_1.5,0.004280292969145255
05085.png,left-cheek,smooth_2_sigma_2.5,0.003843576942868056
05085.png,right-cheek,smooth_2_sigma_2.5,0.003982540667746981
05085.png,bottom-face,smooth_2_sigma_2.5,0.005991219819519628
05085.png,forehead,smooth_2_sigma_2.5,0.004032551699633665
05085.png,under-eyes,smooth_2_sigma_2.5,0.004312714758965098
05094.png,left-cheek,original_roi,0.005712375329975401
05094.png,right-cheek,original_roi,0.00591507033817608
05094.png,bottom-face,original_roi,0.00552212211910678
05094.png,forehead,original_roi,0.004441040274855099
05094.png,under-eyes,original_roi,0.0047214515329565806
05094.png,left-cheek,smooth_1_sigma_1.5,0.006112331755489166
05094.png,right-cheek,smooth_1_sigma_1.5,0.006367814702796143
05094.png,bottom-face,smooth_1_sigma_1.5,0.006081784499750255
05094.png,forehead,smooth_1_sigma_1.5,0.004879063114220901
05094.png,under-eyes,smooth_1_sigma_1.5,0.005192636844262828
05094.png,left-cheek,smooth_2_sigma_2.5,0.006169477632078813
05094.png,right-cheek,smooth_2_sigma_2.5,0.006432458745705649
05094.png,bottom-face,smooth_2_sigma_2.5,0.006163427116251453
05094.png,forehead,smooth_2_sigma_2.5,0.004936722493100461
05094.png,under-eyes,smooth_2_sigma_2.5,0.00534904999703917
05095.png,left-cheek,original_roi,0.0031657957712428364
05095.png,right-cheek,original_roi,0.003665319311149164
05095.png,bottom-face,original_roi,0.0038149606834490773
05095.png,forehead,original_roi,0.0032095205508252227
05095.png,under-eyes,original_roi,0.0033194729686744817
05095.png,left-cheek,smooth_1_sigma_1.5,0.0031882541336132834
05095.png,right-cheek,smooth_1_sigma_1.5,0.0037139998529100555
05095.png,bottom-face,smooth_1_sigma_1.5,0.0038748582826995436
05095.png,forehead,smooth_1_sigma_1.5,0.003241924084801097
05095.png,under-eyes,smooth_1_sigma_1.5,0.003355286137713779
05095.png,left-cheek,smooth_2_sigma_2.5,0.0031972283926360377
05095.png,right-cheek,smooth_2_sigma_2.5,0.0037269241648805653
05095.png,bottom-face,smooth_2_sigma_2.5,0.0038929206776875205
05095.png,forehead,smooth_2_sigma_2.5,0.003256813318323261
05095.png,under-eyes,smooth_2_sigma_2.5,0.00337432855974959
05102.png,left-cheek,original_roi,0.005045185582270847
05102.png,right-cheek,original_roi,0.0051372747510857845
05102.png,bottom-face,original_roi,0.00495848493737122
05102.png,forehead,original_roi,0.004474491551057894
05102.png,under-eyes,original_roi,0.005186574129837338
05102.png,left-cheek,smooth_1_sigma_1.5,0.005120617630746431
05102.png,right-cheek,smooth_1_sigma_1.5,0.00521336472459617
05102.png,bottom-face,smooth_1_sigma_1.5,0.005018370529260891
05102.png,forehead,smooth_1_sigma_1.5,0.004539974380553814
05102.png,under-eyes,smooth_1_sigma_1.5,0.005295276208700182
05102.png,left-cheek,smooth_2_sigma_2.5,0.005151480526451896
05102.png,right-cheek,smooth_2_sigma_2.5,0.005249330032256353
05102.png,bottom-face,smooth_2_sigma_2.5,0.005049890983266191
05102.png,forehead,smooth_2_sigma_2.5,0.004566047143793597
05102.png,under-eyes,smooth_2_sigma_2.5,0.00533907960982212
05104.png,left-cheek,original_roi,0.00447858759659877
05104.png,right-cheek,original_roi,0.004347001360212252
05104.png,bottom-face,original_roi,0.00456641440648839
05104.png,forehead,original_roi,0.004150054032280592
05104.png,under-eyes,original_roi,0.004268821217649034
05104.png,left-cheek,smooth_1_sigma_1.5,0.0046119342061959456
05104.png,right-cheek,smooth_1_sigma_1.5,0.0044187556661903875
05104.png,bottom-face,smooth_1_sigma_1.5,0.004698387401910194
05104.png,forehead,smooth_1_sigma_1.5,0.004283272771064889
05104.png,under-eyes,smooth_1_sigma_1.5,0.004383901849892039
05104.png,left-cheek,smooth_2_sigma_2.5,0.004648738825752115
05104.png,right-cheek,smooth_2_sigma_2.5,0.004438055415206612
05104.png,bottom-face,smooth_2_sigma_2.5,0.004738017856926462
05104.png,forehead,smooth_2_sigma_2.5,0.0043154812505677995
05104.png,under-eyes,smooth_2_sigma_2.5,0.004423921437672579
05110.png,left-cheek,original_roi,0.004837961290339369
05110.png,right-cheek,original_roi,0.0049165262944245
05110.png,bottom-face,original_roi,0.0049033379903017085
05110.png,forehead,original_roi,0.004853980243570489
05110.png,under-eyes,original_roi,0.004902314931610697
05110.png,left-cheek,smooth_1_sigma_1.5,0.0049476823871874845
05110.png,right-cheek,smooth_1_sigma_1.5,0.005035732992604684
05110.png,bottom-face,smooth_1_sigma_1.5,0.005117971553950029
05110.png,forehead,smooth_1_sigma_1.5,0.004992269901218846
05110.png,under-eyes,smooth_1_sigma_1.5,0.005218758805472825
05110.png,left-cheek,smooth_2_sigma_2.5,0.004975194333149574
05110.png,right-cheek,smooth_2_sigma_2.5,0.005067437754458396
05110.png,bottom-face,smooth_2_sigma_2.5,0.0051765638397806134
05110.png,forehead,smooth_2_sigma_2.5,0.005035522873928481
05110.png,under-eyes,smooth_2_sigma_2.5,0.005372571285276647
05111.png,left-cheek,original_roi,0.003595026517707314
05111.png,right-cheek,original_roi,0.0038209233197054565
05111.png,bottom-face,original_roi,0.003965205054886949
05111.png,forehead,original_roi,0.0067888489768175376
05111.png,under-eyes,original_roi,0.003739900668375778
05111.png,left-cheek,smooth_1_sigma_1.5,0.0036746170601353553
05111.png,right-cheek,smooth_1_sigma_1.5,0.003885741068941335
05111.png,bottom-face,smooth_1_sigma_1.5,0.004042308723234104
05111.png,forehead,smooth_1_sigma_1.5,0.008920274257667704
05111.png,under-eyes,smooth_1_sigma_1.5,0.0038807690396914
05111.png,left-cheek,smooth_2_sigma_2.5,0.0037145408302668424
05111.png,right-cheek,smooth_2_sigma_2.5,0.0039014245487538307
05111.png,bottom-face,smooth_2_sigma_2.5,0.0040666747260301095
05111.png,forehead,smooth_2_sigma_2.5,0.010324198590756235
05111.png,under-eyes,smooth_2_sigma_2.5,0.00391172445406484
05113.png,left-cheek,original_roi,0.005185445230806799
05113.png,right-cheek,original_roi,0.005172377112055673
05113.png,bottom-face,original_roi,0.00556143183596725
05113.png,forehead,original_roi,0.004878671465758973
05113.png,under-eyes,original_roi,0.005306219036616426
05113.png,left-cheek,smooth_1_sigma_1.5,0.005427066306685974
05113.png,right-cheek,smooth_1_sigma_1.5,0.005426626973099011
05113.png,bottom-face,smooth_1_sigma_1.5,0.0059263344375198816
05113.png,forehead,smooth_1_sigma_1.5,0.005311550775933527
05113.png,under-eyes,smooth_1_sigma_1.5,0.005606360251713372
05113.png,left-cheek,smooth_2_sigma_2.5,0.005488869390143444
05113.png,right-cheek,smooth_2_sigma_2.5,0.005472822787226732
05113.png,bottom-face,smooth_2_sigma_2.5,0.00599818983775657
05113.png,forehead,smooth_2_sigma_2.5,0.005381585882497152
05113.png,under-eyes,smooth_2_sigma_2.5,0.005672531021461301
05118.png,left-cheek,original_roi,0.005071727849052948
05118.png,right-cheek,original_roi,0.005244903142713754
05118.png,bottom-face,original_roi,0.005137073092523038
05118.png,forehead,original_roi,0.005004458155066709
05118.png,under-eyes,original_roi,0.005075587678445739
05118.png,left-cheek,smooth_1_sigma_1.5,0.005119169347284354
05118.png,right-cheek,smooth_1_sigma_1.5,0.005321330871105067
05118.png,bottom-face,smooth_1_sigma_1.5,0.005197912913858728
05118.png,forehead,smooth_1_sigma_1.5,0.005163381747661497
05118.png,under-eyes,smooth_1_sigma_1.5,0.00536901574320053
05118.png,left-cheek,smooth_2_sigma_2.5,0.005141345665967842
05118.png,right-cheek,smooth_2_sigma_2.5,0.0053522227154691
05118.png,bottom-face,smooth_2_sigma_2.5,0.005227827741035309
05118.png,forehead,smooth_2_sigma_2.5,0.005229437430392524
05118.png,under-eyes,smooth_2_sigma_2.5,0.005481932168127585
05123.png,left-cheek,original_roi,0.004650012497360916
05123.png,right-cheek,original_roi,0.004684988484973224
05123.png,bottom-face,original_roi,0.004820395563192768
05123.png,forehead,original_roi,0.005258391004595694
05123.png,under-eyes,original_roi,0.007979108198586255
05123.png,left-cheek,smooth_1_sigma_1.5,0.004705256865336982
05123.png,right-cheek,smooth_1_sigma_1.5,0.004742188713726898
05123.png,bottom-face,smooth_1_sigma_1.5,0.004877873840569727
05123.png,forehead,smooth_1_sigma_1.5,0.005519886521464376
05123.png,under-eyes,smooth_1_sigma_1.5,0.008300120769382803
05123.png,left-cheek,smooth_2_sigma_2.5,0.004727082030478118
05123.png,right-cheek,smooth_2_sigma_2.5,0.004764735699318829
05123.png,bottom-face,smooth_2_sigma_2.5,0.004904335403748881
05123.png,forehead,smooth_2_sigma_2.5,0.0056496616066660675
05123.png,under-eyes,smooth_2_sigma_2.5,0.008427336642994535
05126.png,left-cheek,original_roi,0.004131623422015003
05126.png,right-cheek,original_roi,0.003617855092130024
05126.png,bottom-face,original_roi,0.004562960082669709
05126.png,forehead,original_roi,0.0035381157361725835
05126.png,under-eyes,original_roi,0.003673780179051027
05126.png,left-cheek,smooth_1_sigma_1.5,0.004225512483752847
05126.png,right-cheek,smooth_1_sigma_1.5,0.0036873893346606634
05126.png,bottom-face,smooth_1_sigma_1.5,0.004723025471539334
05126.png,forehead,smooth_1_sigma_1.5,0.0036042870287251614
05126.png,under-eyes,smooth_1_sigma_1.5,0.0037641008808568747
05126.png,left-cheek,smooth_2_sigma_2.5,0.00424069269139095
05126.png,right-cheek,smooth_2_sigma_2.5,0.003698318784310597
05126.png,bottom-face,smooth_2_sigma_2.5,0.004774875338708823
05126.png,forehead,smooth_2_sigma_2.5,0.003617878484531933
05126.png,under-eyes,smooth_2_sigma_2.5,0.0037835115422430064
05131.png,left-cheek,original_roi,0.006535460339667727
05131.png,right-cheek,original_roi,0.007878664763721956
05131.png,bottom-face,original_roi,0.006599797427024622
05131.png,forehead,original_roi,0.00717799665715112
05131.png,under-eyes,original_roi,0.007676794600894989
05131.png,left-cheek,smooth_1_sigma_1.5,0.00701273345522567
05131.png,right-cheek,smooth_1_sigma_1.5,0.008776814785732475
05131.png,bottom-face,smooth_1_sigma_1.5,0.007099022502109475
05131.png,forehead,smooth_1_sigma_1.5,0.007875979210747116
05131.png,under-eyes,smooth_1_sigma_1.5,0.008534986083934467
05131.png,left-cheek,smooth_2_sigma_2.5,0.007127727605547896
05131.png,right-cheek,smooth_2_sigma_2.5,0.009359146232553002
05131.png,bottom-face,smooth_2_sigma_2.5,0.0071958167137212495
05131.png,forehead,smooth_2_sigma_2.5,0.008092025131529913
05131.png,under-eyes,smooth_2_sigma_2.5,0.009019359586491518
05133.png,left-cheek,original_roi,0.005525497977142453
05133.png,right-cheek,original_roi,0.0052279440644147504
05133.png,bottom-face,original_roi,0.007170532836670137
05133.png,forehead,original_roi,0.00436698226054431
05133.png,under-eyes,original_roi,0.005223001023071145
05133.png,left-cheek,smooth_1_sigma_1.5,0.005769611793719582
05133.png,right-cheek,smooth_1_sigma_1.5,0.005420733503974763
05133.png,bottom-face,smooth_1_sigma_1.5,0.007648510316495376
05133.png,forehead,smooth_1_sigma_1.5,0.0044916894277739735
05133.png,under-eyes,smooth_1_sigma_1.5,0.0054256540802118045
05133.png,left-cheek,smooth_2_sigma_2.5,0.005814733067071179
05133.png,right-cheek,smooth_2_sigma_2.5,0.005451576491431507
05133.png,bottom-face,smooth_2_sigma_2.5,0.007717994889436562
05133.png,forehead,smooth_2_sigma_2.5,0.00452218832854365
05133.png,under-eyes,smooth_2_sigma_2.5,0.005459229788313663
05136.png,left-cheek,original_roi,0.003959332346059058
05136.png,right-cheek,original_roi,0.004250834160165717
05136.png,bottom-face,original_roi,0.004292144138124474
05136.png,forehead,original_roi,0.004405954862862755
05136.png,under-eyes,original_roi,0.004793961814319529
05136.png,left-cheek,smooth_1_sigma_1.5,0.00403424817488521
05136.png,right-cheek,smooth_1_sigma_1.5,0.004311490933652646
05136.png,bottom-face,smooth_1_sigma_1.5,0.004356064981121698
05136.png,forehead,smooth_1_sigma_1.5,0.004490669895671837
05136.png,under-eyes,smooth_1_sigma_1.5,0.004884162257330552
05136.png,left-cheek,smooth_2_sigma_2.5,0.004056804158555051
05136.png,right-cheek,smooth_2_sigma_2.5,0.0043281272022565685
05136.png,bottom-face,smooth_2_sigma_2.5,0.0043790429178543165
05136.png,forehead,smooth_2_sigma_2.5,0.004518491497832584
05136.png,under-eyes,smooth_2_sigma_2.5,0.0049112521034258665
05137.png,left-cheek,original_roi,0.0048204043717213815
05137.png,right-cheek,original_roi,0.005020886968027669
05137.png,bottom-face,original_roi,0.007075639630599702
05137.png,forehead,original_roi,0.005086733532660946
05137.png,under-eyes,original_roi,0.0048787859045317785
05137.png,left-cheek,smooth_1_sigma_1.5,0.0049386705640322775
05137.png,right-cheek,smooth_1_sigma_1.5,0.005138794875657642
05137.png,bottom-face,smooth_1_sigma_1.5,0.007644249676939952
05137.png,forehead,smooth_1_sigma_1.5,0.005334535969911348
05137.png,under-eyes,smooth_1_sigma_1.5,0.0050232321119833695
05137.png,left-cheek,smooth_2_sigma_2.5,0.004972176712900441
05137.png,right-cheek,smooth_2_sigma_2.5,0.005174005654588325
05137.png,bottom-face,smooth_2_sigma_2.5,0.007787214426687781
05137.png,forehead,smooth_2_sigma_2.5,0.00541743186920093
05137.png,under-eyes,smooth_2_sigma_2.5,0.005075094151963563
05142.png,left-cheek,original_roi,0.005791004896714324
05142.png,right-cheek,original_roi,0.008405050160845851
05142.png,bottom-face,original_roi,0.006457639875059114
05142.png,forehead,original_roi,0.0046376037905419484
05142.png,under-eyes,original_roi,0.011826185115251608
05142.png,left-cheek,smooth_1_sigma_1.5,0.00630924943358208
05142.png,right-cheek,smooth_1_sigma_1.5,0.009386378221537582
05142.png,bottom-face,smooth_1_sigma_1.5,0.00686608355715494
05142.png,forehead,smooth_1_sigma_1.5,0.005242663727014601
05142.png,under-eyes,smooth_1_sigma_1.5,0.013556538281989878
05142.png,left-cheek,smooth_2_sigma_2.5,0.006599126512832242
05142.png,right-cheek,smooth_2_sigma_2.5,0.00983783791657135
05142.png,bottom-face,smooth_2_sigma_2.5,0.006942988896942584
05142.png,forehead,smooth_2_sigma_2.5,0.005636258452644449
05142.png,under-eyes,smooth_2_sigma_2.5,0.014860950971375056
05143.png,left-cheek,original_roi,0.0048005460075367205
05143.png,right-cheek,original_roi,0.0039019737712165064
05143.png,bottom-face,original_roi,0.0044858712255267325
05143.png,forehead,original_roi,0.004709192161652725
05143.png,under-eyes,original_roi,0.004523047973819002
05143.png,left-cheek,smooth_1_sigma_1.5,0.004854233840738896
05143.png,right-cheek,smooth_1_sigma_1.5,0.003960011378155595
05143.png,bottom-face,smooth_1_sigma_1.5,0.0045404272557025395
05143.png,forehead,smooth_1_sigma_1.5,0.0048465438307492975
05143.png,under-eyes,smooth_1_sigma_1.5,0.004585228612600575
05143.png,left-cheek,smooth_2_sigma_2.5,0.004876388925309629
05143.png,right-cheek,smooth_2_sigma_2.5,0.003983861212487284
05143.png,bottom-face,smooth_2_sigma_2.5,0.004572221720117934
05143.png,forehead,smooth_2_sigma_2.5,0.00490561264598202
05143.png,under-eyes,smooth_2_sigma_2.5,0.00460745464458154
05145.png,left-cheek,original_roi,0.005784228808455463
05145.png,right-cheek,original_roi,0.005549493952736378
05145.png,bottom-face,original_roi,0.006048809495110767
05145.png,forehead,original_roi,0.004830077120768152
05145.png,under-eyes,original_roi,0.0049765539901785085
05145.png,left-cheek,smooth_1_sigma_1.5,0.00625405114861229
05145.png,right-cheek,smooth_1_sigma_1.5,0.00597125958893571
05145.png,bottom-face,smooth_1_sigma_1.5,0.006609097094309917
05145.png,forehead,smooth_1_sigma_1.5,0.0053221931383460415
05145.png,under-eyes,smooth_1_sigma_1.5,0.005616576231702624
05145.png,left-cheek,smooth_2_sigma_2.5,0.006351375503700239
05145.png,right-cheek,smooth_2_sigma_2.5,0.006074834337395738
05145.png,bottom-face,smooth_2_sigma_2.5,0.0066947010443900844
05145.png,forehead,smooth_2_sigma_2.5,0.00538428349685543
05145.png,under-eyes,smooth_2_sigma_2.5,0.005769356695608677
05146.png,left-cheek,original_roi,0.004674871475318793
05146.png,right-cheek,original_roi,0.0063954261617122045
05146.png,bottom-face,original_roi,0.005539088811818816
05146.png,forehead,original_roi,0.004691650436641757
05146.png,under-eyes,original_roi,0.005143188699103204
05146.png,left-cheek,smooth_1_sigma_1.5,0.00485794952408668
05146.png,right-cheek,smooth_1_sigma_1.5,0.006821988829814342
05146.png,bottom-face,smooth_1_sigma_1.5,0.005827073643218762
05146.png,forehead,smooth_1_sigma_1.5,0.00488628404467004
05146.png,under-eyes,smooth_1_sigma_1.5,0.005385897651359214
05146.png,left-cheek,smooth_2_sigma_2.5,0.0048871931749325855
05146.png,right-cheek,smooth_2_sigma_2.5,0.006890646855443623
05146.png,bottom-face,smooth_2_sigma_2.5,0.005875205811304342
05146.png,forehead,smooth_2_sigma_2.5,0.004916851533937993
05146.png,under-eyes,smooth_2_sigma_2.5,0.005431679848105082
05154.png,left-cheek,original_roi,0.005762633860273303
05154.png,right-cheek,original_roi,0.0056790663717485165
05154.png,bottom-face,original_roi,0.006090081870526141
05154.png,forehead,original_roi,0.004611644144621585
05154.png,under-eyes,original_roi,0.005269381034568102
05154.png,left-cheek,smooth_1_sigma_1.5,0.006010734106422804
05154.png,right-cheek,smooth_1_sigma_1.5,0.005932813370728698
05154.png,bottom-face,smooth_1_sigma_1.5,0.006303365599449538
05154.png,forehead,smooth_1_sigma_1.5,0.004904403299062189
05154.png,under-eyes,smooth_1_sigma_1.5,0.005571456856126744
05154.png,left-cheek,smooth_2_sigma_2.5,0.0060671725245107526
05154.png,right-cheek,smooth_2_sigma_2.5,0.0059849704454784354
05154.png,bottom-face,smooth_2_sigma_2.5,0.006361481026598731
05154.png,forehead,smooth_2_sigma_2.5,0.0049620374624326224
05154.png,under-eyes,smooth_2_sigma_2.5,0.005682282160738194
05158.png,left-cheek,original_roi,0.0037294801517758886
05158.png,right-cheek,original_roi,0.003722294381339591
05158.png,bottom-face,original_roi,0.0036345837159121957
05158.png,forehead,original_roi,0.0033494488708862343
05158.png,under-eyes,original_roi,0.0034250523305001334
05158.png,left-cheek,smooth_1_sigma_1.5,0.0037648380997044356
05158.png,right-cheek,smooth_1_sigma_1.5,0.0037617275908383378
05158.png,bottom-face,smooth_1_sigma_1.5,0.003671392272333852
05158.png,forehead,smooth_1_sigma_1.5,0.00338988329151242
05158.png,under-eyes,smooth_1_sigma_1.5,0.0035153120583991918
05158.png,left-cheek,smooth_2_sigma_2.5,0.0037768313652936517
05158.png,right-cheek,smooth_2_sigma_2.5,0.0037747675029872704
05158.png,bottom-face,smooth_2_sigma_2.5,0.003685451339811571
05158.png,forehead,smooth_2_sigma_2.5,0.0034046082558148593
05158.png,under-eyes,smooth_2_sigma_2.5,0.003547076334358792
05160.png,left-cheek,original_roi,0.0051623743465891185
05160.png,right-cheek,original_roi,0.0043909617491849654
05160.png,bottom-face,original_roi,0.005046184411957922
05160.png,forehead,original_roi,0.003943203928402473
05160.png,under-eyes,original_roi,0.004849670576759511
05160.png,left-cheek,smooth_1_sigma_1.5,0.005250939305738301
05160.png,right-cheek,smooth_1_sigma_1.5,0.004453246484701139
05160.png,bottom-face,smooth_1_sigma_1.5,0.0051444524674083445
05160.png,forehead,smooth_1_sigma_1.5,0.004537760258229481
05160.png,under-eyes,smooth_1_sigma_1.5,0.004937897780115503
05160.png,left-cheek,smooth_2_sigma_2.5,0.005278594379025742
05160.png,right-cheek,smooth_2_sigma_2.5,0.004469183197432018
05160.png,bottom-face,smooth_2_sigma_2.5,0.005189990381240611
05160.png,forehead,smooth_2_sigma_2.5,0.004863274015952203
05160.png,under-eyes,smooth_2_sigma_2.5,0.004961272122944888
05161.png,left-cheek,original_roi,0.0046144294142837486
05161.png,right-cheek,original_roi,0.004215194673409203
05161.png,bottom-face,original_roi,0.004683434562033372
05161.png,forehead,original_roi,0.003988788592317821
05161.png,under-eyes,original_roi,0.004315282282877565
05161.png,left-cheek,smooth_1_sigma_1.5,0.004943606723152108
05161.png,right-cheek,smooth_1_sigma_1.5,0.004588452576459174
05161.png,bottom-face,smooth_1_sigma_1.5,0.005133100252074108
05161.png,forehead,smooth_1_sigma_1.5,0.004532389318681304
05161.png,under-eyes,smooth_1_sigma_1.5,0.0048191180636760495
05161.png,left-cheek,smooth_2_sigma_2.5,0.004979798919335512
05161.png,right-cheek,smooth_2_sigma_2.5,0.004624351233195178
05161.png,bottom-face,smooth_2_sigma_2.5,0.005181303200427206
05161.png,forehead,smooth_2_sigma_2.5,0.004571540629739776
05161.png,under-eyes,smooth_2_sigma_2.5,0.004874787067861116
05166.png,left-cheek,original_roi,0.007650392132610756
05166.png,right-cheek,original_roi,0.004627630875649094
05166.png,bottom-face,original_roi,0.007956837833527927
05166.png,forehead,original_roi,0.004695535406842236
05166.png,under-eyes,original_roi,0.006174879911118325
05166.png,left-cheek,smooth_1_sigma_1.5,0.007995629898598847
05166.png,right-cheek,smooth_1_sigma_1.5,0.004808675483868769
05166.png,bottom-face,smooth_1_sigma_1.5,0.00871686434776599
05166.png,forehead,smooth_1_sigma_1.5,0.005110449186817957
05166.png,under-eyes,smooth_1_sigma_1.5,0.0065253836192796085
05166.png,left-cheek,smooth_2_sigma_2.5,0.008098282772872044
05166.png,right-cheek,smooth_2_sigma_2.5,0.004861754629752061
05166.png,bottom-face,smooth_2_sigma_2.5,0.009007737777463101
05166.png,forehead,smooth_2_sigma_2.5,0.005200806747609492
05166.png,under-eyes,smooth_2_sigma_2.5,0.0066181934021501505
05167.png,left-cheek,original_roi,0.004206047149046629
05167.png,right-cheek,original_roi,0.004402128384169833
05167.png,bottom-face,original_roi,0.005229772673047269
05167.png,forehead,original_roi,0.0036400947289163127
05167.png,under-eyes,original_roi,0.0038993460186680386
05167.png,left-cheek,smooth_1_sigma_1.5,0.004297612149659592
05167.png,right-cheek,smooth_1_sigma_1.5,0.004489614100711506
05167.png,bottom-face,smooth_1_sigma_1.5,0.005351097754879566
05167.png,forehead,smooth_1_sigma_1.5,0.003727834875724542
05167.png,under-eyes,smooth_1_sigma_1.5,0.003977776323432983
05167.png,left-cheek,smooth_2_sigma_2.5,0.004324919808945243
05167.png,right-cheek,smooth_2_sigma_2.5,0.004517289238713186
05167.png,bottom-face,smooth_2_sigma_2.5,0.005393212519226063
05167.png,forehead,smooth_2_sigma_2.5,0.003752145594911559
05167.png,under-eyes,smooth_2_sigma_2.5,0.004006100549008703
05171.png,left-cheek,original_roi,0.005705260684147689
05171.png,right-cheek,original_roi,0.004430660471650842
05171.png,bottom-face,original_roi,0.0055681593403019225
05171.png,forehead,original_roi,0.004282004872237584
05171.png,under-eyes,original_roi,0.004981531686357049
05171.png,left-cheek,smooth_1_sigma_1.5,0.006032042733266544
05171.png,right-cheek,smooth_1_sigma_1.5,0.004578848631907888
05171.png,bottom-face,smooth_1_sigma_1.5,0.005854728848101909
05171.png,forehead,smooth_1_sigma_1.5,0.004445667763590834
05171.png,under-eyes,smooth_1_sigma_1.5,0.005303273801373704
05171.png,left-cheek,smooth_2_sigma_2.5,0.0061170164500719566
05171.png,right-cheek,smooth_2_sigma_2.5,0.004609782771587973
05171.png,bottom-face,smooth_2_sigma_2.5,0.005936593506589995
05171.png,forehead,smooth_2_sigma_2.5,0.0044804758550310185
05171.png,under-eyes,smooth_2_sigma_2.5,0.005406956529003035
05178.png,left-cheek,original_roi,0.005394037989629465
05178.png,right-cheek,original_roi,0.005014259027733317
05178.png,bottom-face,original_roi,0.005467924203991948
05178.png,forehead,original_roi,0.005135008089145076
05178.png,under-eyes,original_roi,0.005249556359530269
05178.png,left-cheek,smooth_1_sigma_1.5,0.005513704835130938
05178.png,right-cheek,smooth_1_sigma_1.5,0.005087515400611775
05178.png,bottom-face,smooth_1_sigma_1.5,0.005588564733797005
05178.png,forehead,smooth_1_sigma_1.5,0.005294518337412906
05178.png,under-eyes,smooth_1_sigma_1.5,0.005406120191387118
05178.png,left-cheek,smooth_2_sigma_2.5,0.005546193788538898
05178.png,right-cheek,smooth_2_sigma_2.5,0.0051124779828105775
05178.png,bottom-face,smooth_2_sigma_2.5,0.005628351324379272
05178.png,forehead,smooth_2_sigma_2.5,0.005347563181606554
05178.png,under-eyes,smooth_2_sigma_2.5,0.0054541961022771595
05181.png,left-cheek,original_roi,0.005146942143637229
05181.png,right-cheek,original_roi,0.006698308498495517
05181.png,bottom-face,original_roi,0.005104785700934306
05181.png,forehead,original_roi,0.006090119788387829
05181.png,under-eyes,original_roi,0.006671302286589979
05181.png,left-cheek,smooth_1_sigma_1.5,0.005250058089422182
05181.png,right-cheek,smooth_1_sigma_1.5,0.006872433483085979
05181.png,bottom-face,smooth_1_sigma_1.5,0.0051915522713243565
05181.png,forehead,smooth_1_sigma_1.5,0.00625838651511311
05181.png,under-eyes,smooth_1_sigma_1.5,0.0069072154621945695
05181.png,left-cheek,smooth_2_sigma_2.5,0.0052749938360838345
05181.png,right-cheek,smooth_2_sigma_2.5,0.006910321390502794
05181.png,bottom-face,smooth_2_sigma_2.5,0.005214989899929885
05181.png,forehead,smooth_2_sigma_2.5,0.00629993654697134
05181.png,under-eyes,smooth_2_sigma_2.5,0.006955503979715506
05182.png,left-cheek,original_roi,0.004941845422846822
05182.png,right-cheek,original_roi,0.0050612862864726675
05182.png,bottom-face,original_roi,0.005906472993945031
05182.png,forehead,original_roi,0.004765321831178585
05182.png,under-eyes,original_roi,0.005059958576009365
05182.png,left-cheek,smooth_1_sigma_1.5,0.005103800035906902
05182.png,right-cheek,smooth_1_sigma_1.5,0.005245465220977327
05182.png,bottom-face,smooth_1_sigma_1.5,0.006161187548722634
05182.png,forehead,smooth_1_sigma_1.5,0.00493872046134922
05182.png,under-eyes,smooth_1_sigma_1.5,0.005260044508201078
05182.png,left-cheek,smooth_2_sigma_2.5,0.005131760046438304
05182.png,right-cheek,smooth_2_sigma_2.5,0.005276027337524101
05182.png,bottom-face,smooth_2_sigma_2.5,0.006206687689619091
05182.png,forehead,smooth_2_sigma_2.5,0.004971735721822611
05182.png,under-eyes,smooth_2_sigma_2.5,0.005311465533618586
05184.png,left-cheek,original_roi,0.005546001803142397
05184.png,right-cheek,original_roi,0.006446344352809776
05184.png,bottom-face,original_roi,0.009231745169617148
05184.png,forehead,original_roi,0.004477403851817735
05184.png,under-eyes,original_roi,0.005439384284540155
05184.png,left-cheek,smooth_1_sigma_1.5,0.005785963035172386
05184.png,right-cheek,smooth_1_sigma_1.5,0.006791190148113736
05184.png,bottom-face,smooth_1_sigma_1.5,0.009636817776552986
05184.png,forehead,smooth_1_sigma_1.5,0.004694765999174847
05184.png,under-eyes,smooth_1_sigma_1.5,0.005746444454421215
05184.png,left-cheek,smooth_2_sigma_2.5,0.005828666846766923
05184.png,right-cheek,smooth_2_sigma_2.5,0.006855499559966934
05184.png,bottom-face,smooth_2_sigma_2.5,0.00976774730317116
05184.png,forehead,smooth_2_sigma_2.5,0.004732933897511801
05184.png,under-eyes,smooth_2_sigma_2.5,0.005822463218111138
05185.png,left-cheek,original_roi,0.0040655731867458135
05185.png,right-cheek,original_roi,0.004414439564050854
05185.png,bottom-face,original_roi,0.004136743562991319
05185.png,forehead,original_roi,0.0038337287600999047
05185.png,under-eyes,original_roi,0.004001497249071769
05185.png,left-cheek,smooth_1_sigma_1.5,0.004184350634932479
05185.png,right-cheek,smooth_1_sigma_1.5,0.004587679355909727
05185.png,bottom-face,smooth_1_sigma_1.5,0.00428932771591984
05185.png,forehead,smooth_1_sigma_1.5,0.004028940705614686
05185.png,under-eyes,smooth_1_sigma_1.5,0.004191532303157682
05185.png,left-cheek,smooth_2_sigma_2.5,0.0042109636628899815
05185.png,right-cheek,smooth_2_sigma_2.5,0.004636858370498264
05185.png,bottom-face,smooth_2_sigma_2.5,0.004322573226634798
05185.png,forehead,smooth_2_sigma_2.5,0.004063256926557523
05185.png,under-eyes,smooth_2_sigma_2.5,0.004256682189130656
05190.png,left-cheek,original_roi,0.00392798029754008
05190.png,right-cheek,original_roi,0.003535724526806614
05190.png,bottom-face,original_roi,0.003786885651272728
05190.png,forehead,original_roi,0.0047791530886191124
05190.png,under-eyes,original_roi,0.00502617263390893
05190.png,left-cheek,smooth_1_sigma_1.5,0.004005192193933981
05190.png,right-cheek,smooth_1_sigma_1.5,0.0036051389215209654
05190.png,bottom-face,smooth_1_sigma_1.5,0.003873427331522711
05190.png,forehead,smooth_1_sigma_1.5,0.006617490192758882
05190.png,under-eyes,smooth_1_sigma_1.5,0.005199105578179549
05190.png,left-cheek,smooth_2_sigma_2.5,0.0040264390019127605
05190.png,right-cheek,smooth_2_sigma_2.5,0.0036226454992993504
05190.png,bottom-face,smooth_2_sigma_2.5,0.0038949910070140664
05190.png,forehead,smooth_2_sigma_2.5,0.008162926620814843
05190.png,under-eyes,smooth_2_sigma_2.5,0.0052381366053969826
05191.png,left-cheek,original_roi,0.005730568483710705
05191.png,right-cheek,original_roi,0.01460860982709515
05191.png,bottom-face,original_roi,0.009013504999691448
05191.png,forehead,original_roi,0.00852745509371978
05191.png,under-eyes,original_roi,0.007148176034605763
05191.png,left-cheek,smooth_1_sigma_1.5,0.0060476203530562015
05191.png,right-cheek,smooth_1_sigma_1.5,0.015984777466608105
05191.png,bottom-face,smooth_1_sigma_1.5,0.009689238603109511
05191.png,forehead,smooth_1_sigma_1.5,0.009132987527105004
05191.png,under-eyes,smooth_1_sigma_1.5,0.007705345021507992
05191.png,left-cheek,smooth_2_sigma_2.5,0.0060779293848802094
05191.png,right-cheek,smooth_2_sigma_2.5,0.016186810222898508
05191.png,bottom-face,smooth_2_sigma_2.5,0.009790427272566158
05191.png,forehead,smooth_2_sigma_2.5,0.009209600720406459
05191.png,under-eyes,smooth_2_sigma_2.5,0.007855729852692872
05198.png,left-cheek,original_roi,0.00480690471969254
05198.png,right-cheek,original_roi,0.004834819204354333
05198.png,bottom-face,original_roi,0.005176101254321546
05198.png,forehead,original_roi,0.006077106974938364
05198.png,under-eyes,original_roi,0.00506573444519973
05198.png,left-cheek,smooth_1_sigma_1.5,0.004885459339745797
05198.png,right-cheek,smooth_1_sigma_1.5,0.004934257850081708
05198.png,bottom-face,smooth_1_sigma_1.5,0.00527132200762127
05198.png,forehead,smooth_1_sigma_1.5,0.006292290274317529
05198.png,under-eyes,smooth_1_sigma_1.5,0.0051673052954294705
05198.png,left-cheek,smooth_2_sigma_2.5,0.004908845385077333
05198.png,right-cheek,smooth_2_sigma_2.5,0.004965800274990681
05198.png,bottom-face,smooth_2_sigma_2.5,0.005297521995858903
05198.png,forehead,smooth_2_sigma_2.5,0.006373933029809211
05198.png,under-eyes,smooth_2_sigma_2.5,0.005193194594334947
05201.png,left-cheek,original_roi,0.00470235493358455
05201.png,right-cheek,original_roi,0.004308493887700569
05201.png,bottom-face,original_roi,0.004975896866591768
05201.png,forehead,original_roi,0.0035534610447974764
05201.png,under-eyes,original_roi,0.004202379502571116
05201.png,left-cheek,smooth_1_sigma_1.5,0.00476714030720965
05201.png,right-cheek,smooth_1_sigma_1.5,0.004360168122175846
05201.png,bottom-face,smooth_1_sigma_1.5,0.005052974391873552
05201.png,forehead,smooth_1_sigma_1.5,0.0035816661938282016
05201.png,under-eyes,smooth_1_sigma_1.5,0.004281493865284469
05201.png,left-cheek,smooth_2_sigma_2.5,0.00478724164964517
05201.png,right-cheek,smooth_2_sigma_2.5,0.004374541455423083
05201.png,bottom-face,smooth_2_sigma_2.5,0.005079423350231106
05201.png,forehead,smooth_2_sigma_2.5,0.003595517436691122
05201.png,under-eyes,smooth_2_sigma_2.5,0.004307416138292169
05203.png,left-cheek,original_roi,0.005849823721909506
05203.png,right-cheek,original_roi,0.004885742621034184
05203.png,bottom-face,original_roi,0.005668578971980701
05203.png,forehead,original_roi,0.006938395064185659
05203.png,under-eyes,original_roi,0.005509310967029413
05203.png,left-cheek,smooth_1_sigma_1.5,0.006036605474083412
05203.png,right-cheek,smooth_1_sigma_1.5,0.005039872354020272
05203.png,bottom-face,smooth_1_sigma_1.5,0.00588529314178624
05203.png,forehead,smooth_1_sigma_1.5,0.007594237085648944
05203.png,under-eyes,smooth_1_sigma_1.5,0.005889697497165444
05203.png,left-cheek,smooth_2_sigma_2.5,0.006080220966990329
05203.png,right-cheek,smooth_2_sigma_2.5,0.0050905095880208265
05203.png,bottom-face,smooth_2_sigma_2.5,0.005935660059288785
05203.png,forehead,smooth_2_sigma_2.5,0.007675201223782705
05203.png,under-eyes,smooth_2_sigma_2.5,0.005994184726004277
05204.png,left-cheek,original_roi,0.006228145105072997
05204.png,right-cheek,original_roi,0.006526754053247649
05204.png,bottom-face,original_roi,0.0065167714032007005
05204.png,forehead,original_roi,0.005764036862777421
05204.png,under-eyes,original_roi,0.005805542689426997
05204.png,left-cheek,smooth_1_sigma_1.5,0.006470944472639765
05204.png,right-cheek,smooth_1_sigma_1.5,0.0068680654964353135
05204.png,bottom-face,smooth_1_sigma_1.5,0.006790151681083074
05204.png,forehead,smooth_1_sigma_1.5,0.006142883425956414
05204.png,under-eyes,smooth_1_sigma_1.5,0.006532654696294551
05204.png,left-cheek,smooth_2_sigma_2.5,0.006576816717933215
05204.png,right-cheek,smooth_2_sigma_2.5,0.006976311140858211
05204.png,bottom-face,smooth_2_sigma_2.5,0.006884846911976791
05204.png,forehead,smooth_2_sigma_2.5,0.006237002080468628
05204.png,under-eyes,smooth_2_sigma_2.5,0.00705165284125622
05211.png,left-cheek,original_roi,0.0039461066457961045
05211.png,right-cheek,original_roi,0.0037843712622906956
05211.png,bottom-face,original_roi,0.0037706894258213975
05211.png,forehead,original_roi,0.003749377719029269
05211.png,under-eyes,original_roi,0.004049368140839552
05211.png,left-cheek,smooth_1_sigma_1.5,0.004069274921708541
05211.png,right-cheek,smooth_1_sigma_1.5,0.0038948983786945414
05211.png,bottom-face,smooth_1_sigma_1.5,0.003866785456388152
05211.png,forehead,smooth_1_sigma_1.5,0.003902220386634852
05211.png,under-eyes,smooth_1_sigma_1.5,0.004271171461265823
05211.png,left-cheek,smooth_2_sigma_2.5,0.004087906892475834
05211.png,right-cheek,smooth_2_sigma_2.5,0.0039120247043224424
05211.png,bottom-face,smooth_2_sigma_2.5,0.003886032470336274
05211.png,forehead,smooth_2_sigma_2.5,0.00392590524775927
05211.png,under-eyes,smooth_2_sigma_2.5,0.004322845521260072
05213.png,left-cheek,original_roi,0.005343310104927513
05213.png,right-cheek,original_roi,0.0054258369568997294
05213.png,bottom-face,original_roi,0.005942333541034526
05213.png,forehead,original_roi,0.005885189625110509
05213.png,under-eyes,original_roi,0.005862900914030175
05213.png,left-cheek,smooth_1_sigma_1.5,0.005469695543471381
05213.png,right-cheek,smooth_1_sigma_1.5,0.005535673492824087
05213.png,bottom-face,smooth_1_sigma_1.5,0.006081331254875106
05213.png,forehead,smooth_1_sigma_1.5,0.006531867374990786
05213.png,under-eyes,smooth_1_sigma_1.5,0.006086473876415545
05213.png,left-cheek,smooth_2_sigma_2.5,0.005507970242543829
05213.png,right-cheek,smooth_2_sigma_2.5,0.005568121541440615
05213.png,bottom-face,smooth_2_sigma_2.5,0.0061323771196974694
05213.png,forehead,smooth_2_sigma_2.5,0.006781298247212386
05213.png,under-eyes,smooth_2_sigma_2.5,0.00616244112915102
05215.png,left-cheek,original_roi,0.0057278265493579195
05215.png,right-cheek,original_roi,0.004290889142687509
05215.png,bottom-face,original_roi,0.005320920949899497
05215.png,forehead,original_roi,0.006969000308484682
05215.png,under-eyes,original_roi,0.0049971415062525565
05215.png,left-cheek,smooth_1_sigma_1.5,0.005924563187866054
05215.png,right-cheek,smooth_1_sigma_1.5,0.004417071521896214
05215.png,bottom-face,smooth_1_sigma_1.5,0.0055396399379323185
05215.png,forehead,smooth_1_sigma_1.5,0.007478096286318042
05215.png,under-eyes,smooth_1_sigma_1.5,0.005172358977964495
05215.png,left-cheek,smooth_2_sigma_2.5,0.005970032601395599
05215.png,right-cheek,smooth_2_sigma_2.5,0.00445689886072442
05215.png,bottom-face,smooth_2_sigma_2.5,0.005597305647555507
05215.png,forehead,smooth_2_sigma_2.5,0.00762699116845526
05215.png,under-eyes,smooth_2_sigma_2.5,0.005221361324318069
05219.png,left-cheek,original_roi,0.005056132272759197
05219.png,right-cheek,original_roi,0.007330025789125291
05219.png,bottom-face,original_roi,0.005088125527075343
05219.png,forehead,original_roi,0.008084483163626425
05219.png,under-eyes,original_roi,0.007560537744631462
05219.png,left-cheek,smooth_1_sigma_1.5,0.005187932874693977
05219.png,right-cheek,smooth_1_sigma_1.5,0.007533289774772524
05219.png,bottom-face,smooth_1_sigma_1.5,0.005293084750061794
05219.png,forehead,smooth_1_sigma_1.5,0.00853171069055425
05219.png,under-eyes,smooth_1_sigma_1.5,0.007941844824547427
05219.png,left-cheek,smooth_2_sigma_2.5,0.005219796354300351
05219.png,right-cheek,smooth_2_sigma_2.5,0.007597579347919151
05219.png,bottom-face,smooth_2_sigma_2.5,0.00534296548469499
05219.png,forehead,smooth_2_sigma_2.5,0.008644385592893617
05219.png,under-eyes,smooth_2_sigma_2.5,0.008036667779599332
05220.png,left-cheek,original_roi,0.00515176540058692
05220.png,right-cheek,original_roi,0.006609078619636874
05220.png,bottom-face,original_roi,0.006055816186398246
05220.png,forehead,original_roi,0.0048962362649164455
05220.png,under-eyes,original_roi,0.00527780245355381
05220.png,left-cheek,smooth_1_sigma_1.5,0.005291950897999796
05220.png,right-cheek,smooth_1_sigma_1.5,0.006834017952149492
05220.png,bottom-face,smooth_1_sigma_1.5,0.006225565337081517
05220.png,forehead,smooth_1_sigma_1.5,0.005086968624310767
05220.png,under-eyes,smooth_1_sigma_1.5,0.005458771669679599
05220.png,left-cheek,smooth_2_sigma_2.5,0.005324995538100316
05220.png,right-cheek,smooth_2_sigma_2.5,0.006945517056779653
05220.png,bottom-face,smooth_2_sigma_2.5,0.006273581207341557
05220.png,forehead,smooth_2_sigma_2.5,0.005130860689236668
05220.png,under-eyes,smooth_2_sigma_2.5,0.005508845584308146
05221.png,left-cheek,original_roi,0.005007909846542639
05221.png,right-cheek,original_roi,0.005178311913557013
05221.png,bottom-face,original_roi,0.006057193706319628
05221.png,forehead,original_roi,0.004671199250274516
05221.png,under-eyes,original_roi,0.004906625449695192
05221.png,left-cheek,smooth_1_sigma_1.5,0.00529477287764995
05221.png,right-cheek,smooth_1_sigma_1.5,0.0055485847416999285
05221.png,bottom-face,smooth_1_sigma_1.5,0.006399349509481395
05221.png,forehead,smooth_1_sigma_1.5,0.004927582470018312
05221.png,under-eyes,smooth_1_sigma_1.5,0.005243492780783826
05221.png,left-cheek,smooth_2_sigma_2.5,0.005411118547770748
05221.png,right-cheek,smooth_2_sigma_2.5,0.005709896464441008
05221.png,bottom-face,smooth_2_sigma_2.5,0.0064661145461918975
05221.png,forehead,smooth_2_sigma_2.5,0.004995238607721368
05221.png,under-eyes,smooth_2_sigma_2.5,0.005435036257169654
05222.png,left-cheek,original_roi,0.005930084867997176
05222.png,right-cheek,original_roi,0.006243139519166752
05222.png,bottom-face,original_roi,0.006186162214475528
05222.png,forehead,original_roi,0.005147924082170614
05222.png,under-eyes,original_roi,0.006979322325903814
05222.png,left-cheek,smooth_1_sigma_1.5,0.006035718751736097
05222.png,right-cheek,smooth_1_sigma_1.5,0.006395276008996126
05222.png,bottom-face,smooth_1_sigma_1.5,0.00627965446482419
05222.png,forehead,smooth_1_sigma_1.5,0.0052477104157633205
05222.png,under-eyes,smooth_1_sigma_1.5,0.007379988148816258
05222.png,left-cheek,smooth_2_sigma_2.5,0.006087217594610012
05222.png,right-cheek,smooth_2_sigma_2.5,0.006471122290622612
05222.png,bottom-face,smooth_2_sigma_2.5,0.006323427882134001
05222.png,forehead,smooth_2_sigma_2.5,0.005289197575898611
05222.png,under-eyes,smooth_2_sigma_2.5,0.007662693126611561
05224.png,left-cheek,original_roi,0.004336874445206721
05224.png,right-cheek,original_roi,0.0036761330099678597
05224.png,bottom-face,original_roi,0.0038542539716968183
05224.png,forehead,original_roi,0.0038144863618896517
05224.png,under-eyes,original_roi,0.004081246421724417
05224.png,left-cheek,smooth_1_sigma_1.5,0.004468453095080226
05224.png,right-cheek,smooth_1_sigma_1.5,0.003761608026733484
05224.png,bottom-face,smooth_1_sigma_1.5,0.00394124377619209
05224.png,forehead,smooth_1_sigma_1.5,0.003989542487241047
05224.png,under-eyes,smooth_1_sigma_1.5,0.00425833094399126
05224.png,left-cheek,smooth_2_sigma_2.5,0.004492432431791522
05224.png,right-cheek,smooth_2_sigma_2.5,0.003777073481474376
05224.png,bottom-face,smooth_2_sigma_2.5,0.003957401281740035
05224.png,forehead,smooth_2_sigma_2.5,0.004026739514097283
05224.png,under-eyes,smooth_2_sigma_2.5,0.004296741668539748
05225.png,left-cheek,original_roi,0.007045626150076468
05225.png,right-cheek,original_roi,0.00736567693005383
05225.png,bottom-face,original_roi,0.006682216292194835
05225.png,forehead,original_roi,0.00501971636143865
05225.png,under-eyes,original_roi,0.00554528226402462
05225.png,left-cheek,smooth_1_sigma_1.5,0.007448414237752682
05225.png,right-cheek,smooth_1_sigma_1.5,0.007811864809616531
05225.png,bottom-face,smooth_1_sigma_1.5,0.007148380953462781
05225.png,forehead,smooth_1_sigma_1.5,0.005256993054980227
05225.png,under-eyes,smooth_1_sigma_1.5,0.006039773776783105
05225.png,left-cheek,smooth_2_sigma_2.5,0.007518337799575689
05225.png,right-cheek,smooth_2_sigma_2.5,0.007889195822739217
05225.png,bottom-face,smooth_2_sigma_2.5,0.007224133307724713
05225.png,forehead,smooth_2_sigma_2.5,0.005298517674299069
05225.png,under-eyes,smooth_2_sigma_2.5,0.0062400571128854035
05237.png,left-cheek,original_roi,0.0033083251596780234
05237.png,right-cheek,original_roi,0.0034476382598987412
05237.png,bottom-face,original_roi,0.003684024006705274
05237.png,forehead,original_roi,0.003348999339466143
05237.png,under-eyes,original_roi,0.0034601275315187634
05237.png,left-cheek,smooth_1_sigma_1.5,0.003369043540937259
05237.png,right-cheek,smooth_1_sigma_1.5,0.003517810922103914
05237.png,bottom-face,smooth_1_sigma_1.5,0.0037358612215820865
05237.png,forehead,smooth_1_sigma_1.5,0.0033979872549691078
05237.png,under-eyes,smooth_1_sigma_1.5,0.003580588251869546
05237.png,left-cheek,smooth_2_sigma_2.5,0.003399435990559449
05237.png,right-cheek,smooth_2_sigma_2.5,0.003544987642936913
05237.png,bottom-face,smooth_2_sigma_2.5,0.003757891087223213
05237.png,forehead,smooth_2_sigma_2.5,0.0034140580705140735
05237.png,under-eyes,smooth_2_sigma_2.5,0.003636023959846707
05241.png,left-cheek,original_roi,0.005265283200838415
05241.png,right-cheek,original_roi,0.005042110441756217
05241.png,bottom-face,original_roi,0.005788830933451403
05241.png,forehead,original_roi,0.005608668317726105
05241.png,under-eyes,original_roi,0.0050114882011461455
05241.png,left-cheek,smooth_1_sigma_1.5,0.005386316352138907
05241.png,right-cheek,smooth_1_sigma_1.5,0.005107739224893524
05241.png,bottom-face,smooth_1_sigma_1.5,0.005906724399083942
05241.png,forehead,smooth_1_sigma_1.5,0.00584172266087875
05241.png,under-eyes,smooth_1_sigma_1.5,0.0051432315884546356
05241.png,left-cheek,smooth_2_sigma_2.5,0.005416870856800555
05241.png,right-cheek,smooth_2_sigma_2.5,0.005133148487477792
05241.png,bottom-face,smooth_2_sigma_2.5,0.005950810637385579
05241.png,forehead,smooth_2_sigma_2.5,0.005895439234338533
05241.png,under-eyes,smooth_2_sigma_2.5,0.0051753208186249835
05245.png,left-cheek,original_roi,0.005350048970956825
05245.png,right-cheek,original_roi,0.0056208978895714865
05245.png,bottom-face,original_roi,0.0052526642164258995
05245.png,forehead,original_roi,0.0054106431592868915
05245.png,under-eyes,original_roi,0.005839600902983575
05245.png,left-cheek,smooth_1_sigma_1.5,0.005728249338143914
05245.png,right-cheek,smooth_1_sigma_1.5,0.00598032801328582
05245.png,bottom-face,smooth_1_sigma_1.5,0.00552593389295476
05245.png,forehead,smooth_1_sigma_1.5,0.005714558022688021
05245.png,under-eyes,smooth_1_sigma_1.5,0.006454495100429958
05245.png,left-cheek,smooth_2_sigma_2.5,0.005881884943767835
05245.png,right-cheek,smooth_2_sigma_2.5,0.00611824406411114
05245.png,bottom-face,smooth_2_sigma_2.5,0.0055673679111150325
05245.png,forehead,smooth_2_sigma_2.5,0.0057599814094350015
05245.png,under-eyes,smooth_2_sigma_2.5,0.006746061508839119
05248.png,left-cheek,original_roi,0.00588512729637608
05248.png,right-cheek,original_roi,0.005325392726611629
05248.png,bottom-face,original_roi,0.005785309138498318
05248.png,forehead,original_roi,0.005074841542358919
05248.png,under-eyes,original_roi,0.006109857436446166
05248.png,left-cheek,smooth_1_sigma_1.5,0.006630557094708691
05248.png,right-cheek,smooth_1_sigma_1.5,0.005784554242058737
05248.png,bottom-face,smooth_1_sigma_1.5,0.007491113538186163
05248.png,forehead,smooth_1_sigma_1.5,0.005534758272556178
05248.png,under-eyes,smooth_1_sigma_1.5,0.006815333689650548
05248.png,left-cheek,smooth_2_sigma_2.5,0.007090374239215957
05248.png,right-cheek,smooth_2_sigma_2.5,0.005957571044169355
05248.png,bottom-face,smooth_2_sigma_2.5,0.008469554616386687
05248.png,forehead,smooth_2_sigma_2.5,0.005649842783875579
05248.png,under-eyes,smooth_2_sigma_2.5,0.007186705524152409
05253.png,left-cheek,original_roi,0.004150578272188083
05253.png,right-cheek,original_roi,0.006735380835553651
05253.png,bottom-face,original_roi,0.006897782512471903
05253.png,forehead,original_roi,0.005205820699488071
05253.png,under-eyes,original_roi,0.005247911251235228
05253.png,left-cheek,smooth_1_sigma_1.5,0.004375094124464588
05253.png,right-cheek,smooth_1_sigma_1.5,0.007107992296074388
05253.png,bottom-face,smooth_1_sigma_1.5,0.0071785407591171335
05253.png,forehead,smooth_1_sigma_1.5,0.005431755106963838
05253.png,under-eyes,smooth_1_sigma_1.5,0.005871814630397781
05253.png,left-cheek,smooth_2_sigma_2.5,0.004502566579123787
05253.png,right-cheek,smooth_2_sigma_2.5,0.00723403304039983
05253.png,bottom-face,smooth_2_sigma_2.5,0.0072369374057903784
05253.png,forehead,smooth_2_sigma_2.5,0.005480682830544276
05253.png,under-eyes,smooth_2_sigma_2.5,0.00639012090778852
05258.png,left-cheek,original_roi,0.0034065347183822635
05258.png,right-cheek,original_roi,0.0037628372844417885
05258.png,bottom-face,original_roi,0.0037362300993759117
05258.png,forehead,original_roi,0.003416936399334577
05258.png,under-eyes,original_roi,0.0037888703988030394
05258.png,left-cheek,smooth_1_sigma_1.5,0.003473435652102635
05258.png,right-cheek,smooth_1_sigma_1.5,0.003805746757142527
05258.png,bottom-face,smooth_1_sigma_1.5,0.003787478588943784
05258.png,forehead,smooth_1_sigma_1.5,0.003515924879650374
05258.png,under-eyes,smooth_1_sigma_1.5,0.003923008859755802
05258.png,left-cheek,smooth_2_sigma_2.5,0.0035013358715160104
05258.png,right-cheek,smooth_2_sigma_2.5,0.0038199443571896425
05258.png,bottom-face,smooth_2_sigma_2.5,0.003806912237622169
05258.png,forehead,smooth_2_sigma_2.5,0.0035479574008395534
05258.png,under-eyes,smooth_2_sigma_2.5,0.0039742382057887556
05259.png,left-cheek,original_roi,0.008316009733982914
05259.png,right-cheek,original_roi,0.005785418527974758
05259.png,bottom-face,original_roi,0.006932304654326692
05259.png,forehead,original_roi,0.005925158137845964
05259.png,under-eyes,original_roi,0.006580938245744424
05259.png,left-cheek,smooth_1_sigma_1.5,0.008817198381958295
05259.png,right-cheek,smooth_1_sigma_1.5,0.006039991411305433
05259.png,bottom-face,smooth_1_sigma_1.5,0.007360190726097109
05259.png,forehead,smooth_1_sigma_1.5,0.006209931103846418
05259.png,under-eyes,smooth_1_sigma_1.5,0.0071026911760120465
05259.png,left-cheek,smooth_2_sigma_2.5,0.008907440875553096
05259.png,right-cheek,smooth_2_sigma_2.5,0.006085312117853431
05259.png,bottom-face,smooth_2_sigma_2.5,0.007435377259031935
05259.png,forehead,smooth_2_sigma_2.5,0.006259258720530451
05259.png,under-eyes,smooth_2_sigma_2.5,0.007256836779388181
05261.png,left-cheek,original_roi,0.003890250819070321
05261.png,right-cheek,original_roi,0.0036932964903724315
05261.png,bottom-face,original_roi,0.004215670603711758
05261.png,forehead,original_roi,0.0049699672216381875
05261.png,under-eyes,original_roi,0.003986123570381894
05261.png,left-cheek,smooth_1_sigma_1.5,0.003940265344991908
05261.png,right-cheek,smooth_1_sigma_1.5,0.0037604350077970606
05261.png,bottom-face,smooth_1_sigma_1.5,0.004282654813338831
05261.png,forehead,smooth_1_sigma_1.5,0.005131082891636543
05261.png,under-eyes,smooth_1_sigma_1.5,0.004055366342101694
05261.png,left-cheek,smooth_2_sigma_2.5,0.0039546771239244065
05261.png,right-cheek,smooth_2_sigma_2.5,0.0037774795643497126
05261.png,bottom-face,smooth_2_sigma_2.5,0.004303914113448646
05261.png,forehead,smooth_2_sigma_2.5,0.005175171108103563
05261.png,under-eyes,smooth_2_sigma_2.5,0.004075473691683937
05263.png,left-cheek,original_roi,0.004443632947509088
05263.png,right-cheek,original_roi,
05263.png,bottom-face,original_roi,0.0053421452863236345
05263.png,forehead,original_roi,0.004408936662535405
05263.png,under-eyes,original_roi,0.004171556593668968
05263.png,left-cheek,smooth_1_sigma_1.5,0.004579044927283806
05263.png,right-cheek,smooth_1_sigma_1.5,
05263.png,bottom-face,smooth_1_sigma_1.5,0.005570250556697658
05263.png,forehead,smooth_1_sigma_1.5,0.004560338775516164
05263.png,under-eyes,smooth_1_sigma_1.5,0.004297298683258295
05263.png,left-cheek,smooth_2_sigma_2.5,0.00460185215864211
05263.png,right-cheek,smooth_2_sigma_2.5,
05263.png,bottom-face,smooth_2_sigma_2.5,0.00560807680111791
05263.png,forehead,smooth_2_sigma_2.5,0.004588993037008128
05263.png,under-eyes,smooth_2_sigma_2.5,0.004324592788676692
05264.png,left-cheek,original_roi,0.004670215449505587
05264.png,right-cheek,original_roi,0.005599157977578645
05264.png,bottom-face,original_roi,0.0055565923988962
05264.png,forehead,original_roi,0.004722698535141309
05264.png,under-eyes,original_roi,0.004444123788116264
05264.png,left-cheek,smooth_1_sigma_1.5,0.004856372376844564
05264.png,right-cheek,smooth_1_sigma_1.5,0.005859536476139285
05264.png,bottom-face,smooth_1_sigma_1.5,0.005866421402940634
05264.png,forehead,smooth_1_sigma_1.5,0.005037179998637946
05264.png,under-eyes,smooth_1_sigma_1.5,0.004616789856161866
05264.png,left-cheek,smooth_2_sigma_2.5,0.004894709182393957
05264.png,right-cheek,smooth_2_sigma_2.5,0.005916310715664701
05264.png,bottom-face,smooth_2_sigma_2.5,0.005935070527607746
05264.png,forehead,smooth_2_sigma_2.5,0.005184946576255516
05264.png,under-eyes,smooth_2_sigma_2.5,0.004675818227388042
05265.png,left-cheek,original_roi,0.004486800282716394
05265.png,right-cheek,original_roi,0.004350758800531164
05265.png,bottom-face,original_roi,0.005017044268155235
05265.png,forehead,original_roi,0.00635737616750041
05265.png,under-eyes,original_roi,0.004807623611234773
05265.png,left-cheek,smooth_1_sigma_1.5,0.004540546573215026
05265.png,right-cheek,smooth_1_sigma_1.5,0.004403942468789184
05265.png,bottom-face,smooth_1_sigma_1.5,0.005094713831977684
05265.png,forehead,smooth_1_sigma_1.5,0.007755702902901558
05265.png,under-eyes,smooth_1_sigma_1.5,0.004937179375644795
05265.png,left-cheek,smooth_2_sigma_2.5,0.004561352912405016
05265.png,right-cheek,smooth_2_sigma_2.5,0.004424072333128669
05265.png,bottom-face,smooth_2_sigma_2.5,0.005125914424229019
05265.png,forehead,smooth_2_sigma_2.5,0.008639537340291232
05265.png,under-eyes,smooth_2_sigma_2.5,0.004975849881019343
05267.png,left-cheek,original_roi,0.0035330955543115272
05267.png,right-cheek,original_roi,0.00381219444610798
05267.png,bottom-face,original_roi,0.0036164939357818723
05267.png,forehead,original_roi,0.003981184867828319
05267.png,under-eyes,original_roi,0.0033860310223017805
05267.png,left-cheek,smooth_1_sigma_1.5,0.0036273108222590533
05267.png,right-cheek,smooth_1_sigma_1.5,0.003904065232101178
05267.png,bottom-face,smooth_1_sigma_1.5,0.003707512272951773
05267.png,forehead,smooth_1_sigma_1.5,0.004568338575624737
05267.png,under-eyes,smooth_1_sigma_1.5,0.0035241013923913564
05267.png,left-cheek,smooth_2_sigma_2.5,0.0036453743258047706
05267.png,right-cheek,smooth_2_sigma_2.5,0.003923363023168941
05267.png,bottom-face,smooth_2_sigma_2.5,0.003732257716603205
05267.png,forehead,smooth_2_sigma_2.5,0.00477787520938305
05267.png,under-eyes,smooth_2_sigma_2.5,0.0035617025833617815
05272.png,left-cheek,original_roi,0.004273431942756937
05272.png,right-cheek,original_roi,0.004910086467168868
05272.png,bottom-face,original_roi,0.00475603087339748
05272.png,forehead,original_roi,0.003988467064123755
05272.png,under-eyes,original_roi,0.0045507308169654955
05272.png,left-cheek,smooth_1_sigma_1.5,0.004444049630096185
05272.png,right-cheek,smooth_1_sigma_1.5,0.005147438985255343
05272.png,bottom-face,smooth_1_sigma_1.5,0.004985355693563168
05272.png,forehead,smooth_1_sigma_1.5,0.004201826479524375
05272.png,under-eyes,smooth_1_sigma_1.5,0.004928153736799821
05272.png,left-cheek,smooth_2_sigma_2.5,0.004503689293324304
05272.png,right-cheek,smooth_2_sigma_2.5,0.0052210364333484666
05272.png,bottom-face,smooth_2_sigma_2.5,0.0050339055170476495
05272.png,forehead,smooth_2_sigma_2.5,0.004245815225965079
05272.png,under-eyes,smooth_2_sigma_2.5,0.0050920878682890495
05274.png,left-cheek,original_roi,0.009071885467099913
05274.png,right-cheek,original_roi,0.004686980784646433
05274.png,bottom-face,original_roi,0.005134031894517544
05274.png,forehead,original_roi,0.00924754808253002
05274.png,under-eyes,original_roi,0.012726253172689089
05274.png,left-cheek,smooth_1_sigma_1.5,0.009361353998364384
05274.png,right-cheek,smooth_1_sigma_1.5,0.004770005108323394
05274.png,bottom-face,smooth_1_sigma_1.5,0.005219996913567604
05274.png,forehead,smooth_1_sigma_1.5,0.010406080769623006
05274.png,under-eyes,smooth_1_sigma_1.5,0.01404633965180633
05274.png,left-cheek,smooth_2_sigma_2.5,0.009563295011126535
05274.png,right-cheek,smooth_2_sigma_2.5,0.004814389882323042
05274.png,bottom-face,smooth_2_sigma_2.5,0.00526592754636119
05274.png,forehead,smooth_2_sigma_2.5,0.011310720735195122
05274.png,under-eyes,smooth_2_sigma_2.5,0.015116972867760904
05285.png,left-cheek,original_roi,0.006027875850290339
05285.png,right-cheek,original_roi,0.005669687743262531
05285.png,bottom-face,original_roi,0.006663670445954364
05285.png,forehead,original_roi,0.005524658581351537
05285.png,under-eyes,original_roi,0.005525124623695348
05285.png,left-cheek,smooth_1_sigma_1.5,0.006202199121329345
05285.png,right-cheek,smooth_1_sigma_1.5,0.00579476042249523
05285.png,bottom-face,smooth_1_sigma_1.5,0.006826926515446008
05285.png,forehead,smooth_1_sigma_1.5,0.005658405839118499
05285.png,under-eyes,smooth_1_sigma_1.5,0.0058493536340003946
05285.png,left-cheek,smooth_2_sigma_2.5,0.006280908136508004
05285.png,right-cheek,smooth_2_sigma_2.5,0.005838653446183085
05285.png,bottom-face,smooth_2_sigma_2.5,0.006883639127190151
05285.png,forehead,smooth_2_sigma_2.5,0.005701138631346449
05285.png,under-eyes,smooth_2_sigma_2.5,0.006038090855960306
05286.png,left-cheek,original_roi,0.00600907203251144
05286.png,right-cheek,original_roi,0.004403529468075503
05286.png,bottom-face,original_roi,0.005088778554544161
05286.png,forehead,original_roi,0.004879025275185697
05286.png,under-eyes,original_roi,0.004965946118829162
05286.png,left-cheek,smooth_1_sigma_1.5,0.006258983929772277
05286.png,right-cheek,smooth_1_sigma_1.5,0.004519556836404694
05286.png,bottom-face,smooth_1_sigma_1.5,0.0052597696529071624
05286.png,forehead,smooth_1_sigma_1.5,0.005219229829862378
05286.png,under-eyes,smooth_1_sigma_1.5,0.005204159453387763
05286.png,left-cheek,smooth_2_sigma_2.5,0.006377938028591515
05286.png,right-cheek,smooth_2_sigma_2.5,0.004550946954069451
05286.png,bottom-face,smooth_2_sigma_2.5,0.005314201280936932
05286.png,forehead,smooth_2_sigma_2.5,0.005318058946370146
05286.png,under-eyes,smooth_2_sigma_2.5,0.005309141006424154
05287.png,left-cheek,original_roi,0.006090368335391053
05287.png,right-cheek,original_roi,0.0060535971642884
05287.png,bottom-face,original_roi,0.006134404240195387
05287.png,forehead,original_roi,0.00481680246462029
05287.png,under-eyes,original_roi,0.005126484903275986
05287.png,left-cheek,smooth_1_sigma_1.5,0.00628278141866958
05287.png,right-cheek,smooth_1_sigma_1.5,0.006242844733226712
05287.png,bottom-face,smooth_1_sigma_1.5,0.006344981115420597
05287.png,forehead,smooth_1_sigma_1.5,0.0049870670462381925
05287.png,under-eyes,smooth_1_sigma_1.5,0.005371016247333624
05287.png,left-cheek,smooth_2_sigma_2.5,0.006323280438116999
05287.png,right-cheek,smooth_2_sigma_2.5,0.006281366282169832
05287.png,bottom-face,smooth_2_sigma_2.5,0.006399325803451387
05287.png,forehead,smooth_2_sigma_2.5,0.005028536521911038
05287.png,under-eyes,smooth_2_sigma_2.5,0.005462083704862509
05289.png,left-cheek,original_roi,0.004882915748021698
05289.png,right-cheek,original_roi,0.005051369328897025
05289.png,bottom-face,original_roi,0.005211586093217777
05289.png,forehead,original_roi,0.0044594611330226715
05289.png,under-eyes,original_roi,0.004377912274900706
05289.png,left-cheek,smooth_1_sigma_1.5,0.005251784038777595
05289.png,right-cheek,smooth_1_sigma_1.5,0.0055012891246140365
05289.png,bottom-face,smooth_1_sigma_1.5,0.00558338708373826
05289.png,forehead,smooth_1_sigma_1.5,0.00485630072467729
05289.png,under-eyes,smooth_1_sigma_1.5,0.004874554590948073
05289.png,left-cheek,smooth_2_sigma_2.5,0.005326920737661699
05289.png,right-cheek,smooth_2_sigma_2.5,0.005595610704317158
05289.png,bottom-face,smooth_2_sigma_2.5,0.005661813459235595
05289.png,forehead,smooth_2_sigma_2.5,0.004908264018037319
05289.png,under-eyes,smooth_2_sigma_2.5,0.004988979967763427
05290.png,left-cheek,original_roi,0.00551403292762826
05290.png,right-cheek,original_roi,0.004393552539080436
05290.png,bottom-face,original_roi,0.004647275752112272
05290.png,forehead,original_roi,0.004225966496144787
05290.png,under-eyes,original_roi,0.004560147149566426
05290.png,left-cheek,smooth_1_sigma_1.5,0.006036368658325338
05290.png,right-cheek,smooth_1_sigma_1.5,0.004629184375067062
05290.png,bottom-face,smooth_1_sigma_1.5,0.005568200942927326
05290.png,forehead,smooth_1_sigma_1.5,0.004435260044532346
05290.png,under-eyes,smooth_1_sigma_1.5,0.005141904752762859
05290.png,left-cheek,smooth_2_sigma_2.5,0.0062876264315232045
05290.png,right-cheek,smooth_2_sigma_2.5,0.004727286376945247
05290.png,bottom-face,smooth_2_sigma_2.5,0.005886196754067944
05290.png,forehead,smooth_2_sigma_2.5,0.00450134153463392
05290.png,under-eyes,smooth_2_sigma_2.5,0.005589554183724344
05292.png,left-cheek,original_roi,0.005463292706271394
05292.png,right-cheek,original_roi,0.005386434982949766
05292.png,bottom-face,original_roi,0.005898885168444479
05292.png,forehead,original_roi,0.005365106103592562
05292.png,under-eyes,original_roi,0.005482799062789055
05292.png,left-cheek,smooth_1_sigma_1.5,0.005613326076125881
05292.png,right-cheek,smooth_1_sigma_1.5,0.005566781430984138
05292.png,bottom-face,smooth_1_sigma_1.5,0.006123637701145559
05292.png,forehead,smooth_1_sigma_1.5,0.0056330617613161585
05292.png,under-eyes,smooth_1_sigma_1.5,0.005750365733221727
05292.png,left-cheek,smooth_2_sigma_2.5,0.005642231727497867
05292.png,right-cheek,smooth_2_sigma_2.5,0.005595133568952713
05292.png,bottom-face,smooth_2_sigma_2.5,0.006187514939030845
05292.png,forehead,smooth_2_sigma_2.5,0.0056760134753665835
05292.png,under-eyes,smooth_2_sigma_2.5,0.005792747645828421
05293.png,left-cheek,original_roi,0.004547596232730767
05293.png,right-cheek,original_roi,0.004265499047917377
05293.png,bottom-face,original_roi,0.004599770292233087
05293.png,forehead,original_roi,0.010180545267668957
05293.png,under-eyes,original_roi,0.005267197267143117
05293.png,left-cheek,smooth_1_sigma_1.5,0.004593010636340501
05293.png,right-cheek,smooth_1_sigma_1.5,0.004310100735229339
05293.png,bottom-face,smooth_1_sigma_1.5,0.004648760084691809
05293.png,forehead,smooth_1_sigma_1.5,0.010632785047905616
05293.png,under-eyes,smooth_1_sigma_1.5,0.005393456070683605
05293.png,left-cheek,smooth_2_sigma_2.5,0.004611731427502916
05293.png,right-cheek,smooth_2_sigma_2.5,0.004326832809924832
05293.png,bottom-face,smooth_2_sigma_2.5,0.004666366536688518
05293.png,forehead,smooth_2_sigma_2.5,0.010747380267061216
05293.png,under-eyes,smooth_2_sigma_2.5,0.005430914361241586
05296.png,left-cheek,original_roi,0.005544386921068236
05296.png,right-cheek,original_roi,0.005317826090691773
05296.png,bottom-face,original_roi,0.005852759388319174
05296.png,forehead,original_roi,0.005046696438525547
05296.png,under-eyes,original_roi,0.005614475672510687
05296.png,left-cheek,smooth_1_sigma_1.5,0.005835207808986706
05296.png,right-cheek,smooth_1_sigma_1.5,0.005630104237307941
05296.png,bottom-face,smooth_1_sigma_1.5,0.006236169482662069
05296.png,forehead,smooth_1_sigma_1.5,0.0054909631280482245
05296.png,under-eyes,smooth_1_sigma_1.5,0.0062200708038335035
05296.png,left-cheek,smooth_2_sigma_2.5,0.005878106956023674
05296.png,right-cheek,smooth_2_sigma_2.5,0.00567112598358189
05296.png,bottom-face,smooth_2_sigma_2.5,0.006313064342426864
05296.png,forehead,smooth_2_sigma_2.5,0.005558351312144727
05296.png,under-eyes,smooth_2_sigma_2.5,0.00635894779410039
05297.png,left-cheek,original_roi,0.00340742834984735
05297.png,right-cheek,original_roi,0.005029134467730791
05297.png,bottom-face,original_roi,0.004219113144731387
05297.png,forehead,original_roi,0.003862178294842036
05297.png,under-eyes,original_roi,0.004152017298192551
05297.png,left-cheek,smooth_1_sigma_1.5,0.0034801591508127703
05297.png,right-cheek,smooth_1_sigma_1.5,0.005271960784799123
05297.png,bottom-face,smooth_1_sigma_1.5,0.004340660340924264
05297.png,forehead,smooth_1_sigma_1.5,0.004020283975851709
05297.png,under-eyes,smooth_1_sigma_1.5,0.0044152925629560085
05297.png,left-cheek,smooth_2_sigma_2.5,0.0034965365447625785
05297.png,right-cheek,smooth_2_sigma_2.5,0.005310939060018801
05297.png,bottom-face,smooth_2_sigma_2.5,0.004366274527344584
05297.png,forehead,smooth_2_sigma_2.5,0.004046375720374216
05297.png,under-eyes,smooth_2_sigma_2.5,0.004483542004682975
05307.png,left-cheek,original_roi,0.003846706238340345
05307.png,right-cheek,original_roi,0.0036317149876781917
05307.png,bottom-face,original_roi,0.003711197604828991
05307.png,forehead,original_roi,0.0035432300440845724
05307.png,under-eyes,original_roi,0.003858691057655621
05307.png,left-cheek,smooth_1_sigma_1.5,0.0040472357145416495
05307.png,right-cheek,smooth_1_sigma_1.5,0.003794964235918555
05307.png,bottom-face,smooth_1_sigma_1.5,0.003780541968075623
05307.png,forehead,smooth_1_sigma_1.5,0.0036101174231424546
05307.png,under-eyes,smooth_1_sigma_1.5,0.004042779788789108
05307.png,left-cheek,smooth_2_sigma_2.5,0.004155200155120984
05307.png,right-cheek,smooth_2_sigma_2.5,0.0038790417299102015
05307.png,bottom-face,smooth_2_sigma_2.5,0.003809546664974118
05307.png,forehead,smooth_2_sigma_2.5,0.00362758983909068
05307.png,under-eyes,smooth_2_sigma_2.5,0.004155098135259455
05312.png,left-cheek,original_roi,0.004510126423659786
05312.png,right-cheek,original_roi,0.004774790199154063
05312.png,bottom-face,original_roi,0.004545916996466526
05312.png,forehead,original_roi,0.004008735351244085
05312.png,under-eyes,original_roi,0.003922597949173141
05312.png,left-cheek,smooth_1_sigma_1.5,0.004583180754744195
05312.png,right-cheek,smooth_1_sigma_1.5,0.004862918281166924
05312.png,bottom-face,smooth_1_sigma_1.5,0.004623968393654486
05312.png,forehead,smooth_1_sigma_1.5,0.004101827447026675
05312.png,under-eyes,smooth_1_sigma_1.5,0.004035875982909822
05312.png,left-cheek,smooth_2_sigma_2.5,0.00460527249869213
05312.png,right-cheek,smooth_2_sigma_2.5,0.004890807580541392
05312.png,bottom-face,smooth_2_sigma_2.5,0.004653985188831368
05312.png,forehead,smooth_2_sigma_2.5,0.00412943814351405
05312.png,under-eyes,smooth_2_sigma_2.5,0.004086652942737245
05316.png,left-cheek,original_roi,0.0035067277849867833
05316.png,right-cheek,original_roi,0.003958173245685132
05316.png,bottom-face,original_roi,0.004017114271558945
05316.png,forehead,original_roi,0.004945785385961116
05316.png,under-eyes,original_roi,0.0033451885539256005
05316.png,left-cheek,smooth_1_sigma_1.5,0.003549039564729036
05316.png,right-cheek,smooth_1_sigma_1.5,0.004030620491753345
05316.png,bottom-face,smooth_1_sigma_1.5,0.004101788899938365
05316.png,forehead,smooth_1_sigma_1.5,0.005202622690912769
05316.png,under-eyes,smooth_1_sigma_1.5,0.003392134343240497
05316.png,left-cheek,smooth_2_sigma_2.5,0.0035586032805208817
05316.png,right-cheek,smooth_2_sigma_2.5,0.004045536729424575
05316.png,bottom-face,smooth_2_sigma_2.5,0.004122142261914638
05316.png,forehead,smooth_2_sigma_2.5,0.005282689306584967
05316.png,under-eyes,smooth_2_sigma_2.5,0.003409143132149432
05317.png,left-cheek,original_roi,0.0045299929681114634
05317.png,right-cheek,original_roi,0.00430832888719448
05317.png,bottom-face,original_roi,0.0046333768989431316
05317.png,forehead,original_roi,0.0042574104887479845
05317.png,under-eyes,original_roi,0.004388275923980783
05317.png,left-cheek,smooth_1_sigma_1.5,0.004694479821923193
05317.png,right-cheek,smooth_1_sigma_1.5,0.00445860094693225
05317.png,bottom-face,smooth_1_sigma_1.5,0.004838583947138225
05317.png,forehead,smooth_1_sigma_1.5,0.004521985832534758
05317.png,under-eyes,smooth_1_sigma_1.5,0.004577863252827096
05317.png,left-cheek,smooth_2_sigma_2.5,0.004732990208213952
05317.png,right-cheek,smooth_2_sigma_2.5,0.004493881503347032
05317.png,bottom-face,smooth_2_sigma_2.5,0.004890223511974483
05317.png,forehead,smooth_2_sigma_2.5,0.004604365130261354
05317.png,under-eyes,smooth_2_sigma_2.5,0.004637424564437489
05319.png,left-cheek,original_roi,0.005486980710027054
05319.png,right-cheek,original_roi,0.004565163462943297
05319.png,bottom-face,original_roi,0.005283462992512996
05319.png,forehead,original_roi,0.005298029399951368
05319.png,under-eyes,original_roi,0.005396206572421266
05319.png,left-cheek,smooth_1_sigma_1.5,0.0058075615626986925
05319.png,right-cheek,smooth_1_sigma_1.5,0.004702592422997313
05319.png,bottom-face,smooth_1_sigma_1.5,0.005517868842717815
05319.png,forehead,smooth_1_sigma_1.5,0.005506310624328784
05319.png,under-eyes,smooth_1_sigma_1.5,0.005658725169805305
05319.png,left-cheek,smooth_2_sigma_2.5,0.005859811568154214
05319.png,right-cheek,smooth_2_sigma_2.5,0.0047341473510011094
05319.png,bottom-face,smooth_2_sigma_2.5,0.005559186978579901
05319.png,forehead,smooth_2_sigma_2.5,0.0055491923151871235
05319.png,under-eyes,smooth_2_sigma_2.5,0.005739862362999619
05320.png,left-cheek,original_roi,0.0063104718559918805
05320.png,right-cheek,original_roi,0.004145620420647063
05320.png,bottom-face,original_roi,0.004580276528840148
05320.png,forehead,original_roi,0.004697718505225053
05320.png,under-eyes,original_roi,0.005502573516925413
05320.png,left-cheek,smooth_1_sigma_1.5,0.006588428450495533
05320.png,right-cheek,smooth_1_sigma_1.5,0.004343969514023475
05320.png,bottom-face,smooth_1_sigma_1.5,0.0047251686722677025
05320.png,forehead,smooth_1_sigma_1.5,0.004979629336824216
05320.png,under-eyes,smooth_1_sigma_1.5,0.00589053659830098
05320.png,left-cheek,smooth_2_sigma_2.5,0.00663817059941472
05320.png,right-cheek,smooth_2_sigma_2.5,0.0043895005691233285
05320.png,bottom-face,smooth_2_sigma_2.5,0.00475391414064994
05320.png,forehead,smooth_2_sigma_2.5,0.005058756450940295
05320.png,under-eyes,smooth_2_sigma_2.5,0.006008422834402517
05325.png,left-cheek,original_roi,0.005546478714702409
05325.png,right-cheek,original_roi,0.005587954803005176
05325.png,bottom-face,original_roi,0.006491687196854841
05325.png,forehead,original_roi,0.006898701597273478
05325.png,under-eyes,original_roi,0.005182144181937415
05325.png,left-cheek,smooth_1_sigma_1.5,0.005676540465453435
05325.png,right-cheek,smooth_1_sigma_1.5,0.005728112329968815
05325.png,bottom-face,smooth_1_sigma_1.5,0.00670790652253703
05325.png,forehead,smooth_1_sigma_1.5,0.007354272970458296
05325.png,under-eyes,smooth_1_sigma_1.5,0.0053193233003121804
05325.png,left-cheek,smooth_2_sigma_2.5,0.005707629162474906
05325.png,right-cheek,smooth_2_sigma_2.5,0.005753543779139329
05325.png,bottom-face,smooth_2_sigma_2.5,0.006769061228467162
05325.png,forehead,smooth_2_sigma_2.5,0.007497270187773183
05325.png,under-eyes,smooth_2_sigma_2.5,0.00535577359168883
05326.png,left-cheek,original_roi,0.007164679450944778
05326.png,right-cheek,original_roi,0.007423536785622434
05326.png,bottom-face,original_roi,0.00826540108808306
05326.png,forehead,original_roi,0.006256632049006004
05326.png,under-eyes,original_roi,0.006696851641932082
05326.png,left-cheek,smooth_1_sigma_1.5,0.007598548246956282
05326.png,right-cheek,smooth_1_sigma_1.5,0.007804783095063232
05326.png,bottom-face,smooth_1_sigma_1.5,0.008712411182650238
05326.png,forehead,smooth_1_sigma_1.5,0.00684518483021012
05326.png,under-eyes,smooth_1_sigma_1.5,0.007197687951693293
05326.png,left-cheek,smooth_2_sigma_2.5,0.007697603989024041
05326.png,right-cheek,smooth_2_sigma_2.5,0.007886180297093467
05326.png,bottom-face,smooth_2_sigma_2.5,0.008819974139813381
05326.png,forehead,smooth_2_sigma_2.5,0.007067828843794642
05326.png,under-eyes,smooth_2_sigma_2.5,0.007401178308354098
05329.png,left-cheek,original_roi,0.006082792118159184
05329.png,right-cheek,original_roi,0.005859089903654348
05329.png,bottom-face,original_roi,0.007312789897802991
05329.png,forehead,original_roi,0.005987553819946202
05329.png,under-eyes,original_roi,0.006299715689534578
05329.png,left-cheek,smooth_1_sigma_1.5,0.00628626855233181
05329.png,right-cheek,smooth_1_sigma_1.5,0.006071113850373607
05329.png,bottom-face,smooth_1_sigma_1.5,0.007636192752894774
05329.png,forehead,smooth_1_sigma_1.5,0.006244717629467368
05329.png,under-eyes,smooth_1_sigma_1.5,0.006591264856123698
05329.png,left-cheek,smooth_2_sigma_2.5,0.0063368553242896825
05329.png,right-cheek,smooth_2_sigma_2.5,0.006124787103597023
05329.png,bottom-face,smooth_2_sigma_2.5,0.007720668437212457
05329.png,forehead,smooth_2_sigma_2.5,0.006316155826335194
05329.png,under-eyes,smooth_2_sigma_2.5,0.006687161447877408
06002.png,left-cheek,original_roi,0.003688845500671774
06002.png,right-cheek,original_roi,0.003569095425263735
06002.png,bottom-face,original_roi,0.004292622948589913
06002.png,forehead,original_roi,0.003610022301968879
06002.png,under-eyes,original_roi,0.0034379513141836898
06002.png,left-cheek,smooth_1_sigma_1.5,0.003781081508555626
06002.png,right-cheek,smooth_1_sigma_1.5,0.0036501969672010216
06002.png,bottom-face,smooth_1_sigma_1.5,0.004420303430529586
06002.png,forehead,smooth_1_sigma_1.5,0.003705022251586454
06002.png,under-eyes,smooth_1_sigma_1.5,0.0035692797005728557
06002.png,left-cheek,smooth_2_sigma_2.5,0.0038004130544798762
06002.png,right-cheek,smooth_2_sigma_2.5,0.0036674909950264894
06002.png,bottom-face,smooth_2_sigma_2.5,0.004452901898315665
06002.png,forehead,smooth_2_sigma_2.5,0.0037422154667449453
06002.png,under-eyes,smooth_2_sigma_2.5,0.003616235576398902
06004.png,left-cheek,original_roi,0.004891324056310868
06004.png,right-cheek,original_roi,0.0053421176889859165
06004.png,bottom-face,original_roi,0.005530502478088119
06004.png,forehead,original_roi,0.0044209341716014375
06004.png,under-eyes,original_roi,0.00477765880616655
06004.png,left-cheek,smooth_1_sigma_1.5,0.005067880168366508
06004.png,right-cheek,smooth_1_sigma_1.5,0.0055060440528183745
06004.png,bottom-face,smooth_1_sigma_1.5,0.00566102149933266
06004.png,forehead,smooth_1_sigma_1.5,0.004816577495798004
06004.png,under-eyes,smooth_1_sigma_1.5,0.0049685570880819
06004.png,left-cheek,smooth_2_sigma_2.5,0.0050988950373234854
06004.png,right-cheek,smooth_2_sigma_2.5,0.005544267606847081
06004.png,bottom-face,smooth_2_sigma_2.5,0.005705472061507768
06004.png,forehead,smooth_2_sigma_2.5,0.004891093943537654
06004.png,under-eyes,smooth_2_sigma_2.5,0.0050342867814264025
06005.png,left-cheek,original_roi,0.004731427646393377
06005.png,right-cheek,original_roi,0.005213975674103647
06005.png,bottom-face,original_roi,0.005409802513079488
06005.png,forehead,original_roi,0.004086299539907057
06005.png,under-eyes,original_roi,0.0045471698161482004
06005.png,left-cheek,smooth_1_sigma_1.5,0.005028229255089124
06005.png,right-cheek,smooth_1_sigma_1.5,0.005508840136073042
06005.png,bottom-face,smooth_1_sigma_1.5,0.005678651296055371
06005.png,forehead,smooth_1_sigma_1.5,0.004514595265817131
06005.png,under-eyes,smooth_1_sigma_1.5,0.0049091985871863595
06005.png,left-cheek,smooth_2_sigma_2.5,0.0050775618656100615
06005.png,right-cheek,smooth_2_sigma_2.5,0.0055686879978661865
06005.png,bottom-face,smooth_2_sigma_2.5,0.005734962507973024
06005.png,forehead,smooth_2_sigma_2.5,0.004646285134850274
06005.png,under-eyes,smooth_2_sigma_2.5,0.005029184732372073
06006.png,left-cheek,original_roi,0.005621793008928616
06006.png,right-cheek,original_roi,0.005897349573931206
06006.png,bottom-face,original_roi,0.006648878554350313
06006.png,forehead,original_roi,0.005553859122137973
06006.png,under-eyes,original_roi,0.005572122273334657
06006.png,left-cheek,smooth_1_sigma_1.5,0.0061886980499534765
06006.png,right-cheek,smooth_1_sigma_1.5,0.00654806765018727
06006.png,bottom-face,smooth_1_sigma_1.5,0.007052524195973347
06006.png,forehead,smooth_1_sigma_1.5,0.006214621756956188
06006.png,under-eyes,smooth_1_sigma_1.5,0.006294030163926594
06006.png,left-cheek,smooth_2_sigma_2.5,0.006258791479924521
06006.png,right-cheek,smooth_2_sigma_2.5,0.006659533543457985
06006.png,bottom-face,smooth_2_sigma_2.5,0.0071443168608322375
06006.png,forehead,smooth_2_sigma_2.5,0.006388977488144814
06006.png,under-eyes,smooth_2_sigma_2.5,0.006473691468429579
06010.png,left-cheek,original_roi,0.0034191752312877086
06010.png,right-cheek,original_roi,0.0036373332125440036
06010.png,bottom-face,original_roi,0.0037196102355906806
06010.png,forehead,original_roi,0.0034326827019830297
06010.png,under-eyes,original_roi,0.00378543278083468
06010.png,left-cheek,smooth_1_sigma_1.5,0.0034640141136236583
06010.png,right-cheek,smooth_1_sigma_1.5,0.003690489177155876
06010.png,bottom-face,smooth_1_sigma_1.5,0.0037750110942090754
06010.png,forehead,smooth_1_sigma_1.5,0.003498412052490871
06010.png,under-eyes,smooth_1_sigma_1.5,0.0038531130244715706
06010.png,left-cheek,smooth_2_sigma_2.5,0.003478121201006917
06010.png,right-cheek,smooth_2_sigma_2.5,0.0037100197709465537
06010.png,bottom-face,smooth_2_sigma_2.5,0.0037983866572047506
06010.png,forehead,smooth_2_sigma_2.5,0.0035161086335780117
06010.png,under-eyes,smooth_2_sigma_2.5,0.0038757544886472593
06011.png,left-cheek,original_roi,0.003761818480566488
06011.png,right-cheek,original_roi,0.0036667932746415823
06011.png,bottom-face,original_roi,0.004154969226267556
06011.png,forehead,original_roi,0.004460287443307996
06011.png,under-eyes,original_roi,0.004038676119706311
06011.png,left-cheek,smooth_1_sigma_1.5,0.0038004245541255676
06011.png,right-cheek,smooth_1_sigma_1.5,0.003705570559039486
06011.png,bottom-face,smooth_1_sigma_1.5,0.004203775733089234
06011.png,forehead,smooth_1_sigma_1.5,0.0047864169788750036
06011.png,under-eyes,smooth_1_sigma_1.5,0.004109448950237599
06011.png,left-cheek,smooth_2_sigma_2.5,0.0038150684936303966
06011.png,right-cheek,smooth_2_sigma_2.5,0.003719115521841735
06011.png,bottom-face,smooth_2_sigma_2.5,0.00422700609101846
06011.png,forehead,smooth_2_sigma_2.5,0.004868191343828166
06011.png,under-eyes,smooth_2_sigma_2.5,0.004132957566460227
06013.png,left-cheek,original_roi,0.0038483359433417737
06013.png,right-cheek,original_roi,0.004694096299705041
06013.png,bottom-face,original_roi,0.006150970827963087
06013.png,forehead,original_roi,0.00428732190760017
06013.png,under-eyes,original_roi,0.005004990260379146
06013.png,left-cheek,smooth_1_sigma_1.5,0.003911898423579933
06013.png,right-cheek,smooth_1_sigma_1.5,0.004825463678449525
06013.png,bottom-face,smooth_1_sigma_1.5,0.007392126700821551
06013.png,forehead,smooth_1_sigma_1.5,0.00438129106202956
06013.png,under-eyes,smooth_1_sigma_1.5,0.005189046791880169
06013.png,left-cheek,smooth_2_sigma_2.5,0.0039261981913535915
06013.png,right-cheek,smooth_2_sigma_2.5,0.004861522515131421
06013.png,bottom-face,smooth_2_sigma_2.5,0.007869737448562215
06013.png,forehead,smooth_2_sigma_2.5,0.004411390864850908
06013.png,under-eyes,smooth_2_sigma_2.5,0.005240252864729429
06015.png,left-cheek,original_roi,0.006993611223937122
06015.png,right-cheek,original_roi,0.0066324315895766
06015.png,bottom-face,original_roi,0.01010468426533207
06015.png,forehead,original_roi,0.0053503009891272615
06015.png,under-eyes,original_roi,0.0054647311437705385
06015.png,left-cheek,smooth_1_sigma_1.5,0.007471701549681672
06015.png,right-cheek,smooth_1_sigma_1.5,0.007122658072518166
06015.png,bottom-face,smooth_1_sigma_1.5,0.012376396271086804
06015.png,forehead,smooth_1_sigma_1.5,0.006160157823260352
06015.png,under-eyes,smooth_1_sigma_1.5,0.006215329727839947
06015.png,left-cheek,smooth_2_sigma_2.5,0.007551907210849071
06015.png,right-cheek,smooth_2_sigma_2.5,0.0072007832737543895
06015.png,bottom-face,smooth_2_sigma_2.5,0.012951610601940004
06015.png,forehead,smooth_2_sigma_2.5,0.006281583919246767
06015.png,under-eyes,smooth_2_sigma_2.5,0.006404778619048848
06017.png,left-cheek,original_roi,0.004066210118721317
06017.png,right-cheek,original_roi,0.004469121622244232
06017.png,bottom-face,original_roi,0.0042508104569874
06017.png,forehead,original_roi,0.0040084985708177066
06017.png,under-eyes,original_roi,0.0037452561740993215
06017.png,left-cheek,smooth_1_sigma_1.5,0.004148038600512845
06017.png,right-cheek,smooth_1_sigma_1.5,0.0045900706882961145
06017.png,bottom-face,smooth_1_sigma_1.5,0.004359229160164446
06017.png,forehead,smooth_1_sigma_1.5,0.004106877476084219
06017.png,under-eyes,smooth_1_sigma_1.5,0.004040811535224892
06017.png,left-cheek,smooth_2_sigma_2.5,0.004168506281803676
06017.png,right-cheek,smooth_2_sigma_2.5,0.004616284454690351
06017.png,bottom-face,smooth_2_sigma_2.5,0.0043863852877701025
06017.png,forehead,smooth_2_sigma_2.5,0.00413228086914165
06017.png,under-eyes,smooth_2_sigma_2.5,0.004156287850249778
06018.png,left-cheek,original_roi,0.004495046796025694
06018.png,right-cheek,original_roi,0.011831148184996748
06018.png,bottom-face,original_roi,0.005514902105144062
06018.png,forehead,original_roi,0.005928654624437509
06018.png,under-eyes,original_roi,0.006972957452754256
06018.png,left-cheek,smooth_1_sigma_1.5,0.004579299399489212
06018.png,right-cheek,smooth_1_sigma_1.5,0.012232352258185208
06018.png,bottom-face,smooth_1_sigma_1.5,0.005624620629218212
06018.png,forehead,smooth_1_sigma_1.5,0.006158253834788195
06018.png,under-eyes,smooth_1_sigma_1.5,0.0074045162344000435
06018.png,left-cheek,smooth_2_sigma_2.5,0.0045993099631457274
06018.png,right-cheek,smooth_2_sigma_2.5,0.012357845359286267
06018.png,bottom-face,smooth_2_sigma_2.5,0.005658643551163308
06018.png,forehead,smooth_2_sigma_2.5,0.00622384397581902
06018.png,under-eyes,smooth_2_sigma_2.5,0.007574180036923023
06019.png,left-cheek,original_roi,0.005038934250720358
06019.png,right-cheek,original_roi,0.004184884711709501
06019.png,bottom-face,original_roi,0.005204813710112759
06019.png,forehead,original_roi,0.004830724360754793
06019.png,under-eyes,original_roi,0.005713670353114599
06019.png,left-cheek,smooth_1_sigma_1.5,0.005249807297910589
06019.png,right-cheek,smooth_1_sigma_1.5,0.004335134467344087
06019.png,bottom-face,smooth_1_sigma_1.5,0.005436089147520721
06019.png,forehead,smooth_1_sigma_1.5,0.005272955474783018
06019.png,under-eyes,smooth_1_sigma_1.5,0.006189958726800125
06019.png,left-cheek,smooth_2_sigma_2.5,0.005296232421524397
06019.png,right-cheek,smooth_2_sigma_2.5,0.004371619275653686
06019.png,bottom-face,smooth_2_sigma_2.5,0.0054869553464764135
06019.png,forehead,smooth_2_sigma_2.5,0.005408159304067744
06019.png,under-eyes,smooth_2_sigma_2.5,0.0063581087695180945
06021.png,left-cheek,original_roi,0.0075001682498051225
06021.png,right-cheek,original_roi,0.0053549270012931225
06021.png,bottom-face,original_roi,0.006011231215869853
06021.png,forehead,original_roi,0.005610479215341916
06021.png,under-eyes,original_roi,0.004531072854400934
06021.png,left-cheek,smooth_1_sigma_1.5,0.00809180522109464
06021.png,right-cheek,smooth_1_sigma_1.5,0.005661565011089161
06021.png,bottom-face,smooth_1_sigma_1.5,0.006436409580437135
06021.png,forehead,smooth_1_sigma_1.5,0.0061582876422928605
06021.png,under-eyes,smooth_1_sigma_1.5,0.004853953763245366
06021.png,left-cheek,smooth_2_sigma_2.5,0.008169954852846826
06021.png,right-cheek,smooth_2_sigma_2.5,0.00570262349220244
06021.png,bottom-face,smooth_2_sigma_2.5,0.0065162461939555095
06021.png,forehead,smooth_2_sigma_2.5,0.006231908961642282
06021.png,under-eyes,smooth_2_sigma_2.5,0.004950907624454683
06023.png,left-cheek,original_roi,0.004294398958888709
06023.png,right-cheek,original_roi,0.0037137806215786673
06023.png,bottom-face,original_roi,0.003678751383696596
06023.png,forehead,original_roi,0.0033976946914221857
06023.png,under-eyes,original_roi,0.003974031975605146
06023.png,left-cheek,smooth_1_sigma_1.5,0.004447144049052545
06023.png,right-cheek,smooth_1_sigma_1.5,0.0038407825782041305
06023.png,bottom-face,smooth_1_sigma_1.5,0.003732353866893892
06023.png,forehead,smooth_1_sigma_1.5,0.0034400996448029353
06023.png,under-eyes,smooth_1_sigma_1.5,0.0041407615147063155
06023.png,left-cheek,smooth_2_sigma_2.5,0.0045210294658302175
06023.png,right-cheek,smooth_2_sigma_2.5,0.003930566221725396
06023.png,bottom-face,smooth_2_sigma_2.5,0.003747845797156167
06023.png,forehead,smooth_2_sigma_2.5,0.003455662248667567
06023.png,under-eyes,smooth_2_sigma_2.5,0.004235479362986794
06024.png,left-cheek,original_roi,0.004786199388871057
06024.png,right-cheek,original_roi,0.004075491284104332
06024.png,bottom-face,original_roi,0.004809784803210944
06024.png,forehead,original_roi,0.003848073805616389
06024.png,under-eyes,original_roi,0.00408431592086426
06024.png,left-cheek,smooth_1_sigma_1.5,0.004935875837272648
06024.png,right-cheek,smooth_1_sigma_1.5,0.004226329627684742
06024.png,bottom-face,smooth_1_sigma_1.5,0.004974679512689195
06024.png,forehead,smooth_1_sigma_1.5,0.004049256889035601
06024.png,under-eyes,smooth_1_sigma_1.5,0.0046522383548616535
06024.png,left-cheek,smooth_2_sigma_2.5,0.005002826496467975
06024.png,right-cheek,smooth_2_sigma_2.5,0.004271515230128888
06024.png,bottom-face,smooth_2_sigma_2.5,0.005030276664640886
06024.png,forehead,smooth_2_sigma_2.5,0.004078365103490555
06024.png,under-eyes,smooth_2_sigma_2.5,0.004987998382863996
06026.png,left-cheek,original_roi,0.0045769809963576704
06026.png,right-cheek,original_roi,0.0042501237396563064
06026.png,bottom-face,original_roi,0.004674834647791007
06026.png,forehead,original_roi,0.006535867578521885
06026.png,under-eyes,original_roi,0.004503144820359425
06026.png,left-cheek,smooth_1_sigma_1.5,0.004789419295733778
06026.png,right-cheek,smooth_1_sigma_1.5,0.004425698620784143
06026.png,bottom-face,smooth_1_sigma_1.5,0.004803419637563123
06026.png,forehead,smooth_1_sigma_1.5,0.00714016371266614
06026.png,under-eyes,smooth_1_sigma_1.5,0.004866935337996826
06026.png,left-cheek,smooth_2_sigma_2.5,0.004912595259477176
06026.png,right-cheek,smooth_2_sigma_2.5,0.004506520433693863
06026.png,bottom-face,smooth_2_sigma_2.5,0.0048412069308625145
06026.png,forehead,smooth_2_sigma_2.5,0.007434733182462972
06026.png,under-eyes,smooth_2_sigma_2.5,0.005119689900032776
06027.png,left-cheek,original_roi,0.0035570167919289786
06027.png,right-cheek,original_roi,0.003753181801288274
06027.png,bottom-face,original_roi,0.004329861824529915
06027.png,forehead,original_roi,0.003565879954025757
06027.png,under-eyes,original_roi,0.004048774657468324
06027.png,left-cheek,smooth_1_sigma_1.5,0.0036082891832205748
06027.png,right-cheek,smooth_1_sigma_1.5,0.003826002071453908
06027.png,bottom-face,smooth_1_sigma_1.5,0.004479818886423762
06027.png,forehead,smooth_1_sigma_1.5,0.0036140926522489868
06027.png,under-eyes,smooth_1_sigma_1.5,0.004158998146205415
06027.png,left-cheek,smooth_2_sigma_2.5,0.0036213402841910624
06027.png,right-cheek,smooth_2_sigma_2.5,0.0038423005211533417
06027.png,bottom-face,smooth_2_sigma_2.5,0.004512643260888104
06027.png,forehead,smooth_2_sigma_2.5,0.0036272019571648084
06027.png,under-eyes,smooth_2_sigma_2.5,0.004181498393243851
06033.png,left-cheek,original_roi,0.00443676568440395
06033.png,right-cheek,original_roi,0.005028170097402766
06033.png,bottom-face,original_roi,0.005007956605401899
06033.png,forehead,original_roi,0.0041629769325065786
06033.png,under-eyes,original_roi,0.004042370190492902
06033.png,left-cheek,smooth_1_sigma_1.5,0.004657389916466855
06033.png,right-cheek,smooth_1_sigma_1.5,0.00567292145549029
06033.png,bottom-face,smooth_1_sigma_1.5,0.0053588099763884995
06033.png,forehead,smooth_1_sigma_1.5,0.004419518164259232
06033.png,under-eyes,smooth_1_sigma_1.5,0.004299147635831085
06033.png,left-cheek,smooth_2_sigma_2.5,0.004687593084629392
06033.png,right-cheek,smooth_2_sigma_2.5,0.006053491176426946
06033.png,bottom-face,smooth_2_sigma_2.5,0.005426988158259214
06033.png,forehead,smooth_2_sigma_2.5,0.00447988943178167
06033.png,under-eyes,smooth_2_sigma_2.5,0.004387424328737806
06034.png,left-cheek,original_roi,0.0034708933427625775
06034.png,right-cheek,original_roi,0.0033330256110419543
06034.png,bottom-face,original_roi,0.003408387205419245
06034.png,forehead,original_roi,0.003147917017423078
06034.png,under-eyes,original_roi,0.003253512460948599
06034.png,left-cheek,smooth_1_sigma_1.5,0.0035269655087824484
06034.png,right-cheek,smooth_1_sigma_1.5,0.0033871219312215897
06034.png,bottom-face,smooth_1_sigma_1.5,0.003484198324823748
06034.png,forehead,smooth_1_sigma_1.5,0.0032834259124484974
06034.png,under-eyes,smooth_1_sigma_1.5,0.0033237151323414413
06034.png,left-cheek,smooth_2_sigma_2.5,0.0035412843086966967
06034.png,right-cheek,smooth_2_sigma_2.5,0.003399246843900217
06034.png,bottom-face,smooth_2_sigma_2.5,0.0035021170215835625
06034.png,forehead,smooth_2_sigma_2.5,0.0033057447589128056
06034.png,under-eyes,smooth_2_sigma_2.5,0.003341765278522758
06041.png,left-cheek,original_roi,0.003804947096725714
06041.png,right-cheek,original_roi,0.0046516384283067985
06041.png,bottom-face,original_roi,0.004567764020930125
06041.png,forehead,original_roi,0.004248463876329548
06041.png,under-eyes,original_roi,0.004652801387221488
06041.png,left-cheek,smooth_1_sigma_1.5,0.003861362538687854
06041.png,right-cheek,smooth_1_sigma_1.5,0.004764073498469747
06041.png,bottom-face,smooth_1_sigma_1.5,0.004673288483095358
06041.png,forehead,smooth_1_sigma_1.5,0.004531413240662558
06041.png,under-eyes,smooth_1_sigma_1.5,0.004830423254761007
06041.png,left-cheek,smooth_2_sigma_2.5,0.003875769854697219
06041.png,right-cheek,smooth_2_sigma_2.5,0.004790072836989173
06041.png,bottom-face,smooth_2_sigma_2.5,0.004697907163207565
06041.png,forehead,smooth_2_sigma_2.5,0.004655774924361282
06041.png,under-eyes,smooth_2_sigma_2.5,0.0048899294662652325
06042.png,left-cheek,original_roi,0.004752641284985525
06042.png,right-cheek,original_roi,0.005029904150550674
06042.png,bottom-face,original_roi,0.006045704275718976
06042.png,forehead,original_roi,0.00494459684896444
06042.png,under-eyes,original_roi,0.004696797345599276
06042.png,left-cheek,smooth_1_sigma_1.5,0.004922124577522297
06042.png,right-cheek,smooth_1_sigma_1.5,0.005223421032923419
06042.png,bottom-face,smooth_1_sigma_1.5,0.006364982959228552
06042.png,forehead,smooth_1_sigma_1.5,0.005146629542058057
06042.png,under-eyes,smooth_1_sigma_1.5,0.004876733572386532
06042.png,left-cheek,smooth_2_sigma_2.5,0.004952372170842317
06042.png,right-cheek,smooth_2_sigma_2.5,0.00525368330330353
06042.png,bottom-face,smooth_2_sigma_2.5,0.006412543422607294
06042.png,forehead,smooth_2_sigma_2.5,0.00518023542594464
06042.png,under-eyes,smooth_2_sigma_2.5,0.004910142131639072
06043.png,left-cheek,original_roi,0.0052769869077907315
06043.png,right-cheek,original_roi,0.005244690624544311
06043.png,bottom-face,original_roi,0.005381938486243008
06043.png,forehead,original_roi,0.007290155077230901
06043.png,under-eyes,original_roi,0.006562098491730409
06043.png,left-cheek,smooth_1_sigma_1.5,0.005939382128774906
06043.png,right-cheek,smooth_1_sigma_1.5,0.0057502847607038545
06043.png,bottom-face,smooth_1_sigma_1.5,0.005589894326715599
06043.png,forehead,smooth_1_sigma_1.5,0.01010330767375536
06043.png,under-eyes,smooth_1_sigma_1.5,0.007929948201755552
06043.png,left-cheek,smooth_2_sigma_2.5,0.0062770456529074
06043.png,right-cheek,smooth_2_sigma_2.5,0.006058825441680756
06043.png,bottom-face,smooth_2_sigma_2.5,0.005629261821776095
06043.png,forehead,smooth_2_sigma_2.5,0.01301050636393936
06043.png,under-eyes,smooth_2_sigma_2.5,0.009286980183213348
06044.png,left-cheek,original_roi,0.005132158303543521
06044.png,right-cheek,original_roi,0.00497370856261883
06044.png,bottom-face,original_roi,0.0039018846526783246
06044.png,forehead,original_roi,0.0042940147145239
06044.png,under-eyes,original_roi,0.004597384363392487
06044.png,left-cheek,smooth_1_sigma_1.5,0.005370107812266262
06044.png,right-cheek,smooth_1_sigma_1.5,0.005152499256980293
06044.png,bottom-face,smooth_1_sigma_1.5,0.004945564809728551
06044.png,forehead,smooth_1_sigma_1.5,0.004515303077208678
06044.png,under-eyes,smooth_1_sigma_1.5,0.004838110592811512
06044.png,left-cheek,smooth_2_sigma_2.5,0.005426515878308577
06044.png,right-cheek,smooth_2_sigma_2.5,0.00518529271916557
06044.png,bottom-face,smooth_2_sigma_2.5,0.005508541754936844
06044.png,forehead,smooth_2_sigma_2.5,0.004551814802614919
06044.png,under-eyes,smooth_2_sigma_2.5,0.004931650952122222
06046.png,left-cheek,original_roi,0.004274638547516488
06046.png,right-cheek,original_roi,0.004465712395564124
06046.png,bottom-face,original_roi,0.004352291050963465
06046.png,forehead,original_roi,0.004598371533164128
06046.png,under-eyes,original_roi,0.00501988328116464
06046.png,left-cheek,smooth_1_sigma_1.5,0.004585213587414757
06046.png,right-cheek,smooth_1_sigma_1.5,0.004608448681027575
06046.png,bottom-face,smooth_1_sigma_1.5,0.005871271832031151
06046.png,forehead,smooth_1_sigma_1.5,0.004978763645978318
06046.png,under-eyes,smooth_1_sigma_1.5,0.005320424437999151
06046.png,left-cheek,smooth_2_sigma_2.5,0.004632123723198744
06046.png,right-cheek,smooth_2_sigma_2.5,0.004633110667176374
06046.png,bottom-face,smooth_2_sigma_2.5,0.00624431853698509
06046.png,forehead,smooth_2_sigma_2.5,0.005039841635621193
06046.png,under-eyes,smooth_2_sigma_2.5,0.005375130555408886
06047.png,left-cheek,original_roi,0.005514052384044544
06047.png,right-cheek,original_roi,0.005182353543916281
06047.png,bottom-face,original_roi,0.0055966911152197625
06047.png,forehead,original_roi,0.0075159297850155475
06047.png,under-eyes,original_roi,0.005508800920674829
06047.png,left-cheek,smooth_1_sigma_1.5,0.00568069485562606
06047.png,right-cheek,smooth_1_sigma_1.5,0.005371638844485347
06047.png,bottom-face,smooth_1_sigma_1.5,0.00592159392446144
06047.png,forehead,smooth_1_sigma_1.5,0.008040163799352192
06047.png,under-eyes,smooth_1_sigma_1.5,0.006315199758590754
06047.png,left-cheek,smooth_2_sigma_2.5,0.005720711967001075
06047.png,right-cheek,smooth_2_sigma_2.5,0.005430927792615696
06047.png,bottom-face,smooth_2_sigma_2.5,0.00598782009913965
06047.png,forehead,smooth_2_sigma_2.5,0.00816931951185695
06047.png,under-eyes,smooth_2_sigma_2.5,0.0067417705100340465
06048.png,left-cheek,original_roi,0.008271530442094076
06048.png,right-cheek,original_roi,0.004846896997383512
06048.png,bottom-face,original_roi,0.006848964057739486
06048.png,forehead,original_roi,0.004138523425190475
06048.png,under-eyes,original_roi,0.005700202206880044
06048.png,left-cheek,smooth_1_sigma_1.5,0.008935953145013624
06048.png,right-cheek,smooth_1_sigma_1.5,0.00508469986840577
06048.png,bottom-face,smooth_1_sigma_1.5,0.007381912472090992
06048.png,forehead,smooth_1_sigma_1.5,0.00430733531881417
06048.png,under-eyes,smooth_1_sigma_1.5,0.0060895279592563046
06048.png,left-cheek,smooth_2_sigma_2.5,0.009027045776429815
06048.png,right-cheek,smooth_2_sigma_2.5,0.005115034582676442
06048.png,bottom-face,smooth_2_sigma_2.5,0.007477024467444235
06048.png,forehead,smooth_2_sigma_2.5,0.004345890606984729
06048.png,under-eyes,smooth_2_sigma_2.5,0.006155812935891311
06049.png,left-cheek,original_roi,0.01001718474669785
06049.png,right-cheek,original_roi,0.008645794661288418
06049.png,bottom-face,original_roi,0.009904543602735702
06049.png,forehead,original_roi,0.006342605651516797
06049.png,under-eyes,original_roi,0.007537530424957448
06049.png,left-cheek,smooth_1_sigma_1.5,0.010758119450656928
06049.png,right-cheek,smooth_1_sigma_1.5,0.008971516858958818
06049.png,bottom-face,smooth_1_sigma_1.5,0.010358906961869507
06049.png,forehead,smooth_1_sigma_1.5,0.007049900160294269
06049.png,under-eyes,smooth_1_sigma_1.5,0.007991154574040787
06049.png,left-cheek,smooth_2_sigma_2.5,0.011004965639997033
06049.png,right-cheek,smooth_2_sigma_2.5,0.009046321101340522
06049.png,bottom-face,smooth_2_sigma_2.5,0.010476624906912417
06049.png,forehead,smooth_2_sigma_2.5,0.007373553907003016
06049.png,under-eyes,smooth_2_sigma_2.5,0.008192028744100858
06050.png,left-cheek,original_roi,0.005522951755453984
06050.png,right-cheek,original_roi,0.006166066152895837
06050.png,bottom-face,original_roi,0.006175190355806759
06050.png,forehead,original_roi,0.005103708131301859
06050.png,under-eyes,original_roi,0.006063399082048833
06050.png,left-cheek,smooth_1_sigma_1.5,0.005854194559934841
06050.png,right-cheek,smooth_1_sigma_1.5,0.006346135523716899
06050.png,bottom-face,smooth_1_sigma_1.5,0.006347397521752157
06050.png,forehead,smooth_1_sigma_1.5,0.005387893963863547
06050.png,under-eyes,smooth_1_sigma_1.5,0.00640243133345899
06050.png,left-cheek,smooth_2_sigma_2.5,0.0058876153684556875
06050.png,right-cheek,smooth_2_sigma_2.5,0.006389100439934151
06050.png,bottom-face,smooth_2_sigma_2.5,0.006389945035959754
06050.png,forehead,smooth_2_sigma_2.5,0.005436501278448251
06050.png,under-eyes,smooth_2_sigma_2.5,0.006472344458340459
06051.png,left-cheek,original_roi,0.0032522873577337905
06051.png,right-cheek,original_roi,0.003953749722178248
06051.png,bottom-face,original_roi,0.003633125221972496
06051.png,forehead,original_roi,0.003661550292507681
06051.png,under-eyes,original_roi,0.003740496438806075
06051.png,left-cheek,smooth_1_sigma_1.5,0.00334989891897508
06051.png,right-cheek,smooth_1_sigma_1.5,0.004147851723252642
06051.png,bottom-face,smooth_1_sigma_1.5,0.00369435081767652
06051.png,forehead,smooth_1_sigma_1.5,0.0038191113675778324
06051.png,under-eyes,smooth_1_sigma_1.5,0.003979952785429496
06051.png,left-cheek,smooth_2_sigma_2.5,0.0034042038033831054
06051.png,right-cheek,smooth_2_sigma_2.5,0.004251113243825834
06051.png,bottom-face,smooth_2_sigma_2.5,0.003712870565150722
06051.png,forehead,smooth_2_sigma_2.5,0.003858295623262414
06051.png,under-eyes,smooth_2_sigma_2.5,0.004137653466518685
06056.png,left-cheek,original_roi,0.004342669559755897
06056.png,right-cheek,original_roi,0.004139947393235352
06056.png,bottom-face,original_roi,0.004490982344546839
06056.png,forehead,original_roi,0.0052616797185503945
06056.png,under-eyes,original_roi,0.004447608825555797
06056.png,left-cheek,smooth_1_sigma_1.5,0.004467157778201837
06056.png,right-cheek,smooth_1_sigma_1.5,0.00425494062053323
06056.png,bottom-face,smooth_1_sigma_1.5,0.004633297183586277
06056.png,forehead,smooth_1_sigma_1.5,0.00567108202362467
06056.png,under-eyes,smooth_1_sigma_1.5,0.004610939529954799
06056.png,left-cheek,smooth_2_sigma_2.5,0.004487305886680249
06056.png,right-cheek,smooth_2_sigma_2.5,0.004277300573513739
06056.png,bottom-face,smooth_2_sigma_2.5,0.004653954359681904
06056.png,forehead,smooth_2_sigma_2.5,0.005750792017693579
06056.png,under-eyes,smooth_2_sigma_2.5,0.004637522847757046
06057.png,left-cheek,original_roi,0.004238605394955426
06057.png,right-cheek,original_roi,0.004664008663529886
06057.png,bottom-face,original_roi,0.005210713794780578
06057.png,forehead,original_roi,0.004295424864724815
06057.png,under-eyes,original_roi,0.004196260179000165
06057.png,left-cheek,smooth_1_sigma_1.5,0.004424070480557682
06057.png,right-cheek,smooth_1_sigma_1.5,0.004869944552628821
06057.png,bottom-face,smooth_1_sigma_1.5,0.005854366208758324
06057.png,forehead,smooth_1_sigma_1.5,0.004571139875933782
06057.png,under-eyes,smooth_1_sigma_1.5,0.004371877697499413
06057.png,left-cheek,smooth_2_sigma_2.5,0.004495888807950831
06057.png,right-cheek,smooth_2_sigma_2.5,0.0049046863784615495
06057.png,bottom-face,smooth_2_sigma_2.5,0.006013916796418498
06057.png,forehead,smooth_2_sigma_2.5,0.004648655548845757
06057.png,under-eyes,smooth_2_sigma_2.5,0.004427880597226725
06058.png,left-cheek,original_roi,0.004583555762832952
06058.png,right-cheek,original_roi,0.005484224758831567
06058.png,bottom-face,original_roi,0.004679062909236333
06058.png,forehead,original_roi,0.003631682347158695
06058.png,under-eyes,original_roi,0.003971684957617447
06058.png,left-cheek,smooth_1_sigma_1.5,0.0047926821847244306
06058.png,right-cheek,smooth_1_sigma_1.5,0.005656668008290429
06058.png,bottom-face,smooth_1_sigma_1.5,0.004876759822705259
06058.png,forehead,smooth_1_sigma_1.5,0.003911474494720658
06058.png,under-eyes,smooth_1_sigma_1.5,0.00453535905518774
06058.png,left-cheek,smooth_2_sigma_2.5,0.00486027398578108
06058.png,right-cheek,smooth_2_sigma_2.5,0.00570709429753874
06058.png,bottom-face,smooth_2_sigma_2.5,0.004937087405417937
06058.png,forehead,smooth_2_sigma_2.5,0.00397934935872739
06058.png,under-eyes,smooth_2_sigma_2.5,0.004884104558477171
06059.png,left-cheek,original_roi,0.005136863610896063
06059.png,right-cheek,original_roi,0.005510379586135586
06059.png,bottom-face,original_roi,0.006212517712242438
06059.png,forehead,original_roi,0.004613518134878502
06059.png,under-eyes,original_roi,0.005582619358884847
06059.png,left-cheek,smooth_1_sigma_1.5,0.005227685640202253
06059.png,right-cheek,smooth_1_sigma_1.5,0.005616297143755227
06059.png,bottom-face,smooth_1_sigma_1.5,0.006724063919230845
06059.png,forehead,smooth_1_sigma_1.5,0.004738349104531953
06059.png,under-eyes,smooth_1_sigma_1.5,0.006088257507670909
06059.png,left-cheek,smooth_2_sigma_2.5,0.005261169393297227
06059.png,right-cheek,smooth_2_sigma_2.5,0.005659869834695956
06059.png,bottom-face,smooth_2_sigma_2.5,0.00690230668532082
06059.png,forehead,smooth_2_sigma_2.5,0.004781382192137194
06059.png,under-eyes,smooth_2_sigma_2.5,0.006432516845749919
06060.png,left-cheek,original_roi,0.0053002172734445685
06060.png,right-cheek,original_roi,0.005573207831911755
06060.png,bottom-face,original_roi,0.005690903305638417
06060.png,forehead,original_roi,0.007150023987836253
06060.png,under-eyes,original_roi,0.005616656889517638
06060.png,left-cheek,smooth_1_sigma_1.5,0.0054233679428821666
06060.png,right-cheek,smooth_1_sigma_1.5,0.005742709215694019
06060.png,bottom-face,smooth_1_sigma_1.5,0.005844726098344245
06060.png,forehead,smooth_1_sigma_1.5,0.007905107618166225
06060.png,under-eyes,smooth_1_sigma_1.5,0.005921556546185293
06060.png,left-cheek,smooth_2_sigma_2.5,0.005457445198530391
06060.png,right-cheek,smooth_2_sigma_2.5,0.005786135898423351
06060.png,bottom-face,smooth_2_sigma_2.5,0.0058896420612522754
06060.png,forehead,smooth_2_sigma_2.5,0.008160513662160258
06060.png,under-eyes,smooth_2_sigma_2.5,0.006024927911123258
06061.png,left-cheek,original_roi,0.004527318793263955
06061.png,right-cheek,original_roi,0.0047133056129841444
06061.png,bottom-face,original_roi,0.005073158398932234
06061.png,forehead,original_roi,0.0042723963124130316
06061.png,under-eyes,original_roi,0.00462999879496291
06061.png,left-cheek,smooth_1_sigma_1.5,0.004677258558345023
06061.png,right-cheek,smooth_1_sigma_1.5,0.0048763009265380295
06061.png,bottom-face,smooth_1_sigma_1.5,0.005324267214514449
06061.png,forehead,smooth_1_sigma_1.5,0.004506655792824936
06061.png,under-eyes,smooth_1_sigma_1.5,0.004779299118304361
06061.png,left-cheek,smooth_2_sigma_2.5,0.004704558724441242
06061.png,right-cheek,smooth_2_sigma_2.5,0.004907229673730154
06061.png,bottom-face,smooth_2_sigma_2.5,0.0053738586936075364
06061.png,forehead,smooth_2_sigma_2.5,0.004556344673163816
06061.png,under-eyes,smooth_2_sigma_2.5,0.004808306667823007
06063.png,left-cheek,original_roi,0.0037076808836378726
06063.png,right-cheek,original_roi,0.005736059647075218
06063.png,bottom-face,original_roi,0.004666010215289771
06063.png,forehead,original_roi,0.004353149881990654
06063.png,under-eyes,original_roi,0.00448094670118388
06063.png,left-cheek,smooth_1_sigma_1.5,0.003739522832010095
06063.png,right-cheek,smooth_1_sigma_1.5,0.005839581772456577
06063.png,bottom-face,smooth_1_sigma_1.5,0.0047273684481621715
06063.png,forehead,smooth_1_sigma_1.5,0.004441012500945917
06063.png,under-eyes,smooth_1_sigma_1.5,0.004645474000448274
06063.png,left-cheek,smooth_2_sigma_2.5,0.003753307923839657
06063.png,right-cheek,smooth_2_sigma_2.5,0.00587972060496552
06063.png,bottom-face,smooth_2_sigma_2.5,0.0047568192728037195
06063.png,forehead,smooth_2_sigma_2.5,0.004477044666513426
06063.png,under-eyes,smooth_2_sigma_2.5,0.004716062825909386
06064.png,left-cheek,original_roi,0.004565489659091425
06064.png,right-cheek,original_roi,0.004086065235158271
06064.png,bottom-face,original_roi,0.004635952338807927
06064.png,forehead,original_roi,0.004002378580318557
06064.png,under-eyes,original_roi,0.0043735425501124515
06064.png,left-cheek,smooth_1_sigma_1.5,0.004718358369010871
06064.png,right-cheek,smooth_1_sigma_1.5,0.004202121523931144
06064.png,bottom-face,smooth_1_sigma_1.5,0.004778550997966521
06064.png,forehead,smooth_1_sigma_1.5,0.004158918160905714
06064.png,under-eyes,smooth_1_sigma_1.5,0.00455578402515426
06064.png,left-cheek,smooth_2_sigma_2.5,0.00474340628774325
06064.png,right-cheek,smooth_2_sigma_2.5,0.0042237900119748255
06064.png,bottom-face,smooth_2_sigma_2.5,0.004804466465475754
06064.png,forehead,smooth_2_sigma_2.5,0.004186714664872764
06064.png,under-eyes,smooth_2_sigma_2.5,0.004596988129857589
06065.png,left-cheek,original_roi,0.004622885104274688
06065.png,right-cheek,original_roi,0.004514401794425805
06065.png,bottom-face,original_roi,0.004879206660436113
06065.png,forehead,original_roi,0.004673087913919233
06065.png,under-eyes,original_roi,0.005598636840081818
06065.png,left-cheek,smooth_1_sigma_1.5,0.004726755831992605
06065.png,right-cheek,smooth_1_sigma_1.5,0.004699714529170922
06065.png,bottom-face,smooth_1_sigma_1.5,0.005017134434360974
06065.png,forehead,smooth_1_sigma_1.5,0.004892448939010302
06065.png,under-eyes,smooth_1_sigma_1.5,0.005911810240800517
06065.png,left-cheek,smooth_2_sigma_2.5,0.00475048267844659
06065.png,right-cheek,smooth_2_sigma_2.5,0.004740083595904836
06065.png,bottom-face,smooth_2_sigma_2.5,0.005049811643457459
06065.png,forehead,smooth_2_sigma_2.5,0.0049420165351788175
06065.png,under-eyes,smooth_2_sigma_2.5,0.005987327093353354
06066.png,left-cheek,original_roi,0.013296500785831545
06066.png,right-cheek,original_roi,0.005878693967170392
06066.png,bottom-face,original_roi,0.009871852030072424
06066.png,forehead,original_roi,0.00900182120643253
06066.png,under-eyes,original_roi,0.00886008479563919
06066.png,left-cheek,smooth_1_sigma_1.5,0.01462919081704075
06066.png,right-cheek,smooth_1_sigma_1.5,0.006707450629149329
06066.png,bottom-face,smooth_1_sigma_1.5,0.011505938779301682
06066.png,forehead,smooth_1_sigma_1.5,0.009857991760333902
06066.png,under-eyes,smooth_1_sigma_1.5,0.010263978970283902
06066.png,left-cheek,smooth_2_sigma_2.5,0.01513262908004752
06066.png,right-cheek,smooth_2_sigma_2.5,0.006944634887886789
06066.png,bottom-face,smooth_2_sigma_2.5,0.01219577850637475
06066.png,forehead,smooth_2_sigma_2.5,0.010044319202091518
06066.png,under-eyes,smooth_2_sigma_2.5,0.011368905011096185
06067.png,left-cheek,original_roi,0.005291138516689473
06067.png,right-cheek,original_roi,0.004013944761734062
06067.png,bottom-face,original_roi,0.004945059070238197
06067.png,forehead,original_roi,0.004289613182293657
06067.png,under-eyes,original_roi,0.004108798264594483
06067.png,left-cheek,smooth_1_sigma_1.5,0.005494374959044067
06067.png,right-cheek,smooth_1_sigma_1.5,0.004113841065827714
06067.png,bottom-face,smooth_1_sigma_1.5,0.0051493652358494445
06067.png,forehead,smooth_1_sigma_1.5,0.004441219909644053
06067.png,under-eyes,smooth_1_sigma_1.5,0.004368465133568259
06067.png,left-cheek,smooth_2_sigma_2.5,0.005552645261568575
06067.png,right-cheek,smooth_2_sigma_2.5,0.004141459925951373
06067.png,bottom-face,smooth_2_sigma_2.5,0.005205238448292137
06067.png,forehead,smooth_2_sigma_2.5,0.004478330040595276
06067.png,under-eyes,smooth_2_sigma_2.5,0.004491039772533951
06069.png,left-cheek,original_roi,0.0035215200284193105
06069.png,right-cheek,original_roi,0.003687809147168619
06069.png,bottom-face,original_roi,0.0038095857868200153
06069.png,forehead,original_roi,0.00367754948586464
06069.png,under-eyes,original_roi,0.0037731037773774925
06069.png,left-cheek,smooth_1_sigma_1.5,0.003567737567971373
06069.png,right-cheek,smooth_1_sigma_1.5,0.003738504854466831
06069.png,bottom-face,smooth_1_sigma_1.5,0.003873268788479049
06069.png,forehead,smooth_1_sigma_1.5,0.003899943694901359
06069.png,under-eyes,smooth_1_sigma_1.5,0.0041061225665286255
06069.png,left-cheek,smooth_2_sigma_2.5,0.0035820833669842783
06069.png,right-cheek,smooth_2_sigma_2.5,0.0037570493925585934
06069.png,bottom-face,smooth_2_sigma_2.5,0.003891944657477555
06069.png,forehead,smooth_2_sigma_2.5,0.003986114040996434
06069.png,under-eyes,smooth_2_sigma_2.5,0.004255409674370596
06070.png,left-cheek,original_roi,0.007906178044079505
06070.png,right-cheek,original_roi,0.006483907337006191
06070.png,bottom-face,original_roi,0.006368709052199246
06070.png,forehead,original_roi,0.004400110084999056
06070.png,under-eyes,original_roi,0.005407121170372021
06070.png,left-cheek,smooth_1_sigma_1.5,0.008164835735032051
06070.png,right-cheek,smooth_1_sigma_1.5,0.0066685563461979435
06070.png,bottom-face,smooth_1_sigma_1.5,0.006621995074361632
06070.png,forehead,smooth_1_sigma_1.5,0.004531246369911239
06070.png,under-eyes,smooth_1_sigma_1.5,0.005743900352847121
06070.png,left-cheek,smooth_2_sigma_2.5,0.008233018223398352
06070.png,right-cheek,smooth_2_sigma_2.5,0.0067186512366078045
06070.png,bottom-face,smooth_2_sigma_2.5,0.0066861771136292394
06070.png,forehead,smooth_2_sigma_2.5,0.004564956034311815
06070.png,under-eyes,smooth_2_sigma_2.5,0.0058707783595953605
06071.png,left-cheek,original_roi,0.00495093386412563
06071.png,right-cheek,original_roi,0.008789273832996547
06071.png,bottom-face,original_roi,0.006323279522958848
06071.png,forehead,original_roi,0.006090098371104752
06071.png,under-eyes,original_roi,0.006775684230534757
06071.png,left-cheek,smooth_1_sigma_1.5,0.005132897532885305
06071.png,right-cheek,smooth_1_sigma_1.5,0.009104426973414329
06071.png,bottom-face,smooth_1_sigma_1.5,0.006573099592924881
06071.png,forehead,smooth_1_sigma_1.5,0.006456039140845544
06071.png,under-eyes,smooth_1_sigma_1.5,0.008057153589136834
06071.png,left-cheek,smooth_2_sigma_2.5,0.005201696446173695
06071.png,right-cheek,smooth_2_sigma_2.5,0.009189323608938024
06071.png,bottom-face,smooth_2_sigma_2.5,0.006661997396064158
06071.png,forehead,smooth_2_sigma_2.5,0.006543063372785866
06071.png,under-eyes,smooth_2_sigma_2.5,0.008911626947562206
06072.png,left-cheek,original_roi,0.0047454763478434305
06072.png,right-cheek,original_roi,0.00528029031565667
06072.png,bottom-face,original_roi,0.005138638542031084
06072.png,forehead,original_roi,0.005514265514732708
06072.png,under-eyes,original_roi,0.005276709246816805
06072.png,left-cheek,smooth_1_sigma_1.5,0.004831456992901697
06072.png,right-cheek,smooth_1_sigma_1.5,0.0053843152432886615
06072.png,bottom-face,smooth_1_sigma_1.5,0.005250584228180621
06072.png,forehead,smooth_1_sigma_1.5,0.0061060039237126615
06072.png,under-eyes,smooth_1_sigma_1.5,0.005433457570017374
06072.png,left-cheek,smooth_2_sigma_2.5,0.004856258644141984
06072.png,right-cheek,smooth_2_sigma_2.5,0.0054146109340691
06072.png,bottom-face,smooth_2_sigma_2.5,0.0052926678652832435
06072.png,forehead,smooth_2_sigma_2.5,0.006293099486982722
06072.png,under-eyes,smooth_2_sigma_2.5,0.005476133060665348
06074.png,left-cheek,original_roi,0.0032997124063786957
06074.png,right-cheek,original_roi,0.004368503220761672
06074.png,bottom-face,original_roi,0.0038456414943410146
06074.png,forehead,original_roi,0.0034970885412865106
06074.png,under-eyes,original_roi,0.003834811953967591
06074.png,left-cheek,smooth_1_sigma_1.5,0.0033351564651146483
06074.png,right-cheek,smooth_1_sigma_1.5,0.004520097143361249
06074.png,bottom-face,smooth_1_sigma_1.5,0.0038847672418081173
06074.png,forehead,smooth_1_sigma_1.5,0.003556527114847661
06074.png,under-eyes,smooth_1_sigma_1.5,0.0039100293329481315
06074.png,left-cheek,smooth_2_sigma_2.5,0.003361847089734255
06074.png,right-cheek,smooth_2_sigma_2.5,0.004626181244959952
06074.png,bottom-face,smooth_2_sigma_2.5,0.0039073033424036115
06074.png,forehead,smooth_2_sigma_2.5,0.0035821780020326662
06074.png,under-eyes,smooth_2_sigma_2.5,0.00394190810036996
06076.png,left-cheek,original_roi,0.004341345286716885
06076.png,right-cheek,original_roi,0.004215161428057021
06076.png,bottom-face,original_roi,0.004838984270077674
06076.png,forehead,original_roi,0.004045865757196757
06076.png,under-eyes,original_roi,0.004398605584946228
06076.png,left-cheek,smooth_1_sigma_1.5,0.004453787330691847
06076.png,right-cheek,smooth_1_sigma_1.5,0.004328576617658545
06076.png,bottom-face,smooth_1_sigma_1.5,0.005012049781067779
06076.png,forehead,smooth_1_sigma_1.5,0.00414223625799754
06076.png,under-eyes,smooth_1_sigma_1.5,0.004494627226828121
06076.png,left-cheek,smooth_2_sigma_2.5,0.0044776178835095595
06076.png,right-cheek,smooth_2_sigma_2.5,0.004355120798650081
06076.png,bottom-face,smooth_2_sigma_2.5,0.005047951221362777
06076.png,forehead,smooth_2_sigma_2.5,0.004164039052118524
06076.png,under-eyes,smooth_2_sigma_2.5,0.0045233777744701255
06079.png,left-cheek,original_roi,0.008520364669878731
06079.png,right-cheek,original_roi,0.004783604788741602
06079.png,bottom-face,original_roi,0.006113969376556996
06079.png,forehead,original_roi,0.005333444826549465
06079.png,under-eyes,original_roi,0.00549839641990093
06079.png,left-cheek,smooth_1_sigma_1.5,0.009440135402872913
06079.png,right-cheek,smooth_1_sigma_1.5,0.00504915144653612
06079.png,bottom-face,smooth_1_sigma_1.5,0.007529842314843414
06079.png,forehead,smooth_1_sigma_1.5,0.005991262661008424
06079.png,under-eyes,smooth_1_sigma_1.5,0.005899685882571451
06079.png,left-cheek,smooth_2_sigma_2.5,0.009649428596515991
06079.png,right-cheek,smooth_2_sigma_2.5,0.005087204471944289
06079.png,bottom-face,smooth_2_sigma_2.5,0.007858522551804165
06079.png,forehead,smooth_2_sigma_2.5,0.006210349858658817
06079.png,under-eyes,smooth_2_sigma_2.5,0.005978325328028683
06083.png,left-cheek,original_roi,0.004031471650591129
06083.png,right-cheek,original_roi,0.004312979504111214
06083.png,bottom-face,original_roi,0.00467951029298939
06083.png,forehead,original_roi,0.003645686320938684
06083.png,under-eyes,original_roi,0.003833715107974692
06083.png,left-cheek,smooth_1_sigma_1.5,0.004118004787808531
06083.png,right-cheek,smooth_1_sigma_1.5,0.004393007682221261
06083.png,bottom-face,smooth_1_sigma_1.5,0.004811878132845254
06083.png,forehead,smooth_1_sigma_1.5,0.003706205186338754
06083.png,under-eyes,smooth_1_sigma_1.5,0.003944872630658928
06083.png,left-cheek,smooth_2_sigma_2.5,0.00414462486438096
06083.png,right-cheek,smooth_2_sigma_2.5,0.004414170513838047
06083.png,bottom-face,smooth_2_sigma_2.5,0.00485190294412202
06083.png,forehead,smooth_2_sigma_2.5,0.0037255142606295406
06083.png,under-eyes,smooth_2_sigma_2.5,0.003987540697923809
06085.png,left-cheek,original_roi,0.0037440010369470646
06085.png,right-cheek,original_roi,0.0035145662968826593
06085.png,bottom-face,original_roi,0.0038852877189769247
06085.png,forehead,original_roi,0.003715935509558203
06085.png,under-eyes,original_roi,0.0037338942967874724
06085.png,left-cheek,smooth_1_sigma_1.5,0.003809940554992057
06085.png,right-cheek,smooth_1_sigma_1.5,0.0035772807460203223
06085.png,bottom-face,smooth_1_sigma_1.5,0.0040199939334790704
06085.png,forehead,smooth_1_sigma_1.5,0.0038978248550338213
06085.png,under-eyes,smooth_1_sigma_1.5,0.0038659272348132976
06085.png,left-cheek,smooth_2_sigma_2.5,0.0038227901180764618
06085.png,right-cheek,smooth_2_sigma_2.5,0.0035900568132475404
06085.png,bottom-face,smooth_2_sigma_2.5,0.004063985702597419
06085.png,forehead,smooth_2_sigma_2.5,0.0039418509061835555
06085.png,under-eyes,smooth_2_sigma_2.5,0.0038945174063097225
06088.png,left-cheek,original_roi,0.0036494588891219227
06088.png,right-cheek,original_roi,0.0039932817342758714
06088.png,bottom-face,original_roi,0.004070381401059985
06088.png,forehead,original_roi,0.003929129943393079
06088.png,under-eyes,original_roi,0.004033264679078908
06088.png,left-cheek,smooth_1_sigma_1.5,0.003742469034971855
06088.png,right-cheek,smooth_1_sigma_1.5,0.004149080029679323
06088.png,bottom-face,smooth_1_sigma_1.5,0.004219050486226722
06088.png,forehead,smooth_1_sigma_1.5,0.004120565758768398
06088.png,under-eyes,smooth_1_sigma_1.5,0.0042289424386422
06088.png,left-cheek,smooth_2_sigma_2.5,0.0037652754497497077
06088.png,right-cheek,smooth_2_sigma_2.5,0.004173891635132032
06088.png,bottom-face,smooth_2_sigma_2.5,0.004244342349436492
06088.png,forehead,smooth_2_sigma_2.5,0.004156979516013614
06088.png,under-eyes,smooth_2_sigma_2.5,0.0042626038268646655
06093.png,left-cheek,original_roi,0.008865171012310467
06093.png,right-cheek,original_roi,0.009360144163444748
06093.png,bottom-face,original_roi,0.014501310492928472
06093.png,forehead,original_roi,0.007592931359299783
06093.png,under-eyes,original_roi,0.00938427088247189
06093.png,left-cheek,smooth_1_sigma_1.5,0.00994513160676042
06093.png,right-cheek,smooth_1_sigma_1.5,0.010530199283762351
06093.png,bottom-face,smooth_1_sigma_1.5,0.017015709615287478
06093.png,forehead,smooth_1_sigma_1.5,0.00837519057618856
06093.png,under-eyes,smooth_1_sigma_1.5,0.010546004604971139
06093.png,left-cheek,smooth_2_sigma_2.5,0.010195492617436568
06093.png,right-cheek,smooth_2_sigma_2.5,0.010786915123609762
06093.png,bottom-face,smooth_2_sigma_2.5,0.01763997114816254
06093.png,forehead,smooth_2_sigma_2.5,0.008506663587858933
06093.png,under-eyes,smooth_2_sigma_2.5,0.010826776598926757
06094.png,left-cheek,original_roi,0.004130054619459914
06094.png,right-cheek,original_roi,0.004515853749561914
06094.png,bottom-face,original_roi,0.004909764127795638
06094.png,forehead,original_roi,0.004669516272353041
06094.png,under-eyes,original_roi,0.0038044182817156542
06094.png,left-cheek,smooth_1_sigma_1.5,0.004182249406344357
06094.png,right-cheek,smooth_1_sigma_1.5,0.004593678113333568
06094.png,bottom-face,smooth_1_sigma_1.5,0.004991009391103016
06094.png,forehead,smooth_1_sigma_1.5,0.004761896311846307
06094.png,under-eyes,smooth_1_sigma_1.5,0.00386752895793409
06094.png,left-cheek,smooth_2_sigma_2.5,0.004197086240074373
06094.png,right-cheek,smooth_2_sigma_2.5,0.004621144391399233
06094.png,bottom-face,smooth_2_sigma_2.5,0.005020609400588073
06094.png,forehead,smooth_2_sigma_2.5,0.004790776762380207
06094.png,under-eyes,smooth_2_sigma_2.5,0.003887296682264817
06095.png,left-cheek,original_roi,0.005435981797007038
06095.png,right-cheek,original_roi,0.00948925658493214
06095.png,bottom-face,original_roi,0.007785353557861975
06095.png,forehead,original_roi,0.0074896721977726136
06095.png,under-eyes,original_roi,0.005725163696282822
06095.png,left-cheek,smooth_1_sigma_1.5,0.005575529113659023
06095.png,right-cheek,smooth_1_sigma_1.5,0.009783534827392571
06095.png,bottom-face,smooth_1_sigma_1.5,0.008028349281505823
06095.png,forehead,smooth_1_sigma_1.5,0.008257919958956111
06095.png,under-eyes,smooth_1_sigma_1.5,0.006114039365137055
06095.png,left-cheek,smooth_2_sigma_2.5,0.005627307862502789
06095.png,right-cheek,smooth_2_sigma_2.5,0.009893515337139034
06095.png,bottom-face,smooth_2_sigma_2.5,0.008120875972457657
06095.png,forehead,smooth_2_sigma_2.5,0.008655046063164442
06095.png,under-eyes,smooth_2_sigma_2.5,0.006312664675291238
06096.png,left-cheek,original_roi,0.006357301393170889
06096.png,right-cheek,original_roi,0.0054336735013783945
06096.png,bottom-face,original_roi,0.00604172196047694
06096.png,forehead,original_roi,0.0057590395015991395
06096.png,under-eyes,original_roi,0.005232479661800223
06096.png,left-cheek,smooth_1_sigma_1.5,0.006648496019792403
06096.png,right-cheek,smooth_1_sigma_1.5,0.005707244661259936
06096.png,bottom-face,smooth_1_sigma_1.5,0.0063225734334744115
06096.png,forehead,smooth_1_sigma_1.5,0.006132314874007579
06096.png,under-eyes,smooth_1_sigma_1.5,0.005503210092940402
06096.png,left-cheek,smooth_2_sigma_2.5,0.006691959418751029
06096.png,right-cheek,smooth_2_sigma_2.5,0.005762178143519455
06096.png,bottom-face,smooth_2_sigma_2.5,0.006373750846586346
06096.png,forehead,smooth_2_sigma_2.5,0.00620794480971673
06096.png,under-eyes,smooth_2_sigma_2.5,0.005571101493220206
06098.png,left-cheek,original_roi,0.003624661117452877
06098.png,right-cheek,original_roi,0.0052416995168518095
06098.png,bottom-face,original_roi,0.004151470020740583
06098.png,forehead,original_roi,0.00486397152332297
06098.png,under-eyes,original_roi,0.004313353346006804
06098.png,left-cheek,smooth_1_sigma_1.5,0.0036649804101444006
06098.png,right-cheek,smooth_1_sigma_1.5,0.005387215807811347
06098.png,bottom-face,smooth_1_sigma_1.5,0.004225710028386125
06098.png,forehead,smooth_1_sigma_1.5,0.005050496329669113
06098.png,under-eyes,smooth_1_sigma_1.5,0.0043937405773194676
06098.png,left-cheek,smooth_2_sigma_2.5,0.003675074299223349
06098.png,right-cheek,smooth_2_sigma_2.5,0.0054190163825780105
06098.png,bottom-face,smooth_2_sigma_2.5,0.004249356743130067
06098.png,forehead,smooth_2_sigma_2.5,0.00512712281406205
06098.png,under-eyes,smooth_2_sigma_2.5,0.0044129831116624125
06099.png,left-cheek,original_roi,0.004961119212476072
06099.png,right-cheek,original_roi,0.003929832350474233
06099.png,bottom-face,original_roi,0.005554669500923161
06099.png,forehead,original_roi,0.0041819390767265235
06099.png,under-eyes,original_roi,0.003860214501891798
06099.png,left-cheek,smooth_1_sigma_1.5,0.005140396105962046
06099.png,right-cheek,smooth_1_sigma_1.5,0.004044712543311655
06099.png,bottom-face,smooth_1_sigma_1.5,0.0058089172528503815
06099.png,forehead,smooth_1_sigma_1.5,0.0042788099116984925
06099.png,under-eyes,smooth_1_sigma_1.5,0.003997262433932156
06099.png,left-cheek,smooth_2_sigma_2.5,0.005175730671940929
06099.png,right-cheek,smooth_2_sigma_2.5,0.004090940349744801
06099.png,bottom-face,smooth_2_sigma_2.5,0.005887483365968095
06099.png,forehead,smooth_2_sigma_2.5,0.004305298447211215
06099.png,under-eyes,smooth_2_sigma_2.5,0.004058902206596715
06100.png,left-cheek,original_roi,0.003638872340815867
06100.png,right-cheek,original_roi,0.003949857338272792
06100.png,bottom-face,original_roi,0.004266680833380371
06100.png,forehead,original_roi,0.0035159408126402354
06100.png,under-eyes,original_roi,0.0036082417244879044
06100.png,left-cheek,smooth_1_sigma_1.5,0.003725942362728299
06100.png,right-cheek,smooth_1_sigma_1.5,0.004045990865401286
06100.png,bottom-face,smooth_1_sigma_1.5,0.00442461549031742
06100.png,forehead,smooth_1_sigma_1.5,0.0036199143056897514
06100.png,under-eyes,smooth_1_sigma_1.5,0.0036989044162111895
06100.png,left-cheek,smooth_2_sigma_2.5,0.003743633810865846
06100.png,right-cheek,smooth_2_sigma_2.5,0.004068477040869868
06100.png,bottom-face,smooth_2_sigma_2.5,0.004458836733160411
06100.png,forehead,smooth_2_sigma_2.5,0.00364214828970433
06100.png,under-eyes,smooth_2_sigma_2.5,0.0037192595687589813
06102.png,left-cheek,original_roi,0.006085151109755652
06102.png,right-cheek,original_roi,0.0075719467941363205
06102.png,bottom-face,original_roi,0.010255474700098376
06102.png,forehead,original_roi,0.006084828960224235
06102.png,under-eyes,original_roi,0.0078444192672339
06102.png,left-cheek,smooth_1_sigma_1.5,0.0062816512595049966
06102.png,right-cheek,smooth_1_sigma_1.5,0.007951991463812721
06102.png,bottom-face,smooth_1_sigma_1.5,0.011152893702103634
06102.png,forehead,smooth_1_sigma_1.5,0.006395115707934269
06102.png,under-eyes,smooth_1_sigma_1.5,0.008420684830518044
06102.png,left-cheek,smooth_2_sigma_2.5,0.0063309010111221
06102.png,right-cheek,smooth_2_sigma_2.5,0.008063242017478517
06102.png,bottom-face,smooth_2_sigma_2.5,0.011440991162645395
06102.png,forehead,smooth_2_sigma_2.5,0.006456563674019367
06102.png,under-eyes,smooth_2_sigma_2.5,0.00869756885069021
06103.png,left-cheek,original_roi,0.004448199524581538
06103.png,right-cheek,original_roi,0.0042193495611115095
06103.png,bottom-face,original_roi,0.005179483382373912
06103.png,forehead,original_roi,0.004311111992960039
06103.png,under-eyes,original_roi,0.004408810300446003
06103.png,left-cheek,smooth_1_sigma_1.5,0.004571733304153096
06103.png,right-cheek,smooth_1_sigma_1.5,0.0043381881259470165
06103.png,bottom-face,smooth_1_sigma_1.5,0.005681911908281536
06103.png,forehead,smooth_1_sigma_1.5,0.0044400788926836805
06103.png,under-eyes,smooth_1_sigma_1.5,0.004506045158977925
06103.png,left-cheek,smooth_2_sigma_2.5,0.0046028518405705245
06103.png,right-cheek,smooth_2_sigma_2.5,0.004371222984134704
06103.png,bottom-face,smooth_2_sigma_2.5,0.005779209018109287
06103.png,forehead,smooth_2_sigma_2.5,0.004479989780980341
06103.png,under-eyes,smooth_2_sigma_2.5,0.004529669187709248
06104.png,left-cheek,original_roi,0.004593214450533465
06104.png,right-cheek,original_roi,0.00672309228699499
06104.png,bottom-face,original_roi,0.006843432474756262
06104.png,forehead,original_roi,0.005279145818079849
06104.png,under-eyes,original_roi,0.005632078989357818
06104.png,left-cheek,smooth_1_sigma_1.5,0.004689027045306345
06104.png,right-cheek,smooth_1_sigma_1.5,0.0070209168670586665
06104.png,bottom-face,smooth_1_sigma_1.5,0.007151845403396345
06104.png,forehead,smooth_1_sigma_1.5,0.00550190747958285
06104.png,under-eyes,smooth_1_sigma_1.5,0.005876984187868831
06104.png,left-cheek,smooth_2_sigma_2.5,0.004715350164932995
06104.png,right-cheek,smooth_2_sigma_2.5,0.007097616315393164
06104.png,bottom-face,smooth_2_sigma_2.5,0.007241860304318174
06104.png,forehead,smooth_2_sigma_2.5,0.005613261428624433
06104.png,under-eyes,smooth_2_sigma_2.5,0.005964730325677073
06105.png,left-cheek,original_roi,0.004072939485973056
06105.png,right-cheek,original_roi,0.0038963780867117617
06105.png,bottom-face,original_roi,0.004801513961252544
06105.png,forehead,original_roi,0.004250653872729928
06105.png,under-eyes,original_roi,0.003487941712266051
06105.png,left-cheek,smooth_1_sigma_1.5,0.00414909620906518
06105.png,right-cheek,smooth_1_sigma_1.5,0.003952517031366736
06105.png,bottom-face,smooth_1_sigma_1.5,0.004950788199479499
06105.png,forehead,smooth_1_sigma_1.5,0.004394089468257077
06105.png,under-eyes,smooth_1_sigma_1.5,0.0038830400601685753
06105.png,left-cheek,smooth_2_sigma_2.5,0.004168275273829116
06105.png,right-cheek,smooth_2_sigma_2.5,0.003968258693155377
06105.png,bottom-face,smooth_2_sigma_2.5,0.005020379236533956
06105.png,forehead,smooth_2_sigma_2.5,0.004442137752761129
06105.png,under-eyes,smooth_2_sigma_2.5,0.004316032890997889
06106.png,left-cheek,original_roi,0.004309271201519091
06106.png,right-cheek,original_roi,0.009268177508753472
06106.png,bottom-face,original_roi,0.0051116965630980385
06106.png,forehead,original_roi,0.0047445470350662355
06106.png,under-eyes,original_roi,0.013421261460675358
06106.png,left-cheek,smooth_1_sigma_1.5,0.004454441378699067
06106.png,right-cheek,smooth_1_sigma_1.5,0.009857421197641972
06106.png,bottom-face,smooth_1_sigma_1.5,0.005274773980212562
06106.png,forehead,smooth_1_sigma_1.5,0.005025025484820808
06106.png,under-eyes,smooth_1_sigma_1.5,0.015546722398726467
06106.png,left-cheek,smooth_2_sigma_2.5,0.0045021310251689645
06106.png,right-cheek,smooth_2_sigma_2.5,0.01001513588289427
06106.png,bottom-face,smooth_2_sigma_2.5,0.005313568490526081
06106.png,forehead,smooth_2_sigma_2.5,0.005105500093049942
06106.png,under-eyes,smooth_2_sigma_2.5,0.01732025819370944
06107.png,left-cheek,original_roi,0.0041096101619856025
06107.png,right-cheek,original_roi,0.0040050337008420995
06107.png,bottom-face,original_roi,0.004238201442687529
06107.png,forehead,original_roi,0.004127730509383523
06107.png,under-eyes,original_roi,0.0038941679305810463
06107.png,left-cheek,smooth_1_sigma_1.5,0.0042022263164999156
06107.png,right-cheek,smooth_1_sigma_1.5,0.00408698861118392
06107.png,bottom-face,smooth_1_sigma_1.5,0.0043694928037281274
06107.png,forehead,smooth_1_sigma_1.5,0.004248792903770776
06107.png,under-eyes,smooth_1_sigma_1.5,0.003987031794823883
06107.png,left-cheek,smooth_2_sigma_2.5,0.004223686793091049
06107.png,right-cheek,smooth_2_sigma_2.5,0.004108258566136773
06107.png,bottom-face,smooth_2_sigma_2.5,0.0043947207391132215
06107.png,forehead,smooth_2_sigma_2.5,0.004293569132926574
06107.png,under-eyes,smooth_2_sigma_2.5,0.004013510303142298
06108.png,left-cheek,original_roi,0.0055353845693115284
06108.png,right-cheek,original_roi,0.00642255741009461
06108.png,bottom-face,original_roi,0.00628623278803512
06108.png,forehead,original_roi,0.005351134494290728
06108.png,under-eyes,original_roi,0.004606134354776449
06108.png,left-cheek,smooth_1_sigma_1.5,0.005681214298711893
06108.png,right-cheek,smooth_1_sigma_1.5,0.006649752480429587
06108.png,bottom-face,smooth_1_sigma_1.5,0.006493050478121074
06108.png,forehead,smooth_1_sigma_1.5,0.0055591662960598
06108.png,under-eyes,smooth_1_sigma_1.5,0.004725304335860171
06108.png,left-cheek,smooth_2_sigma_2.5,0.005710857950134746
06108.png,right-cheek,smooth_2_sigma_2.5,0.006691198250385816
06108.png,bottom-face,smooth_2_sigma_2.5,0.00654203674561348
06108.png,forehead,smooth_2_sigma_2.5,0.005611345843908582
06108.png,under-eyes,smooth_2_sigma_2.5,0.004769112777711708
06109.png,left-cheek,original_roi,0.003843906097419948
06109.png,right-cheek,original_roi,0.0040920862791300324
06109.png,bottom-face,original_roi,0.004109614595306174
06109.png,forehead,original_roi,0.005056955957274833
06109.png,under-eyes,original_roi,0.004177738598020672
06109.png,left-cheek,smooth_1_sigma_1.5,0.0039979285215842476
06109.png,right-cheek,smooth_1_sigma_1.5,0.004137693519255734
06109.png,bottom-face,smooth_1_sigma_1.5,0.0041573554349752925
06109.png,forehead,smooth_1_sigma_1.5,0.005307529658718373
06109.png,under-eyes,smooth_1_sigma_1.5,0.004297049755490951
06109.png,left-cheek,smooth_2_sigma_2.5,0.004047294428037477
06109.png,right-cheek,smooth_2_sigma_2.5,0.004155188660964891
06109.png,bottom-face,smooth_2_sigma_2.5,0.004176192118924377
06109.png,forehead,smooth_2_sigma_2.5,0.005376677345502815
06109.png,under-eyes,smooth_2_sigma_2.5,0.0043334280824052634
06110.png,left-cheek,original_roi,0.005294834263980918
06110.png,right-cheek,original_roi,0.004232368320842432
06110.png,bottom-face,original_roi,0.006606186607925071
06110.png,forehead,original_roi,0.0061294492023715305
06110.png,under-eyes,original_roi,0.004324957657928453
06110.png,left-cheek,smooth_1_sigma_1.5,0.005511318932898218
06110.png,right-cheek,smooth_1_sigma_1.5,0.004335111606966181
06110.png,bottom-face,smooth_1_sigma_1.5,0.007048074315706582
06110.png,forehead,smooth_1_sigma_1.5,0.006484613179255084
06110.png,under-eyes,smooth_1_sigma_1.5,0.004464632297724488
06110.png,left-cheek,smooth_2_sigma_2.5,0.005542991222095068
06110.png,right-cheek,smooth_2_sigma_2.5,0.004352822996777489
06110.png,bottom-face,smooth_2_sigma_2.5,0.007104789827980656
06110.png,forehead,smooth_2_sigma_2.5,0.006530855947212112
06110.png,under-eyes,smooth_2_sigma_2.5,0.00449800810861303
06113.png,left-cheek,original_roi,0.003844203062609493
06113.png,right-cheek,original_roi,0.003283603050890912
06113.png,bottom-face,original_roi,0.0034200682626806924
06113.png,forehead,original_roi,0.006225316716229499
06113.png,under-eyes,original_roi,0.005236672108498899
06113.png,left-cheek,smooth_1_sigma_1.5,0.004082922371732738
06113.png,right-cheek,smooth_1_sigma_1.5,0.0034916524968628937
06113.png,bottom-face,smooth_1_sigma_1.5,0.003720964272595409
06113.png,forehead,smooth_1_sigma_1.5,0.007216024808498621
06113.png,under-eyes,smooth_1_sigma_1.5,0.005600147828914495
06113.png,left-cheek,smooth_2_sigma_2.5,0.004148531909540499
06113.png,right-cheek,smooth_2_sigma_2.5,0.003523046319868995
06113.png,bottom-face,smooth_2_sigma_2.5,0.00378674162446385
06113.png,forehead,smooth_2_sigma_2.5,0.007707981664739029
06113.png,under-eyes,smooth_2_sigma_2.5,0.005774969955173654
06115.png,left-cheek,original_roi,0.012920490195346364
06115.png,right-cheek,original_roi,0.010533982306191549
06115.png,bottom-face,original_roi,0.01418183204601792
06115.png,forehead,original_roi,0.012632800597087577
06115.png,under-eyes,original_roi,0.009995140388014873
06115.png,left-cheek,smooth_1_sigma_1.5,0.014283059720585098
06115.png,right-cheek,smooth_1_sigma_1.5,0.011347896323193244
06115.png,bottom-face,smooth_1_sigma_1.5,0.015806822222185792
06115.png,forehead,smooth_1_sigma_1.5,0.014068815379789034
06115.png,under-eyes,smooth_1_sigma_1.5,0.010769068259372249
06115.png,left-cheek,smooth_2_sigma_2.5,0.014499563744796195
06115.png,right-cheek,smooth_2_sigma_2.5,0.011479476271666284
06115.png,bottom-face,smooth_2_sigma_2.5,0.016084094651725535
06115.png,forehead,smooth_2_sigma_2.5,0.014330553910196282
06115.png,under-eyes,smooth_2_sigma_2.5,0.010905177913571288
06116.png,left-cheek,original_roi,0.0060698414161195835
06116.png,right-cheek,original_roi,0.005641364099718208
06116.png,bottom-face,original_roi,0.006682565878265807
06116.png,forehead,original_roi,0.0041705248683120465
06116.png,under-eyes,original_roi,0.0055071679143099935
06116.png,left-cheek,smooth_1_sigma_1.5,0.006307179084747038
06116.png,right-cheek,smooth_1_sigma_1.5,0.005891348970115704
06116.png,bottom-face,smooth_1_sigma_1.5,0.007386842518918047
06116.png,forehead,smooth_1_sigma_1.5,0.004532469280371268
06116.png,under-eyes,smooth_1_sigma_1.5,0.006298693611524073
06116.png,left-cheek,smooth_2_sigma_2.5,0.006345824469863441
06116.png,right-cheek,smooth_2_sigma_2.5,0.005935707288539563
06116.png,bottom-face,smooth_2_sigma_2.5,0.007516712691680572
06116.png,forehead,smooth_2_sigma_2.5,0.004673958875413671
06116.png,under-eyes,smooth_2_sigma_2.5,0.006738015428953038
06117.png,left-cheek,original_roi,0.003521432608260895
06117.png,right-cheek,original_roi,0.0043559972772856835
06117.png,bottom-face,original_roi,0.005278479172016706
06117.png,forehead,original_roi,0.00550189412785917
06117.png,under-eyes,original_roi,0.004022584949158154
06117.png,left-cheek,smooth_1_sigma_1.5,0.0035946900370656086
06117.png,right-cheek,smooth_1_sigma_1.5,0.004463376778874376
06117.png,bottom-face,smooth_1_sigma_1.5,0.005450389526010874
06117.png,forehead,smooth_1_sigma_1.5,0.005859947752516479
06117.png,under-eyes,smooth_1_sigma_1.5,0.004136060139671166
06117.png,left-cheek,smooth_2_sigma_2.5,0.003612593543171629
06117.png,right-cheek,smooth_2_sigma_2.5,0.004484339361277346
06117.png,bottom-face,smooth_2_sigma_2.5,0.005478954700355851
06117.png,forehead,smooth_2_sigma_2.5,0.005933697751031526
06117.png,under-eyes,smooth_2_sigma_2.5,0.004155867606488532
06118.png,left-cheek,original_roi,0.007363975417453682
06118.png,right-cheek,original_roi,0.009062843851007517
06118.png,bottom-face,original_roi,0.008749005905242736
06118.png,forehead,original_roi,0.007829066759519563
06118.png,under-eyes,original_roi,0.007295383033856143
06118.png,left-cheek,smooth_1_sigma_1.5,0.007731181934402215
06118.png,right-cheek,smooth_1_sigma_1.5,0.009321747080024907
06118.png,bottom-face,smooth_1_sigma_1.5,0.009081697320213189
06118.png,forehead,smooth_1_sigma_1.5,0.008494803303010015
06118.png,under-eyes,smooth_1_sigma_1.5,0.008150835922490414
06118.png,left-cheek,smooth_2_sigma_2.5,0.007839115934119335
06118.png,right-cheek,smooth_2_sigma_2.5,0.00940601372621416
06118.png,bottom-face,smooth_2_sigma_2.5,0.00918332118184171
06118.png,forehead,smooth_2_sigma_2.5,0.008779613706596431
06118.png,under-eyes,smooth_2_sigma_2.5,0.008870524281979085
06119.png,left-cheek,original_roi,0.004251606988932554
06119.png,right-cheek,original_roi,0.004389350522980418
06119.png,bottom-face,original_roi,0.0049311354650738316
06119.png,forehead,original_roi,0.004738870058587305
06119.png,under-eyes,original_roi,0.006333630288695542
06119.png,left-cheek,smooth_1_sigma_1.5,0.0045277779669013
06119.png,right-cheek,smooth_1_sigma_1.5,0.004543235774723485
06119.png,bottom-face,smooth_1_sigma_1.5,0.005333103891707011
06119.png,forehead,smooth_1_sigma_1.5,0.0049915037233067994
06119.png,under-eyes,smooth_1_sigma_1.5,0.0067795288365948775
06119.png,left-cheek,smooth_2_sigma_2.5,0.004606827490422008
06119.png,right-cheek,smooth_2_sigma_2.5,0.004590743833000087
06119.png,bottom-face,smooth_2_sigma_2.5,0.005432161223547256
06119.png,forehead,smooth_2_sigma_2.5,0.005074068165487889
06119.png,under-eyes,smooth_2_sigma_2.5,0.007072031281161435
06121.png,left-cheek,original_roi,0.007225702861258457
06121.png,right-cheek,original_roi,0.006496018721649659
06121.png,bottom-face,original_roi,0.009357431087392424
06121.png,forehead,original_roi,0.006709986166783908
06121.png,under-eyes,original_roi,0.006614189948441695
06121.png,left-cheek,smooth_1_sigma_1.5,0.007698103384088196
06121.png,right-cheek,smooth_1_sigma_1.5,0.006939666898292009
06121.png,bottom-face,smooth_1_sigma_1.5,0.010526740310543587
06121.png,forehead,smooth_1_sigma_1.5,0.007403840160268918
06121.png,under-eyes,smooth_1_sigma_1.5,0.007132614621728693
06121.png,left-cheek,smooth_2_sigma_2.5,0.007840050391458532
06121.png,right-cheek,smooth_2_sigma_2.5,0.007045490792346178
06121.png,bottom-face,smooth_2_sigma_2.5,0.011037041254546229
06121.png,forehead,smooth_2_sigma_2.5,0.00758310267753228
06121.png,under-eyes,smooth_2_sigma_2.5,0.007287581659684962
06122.png,left-cheek,original_roi,0.004321274344701001
06122.png,right-cheek,original_roi,0.004263572124521031
06122.png,bottom-face,original_roi,0.004726467592424333
06122.png,forehead,original_roi,0.0037832947434570693
06122.png,under-eyes,original_roi,0.004562219084915378
06122.png,left-cheek,smooth_1_sigma_1.5,0.004500275030672318
06122.png,right-cheek,smooth_1_sigma_1.5,0.004462198869352888
06122.png,bottom-face,smooth_1_sigma_1.5,0.004883190030311404
06122.png,forehead,smooth_1_sigma_1.5,0.0039024797451766803
06122.png,under-eyes,smooth_1_sigma_1.5,0.004788853422290156
06122.png,left-cheek,smooth_2_sigma_2.5,0.004589212500135921
06122.png,right-cheek,smooth_2_sigma_2.5,0.004553553272743057
06122.png,bottom-face,smooth_2_sigma_2.5,0.004916501501654942
06122.png,forehead,smooth_2_sigma_2.5,0.003923584515593107
06122.png,under-eyes,smooth_2_sigma_2.5,0.004888754112756781
06123.png,left-cheek,original_roi,0.00530625754211369
06123.png,right-cheek,original_roi,0.005261180147046778
06123.png,bottom-face,original_roi,0.005348062975081791
06123.png,forehead,original_roi,0.004112969638774096
06123.png,under-eyes,original_roi,0.005063349268045955
06123.png,left-cheek,smooth_1_sigma_1.5,0.005514710844308736
06123.png,right-cheek,smooth_1_sigma_1.5,0.005432571105529141
06123.png,bottom-face,smooth_1_sigma_1.5,0.005827268025556173
06123.png,forehead,smooth_1_sigma_1.5,0.004178951162361633
06123.png,under-eyes,smooth_1_sigma_1.5,0.005202075295282963
06123.png,left-cheek,smooth_2_sigma_2.5,0.005562575864507786
06123.png,right-cheek,smooth_2_sigma_2.5,0.005484745444177916
06123.png,bottom-face,smooth_2_sigma_2.5,0.005977560650921117
06123.png,forehead,smooth_2_sigma_2.5,0.004199711763051405
06123.png,under-eyes,smooth_2_sigma_2.5,0.005237419486084131
06124.png,left-cheek,original_roi,0.004177345547758028
06124.png,right-cheek,original_roi,0.0042993917451503005
06124.png,bottom-face,original_roi,0.0049486535007824345
06124.png,forehead,original_roi,0.004138410805747648
06124.png,under-eyes,original_roi,0.003962506005255591
06124.png,left-cheek,smooth_1_sigma_1.5,0.004407670681002094
06124.png,right-cheek,smooth_1_sigma_1.5,0.004589546541525843
06124.png,bottom-face,smooth_1_sigma_1.5,0.005406590199596223
06124.png,forehead,smooth_1_sigma_1.5,0.004392366882721733
06124.png,under-eyes,smooth_1_sigma_1.5,0.004209177507548899
06124.png,left-cheek,smooth_2_sigma_2.5,0.004485200102782984
06124.png,right-cheek,smooth_2_sigma_2.5,0.004685522136480949
06124.png,bottom-face,smooth_2_sigma_2.5,0.0055626827991838235
06124.png,forehead,smooth_2_sigma_2.5,0.004437447330192438
06124.png,under-eyes,smooth_2_sigma_2.5,0.004290821617019408
06126.png,left-cheek,original_roi,0.00512302748911598
06126.png,right-cheek,original_roi,0.004897021090842486
06126.png,bottom-face,original_roi,0.005273589907049316
06126.png,forehead,original_roi,0.004716792416339771
06126.png,under-eyes,original_roi,0.005382265802315015
06126.png,left-cheek,smooth_1_sigma_1.5,0.005246999911536789
06126.png,right-cheek,smooth_1_sigma_1.5,0.0050237189183424975
06126.png,bottom-face,smooth_1_sigma_1.5,0.005389702977206287
06126.png,forehead,smooth_1_sigma_1.5,0.0048681542467358145
06126.png,under-eyes,smooth_1_sigma_1.5,0.00555731659565809
06126.png,left-cheek,smooth_2_sigma_2.5,0.005277448538019651
06126.png,right-cheek,smooth_2_sigma_2.5,0.005060409886922237
06126.png,bottom-face,smooth_2_sigma_2.5,0.005428431767427045
06126.png,forehead,smooth_2_sigma_2.5,0.004908907575309621
06126.png,under-eyes,smooth_2_sigma_2.5,0.0056239997453695414
06129.png,left-cheek,original_roi,0.005277419045264255
06129.png,right-cheek,original_roi,0.00425877002395745
06129.png,bottom-face,original_roi,0.005115160653404679
06129.png,forehead,original_roi,0.004357963827748165
06129.png,under-eyes,original_roi,0.004628243889053255
06129.png,left-cheek,smooth_1_sigma_1.5,0.00546138027062562
06129.png,right-cheek,smooth_1_sigma_1.5,0.004436054793064716
06129.png,bottom-face,smooth_1_sigma_1.5,0.005396445114116673
06129.png,forehead,smooth_1_sigma_1.5,0.004588343015388242
06129.png,under-eyes,smooth_1_sigma_1.5,0.004816939516118691
06129.png,left-cheek,smooth_2_sigma_2.5,0.005503213269998879
06129.png,right-cheek,smooth_2_sigma_2.5,0.004466433685768351
06129.png,bottom-face,smooth_2_sigma_2.5,0.005442293042402186
06129.png,forehead,smooth_2_sigma_2.5,0.0046280211136735675
06129.png,under-eyes,smooth_2_sigma_2.5,0.004861979645517764
06132.png,left-cheek,original_roi,0.003279032939455946
06132.png,right-cheek,original_roi,0.0035681352127841025
06132.png,bottom-face,original_roi,0.0035280286607916097
06132.png,forehead,original_roi,0.0032088873586361495
06132.png,under-eyes,original_roi,0.0032428974929855506
06132.png,left-cheek,smooth_1_sigma_1.5,0.0033658484134046654
06132.png,right-cheek,smooth_1_sigma_1.5,0.0036523529256392933
06132.png,bottom-face,smooth_1_sigma_1.5,0.0036258835725996377
06132.png,forehead,smooth_1_sigma_1.5,0.003310541353005808
06132.png,under-eyes,smooth_1_sigma_1.5,0.003306902275422348
06132.png,left-cheek,smooth_2_sigma_2.5,0.003407369716755085
06132.png,right-cheek,smooth_2_sigma_2.5,0.0036766304314073107
06132.png,bottom-face,smooth_2_sigma_2.5,0.0036528478195791527
06132.png,forehead,smooth_2_sigma_2.5,0.00334014046004707
06132.png,under-eyes,smooth_2_sigma_2.5,0.0033256151300226897
06137.png,left-cheek,original_roi,0.00390750313260472
06137.png,right-cheek,original_roi,0.003933207890162607
06137.png,bottom-face,original_roi,0.004170128082772423
06137.png,forehead,original_roi,0.0036223165174546247
06137.png,under-eyes,original_roi,0.004034414334239779
06137.png,left-cheek,smooth_1_sigma_1.5,0.004002780811050122
06137.png,right-cheek,smooth_1_sigma_1.5,0.004003125338129935
06137.png,bottom-face,smooth_1_sigma_1.5,0.0043842602199864
06137.png,forehead,smooth_1_sigma_1.5,0.003685682014206542
06137.png,under-eyes,smooth_1_sigma_1.5,0.004106181141808039
06137.png,left-cheek,smooth_2_sigma_2.5,0.004024391317126726
06137.png,right-cheek,smooth_2_sigma_2.5,0.004021183510873702
06137.png,bottom-face,smooth_2_sigma_2.5,0.004438888087481074
06137.png,forehead,smooth_2_sigma_2.5,0.003704478796574957
06137.png,under-eyes,smooth_2_sigma_2.5,0.004130441389050486
06140.png,left-cheek,original_roi,0.006250195732881907
06140.png,right-cheek,original_roi,0.006018805437804646
06140.png,bottom-face,original_roi,0.006047845377220755
06140.png,forehead,original_roi,0.0038878306343609888
06140.png,under-eyes,original_roi,0.006434873961247438
06140.png,left-cheek,smooth_1_sigma_1.5,0.0064779024756812876
06140.png,right-cheek,smooth_1_sigma_1.5,0.006237440137973478
06140.png,bottom-face,smooth_1_sigma_1.5,0.006255296692926015
06140.png,forehead,smooth_1_sigma_1.5,0.004268087677970681
06140.png,under-eyes,smooth_1_sigma_1.5,0.006890794277932473
06140.png,left-cheek,smooth_2_sigma_2.5,0.006521734575583965
06140.png,right-cheek,smooth_2_sigma_2.5,0.006280663761170761
06140.png,bottom-face,smooth_2_sigma_2.5,0.006300952934884423
06140.png,forehead,smooth_2_sigma_2.5,0.004332006173353371
06140.png,under-eyes,smooth_2_sigma_2.5,0.006984540210498601
06141.png,left-cheek,original_roi,0.005211474326780865
06141.png,right-cheek,original_roi,0.0061735978074618485
06141.png,bottom-face,original_roi,0.006210123208679579
06141.png,forehead,original_roi,0.004837413380015918
06141.png,under-eyes,original_roi,0.005167083611303679
06141.png,left-cheek,smooth_1_sigma_1.5,0.0054783255799028315
06141.png,right-cheek,smooth_1_sigma_1.5,0.006595420090280967
06141.png,bottom-face,smooth_1_sigma_1.5,0.00727305783599853
06141.png,forehead,smooth_1_sigma_1.5,0.005067667569707139
06141.png,under-eyes,smooth_1_sigma_1.5,0.005473763616176293
06141.png,left-cheek,smooth_2_sigma_2.5,0.00552007094922276
06141.png,right-cheek,smooth_2_sigma_2.5,0.006666403256334065
06141.png,bottom-face,smooth_2_sigma_2.5,0.007620708192501867
06141.png,forehead,smooth_2_sigma_2.5,0.005118887810397358
06141.png,under-eyes,smooth_2_sigma_2.5,0.005587521835524071
06142.png,left-cheek,original_roi,0.005738486102478847
06142.png,right-cheek,original_roi,0.005658797148239869
06142.png,bottom-face,original_roi,0.005277530470710324
06142.png,forehead,original_roi,0.004528729320981957
06142.png,under-eyes,original_roi,0.006192815472730938
06142.png,left-cheek,smooth_1_sigma_1.5,0.006422163362408609
06142.png,right-cheek,smooth_1_sigma_1.5,0.006025056511623425
06142.png,bottom-face,smooth_1_sigma_1.5,0.0074913097906569295
06142.png,forehead,smooth_1_sigma_1.5,0.004738368112978224
06142.png,under-eyes,smooth_1_sigma_1.5,0.006444747153171683
06142.png,left-cheek,smooth_2_sigma_2.5,0.006607733984563549
06142.png,right-cheek,smooth_2_sigma_2.5,0.006106236145055955
06142.png,bottom-face,smooth_2_sigma_2.5,0.008365109562363256
06142.png,forehead,smooth_2_sigma_2.5,0.0047916790611482974
06142.png,under-eyes,smooth_2_sigma_2.5,0.006524810339755019
06147.png,left-cheek,original_roi,0.0034086134079284354
06147.png,right-cheek,original_roi,0.004351082310956525
06147.png,bottom-face,original_roi,0.003916765074092998
06147.png,forehead,original_roi,0.0036543697637816
06147.png,under-eyes,original_roi,0.004048852285506639
06147.png,left-cheek,smooth_1_sigma_1.5,0.0034645249072255972
06147.png,right-cheek,smooth_1_sigma_1.5,0.004468796528810336
06147.png,bottom-face,smooth_1_sigma_1.5,0.004007354588832765
06147.png,forehead,smooth_1_sigma_1.5,0.003747720398054687
06147.png,under-eyes,smooth_1_sigma_1.5,0.004166193463673523
06147.png,left-cheek,smooth_2_sigma_2.5,0.0034789602174771497
06147.png,right-cheek,smooth_2_sigma_2.5,0.004496856809392005
06147.png,bottom-face,smooth_2_sigma_2.5,0.004029218340346336
06147.png,forehead,smooth_2_sigma_2.5,0.0037716277569534115
06147.png,under-eyes,smooth_2_sigma_2.5,0.00420699535648077
06148.png,left-cheek,original_roi,0.008608859683229076
06148.png,right-cheek,original_roi,0.007406607009246799
06148.png,bottom-face,original_roi,0.008643640604060133
06148.png,forehead,original_roi,0.007131085899023947
06148.png,under-eyes,original_roi,0.009546803606738584
06148.png,left-cheek,smooth_1_sigma_1.5,0.008826152061212508
06148.png,right-cheek,smooth_1_sigma_1.5,0.007626902969278437
06148.png,bottom-face,smooth_1_sigma_1.5,0.008922362952759125
06148.png,forehead,smooth_1_sigma_1.5,0.007355748377493928
06148.png,under-eyes,smooth_1_sigma_1.5,0.01009925711285849
06148.png,left-cheek,smooth_2_sigma_2.5,0.008896794126030012
06148.png,right-cheek,smooth_2_sigma_2.5,0.0076916393742219626
06148.png,bottom-face,smooth_2_sigma_2.5,0.009037386115749156
06148.png,forehead,smooth_2_sigma_2.5,0.007430757341328972
06148.png,under-eyes,smooth_2_sigma_2.5,0.010366861314273279
06149.png,left-cheek,original_roi,0.005132050470481438
06149.png,right-cheek,original_roi,
06149.png,bottom-face,original_roi,0.005824816894306528
06149.png,forehead,original_roi,0.004720608237866908
06149.png,under-eyes,original_roi,0.005300087849728446
06149.png,left-cheek,smooth_1_sigma_1.5,0.0053639384280127446
06149.png,right-cheek,smooth_1_sigma_1.5,
06149.png,bottom-face,smooth_1_sigma_1.5,0.006059433224418991
06149.png,forehead,smooth_1_sigma_1.5,0.005235812654265911
06149.png,under-eyes,smooth_1_sigma_1.5,0.005614455519740771
06149.png,left-cheek,smooth_2_sigma_2.5,0.005400349433807095
06149.png,right-cheek,smooth_2_sigma_2.5,
06149.png,bottom-face,smooth_2_sigma_2.5,0.006121647499119389
06149.png,forehead,smooth_2_sigma_2.5,0.005355028268567586
06149.png,under-eyes,smooth_2_sigma_2.5,0.00568027413004165
06152.png,left-cheek,original_roi,0.004743646391439034
06152.png,right-cheek,original_roi,0.005500925528558791
06152.png,bottom-face,original_roi,0.0063060056071090696
06152.png,forehead,original_roi,0.00481757452450919
06152.png,under-eyes,original_roi,0.005199695721083564
06152.png,left-cheek,smooth_1_sigma_1.5,0.004994881814043503
06152.png,right-cheek,smooth_1_sigma_1.5,0.005876660762110836
06152.png,bottom-face,smooth_1_sigma_1.5,0.006820476140980719
06152.png,forehead,smooth_1_sigma_1.5,0.0051924678998815895
06152.png,under-eyes,smooth_1_sigma_1.5,0.005555384981129901
06152.png,left-cheek,smooth_2_sigma_2.5,0.005020147921905268
06152.png,right-cheek,smooth_2_sigma_2.5,0.00594894327107971
06152.png,bottom-face,smooth_2_sigma_2.5,0.0069153402547492155
06152.png,forehead,smooth_2_sigma_2.5,0.005275041340202868
06152.png,under-eyes,smooth_2_sigma_2.5,0.005651765749879598
06154.png,left-cheek,original_roi,0.006711577552887134
06154.png,right-cheek,original_roi,0.006915801031293133
06154.png,bottom-face,original_roi,0.0067771905284687945
06154.png,forehead,original_roi,0.008644456670107766
06154.png,under-eyes,original_roi,0.013749917372067603
06154.png,left-cheek,smooth_1_sigma_1.5,0.007104266943946965
06154.png,right-cheek,smooth_1_sigma_1.5,0.007393663220821211
06154.png,bottom-face,smooth_1_sigma_1.5,0.006966160088092253
06154.png,forehead,smooth_1_sigma_1.5,0.010461928250541678
06154.png,under-eyes,smooth_1_sigma_1.5,0.015324140762367001
06154.png,left-cheek,smooth_2_sigma_2.5,0.007315197332993531
06154.png,right-cheek,smooth_2_sigma_2.5,0.0075914584349685175
06154.png,bottom-face,smooth_2_sigma_2.5,0.007019320985160183
06154.png,forehead,smooth_2_sigma_2.5,0.011457122813157777
06154.png,under-eyes,smooth_2_sigma_2.5,0.016160573256980403
06161.png,left-cheek,original_roi,0.008444022199670135
06161.png,right-cheek,original_roi,0.00929357186517748
06161.png,bottom-face,original_roi,0.010530046003877589
06161.png,forehead,original_roi,0.0203125638732134
06161.png,under-eyes,original_roi,0.007717083165764805
06161.png,left-cheek,smooth_1_sigma_1.5,0.009057619060221815
06161.png,right-cheek,smooth_1_sigma_1.5,0.009868715445771855
06161.png,bottom-face,smooth_1_sigma_1.5,0.012158356853801958
06161.png,forehead,smooth_1_sigma_1.5,0.021646178681043023
06161.png,under-eyes,smooth_1_sigma_1.5,0.008969030005066535
06161.png,left-cheek,smooth_2_sigma_2.5,0.009186685662847508
06161.png,right-cheek,smooth_2_sigma_2.5,0.010004343392644947
06161.png,bottom-face,smooth_2_sigma_2.5,0.012685866208669717
06161.png,forehead,smooth_2_sigma_2.5,0.022123125469353792
06161.png,under-eyes,smooth_2_sigma_2.5,0.009476059964797294
06162.png,left-cheek,original_roi,0.006444787576082778
06162.png,right-cheek,original_roi,0.00640394876298663
06162.png,bottom-face,original_roi,0.005974358839223766
06162.png,forehead,original_roi,0.005261234262931147
06162.png,under-eyes,original_roi,0.005001320281474223
06162.png,left-cheek,smooth_1_sigma_1.5,0.00684085120615865
06162.png,right-cheek,smooth_1_sigma_1.5,0.0069018299993169425
06162.png,bottom-face,smooth_1_sigma_1.5,0.006328151580973247
06162.png,forehead,smooth_1_sigma_1.5,0.005617497477440607
06162.png,under-eyes,smooth_1_sigma_1.5,0.005608122088007478
06162.png,left-cheek,smooth_2_sigma_2.5,0.006916190949994604
06162.png,right-cheek,smooth_2_sigma_2.5,0.007054635353755419
06162.png,bottom-face,smooth_2_sigma_2.5,0.006392951326340657
06162.png,forehead,smooth_2_sigma_2.5,0.005680440070232427
06162.png,under-eyes,smooth_2_sigma_2.5,0.006002303387989353
06166.png,left-cheek,original_roi,0.0035153538100372835
06166.png,right-cheek,original_roi,0.003444188881999076
06166.png,bottom-face,original_roi,0.003811148050741971
06166.png,forehead,original_roi,0.004804808547641207
06166.png,under-eyes,original_roi,0.003952361055865723
06166.png,left-cheek,smooth_1_sigma_1.5,0.0035734031297256354
06166.png,right-cheek,smooth_1_sigma_1.5,0.0034995551235571186
06166.png,bottom-face,smooth_1_sigma_1.5,0.0038811264898608285
06166.png,forehead,smooth_1_sigma_1.5,0.005112478390983632
06166.png,under-eyes,smooth_1_sigma_1.5,0.004100447195265558
06166.png,left-cheek,smooth_2_sigma_2.5,0.003590781278548425
06166.png,right-cheek,smooth_2_sigma_2.5,0.003514430321725805
06166.png,bottom-face,smooth_2_sigma_2.5,0.0039055115971678594
06166.png,forehead,smooth_2_sigma_2.5,0.005181900233632031
06166.png,under-eyes,smooth_2_sigma_2.5,0.004154525661075636
06170.png,left-cheek,original_roi,0.004996174558470418
06170.png,right-cheek,original_roi,0.0043371854441237884
06170.png,bottom-face,original_roi,0.005025594610142569
06170.png,forehead,original_roi,0.004448370756253785
06170.png,under-eyes,original_roi,0.005059923000550707
06170.png,left-cheek,smooth_1_sigma_1.5,0.005139614206426883
06170.png,right-cheek,smooth_1_sigma_1.5,0.0044758701792758935
06170.png,bottom-face,smooth_1_sigma_1.5,0.005147822598673944
06170.png,forehead,smooth_1_sigma_1.5,0.004610373186220869
06170.png,under-eyes,smooth_1_sigma_1.5,0.005402266283256178
06170.png,left-cheek,smooth_2_sigma_2.5,0.005180341832007647
06170.png,right-cheek,smooth_2_sigma_2.5,0.00451010861794777
06170.png,bottom-face,smooth_2_sigma_2.5,0.005186573257589082
06170.png,forehead,smooth_2_sigma_2.5,0.004650496582928847
06170.png,under-eyes,smooth_2_sigma_2.5,0.00551580295766349
06172.png,left-cheek,original_roi,0.005751305042311029
06172.png,right-cheek,original_roi,0.003829245205847639
06172.png,bottom-face,original_roi,0.005976748633205686
06172.png,forehead,original_roi,0.004163683009389316
06172.png,under-eyes,original_roi,0.0054093929340331
06172.png,left-cheek,smooth_1_sigma_1.5,0.005968249270017309
06172.png,right-cheek,smooth_1_sigma_1.5,0.003883310746639323
06172.png,bottom-face,smooth_1_sigma_1.5,0.006210374116308308
06172.png,forehead,smooth_1_sigma_1.5,0.004462938454462595
06172.png,under-eyes,smooth_1_sigma_1.5,0.005683102219284868
06172.png,left-cheek,smooth_2_sigma_2.5,0.0060132491969659444
06172.png,right-cheek,smooth_2_sigma_2.5,0.003858197126462631
06172.png,bottom-face,smooth_2_sigma_2.5,0.00625244000220987
06172.png,forehead,smooth_2_sigma_2.5,0.004647165894655865
06172.png,under-eyes,smooth_2_sigma_2.5,0.005767901916491707
06173.png,left-cheek,original_roi,0.004964370529028198
06173.png,right-cheek,original_roi,0.004792061873387709
06173.png,bottom-face,original_roi,0.005147460640602517
06173.png,forehead,original_roi,0.004823873677347498
06173.png,under-eyes,original_roi,0.005495881157901427
06173.png,left-cheek,smooth_1_sigma_1.5,0.005041983591315633
06173.png,right-cheek,smooth_1_sigma_1.5,0.004876551460962116
06173.png,bottom-face,smooth_1_sigma_1.5,0.005233808357734227
06173.png,forehead,smooth_1_sigma_1.5,0.004953466166604717
06173.png,under-eyes,smooth_1_sigma_1.5,0.005641558396252887
06173.png,left-cheek,smooth_2_sigma_2.5,0.005066285542434469
06173.png,right-cheek,smooth_2_sigma_2.5,0.004904678044961226
06173.png,bottom-face,smooth_2_sigma_2.5,0.005266596775596722
06173.png,forehead,smooth_2_sigma_2.5,0.00501309706364744
06173.png,under-eyes,smooth_2_sigma_2.5,0.005697282543617235
06174.png,left-cheek,original_roi,0.005717270007170169
06174.png,right-cheek,original_roi,0.00557948375483034
06174.png,bottom-face,original_roi,0.007256426092643237
06174.png,forehead,original_roi,0.004397221895244337
06174.png,under-eyes,original_roi,0.005312942139904875
06174.png,left-cheek,smooth_1_sigma_1.5,0.005943091749186657
06174.png,right-cheek,smooth_1_sigma_1.5,0.005863267742511829
06174.png,bottom-face,smooth_1_sigma_1.5,0.007742043357550021
06174.png,forehead,smooth_1_sigma_1.5,0.004583685848488269
06174.png,under-eyes,smooth_1_sigma_1.5,0.005557048582092179
06174.png,left-cheek,smooth_2_sigma_2.5,0.0059967517346949314
06174.png,right-cheek,smooth_2_sigma_2.5,0.005923739698287812
06174.png,bottom-face,smooth_2_sigma_2.5,0.007875114527766033
06174.png,forehead,smooth_2_sigma_2.5,0.004617796883257281
06174.png,under-eyes,smooth_2_sigma_2.5,0.005632839019691973
06178.png,left-cheek,original_roi,0.009831818193687792
06178.png,right-cheek,original_roi,0.010123699894594192
06178.png,bottom-face,original_roi,0.010623384350756396
06178.png,forehead,original_roi,0.007942912257337946
06178.png,under-eyes,original_roi,0.009402515552391064
06178.png,left-cheek,smooth_1_sigma_1.5,0.010488532302636902
06178.png,right-cheek,smooth_1_sigma_1.5,0.010691695132208249
06178.png,bottom-face,smooth_1_sigma_1.5,0.011290429001989089
06178.png,forehead,smooth_1_sigma_1.5,0.00909216356246232
06178.png,under-eyes,smooth_1_sigma_1.5,0.010416880500132277
06178.png,left-cheek,smooth_2_sigma_2.5,0.010620489081778959
06178.png,right-cheek,smooth_2_sigma_2.5,0.010821438325008996
06178.png,bottom-face,smooth_2_sigma_2.5,0.011454029865179441
06178.png,forehead,smooth_2_sigma_2.5,0.00928047950961447
06178.png,under-eyes,smooth_2_sigma_2.5,0.010698726523197756
06181.png,left-cheek,original_roi,0.0036997062732575378
06181.png,right-cheek,original_roi,0.00392707538723489
06181.png,bottom-face,original_roi,0.004055539129696075
06181.png,forehead,original_roi,0.00412524730240429
06181.png,under-eyes,original_roi,0.005004726534499979
06181.png,left-cheek,smooth_1_sigma_1.5,0.0037641585901977983
06181.png,right-cheek,smooth_1_sigma_1.5,0.004006831092631514
06181.png,bottom-face,smooth_1_sigma_1.5,0.0041403541687245705
06181.png,forehead,smooth_1_sigma_1.5,0.00426912473996029
06181.png,under-eyes,smooth_1_sigma_1.5,0.005192381149886291
06181.png,left-cheek,smooth_2_sigma_2.5,0.0037787927858963914
06181.png,right-cheek,smooth_2_sigma_2.5,0.004028123590095363
06181.png,bottom-face,smooth_2_sigma_2.5,0.004162824405471172
06181.png,forehead,smooth_2_sigma_2.5,0.004327678440560537
06181.png,under-eyes,smooth_2_sigma_2.5,0.005240829541819356
06182.png,left-cheek,original_roi,0.007612744017906809
06182.png,right-cheek,original_roi,0.006758964787414331
06182.png,bottom-face,original_roi,0.00712839288097771
06182.png,forehead,original_roi,0.0049259224902354895
06182.png,under-eyes,original_roi,0.0059506492892342595
06182.png,left-cheek,smooth_1_sigma_1.5,0.007969224848737206
06182.png,right-cheek,smooth_1_sigma_1.5,0.0069715534239026345
06182.png,bottom-face,smooth_1_sigma_1.5,0.008005678588483646
06182.png,forehead,smooth_1_sigma_1.5,0.005123446750018257
06182.png,under-eyes,smooth_1_sigma_1.5,0.006400041553004163
06182.png,left-cheek,smooth_2_sigma_2.5,0.008083229724271609
06182.png,right-cheek,smooth_2_sigma_2.5,0.007039719993998612
06182.png,bottom-face,smooth_2_sigma_2.5,0.008257791315295082
06182.png,forehead,smooth_2_sigma_2.5,0.0051912466666666005
06182.png,under-eyes,smooth_2_sigma_2.5,0.006663566542849738
06186.png,left-cheek,original_roi,0.0040437282960010534
06186.png,right-cheek,original_roi,0.003990391088816638
06186.png,bottom-face,original_roi,0.00439639206141969
06186.png,forehead,original_roi,0.004745076363764848
06186.png,under-eyes,original_roi,0.0051443009694334746
06186.png,left-cheek,smooth_1_sigma_1.5,0.004116027437909488
06186.png,right-cheek,smooth_1_sigma_1.5,0.0040806253910522635
06186.png,bottom-face,smooth_1_sigma_1.5,0.0044556432613971995
06186.png,forehead,smooth_1_sigma_1.5,0.005213867136521466
06186.png,under-eyes,smooth_1_sigma_1.5,0.005381285734082198
06186.png,left-cheek,smooth_2_sigma_2.5,0.004136832086020997
06186.png,right-cheek,smooth_2_sigma_2.5,0.004099349845376528
06186.png,bottom-face,smooth_2_sigma_2.5,0.004477663447589521
06186.png,forehead,smooth_2_sigma_2.5,0.005350922560943482
06186.png,under-eyes,smooth_2_sigma_2.5,0.0054468461304375115
06189.png,left-cheek,original_roi,0.004040756295215425
06189.png,right-cheek,original_roi,0.004697290379985355
06189.png,bottom-face,original_roi,0.004679009625633849
06189.png,forehead,original_roi,0.00383580051016217
06189.png,under-eyes,original_roi,0.0042126502096170885
06189.png,left-cheek,smooth_1_sigma_1.5,0.0041787238704151415
06189.png,right-cheek,smooth_1_sigma_1.5,0.004848873969024517
06189.png,bottom-face,smooth_1_sigma_1.5,0.00489167785493701
06189.png,forehead,smooth_1_sigma_1.5,0.003975327154549985
06189.png,under-eyes,smooth_1_sigma_1.5,0.004465000984821174
06189.png,left-cheek,smooth_2_sigma_2.5,0.004207046227992033
06189.png,right-cheek,smooth_2_sigma_2.5,0.004882080388107922
06189.png,bottom-face,smooth_2_sigma_2.5,0.004937609203392469
06189.png,forehead,smooth_2_sigma_2.5,0.004004464964152137
06189.png,under-eyes,smooth_2_sigma_2.5,0.00456683188976067
06191.png,left-cheek,original_roi,0.006257517428116034
06191.png,right-cheek,original_roi,0.005887893128127345
06191.png,bottom-face,original_roi,0.006054087634722194
06191.png,forehead,original_roi,0.005177062017403868
06191.png,under-eyes,original_roi,0.005779976992563277
06191.png,left-cheek,smooth_1_sigma_1.5,0.00661902705536525
06191.png,right-cheek,smooth_1_sigma_1.5,0.00620256604140329
06191.png,bottom-face,smooth_1_sigma_1.5,0.006389671801812621
06191.png,forehead,smooth_1_sigma_1.5,0.005474499683277987
06191.png,under-eyes,smooth_1_sigma_1.5,0.006361047986380506
06191.png,left-cheek,smooth_2_sigma_2.5,0.006686747796791001
06191.png,right-cheek,smooth_2_sigma_2.5,0.006261223038089307
06191.png,bottom-face,smooth_2_sigma_2.5,0.006470160866128169
06191.png,forehead,smooth_2_sigma_2.5,0.005528405525629661
06191.png,under-eyes,smooth_2_sigma_2.5,0.006555842384913745
06198.png,left-cheek,original_roi,0.01068772966123647
06198.png,right-cheek,original_roi,0.004230139397478209
06198.png,bottom-face,original_roi,0.004794555783955773
06198.png,forehead,original_roi,0.003633832579041679
06198.png,under-eyes,original_roi,0.004218676500685942
06198.png,left-cheek,smooth_1_sigma_1.5,0.011476297278970813
06198.png,right-cheek,smooth_1_sigma_1.5,0.004332678541820004
06198.png,bottom-face,smooth_1_sigma_1.5,0.0049927569947061
06198.png,forehead,smooth_1_sigma_1.5,0.003690496835674085
06198.png,under-eyes,smooth_1_sigma_1.5,0.004331521845216673
06198.png,left-cheek,smooth_2_sigma_2.5,0.011516110952608273
06198.png,right-cheek,smooth_2_sigma_2.5,0.004358053004193745
06198.png,bottom-face,smooth_2_sigma_2.5,0.005046542956264006
06198.png,forehead,smooth_2_sigma_2.5,0.0037088287955248074
06198.png,under-eyes,smooth_2_sigma_2.5,0.004365974347090201
06200.png,left-cheek,original_roi,0.0053639363186434846
06200.png,right-cheek,original_roi,0.004802422176252076
06200.png,bottom-face,original_roi,0.004374666330708856
06200.png,forehead,original_roi,0.003456122344284026
06200.png,under-eyes,original_roi,0.00402581275383482
06200.png,left-cheek,smooth_1_sigma_1.5,0.005584987561360537
06200.png,right-cheek,smooth_1_sigma_1.5,0.004992606743035281
06200.png,bottom-face,smooth_1_sigma_1.5,0.004498861465366766
06200.png,forehead,smooth_1_sigma_1.5,0.003537841605239081
06200.png,under-eyes,smooth_1_sigma_1.5,0.004259334864514503
06200.png,left-cheek,smooth_2_sigma_2.5,0.005620208757090652
06200.png,right-cheek,smooth_2_sigma_2.5,0.005029260141771199
06200.png,bottom-face,smooth_2_sigma_2.5,0.00452477627981176
06200.png,forehead,smooth_2_sigma_2.5,0.0035653307379266788
06200.png,under-eyes,smooth_2_sigma_2.5,0.00434456583160413
07004.png,left-cheek,original_roi,0.00569324728713761
07004.png,right-cheek,original_roi,0.005514366924328895
07004.png,bottom-face,original_roi,0.006694220468721072
07004.png,forehead,original_roi,0.005148631292246129
07004.png,under-eyes,original_roi,0.005603458042252515
07004.png,left-cheek,smooth_1_sigma_1.5,0.005962961977659101
07004.png,right-cheek,smooth_1_sigma_1.5,0.005802170944867019
07004.png,bottom-face,smooth_1_sigma_1.5,0.007507032249559079
07004.png,forehead,smooth_1_sigma_1.5,0.005530651326857739
07004.png,under-eyes,smooth_1_sigma_1.5,0.005936934991901303
07004.png,left-cheek,smooth_2_sigma_2.5,0.006009958946558813
07004.png,right-cheek,smooth_2_sigma_2.5,0.00585699887723786
07004.png,bottom-face,smooth_2_sigma_2.5,0.007659506241649313
07004.png,forehead,smooth_2_sigma_2.5,0.005595663460609465
07004.png,under-eyes,smooth_2_sigma_2.5,0.005997323291485684
07018.png,left-cheek,original_roi,0.003883895160121391
07018.png,right-cheek,original_roi,0.0038024299084094206
07018.png,bottom-face,original_roi,0.004189292115242178
07018.png,forehead,original_roi,0.00351325016811451
07018.png,under-eyes,original_roi,0.003932915572075129
07018.png,left-cheek,smooth_1_sigma_1.5,0.004007817015895164
07018.png,right-cheek,smooth_1_sigma_1.5,0.003901067613381139
07018.png,bottom-face,smooth_1_sigma_1.5,0.004342920298228134
07018.png,forehead,smooth_1_sigma_1.5,0.003628313249652916
07018.png,under-eyes,smooth_1_sigma_1.5,0.004111180771874821
07018.png,left-cheek,smooth_2_sigma_2.5,0.004028834280759258
07018.png,right-cheek,smooth_2_sigma_2.5,0.003918005124750113
07018.png,bottom-face,smooth_2_sigma_2.5,0.004375496860390222
07018.png,forehead,smooth_2_sigma_2.5,0.0036522548645453604
07018.png,under-eyes,smooth_2_sigma_2.5,0.004157080396347717
07030.png,left-cheek,original_roi,0.005296748515040296
07030.png,right-cheek,original_roi,0.004120159601960369
07030.png,bottom-face,original_roi,0.004514172037105243
07030.png,forehead,original_roi,0.013748934030849617
07030.png,under-eyes,original_roi,0.004606055596811577
07030.png,left-cheek,smooth_1_sigma_1.5,0.005586607730601962
07030.png,right-cheek,smooth_1_sigma_1.5,0.004266659526921669
07030.png,bottom-face,smooth_1_sigma_1.5,0.00488319236409571
07030.png,forehead,smooth_1_sigma_1.5,0.01426291519290208
07030.png,under-eyes,smooth_1_sigma_1.5,0.004902049453842169
07030.png,left-cheek,smooth_2_sigma_2.5,0.005653051922575342
07030.png,right-cheek,smooth_2_sigma_2.5,0.004298102425711101
07030.png,bottom-face,smooth_2_sigma_2.5,0.004955868583553956
07030.png,forehead,smooth_2_sigma_2.5,0.014446587829203786
07030.png,under-eyes,smooth_2_sigma_2.5,0.005006375597069148
07062.png,left-cheek,original_roi,0.004523684994618025
07062.png,right-cheek,original_roi,0.004126703934628743
07062.png,bottom-face,original_roi,0.005233936641612061
07062.png,forehead,original_roi,0.00379357593390645
07062.png,under-eyes,original_roi,0.003635828144346444
07062.png,left-cheek,smooth_1_sigma_1.5,0.004766581099592423
07062.png,right-cheek,smooth_1_sigma_1.5,0.004252694108881942
07062.png,bottom-face,smooth_1_sigma_1.5,0.005394578653622593
07062.png,forehead,smooth_1_sigma_1.5,0.00395427447400245
07062.png,under-eyes,smooth_1_sigma_1.5,0.004024540502510769
07062.png,left-cheek,smooth_2_sigma_2.5,0.0048970042357931245
07062.png,right-cheek,smooth_2_sigma_2.5,0.004300461553570742
07062.png,bottom-face,smooth_2_sigma_2.5,0.0054291885043769505
07062.png,forehead,smooth_2_sigma_2.5,0.003985963938824864
07062.png,under-eyes,smooth_2_sigma_2.5,0.004293589254171112
07105.png,left-cheek,original_roi,0.004687849537454777
07105.png,right-cheek,original_roi,0.004644473412558306
07105.png,bottom-face,original_roi,0.004919710109651311
07105.png,forehead,original_roi,0.0041435496765857005
07105.png,under-eyes,original_roi,0.004066784884595958
07105.png,left-cheek,smooth_1_sigma_1.5,0.004818443437595125
07105.png,right-cheek,smooth_1_sigma_1.5,0.004807009836066457
07105.png,bottom-face,smooth_1_sigma_1.5,0.005082181746687906
07105.png,forehead,smooth_1_sigma_1.5,0.004384351644556733
07105.png,under-eyes,smooth_1_sigma_1.5,0.00432455111370053
07105.png,left-cheek,smooth_2_sigma_2.5,0.004846740977393607
07105.png,right-cheek,smooth_2_sigma_2.5,0.004835832857558398
07105.png,bottom-face,smooth_2_sigma_2.5,0.0051145343252977605
07105.png,forehead,smooth_2_sigma_2.5,0.004418662479991384
07105.png,under-eyes,smooth_2_sigma_2.5,0.0043549862905721964
07108.png,left-cheek,original_roi,0.004041743267359564
07108.png,right-cheek,original_roi,0.004059971204945704
07108.png,bottom-face,original_roi,0.004235451243649456
07108.png,forehead,original_roi,0.004325453069300744
07108.png,under-eyes,original_roi,0.004141150175813048
07108.png,left-cheek,smooth_1_sigma_1.5,0.004112835813071986
07108.png,right-cheek,smooth_1_sigma_1.5,0.004117394312571786
07108.png,bottom-face,smooth_1_sigma_1.5,0.0042968964020085034
07108.png,forehead,smooth_1_sigma_1.5,0.0044770806204429605
07108.png,under-eyes,smooth_1_sigma_1.5,0.004223279732195002
07108.png,left-cheek,smooth_2_sigma_2.5,0.004127872525198085
07108.png,right-cheek,smooth_2_sigma_2.5,0.004132060821642945
07108.png,bottom-face,smooth_2_sigma_2.5,0.004324109784579753
07108.png,forehead,smooth_2_sigma_2.5,0.0045002010196237875
07108.png,under-eyes,smooth_2_sigma_2.5,0.004239338625639667
07121.png,left-cheek,original_roi,0.0042946848896154915
07121.png,right-cheek,original_roi,0.004531731389981941
07121.png,bottom-face,original_roi,0.004828656769379143
07121.png,forehead,original_roi,0.007577690156752654
07121.png,under-eyes,original_roi,0.003748525822999843
07121.png,left-cheek,smooth_1_sigma_1.5,0.004354533888359398
07121.png,right-cheek,smooth_1_sigma_1.5,0.004608092054401442
07121.png,bottom-face,smooth_1_sigma_1.5,0.004910940323260374
07121.png,forehead,smooth_1_sigma_1.5,0.008642198163991137
07121.png,under-eyes,smooth_1_sigma_1.5,0.0037997405039621743
07121.png,left-cheek,smooth_2_sigma_2.5,0.004377373727342917
07121.png,right-cheek,smooth_2_sigma_2.5,0.004635107381888261
07121.png,bottom-face,smooth_2_sigma_2.5,0.004942332634891379
07121.png,forehead,smooth_2_sigma_2.5,0.009315243929972428
07121.png,under-eyes,smooth_2_sigma_2.5,0.0038208234447769445
07134.png,left-cheek,original_roi,0.0031708934901937005
07134.png,right-cheek,original_roi,0.004180203038137137
07134.png,bottom-face,original_roi,0.0041633795491481645
07134.png,forehead,original_roi,0.008867515108101931
07134.png,under-eyes,original_roi,0.0037323439180208876
07134.png,left-cheek,smooth_1_sigma_1.5,0.0032008485867878527
07134.png,right-cheek,smooth_1_sigma_1.5,0.004279589881853337
07134.png,bottom-face,smooth_1_sigma_1.5,0.004259649316465564
07134.png,forehead,smooth_1_sigma_1.5,0.012235617326766987
07134.png,under-eyes,smooth_1_sigma_1.5,0.003813679737641961
07134.png,left-cheek,smooth_2_sigma_2.5,0.003209196872015709
07134.png,right-cheek,smooth_2_sigma_2.5,0.0042971975770201365
07134.png,bottom-face,smooth_2_sigma_2.5,0.004279195587106893
07134.png,forehead,smooth_2_sigma_2.5,0.013905932768776474
07134.png,under-eyes,smooth_2_sigma_2.5,0.0038292934122463986
07139.png,left-cheek,original_roi,0.005878471920551132
07139.png,right-cheek,original_roi,0.004656364863801208
07139.png,bottom-face,original_roi,0.005229549329656027
07139.png,forehead,original_roi,0.004786944087701818
07139.png,under-eyes,original_roi,0.005080589633025496
07139.png,left-cheek,smooth_1_sigma_1.5,0.006140395439464157
07139.png,right-cheek,smooth_1_sigma_1.5,0.004819510813580783
07139.png,bottom-face,smooth_1_sigma_1.5,0.005434892926005806
07139.png,forehead,smooth_1_sigma_1.5,0.005146541181540161
07139.png,under-eyes,smooth_1_sigma_1.5,0.00535031111730345
07139.png,left-cheek,smooth_2_sigma_2.5,0.006189855378025437
07139.png,right-cheek,smooth_2_sigma_2.5,0.004850672597624721
07139.png,bottom-face,smooth_2_sigma_2.5,0.0055071613847492325
07139.png,forehead,smooth_2_sigma_2.5,0.005244558150439129
07139.png,under-eyes,smooth_2_sigma_2.5,0.005400723857518376
07145.png,left-cheek,original_roi,0.0035967409419703504
07145.png,right-cheek,original_roi,0.0037707825950054614
07145.png,bottom-face,original_roi,0.004079216327339402
07145.png,forehead,original_roi,0.004137463134265006
07145.png,under-eyes,original_roi,0.0042542574291265
07145.png,left-cheek,smooth_1_sigma_1.5,0.003696210393914723
07145.png,right-cheek,smooth_1_sigma_1.5,0.0038514559917657027
07145.png,bottom-face,smooth_1_sigma_1.5,0.004168002460262889
07145.png,forehead,smooth_1_sigma_1.5,0.004393014337758486
07145.png,under-eyes,smooth_1_sigma_1.5,0.004354789107266328
07145.png,left-cheek,smooth_2_sigma_2.5,0.0037224166046484885
07145.png,right-cheek,smooth_2_sigma_2.5,0.0038746803920020846
07145.png,bottom-face,smooth_2_sigma_2.5,0.004196560933551149
07145.png,forehead,smooth_2_sigma_2.5,0.004482856926922103
07145.png,under-eyes,smooth_2_sigma_2.5,0.004382400968420774
07148.png,left-cheek,original_roi,0.004865615726534815
07148.png,right-cheek,original_roi,0.007033636692409968
07148.png,bottom-face,original_roi,0.007042052708506246
07148.png,forehead,original_roi,0.004872737639434422
07148.png,under-eyes,original_roi,0.005313849892750869
07148.png,left-cheek,smooth_1_sigma_1.5,0.00502762819483723
07148.png,right-cheek,smooth_1_sigma_1.5,0.00733275109786855
07148.png,bottom-face,smooth_1_sigma_1.5,0.00733735558398739
07148.png,forehead,smooth_1_sigma_1.5,0.005185265119238558
07148.png,under-eyes,smooth_1_sigma_1.5,0.0055486549290385215
07148.png,left-cheek,smooth_2_sigma_2.5,0.00507270795860472
07148.png,right-cheek,smooth_2_sigma_2.5,0.007427066096331054
07148.png,bottom-face,smooth_2_sigma_2.5,0.0074152335203014185
07148.png,forehead,smooth_2_sigma_2.5,0.005244049190264746
07148.png,under-eyes,smooth_2_sigma_2.5,0.005621328164773863
07155.png,left-cheek,original_roi,0.0056422733703552636
07155.png,right-cheek,original_roi,0.003306730332258761
07155.png,bottom-face,original_roi,0.004282064081187637
07155.png,forehead,original_roi,0.004824889608568214
07155.png,under-eyes,original_roi,0.004659414385389135
07155.png,left-cheek,smooth_1_sigma_1.5,0.00608875130392213
07155.png,right-cheek,smooth_1_sigma_1.5,0.0034991147026333437
07155.png,bottom-face,smooth_1_sigma_1.5,0.004804886361429962
07155.png,forehead,smooth_1_sigma_1.5,0.005221337135001255
07155.png,under-eyes,smooth_1_sigma_1.5,0.0051764246271115795
07155.png,left-cheek,smooth_2_sigma_2.5,0.006191377338426211
07155.png,right-cheek,smooth_2_sigma_2.5,0.0035196989713759006
07155.png,bottom-face,smooth_2_sigma_2.5,0.004886451279684736
07155.png,forehead,smooth_2_sigma_2.5,0.005436504942678206
07155.png,under-eyes,smooth_2_sigma_2.5,0.005358607464172543
07173.png,left-cheek,original_roi,0.004992370986427625
07173.png,right-cheek,original_roi,0.0037498086162732875
07173.png,bottom-face,original_roi,0.004764435408217852
07173.png,forehead,original_roi,0.005484790927130086
07173.png,under-eyes,original_roi,0.004301077527027432
07173.png,left-cheek,smooth_1_sigma_1.5,0.005110032844134301
07173.png,right-cheek,smooth_1_sigma_1.5,0.003830515289707797
07173.png,bottom-face,smooth_1_sigma_1.5,0.004866376170635269
07173.png,forehead,smooth_1_sigma_1.5,0.006003545748593126
07173.png,under-eyes,smooth_1_sigma_1.5,0.004461248012322483
07173.png,left-cheek,smooth_2_sigma_2.5,0.005137882757805644
07173.png,right-cheek,smooth_2_sigma_2.5,0.0038447780249091347
07173.png,bottom-face,smooth_2_sigma_2.5,0.004892512539276459
07173.png,forehead,smooth_2_sigma_2.5,0.006118361015632694
07173.png,under-eyes,smooth_2_sigma_2.5,0.004493317078088947
07174.png,left-cheek,original_roi,0.003857736014317657
07174.png,right-cheek,original_roi,0.00437433086401307
07174.png,bottom-face,original_roi,0.004642891195848673
07174.png,forehead,original_roi,0.0036592541518357218
07174.png,under-eyes,original_roi,0.003674535925382127
07174.png,left-cheek,smooth_1_sigma_1.5,0.003956260555804312
07174.png,right-cheek,smooth_1_sigma_1.5,0.004507049191271249
07174.png,bottom-face,smooth_1_sigma_1.5,0.0048048168892336094
07174.png,forehead,smooth_1_sigma_1.5,0.003772892469633055
07174.png,under-eyes,smooth_1_sigma_1.5,0.0038182769093432147
07174.png,left-cheek,smooth_2_sigma_2.5,0.003977568151073287
07174.png,right-cheek,smooth_2_sigma_2.5,0.004535449769002031
07174.png,bottom-face,smooth_2_sigma_2.5,0.004843491983875403
07174.png,forehead,smooth_2_sigma_2.5,0.003799902479409542
07174.png,under-eyes,smooth_2_sigma_2.5,0.0038554598196996297
07176.png,left-cheek,original_roi,0.0045440481141032
07176.png,right-cheek,original_roi,0.004276302554775899
07176.png,bottom-face,original_roi,0.004951868446575592
07176.png,forehead,original_roi,0.005608157826137138
07176.png,under-eyes,original_roi,0.004185030524781115
07176.png,left-cheek,smooth_1_sigma_1.5,0.004654519801277751
07176.png,right-cheek,smooth_1_sigma_1.5,0.004363294886555434
07176.png,bottom-face,smooth_1_sigma_1.5,0.005060469463755256
07176.png,forehead,smooth_1_sigma_1.5,0.006471578685918896
07176.png,under-eyes,smooth_1_sigma_1.5,0.004359078002888473
07176.png,left-cheek,smooth_2_sigma_2.5,0.004680268187625429
07176.png,right-cheek,smooth_2_sigma_2.5,0.004386176863907782
07176.png,bottom-face,smooth_2_sigma_2.5,0.005095151390751545
07176.png,forehead,smooth_2_sigma_2.5,0.006881015466886486
07176.png,under-eyes,smooth_2_sigma_2.5,0.0044132007381388165
07177.png,left-cheek,original_roi,0.005269482336062023
07177.png,right-cheek,original_roi,0.005356280136757145
07177.png,bottom-face,original_roi,0.005562813642063896
07177.png,forehead,original_roi,0.004785494102439502
07177.png,under-eyes,original_roi,0.005571171770372104
07177.png,left-cheek,smooth_1_sigma_1.5,0.005370315275611131
07177.png,right-cheek,smooth_1_sigma_1.5,0.005467319122314604
07177.png,bottom-face,smooth_1_sigma_1.5,0.005667088733516838
07177.png,forehead,smooth_1_sigma_1.5,0.0049751999690596784
07177.png,under-eyes,smooth_1_sigma_1.5,0.005749580858655621
07177.png,left-cheek,smooth_2_sigma_2.5,0.005403360032746678
07177.png,right-cheek,smooth_2_sigma_2.5,0.005502019474227387
07177.png,bottom-face,smooth_2_sigma_2.5,0.0057108278153384165
07177.png,forehead,smooth_2_sigma_2.5,0.005015853360586377
07177.png,under-eyes,smooth_2_sigma_2.5,0.005809572880347384
07187.png,left-cheek,original_roi,0.00943719076174718
07187.png,right-cheek,original_roi,0.004713771817140973
07187.png,bottom-face,original_roi,0.005812383157774807
07187.png,forehead,original_roi,0.019600187034102882
07187.png,under-eyes,original_roi,0.006037876339654245
07187.png,left-cheek,smooth_1_sigma_1.5,0.010023482476060734
07187.png,right-cheek,smooth_1_sigma_1.5,0.004866158335464182
07187.png,bottom-face,smooth_1_sigma_1.5,0.0060269715679787785
07187.png,forehead,smooth_1_sigma_1.5,0.02259123058203902
07187.png,under-eyes,smooth_1_sigma_1.5,0.006364819701258945
07187.png,left-cheek,smooth_2_sigma_2.5,0.010215586444344983
07187.png,right-cheek,smooth_2_sigma_2.5,0.00489931060178732
07187.png,bottom-face,smooth_2_sigma_2.5,0.0060756791995162165
07187.png,forehead,smooth_2_sigma_2.5,0.02421147025953929
07187.png,under-eyes,smooth_2_sigma_2.5,0.006455501796278254
07192.png,left-cheek,original_roi,0.003898261884134135
07192.png,right-cheek,original_roi,0.007370320819850349
07192.png,bottom-face,original_roi,0.004227514849354749
07192.png,forehead,original_roi,0.004341843848467258
07192.png,under-eyes,original_roi,0.0041956319007140485
07192.png,left-cheek,smooth_1_sigma_1.5,0.004049014785612643
07192.png,right-cheek,smooth_1_sigma_1.5,0.008215977367136139
07192.png,bottom-face,smooth_1_sigma_1.5,0.004432247969026517
07192.png,forehead,smooth_1_sigma_1.5,0.004600611509456301
07192.png,under-eyes,smooth_1_sigma_1.5,0.004505776017876128
07192.png,left-cheek,smooth_2_sigma_2.5,0.004075133307754997
07192.png,right-cheek,smooth_2_sigma_2.5,0.008399974374925585
07192.png,bottom-face,smooth_2_sigma_2.5,0.004470231793218254
07192.png,forehead,smooth_2_sigma_2.5,0.004642184286594826
07192.png,under-eyes,smooth_2_sigma_2.5,0.004580017231890281
07193.png,left-cheek,original_roi,0.004290459320140252
07193.png,right-cheek,original_roi,0.005300333360991469
07193.png,bottom-face,original_roi,0.00499777418560428
07193.png,forehead,original_roi,0.003777640069330108
07193.png,under-eyes,original_roi,0.004042238745751345
07193.png,left-cheek,smooth_1_sigma_1.5,0.004431224051109022
07193.png,right-cheek,smooth_1_sigma_1.5,0.0055030556526086535
07193.png,bottom-face,smooth_1_sigma_1.5,0.005193751608867445
07193.png,forehead,smooth_1_sigma_1.5,0.003864277145453023
07193.png,under-eyes,smooth_1_sigma_1.5,0.0044185278049947724
07193.png,left-cheek,smooth_2_sigma_2.5,0.004466429017543932
07193.png,right-cheek,smooth_2_sigma_2.5,0.005564414754244911
07193.png,bottom-face,smooth_2_sigma_2.5,0.0052524351479518545
07193.png,forehead,smooth_2_sigma_2.5,0.0038906960816219153
07193.png,under-eyes,smooth_2_sigma_2.5,0.004624262021507671
07195.png,left-cheek,original_roi,0.00514815051687674
07195.png,right-cheek,original_roi,0.004528780469071032
07195.png,bottom-face,original_roi,0.004810538107061678
07195.png,forehead,original_roi,0.004065681293463723
07195.png,under-eyes,original_roi,0.004555257166204534
07195.png,left-cheek,smooth_1_sigma_1.5,0.00538797343020353
07195.png,right-cheek,smooth_1_sigma_1.5,0.004763424567853871
07195.png,bottom-face,smooth_1_sigma_1.5,0.004898499085918612
07195.png,forehead,smooth_1_sigma_1.5,0.004327275293323998
07195.png,under-eyes,smooth_1_sigma_1.5,0.00481664446263403
07195.png,left-cheek,smooth_2_sigma_2.5,0.005508883555839607
07195.png,right-cheek,smooth_2_sigma_2.5,0.004870234163841232
07195.png,bottom-face,smooth_2_sigma_2.5,0.004923049374345173
07195.png,forehead,smooth_2_sigma_2.5,0.004437559965602199
07195.png,under-eyes,smooth_2_sigma_2.5,0.00494167648240679
07199.png,left-cheek,original_roi,0.005167586074668005
07199.png,right-cheek,original_roi,0.004265155882365431
07199.png,bottom-face,original_roi,0.0055588230749026675
07199.png,forehead,original_roi,0.004427590259544644
07199.png,under-eyes,original_roi,0.004330677448601496
07199.png,left-cheek,smooth_1_sigma_1.5,0.005645945168912565
07199.png,right-cheek,smooth_1_sigma_1.5,0.004525432585891181
07199.png,bottom-face,smooth_1_sigma_1.5,0.005799192831467828
07199.png,forehead,smooth_1_sigma_1.5,0.004708675179863491
07199.png,under-eyes,smooth_1_sigma_1.5,0.004667180715170259
07199.png,left-cheek,smooth_2_sigma_2.5,0.006020356002330944
07199.png,right-cheek,smooth_2_sigma_2.5,0.004713246583915615
07199.png,bottom-face,smooth_2_sigma_2.5,0.005852519999457209
07199.png,forehead,smooth_2_sigma_2.5,0.004846816876014855
07199.png,under-eyes,smooth_2_sigma_2.5,0.004909090014252944
07221.png,left-cheek,original_roi,0.004085874759443659
07221.png,right-cheek,original_roi,0.0038051136501893075
07221.png,bottom-face,original_roi,0.004332258440611698
07221.png,forehead,original_roi,0.004162451811526021
07221.png,under-eyes,original_roi,0.003893082792165361
07221.png,left-cheek,smooth_1_sigma_1.5,0.004128498920599558
07221.png,right-cheek,smooth_1_sigma_1.5,0.0038401637249491447
07221.png,bottom-face,smooth_1_sigma_1.5,0.004375589905487515
07221.png,forehead,smooth_1_sigma_1.5,0.0043007563865922775
07221.png,under-eyes,smooth_1_sigma_1.5,0.003937964988646958
07221.png,left-cheek,smooth_2_sigma_2.5,0.0041435639667276175
07221.png,right-cheek,smooth_2_sigma_2.5,0.003853232582530292
07221.png,bottom-face,smooth_2_sigma_2.5,0.004393135588014691
07221.png,forehead,smooth_2_sigma_2.5,0.004336715592772289
07221.png,under-eyes,smooth_2_sigma_2.5,0.003957645513054746
07228.png,left-cheek,original_roi,0.004648578877272284
07228.png,right-cheek,original_roi,0.005482848201013115
07228.png,bottom-face,original_roi,0.005342685301665522
07228.png,forehead,original_roi,0.0048195776737142105
07228.png,under-eyes,original_roi,0.004465097747169938
07228.png,left-cheek,smooth_1_sigma_1.5,0.004819653629475239
07228.png,right-cheek,smooth_1_sigma_1.5,0.0057244169795948735
07228.png,bottom-face,smooth_1_sigma_1.5,0.005533222983657896
07228.png,forehead,smooth_1_sigma_1.5,0.005050884350866431
07228.png,under-eyes,smooth_1_sigma_1.5,0.0048933760760025615
07228.png,left-cheek,smooth_2_sigma_2.5,0.004848360867338554
07228.png,right-cheek,smooth_2_sigma_2.5,0.005779317006415744
07228.png,bottom-face,smooth_2_sigma_2.5,0.005567113554181556
07228.png,forehead,smooth_2_sigma_2.5,0.005096452978126554
07228.png,under-eyes,smooth_2_sigma_2.5,0.0050926592055125924
07256.png,left-cheek,original_roi,0.004844719825948694
07256.png,right-cheek,original_roi,0.004506836547433355
07256.png,bottom-face,original_roi,0.004186874909645323
07256.png,forehead,original_roi,0.004830440539119907
07256.png,under-eyes,original_roi,0.005649617716300647
07256.png,left-cheek,smooth_1_sigma_1.5,0.005237082176888079
07256.png,right-cheek,smooth_1_sigma_1.5,0.004755043983514045
07256.png,bottom-face,smooth_1_sigma_1.5,0.004977140903494734
07256.png,forehead,smooth_1_sigma_1.5,0.004937711481840991
07256.png,under-eyes,smooth_1_sigma_1.5,0.005879695980910681
07256.png,left-cheek,smooth_2_sigma_2.5,0.0053544091431932525
07256.png,right-cheek,smooth_2_sigma_2.5,0.004817942525113432
07256.png,bottom-face,smooth_2_sigma_2.5,0.005218898096633669
07256.png,forehead,smooth_2_sigma_2.5,0.004977122423411723
07256.png,under-eyes,smooth_2_sigma_2.5,0.0060003399359644044
07265.png,left-cheek,original_roi,0.00589420737671653
07265.png,right-cheek,original_roi,0.004440003172858408
07265.png,bottom-face,original_roi,0.005493433151322741
07265.png,forehead,original_roi,0.004589842529167397
07265.png,under-eyes,original_roi,0.004891680821539791
07265.png,left-cheek,smooth_1_sigma_1.5,0.006132740613137773
07265.png,right-cheek,smooth_1_sigma_1.5,0.004621626036741721
07265.png,bottom-face,smooth_1_sigma_1.5,0.00569744281166838
07265.png,forehead,smooth_1_sigma_1.5,0.00507262146166925
07265.png,under-eyes,smooth_1_sigma_1.5,0.00527571220789056
07265.png,left-cheek,smooth_2_sigma_2.5,0.006248552594332712
07265.png,right-cheek,smooth_2_sigma_2.5,0.004711109475259289
07265.png,bottom-face,smooth_2_sigma_2.5,0.00573833659641203
07265.png,forehead,smooth_2_sigma_2.5,0.005129865516648691
07265.png,under-eyes,smooth_2_sigma_2.5,0.005429628491814679
07267.png,left-cheek,original_roi,0.004963771015150075
07267.png,right-cheek,original_roi,0.005081070317895142
07267.png,bottom-face,original_roi,0.005188234761725087
07267.png,forehead,original_roi,0.004724353502637956
07267.png,under-eyes,original_roi,0.005078174980499962
07267.png,left-cheek,smooth_1_sigma_1.5,0.005103629115923123
07267.png,right-cheek,smooth_1_sigma_1.5,0.00524880110035029
07267.png,bottom-face,smooth_1_sigma_1.5,0.005380066193542739
07267.png,forehead,smooth_1_sigma_1.5,0.004875486643556458
07267.png,under-eyes,smooth_1_sigma_1.5,0.005281270126890493
07267.png,left-cheek,smooth_2_sigma_2.5,0.005142131376911729
07267.png,right-cheek,smooth_2_sigma_2.5,0.005289288831784095
07267.png,bottom-face,smooth_2_sigma_2.5,0.005424320016020061
07267.png,forehead,smooth_2_sigma_2.5,0.004919537627428796
07267.png,under-eyes,smooth_2_sigma_2.5,0.005364954698949893
07291.png,left-cheek,original_roi,0.008122924868034504
07291.png,right-cheek,original_roi,0.006013165613057871
07291.png,bottom-face,original_roi,0.006895715540475387
07291.png,forehead,original_roi,0.0049854330001507475
07291.png,under-eyes,original_roi,0.006404412806162644
07291.png,left-cheek,smooth_1_sigma_1.5,0.008677169744158188
07291.png,right-cheek,smooth_1_sigma_1.5,0.006261161266338371
07291.png,bottom-face,smooth_1_sigma_1.5,0.007130984930502078
07291.png,forehead,smooth_1_sigma_1.5,0.005150392262295186
07291.png,under-eyes,smooth_1_sigma_1.5,0.0069038142400738535
07291.png,left-cheek,smooth_2_sigma_2.5,0.008973439826551743
07291.png,right-cheek,smooth_2_sigma_2.5,0.006361367645115983
07291.png,bottom-face,smooth_2_sigma_2.5,0.007220099333396009
07291.png,forehead,smooth_2_sigma_2.5,0.005190091475797831
07291.png,under-eyes,smooth_2_sigma_2.5,0.007122999896020061
07292.png,left-cheek,original_roi,0.005048644655362509
07292.png,right-cheek,original_roi,0.004981895750145995
07292.png,bottom-face,original_roi,0.005545844537412601
07292.png,forehead,original_roi,0.006657370852779203
07292.png,under-eyes,original_roi,0.005337107622439072
07292.png,left-cheek,smooth_1_sigma_1.5,0.005145619232270086
07292.png,right-cheek,smooth_1_sigma_1.5,0.005059195739191219
07292.png,bottom-face,smooth_1_sigma_1.5,0.005666984339547656
07292.png,forehead,smooth_1_sigma_1.5,0.007336673725642172
07292.png,under-eyes,smooth_1_sigma_1.5,0.0054876239645473114
07292.png,left-cheek,smooth_2_sigma_2.5,0.005167844140137889
07292.png,right-cheek,smooth_2_sigma_2.5,0.005081201623457574
07292.png,bottom-face,smooth_2_sigma_2.5,0.0057073050613647616
07292.png,forehead,smooth_2_sigma_2.5,0.007627274925819944
07292.png,under-eyes,smooth_2_sigma_2.5,0.005527168422378526
07296.png,left-cheek,original_roi,0.003428465948119263
07296.png,right-cheek,original_roi,0.0037021908381654795
07296.png,bottom-face,original_roi,0.0037465902693485605
07296.png,forehead,original_roi,0.003671502764948033
07296.png,under-eyes,original_roi,0.0034166000233576193
07296.png,left-cheek,smooth_1_sigma_1.5,0.003577844388609171
07296.png,right-cheek,smooth_1_sigma_1.5,0.003842336290086599
07296.png,bottom-face,smooth_1_sigma_1.5,0.0037786870025557856
07296.png,forehead,smooth_1_sigma_1.5,0.0037540426862985895
07296.png,under-eyes,smooth_1_sigma_1.5,0.003563535384067614
07296.png,left-cheek,smooth_2_sigma_2.5,0.0037024283436196907
07296.png,right-cheek,smooth_2_sigma_2.5,0.00393924344292291
07296.png,bottom-face,smooth_2_sigma_2.5,0.003794703387773882
07296.png,forehead,smooth_2_sigma_2.5,0.0037837773616445575
07296.png,under-eyes,smooth_2_sigma_2.5,0.0036866245692595465
07304.png,left-cheek,original_roi,0.004101406767587534
07304.png,right-cheek,original_roi,0.004487470693772643
07304.png,bottom-face,original_roi,0.004303168879760211
07304.png,forehead,original_roi,0.0040285817706202315
07304.png,under-eyes,original_roi,0.004090513295449695
07304.png,left-cheek,smooth_1_sigma_1.5,0.004182680456491823
07304.png,right-cheek,smooth_1_sigma_1.5,0.004599290089620569
07304.png,bottom-face,smooth_1_sigma_1.5,0.004393553408908938
07304.png,forehead,smooth_1_sigma_1.5,0.004135252709167786
07304.png,under-eyes,smooth_1_sigma_1.5,0.004295199059168486
07304.png,left-cheek,smooth_2_sigma_2.5,0.004202372770039487
07304.png,right-cheek,smooth_2_sigma_2.5,0.004628164189352276
07304.png,bottom-face,smooth_2_sigma_2.5,0.004416862895018372
07304.png,forehead,smooth_2_sigma_2.5,0.0041624202273514675
07304.png,under-eyes,smooth_2_sigma_2.5,0.004385090811680403
07306.png,left-cheek,original_roi,0.005322428808068235
07306.png,right-cheek,original_roi,0.006594247311353595
07306.png,bottom-face,original_roi,0.007196904779668162
07306.png,forehead,original_roi,0.0057450177622964714
07306.png,under-eyes,original_roi,0.005091174802413616
07306.png,left-cheek,smooth_1_sigma_1.5,0.005532472643627022
07306.png,right-cheek,smooth_1_sigma_1.5,0.006884602614642304
07306.png,bottom-face,smooth_1_sigma_1.5,0.007626474477486922
07306.png,forehead,smooth_1_sigma_1.5,0.0069532154135346445
07306.png,under-eyes,smooth_1_sigma_1.5,0.005448471046857275
07306.png,left-cheek,smooth_2_sigma_2.5,0.005618903083857994
07306.png,right-cheek,smooth_2_sigma_2.5,0.0069780358872758115
07306.png,bottom-face,smooth_2_sigma_2.5,0.007767366414390588
07306.png,forehead,smooth_2_sigma_2.5,0.007784572836203782
07306.png,under-eyes,smooth_2_sigma_2.5,0.0056515660434754665
07332.png,left-cheek,original_roi,0.0042177890543624395
07332.png,right-cheek,original_roi,0.004627908970627888
07332.png,bottom-face,original_roi,0.00492018635517386
07332.png,forehead,original_roi,0.004185500185425973
07332.png,under-eyes,original_roi,0.00417123239638279
07332.png,left-cheek,smooth_1_sigma_1.5,0.0044084979716335505
07332.png,right-cheek,smooth_1_sigma_1.5,0.0048328323635275
07332.png,bottom-face,smooth_1_sigma_1.5,0.005140916006922792
07332.png,forehead,smooth_1_sigma_1.5,0.0043292526897953255
07332.png,under-eyes,smooth_1_sigma_1.5,0.004355956901638758
07332.png,left-cheek,smooth_2_sigma_2.5,0.004447197635881195
07332.png,right-cheek,smooth_2_sigma_2.5,0.004875848983667867
07332.png,bottom-face,smooth_2_sigma_2.5,0.0051842482006289265
07332.png,forehead,smooth_2_sigma_2.5,0.004362203271462544
07332.png,under-eyes,smooth_2_sigma_2.5,0.004394576512692158
07336.png,left-cheek,original_roi,0.004235677128456377
07336.png,right-cheek,original_roi,0.003947476296849994
07336.png,bottom-face,original_roi,0.004212883012088813
07336.png,forehead,original_roi,0.005049550972632425
07336.png,under-eyes,original_roi,0.004036633487530507
07336.png,left-cheek,smooth_1_sigma_1.5,0.00427404234620475
07336.png,right-cheek,smooth_1_sigma_1.5,0.00398201601646525
07336.png,bottom-face,smooth_1_sigma_1.5,0.004250427826388137
07336.png,forehead,smooth_1_sigma_1.5,0.005882657126213864
07336.png,under-eyes,smooth_1_sigma_1.5,0.004095231840086995
07336.png,left-cheek,smooth_2_sigma_2.5,0.004289073390518603
07336.png,right-cheek,smooth_2_sigma_2.5,0.0039968692583355
07336.png,bottom-face,smooth_2_sigma_2.5,0.004268249747315974
07336.png,forehead,smooth_2_sigma_2.5,0.006371072268660426
07336.png,under-eyes,smooth_2_sigma_2.5,0.004120900541522148
07375.png,left-cheek,original_roi,0.004015277796264629
07375.png,right-cheek,original_roi,0.00355665438920658
07375.png,bottom-face,original_roi,0.004002582323982719
07375.png,forehead,original_roi,0.004076879879274937
07375.png,under-eyes,original_roi,0.004609206335976045
07375.png,left-cheek,smooth_1_sigma_1.5,0.004470389278330387
07375.png,right-cheek,smooth_1_sigma_1.5,0.003640564848595345
07375.png,bottom-face,smooth_1_sigma_1.5,0.004319541948352857
07375.png,forehead,smooth_1_sigma_1.5,0.00435358302167059
07375.png,under-eyes,smooth_1_sigma_1.5,0.004940495264347865
07375.png,left-cheek,smooth_2_sigma_2.5,0.004546895883061967
07375.png,right-cheek,smooth_2_sigma_2.5,0.003659884643282484
07375.png,bottom-face,smooth_2_sigma_2.5,0.004374902622706509
07375.png,forehead,smooth_2_sigma_2.5,0.004419062580459283
07375.png,under-eyes,smooth_2_sigma_2.5,0.005020432306915387
07436.png,left-cheek,original_roi,0.004118364189542667
07436.png,right-cheek,original_roi,0.004821946692761632
07436.png,bottom-face,original_roi,0.00480731574120072
07436.png,forehead,original_roi,0.004188531633768365
07436.png,under-eyes,original_roi,0.004193708661118467
07436.png,left-cheek,smooth_1_sigma_1.5,0.004243259164141425
07436.png,right-cheek,smooth_1_sigma_1.5,0.004991277176378586
07436.png,bottom-face,smooth_1_sigma_1.5,0.004936929767161452
07436.png,forehead,smooth_1_sigma_1.5,0.004342900485406704
07436.png,under-eyes,smooth_1_sigma_1.5,0.0043770191131144625
07436.png,left-cheek,smooth_2_sigma_2.5,0.004293134513052061
07436.png,right-cheek,smooth_2_sigma_2.5,0.005031625803786175
07436.png,bottom-face,smooth_2_sigma_2.5,0.004971078105414512
07436.png,forehead,smooth_2_sigma_2.5,0.0043849199794423425
07436.png,under-eyes,smooth_2_sigma_2.5,0.004424927836045168
07567.png,left-cheek,original_roi,0.004477706479058627
07567.png,right-cheek,original_roi,0.004186068111921065
07567.png,bottom-face,original_roi,0.004301639577545532
07567.png,forehead,original_roi,0.003353757660426005
07567.png,under-eyes,original_roi,0.0033127585446705355
07567.png,left-cheek,smooth_1_sigma_1.5,0.004735485609320843
07567.png,right-cheek,smooth_1_sigma_1.5,0.004367243374402336
07567.png,bottom-face,smooth_1_sigma_1.5,0.0045654679324343955
07567.png,forehead,smooth_1_sigma_1.5,0.003405568472314662
07567.png,under-eyes,smooth_1_sigma_1.5,0.003651012023303941
07567.png,left-cheek,smooth_2_sigma_2.5,0.004844619052543261
07567.png,right-cheek,smooth_2_sigma_2.5,0.004444425517033309
07567.png,bottom-face,smooth_2_sigma_2.5,0.004636788833322189
07567.png,forehead,smooth_2_sigma_2.5,0.0034238451034263044
07567.png,under-eyes,smooth_2_sigma_2.5,0.003888415658008129
07591.png,left-cheek,original_roi,0.00500418263987643
07591.png,right-cheek,original_roi,0.004367181208966049
07591.png,bottom-face,original_roi,0.0051351488646685555
07591.png,forehead,original_roi,0.0048519603673403975
07591.png,under-eyes,original_roi,0.005775592241301813
07591.png,left-cheek,smooth_1_sigma_1.5,0.005301006537245885
07591.png,right-cheek,smooth_1_sigma_1.5,0.004639693151210981
07591.png,bottom-face,smooth_1_sigma_1.5,0.005449598085086105
07591.png,forehead,smooth_1_sigma_1.5,0.005311706785939755
07591.png,under-eyes,smooth_1_sigma_1.5,0.006452372786333699
07591.png,left-cheek,smooth_2_sigma_2.5,0.005355122709290289
07591.png,right-cheek,smooth_2_sigma_2.5,0.0047159569089700705
07591.png,bottom-face,smooth_2_sigma_2.5,0.00550534966844351
07591.png,forehead,smooth_2_sigma_2.5,0.005370357890331428
07591.png,under-eyes,smooth_2_sigma_2.5,0.00668417645228603
07592.png,left-cheek,original_roi,0.0159411157038771
07592.png,right-cheek,original_roi,0.010671524129421947
07592.png,bottom-face,original_roi,0.011632465665691127
07592.png,forehead,original_roi,0.007056066414299188
07592.png,under-eyes,original_roi,0.00693331499923468
07592.png,left-cheek,smooth_1_sigma_1.5,0.017405677939781882
07592.png,right-cheek,smooth_1_sigma_1.5,0.011873375982707548
07592.png,bottom-face,smooth_1_sigma_1.5,0.012770840116430624
07592.png,forehead,smooth_1_sigma_1.5,0.007786558231967948
07592.png,under-eyes,smooth_1_sigma_1.5,0.0077650783721857145
07592.png,left-cheek,smooth_2_sigma_2.5,0.01787603609644863
07592.png,right-cheek,smooth_2_sigma_2.5,0.012128976515122089
07592.png,bottom-face,smooth_2_sigma_2.5,0.012987450973777898
07592.png,forehead,smooth_2_sigma_2.5,0.007888090751619893
07592.png,under-eyes,smooth_2_sigma_2.5,0.008100308572929638
07649.png,left-cheek,original_roi,0.005484444023480747
07649.png,right-cheek,original_roi,0.0038633329748940905
07649.png,bottom-face,original_roi,0.005290780050735433
07649.png,forehead,original_roi,0.00463675044280521
07649.png,under-eyes,original_roi,0.005058133848814925
07649.png,left-cheek,smooth_1_sigma_1.5,0.0056980620902927215
07649.png,right-cheek,smooth_1_sigma_1.5,0.003967166716111173
07649.png,bottom-face,smooth_1_sigma_1.5,0.005557534994970007
07649.png,forehead,smooth_1_sigma_1.5,0.005122959578524381
07649.png,under-eyes,smooth_1_sigma_1.5,0.00526489472953887
07649.png,left-cheek,smooth_2_sigma_2.5,0.005739701400088819
07649.png,right-cheek,smooth_2_sigma_2.5,0.00399149406127598
07649.png,bottom-face,smooth_2_sigma_2.5,0.005611396780275162
07649.png,forehead,smooth_2_sigma_2.5,0.0052779492446909555
07649.png,under-eyes,smooth_2_sigma_2.5,0.005311702312623927
07655.png,left-cheek,original_roi,0.0035143602010169555
07655.png,right-cheek,original_roi,0.005737667828197084
07655.png,bottom-face,original_roi,0.007674197100404464
07655.png,forehead,original_roi,0.003945804909039853
07655.png,under-eyes,original_roi,0.00377089716781951
07655.png,left-cheek,smooth_1_sigma_1.5,0.003561475534065389
07655.png,right-cheek,smooth_1_sigma_1.5,0.005896003903209058
07655.png,bottom-face,smooth_1_sigma_1.5,0.007875901892761083
07655.png,forehead,smooth_1_sigma_1.5,0.004044164404568716
07655.png,under-eyes,smooth_1_sigma_1.5,0.0038844122882542714
07655.png,left-cheek,smooth_2_sigma_2.5,0.00357704746592905
07655.png,right-cheek,smooth_2_sigma_2.5,0.005935347793944039
07655.png,bottom-face,smooth_2_sigma_2.5,0.007939352836336963
07655.png,forehead,smooth_2_sigma_2.5,0.004067097444080221
07655.png,under-eyes,smooth_2_sigma_2.5,0.003911019938091242
07658.png,left-cheek,original_roi,0.004981454181230762
07658.png,right-cheek,original_roi,0.0052419588829850814
07658.png,bottom-face,original_roi,0.005470992142002032
07658.png,forehead,original_roi,0.004854215512093752
07658.png,under-eyes,original_roi,0.004965942379438062
07658.png,left-cheek,smooth_1_sigma_1.5,0.005244910449069873
07658.png,right-cheek,smooth_1_sigma_1.5,0.005518553431835153
07658.png,bottom-face,smooth_1_sigma_1.5,0.005779619834764929
07658.png,forehead,smooth_1_sigma_1.5,0.0051760557358552
07658.png,under-eyes,smooth_1_sigma_1.5,0.0052839642886443
07658.png,left-cheek,smooth_2_sigma_2.5,0.0053011339522693384
07658.png,right-cheek,smooth_2_sigma_2.5,0.005553466569386888
07658.png,bottom-face,smooth_2_sigma_2.5,0.005841671801894442
07658.png,forehead,smooth_2_sigma_2.5,0.005267374774148948
07658.png,under-eyes,smooth_2_sigma_2.5,0.00534311410565218
07694.png,left-cheek,original_roi,0.006634962408385506
07694.png,right-cheek,original_roi,0.0055832326775888735
07694.png,bottom-face,original_roi,0.0060978779143403125
07694.png,forehead,original_roi,0.008927268223367237
07694.png,under-eyes,original_roi,0.0063746756051156145
07694.png,left-cheek,smooth_1_sigma_1.5,0.006813104983811513
07694.png,right-cheek,smooth_1_sigma_1.5,0.005720013172014623
07694.png,bottom-face,smooth_1_sigma_1.5,0.006274298414923348
07694.png,forehead,smooth_1_sigma_1.5,0.009572299672168504
07694.png,under-eyes,smooth_1_sigma_1.5,0.007021737729384394
07694.png,left-cheek,smooth_2_sigma_2.5,0.006871198497043281
07694.png,right-cheek,smooth_2_sigma_2.5,0.0057720557389206026
07694.png,bottom-face,smooth_2_sigma_2.5,0.006326752442573546
07694.png,forehead,smooth_2_sigma_2.5,0.00981291524029608
07694.png,under-eyes,smooth_2_sigma_2.5,0.0073488498822178545
07717.png,left-cheek,original_roi,0.003960797459285561
07717.png,right-cheek,original_roi,0.0040987087141082105
07717.png,bottom-face,original_roi,0.004144471611064507
07717.png,forehead,original_roi,0.014449736386871649
07717.png,under-eyes,original_roi,0.004210154938633108
07717.png,left-cheek,smooth_1_sigma_1.5,0.004008382324793379
07717.png,right-cheek,smooth_1_sigma_1.5,0.0041553138363564735
07717.png,bottom-face,smooth_1_sigma_1.5,0.004195211537526279
07717.png,forehead,smooth_1_sigma_1.5,0.01814516794525959
07717.png,under-eyes,smooth_1_sigma_1.5,0.004316578959518651
07717.png,left-cheek,smooth_2_sigma_2.5,0.00402076919189215
07717.png,right-cheek,smooth_2_sigma_2.5,0.004170483532616426
07717.png,bottom-face,smooth_2_sigma_2.5,0.004211452463780707
07717.png,forehead,smooth_2_sigma_2.5,0.020501343520292932
07717.png,under-eyes,smooth_2_sigma_2.5,0.0043408909451120945
07738.png,left-cheek,original_roi,0.004513995741137384
07738.png,right-cheek,original_roi,0.004032071172922339
07738.png,bottom-face,original_roi,0.00409121431005147
07738.png,forehead,original_roi,0.004833179494032422
07738.png,under-eyes,original_roi,0.004171878799762545
07738.png,left-cheek,smooth_1_sigma_1.5,0.004681191356584111
07738.png,right-cheek,smooth_1_sigma_1.5,0.004134083938212188
07738.png,bottom-face,smooth_1_sigma_1.5,0.004192142946119133
07738.png,forehead,smooth_1_sigma_1.5,0.005111267338606459
07738.png,under-eyes,smooth_1_sigma_1.5,0.004305721009066863
07738.png,left-cheek,smooth_2_sigma_2.5,0.004699900669521127
07738.png,right-cheek,smooth_2_sigma_2.5,0.004152121150070096
07738.png,bottom-face,smooth_2_sigma_2.5,0.004211261795293218
07738.png,forehead,smooth_2_sigma_2.5,0.0051743963820183245
07738.png,under-eyes,smooth_2_sigma_2.5,0.0043332936260629985
07748.png,left-cheek,original_roi,0.004416514226714606
07748.png,right-cheek,original_roi,0.006378097324158444
07748.png,bottom-face,original_roi,0.006814563318981198
07748.png,forehead,original_roi,0.005577997247445906
07748.png,under-eyes,original_roi,0.005490047051450285
07748.png,left-cheek,smooth_1_sigma_1.5,0.004511865023319693
07748.png,right-cheek,smooth_1_sigma_1.5,0.0065720659598848905
07748.png,bottom-face,smooth_1_sigma_1.5,0.007131209179549343
07748.png,forehead,smooth_1_sigma_1.5,0.005815934119416336
07748.png,under-eyes,smooth_1_sigma_1.5,0.005755107872906104
07748.png,left-cheek,smooth_2_sigma_2.5,0.0045371324698498675
07748.png,right-cheek,smooth_2_sigma_2.5,0.006621043098511289
07748.png,bottom-face,smooth_2_sigma_2.5,0.00722211339759121
07748.png,forehead,smooth_2_sigma_2.5,0.005862230528565115
07748.png,under-eyes,smooth_2_sigma_2.5,0.005861362898752054
07750.png,left-cheek,original_roi,0.004880918639144904
07750.png,right-cheek,original_roi,0.005464009588154581
07750.png,bottom-face,original_roi,0.005515138536576617
07750.png,forehead,original_roi,0.005232979595079579
07750.png,under-eyes,original_roi,0.004945152518365713
07750.png,left-cheek,smooth_1_sigma_1.5,0.005102444963981433
07750.png,right-cheek,smooth_1_sigma_1.5,0.005712356802222825
07750.png,bottom-face,smooth_1_sigma_1.5,0.005718424756743159
07750.png,forehead,smooth_1_sigma_1.5,0.005584745036419945
07750.png,under-eyes,smooth_1_sigma_1.5,0.0051721888088219516
07750.png,left-cheek,smooth_2_sigma_2.5,0.00514544724841337
07750.png,right-cheek,smooth_2_sigma_2.5,0.00575625952088661
07750.png,bottom-face,smooth_2_sigma_2.5,0.005756686264866357
07750.png,forehead,smooth_2_sigma_2.5,0.005671679720396125
07750.png,under-eyes,smooth_2_sigma_2.5,0.005217464776884474
07757.png,left-cheek,original_roi,0.004862614501518296
07757.png,right-cheek,original_roi,0.00420436485168931
07757.png,bottom-face,original_roi,0.005129012724701212
07757.png,forehead,original_roi,0.012663772007853312
07757.png,under-eyes,original_roi,0.004817112779182417
07757.png,left-cheek,smooth_1_sigma_1.5,0.004945415935975419
07757.png,right-cheek,smooth_1_sigma_1.5,0.004274739745145657
07757.png,bottom-face,smooth_1_sigma_1.5,0.005267730293782381
07757.png,forehead,smooth_1_sigma_1.5,0.017429313548410045
07757.png,under-eyes,smooth_1_sigma_1.5,0.004954988365927478
07757.png,left-cheek,smooth_2_sigma_2.5,0.004970300874902886
07757.png,right-cheek,smooth_2_sigma_2.5,0.0042936010663700815
07757.png,bottom-face,smooth_2_sigma_2.5,0.005327418740285187
07757.png,forehead,smooth_2_sigma_2.5,0.02037616567637898
07757.png,under-eyes,smooth_2_sigma_2.5,0.004998967765330744
07769.png,left-cheek,original_roi,0.004973162142607564
07769.png,right-cheek,original_roi,0.0049403350080342
07769.png,bottom-face,original_roi,0.00509065682518455
07769.png,forehead,original_roi,0.009214205533472356
07769.png,under-eyes,original_roi,0.0046889358475888
07769.png,left-cheek,smooth_1_sigma_1.5,0.005166743532522972
07769.png,right-cheek,smooth_1_sigma_1.5,0.00508380203559455
07769.png,bottom-face,smooth_1_sigma_1.5,0.0052331627624757765
07769.png,forehead,smooth_1_sigma_1.5,0.012131157017274144
07769.png,under-eyes,smooth_1_sigma_1.5,0.0048993905995247545
07769.png,left-cheek,smooth_2_sigma_2.5,0.005198637795580423
07769.png,right-cheek,smooth_2_sigma_2.5,0.005114146484153325
07769.png,bottom-face,smooth_2_sigma_2.5,0.00526443280175798
07769.png,forehead,smooth_2_sigma_2.5,0.01361475193174223
07769.png,under-eyes,smooth_2_sigma_2.5,0.004946607074930887
07798.png,left-cheek,original_roi,0.003926019077998957
07798.png,right-cheek,original_roi,0.00608221104371396
07798.png,bottom-face,original_roi,0.004801937821802827
07798.png,forehead,original_roi,0.0071215672908531156
07798.png,under-eyes,original_roi,0.004898155448417488
07798.png,left-cheek,smooth_1_sigma_1.5,0.0040002530467841335
07798.png,right-cheek,smooth_1_sigma_1.5,0.0063041236257920154
07798.png,bottom-face,smooth_1_sigma_1.5,0.0049271094451916655
07798.png,forehead,smooth_1_sigma_1.5,0.007970314391595108
07798.png,under-eyes,smooth_1_sigma_1.5,0.005045910074531039
07798.png,left-cheek,smooth_2_sigma_2.5,0.004019143498665314
07798.png,right-cheek,smooth_2_sigma_2.5,0.006346510635892743
07798.png,bottom-face,smooth_2_sigma_2.5,0.004957506372724874
07798.png,forehead,smooth_2_sigma_2.5,0.008242163740280474
07798.png,under-eyes,smooth_2_sigma_2.5,0.005082299940146927
07814.png,left-cheek,original_roi,0.004234905239241698
07814.png,right-cheek,original_roi,0.004329878997572741
07814.png,bottom-face,original_roi,0.005702331907425879
07814.png,forehead,original_roi,0.003697996014113732
07814.png,under-eyes,original_roi,0.0040652197913556305
07814.png,left-cheek,smooth_1_sigma_1.5,0.004356369383718182
07814.png,right-cheek,smooth_1_sigma_1.5,0.004513476562273432
07814.png,bottom-face,smooth_1_sigma_1.5,0.005953434847019893
07814.png,forehead,smooth_1_sigma_1.5,0.0038314743836904215
07814.png,under-eyes,smooth_1_sigma_1.5,0.004246067795510801
07814.png,left-cheek,smooth_2_sigma_2.5,0.004382003701841485
07814.png,right-cheek,smooth_2_sigma_2.5,0.004598860045509615
07814.png,bottom-face,smooth_2_sigma_2.5,0.006017835012050232
07814.png,forehead,smooth_2_sigma_2.5,0.003861714001347114
07814.png,under-eyes,smooth_2_sigma_2.5,0.004307789699882833
07816.png,left-cheek,original_roi,0.003564116992102197
07816.png,right-cheek,original_roi,0.003937569151949145
07816.png,bottom-face,original_roi,0.0034405935638139287
07816.png,forehead,original_roi,0.0035950195723056873
07816.png,under-eyes,original_roi,0.003682406177335255
07816.png,left-cheek,smooth_1_sigma_1.5,0.0037012513015708304
07816.png,right-cheek,smooth_1_sigma_1.5,0.004119208853616735
07816.png,bottom-face,smooth_1_sigma_1.5,0.004160810201856034
07816.png,forehead,smooth_1_sigma_1.5,0.0037079447883259947
07816.png,under-eyes,smooth_1_sigma_1.5,0.003815194143954821
07816.png,left-cheek,smooth_2_sigma_2.5,0.003736872672519256
07816.png,right-cheek,smooth_2_sigma_2.5,0.004158177314722892
07816.png,bottom-face,smooth_2_sigma_2.5,0.004487118453010181
07816.png,forehead,smooth_2_sigma_2.5,0.0037282176593241827
07816.png,under-eyes,smooth_2_sigma_2.5,0.0038415216666151317
07819.png,left-cheek,original_roi,0.006210196032054679
07819.png,right-cheek,original_roi,0.005604153701820912
07819.png,bottom-face,original_roi,0.006853150568883011
07819.png,forehead,original_roi,0.0043962837202988336
07819.png,under-eyes,original_roi,0.005201355769421578
07819.png,left-cheek,smooth_1_sigma_1.5,0.006436296322248653
07819.png,right-cheek,smooth_1_sigma_1.5,0.005714207953907902
07819.png,bottom-face,smooth_1_sigma_1.5,0.00703883874143646
07819.png,forehead,smooth_1_sigma_1.5,0.00454617767467087
07819.png,under-eyes,smooth_1_sigma_1.5,0.005427042456044661
07819.png,left-cheek,smooth_2_sigma_2.5,0.006549937259732942
07819.png,right-cheek,smooth_2_sigma_2.5,0.005745029125241329
07819.png,bottom-face,smooth_2_sigma_2.5,0.0070917532041465895
07819.png,forehead,smooth_2_sigma_2.5,0.004585575680444929
07819.png,under-eyes,smooth_2_sigma_2.5,0.005490585277152111
07820.png,left-cheek,original_roi,0.003926723681757623
07820.png,right-cheek,original_roi,0.004568172471949048
07820.png,bottom-face,original_roi,0.004495187235907064
07820.png,forehead,original_roi,0.004421935605132607
07820.png,under-eyes,original_roi,0.0040739794092498295
07820.png,left-cheek,smooth_1_sigma_1.5,0.004022059803728962
07820.png,right-cheek,smooth_1_sigma_1.5,0.004696021596223959
07820.png,bottom-face,smooth_1_sigma_1.5,0.0046289754098549725
07820.png,forehead,smooth_1_sigma_1.5,0.004607131606869958
07820.png,under-eyes,smooth_1_sigma_1.5,0.00417415086361134
07820.png,left-cheek,smooth_2_sigma_2.5,0.004039269592643594
07820.png,right-cheek,smooth_2_sigma_2.5,0.004720269253273766
07820.png,bottom-face,smooth_2_sigma_2.5,0.004658681963152868
07820.png,forehead,smooth_2_sigma_2.5,0.004646362139975683
07820.png,under-eyes,smooth_2_sigma_2.5,0.004194583831173837
07821.png,left-cheek,original_roi,0.008238641200589994
07821.png,right-cheek,original_roi,0.00890074943207403
07821.png,bottom-face,original_roi,0.00944037659375836
07821.png,forehead,original_roi,0.005406890480101664
07821.png,under-eyes,original_roi,0.005411967507962835
07821.png,left-cheek,smooth_1_sigma_1.5,0.008663490674044575
07821.png,right-cheek,smooth_1_sigma_1.5,0.00954472307171174
07821.png,bottom-face,smooth_1_sigma_1.5,0.00996276620691738
07821.png,forehead,smooth_1_sigma_1.5,0.005645525095148099
07821.png,under-eyes,smooth_1_sigma_1.5,0.005794265386907244
07821.png,left-cheek,smooth_2_sigma_2.5,0.008755917870311878
07821.png,right-cheek,smooth_2_sigma_2.5,0.009734954675030317
07821.png,bottom-face,smooth_2_sigma_2.5,0.010073807980003466
07821.png,forehead,smooth_2_sigma_2.5,0.005697954291815837
07821.png,under-eyes,smooth_2_sigma_2.5,0.005963627241837763
07822.png,left-cheek,original_roi,0.00394320779865672
07822.png,right-cheek,original_roi,0.004214028823845271
07822.png,bottom-face,original_roi,0.004592957016209471
07822.png,forehead,original_roi,0.0043460846615199795
07822.png,under-eyes,original_roi,0.004483775909092155
07822.png,left-cheek,smooth_1_sigma_1.5,0.004084825729843475
07822.png,right-cheek,smooth_1_sigma_1.5,0.004415204663157386
07822.png,bottom-face,smooth_1_sigma_1.5,0.004814757520895644
07822.png,forehead,smooth_1_sigma_1.5,0.004551561526053793
07822.png,under-eyes,smooth_1_sigma_1.5,0.004917154559333518
07822.png,left-cheek,smooth_2_sigma_2.5,0.00413026783596926
07822.png,right-cheek,smooth_2_sigma_2.5,0.004481884009004824
07822.png,bottom-face,smooth_2_sigma_2.5,0.004850047187602369
07822.png,forehead,smooth_2_sigma_2.5,0.00458163263177719
07822.png,under-eyes,smooth_2_sigma_2.5,0.005094205779440357
07824.png,left-cheek,original_roi,0.004795988804041639
07824.png,right-cheek,original_roi,0.0065280150362690085
07824.png,bottom-face,original_roi,0.005962213349343014
07824.png,forehead,original_roi,0.00548286818337831
07824.png,under-eyes,original_roi,0.006095170848247593
07824.png,left-cheek,smooth_1_sigma_1.5,0.00500827724401712
07824.png,right-cheek,smooth_1_sigma_1.5,0.006925641157754083
07824.png,bottom-face,smooth_1_sigma_1.5,0.006292635304355548
07824.png,forehead,smooth_1_sigma_1.5,0.00598232586742972
07824.png,under-eyes,smooth_1_sigma_1.5,0.006576652327598409
07824.png,left-cheek,smooth_2_sigma_2.5,0.005072876126561916
07824.png,right-cheek,smooth_2_sigma_2.5,0.007097046427595535
07824.png,bottom-face,smooth_2_sigma_2.5,0.006374360090704947
07824.png,forehead,smooth_2_sigma_2.5,0.00606808686591382
07824.png,under-eyes,smooth_2_sigma_2.5,0.006765433432302402
07825.png,left-cheek,original_roi,0.006572449971368039
07825.png,right-cheek,original_roi,0.006196502310539851
07825.png,bottom-face,original_roi,0.007033536978431148
07825.png,forehead,original_roi,0.005134079435721301
07825.png,under-eyes,original_roi,0.005623807323715201
07825.png,left-cheek,smooth_1_sigma_1.5,0.006844763769766949
07825.png,right-cheek,smooth_1_sigma_1.5,0.006448049376105851
07825.png,bottom-face,smooth_1_sigma_1.5,0.007296569063358121
07825.png,forehead,smooth_1_sigma_1.5,0.005538248368020664
07825.png,under-eyes,smooth_1_sigma_1.5,0.0060698040138664104
07825.png,left-cheek,smooth_2_sigma_2.5,0.006898775607811663
07825.png,right-cheek,smooth_2_sigma_2.5,0.006499043283573045
07825.png,bottom-face,smooth_2_sigma_2.5,0.0073878047945889706
07825.png,forehead,smooth_2_sigma_2.5,0.005609358021155024
07825.png,under-eyes,smooth_2_sigma_2.5,0.006192066347377715
07829.png,left-cheek,original_roi,0.004386861219782589
07829.png,right-cheek,original_roi,0.004815483783386168
07829.png,bottom-face,original_roi,0.004882971707690986
07829.png,forehead,original_roi,0.003990115178551286
07829.png,under-eyes,original_roi,0.004352969602724272
07829.png,left-cheek,smooth_1_sigma_1.5,0.004489422942265383
07829.png,right-cheek,smooth_1_sigma_1.5,0.0049523789802092015
07829.png,bottom-face,smooth_1_sigma_1.5,0.00500023017393132
07829.png,forehead,smooth_1_sigma_1.5,0.004061659779160526
07829.png,under-eyes,smooth_1_sigma_1.5,0.004499379946654513
07829.png,left-cheek,smooth_2_sigma_2.5,0.004515179755472015
07829.png,right-cheek,smooth_2_sigma_2.5,0.00498077244711368
07829.png,bottom-face,smooth_2_sigma_2.5,0.005029452161015562
07829.png,forehead,smooth_2_sigma_2.5,0.004081642730019634
07829.png,under-eyes,smooth_2_sigma_2.5,0.00453935025108983
07833.png,left-cheek,original_roi,0.003941687833048716
07833.png,right-cheek,original_roi,0.004959627819042527
07833.png,bottom-face,original_roi,0.004533441942434882
07833.png,forehead,original_roi,0.0035423101368845366
07833.png,under-eyes,original_roi,0.003871377862559669
07833.png,left-cheek,smooth_1_sigma_1.5,0.004112830876747079
07833.png,right-cheek,smooth_1_sigma_1.5,0.005229540625049066
07833.png,bottom-face,smooth_1_sigma_1.5,0.004759158888326265
07833.png,forehead,smooth_1_sigma_1.5,0.0036400186163650853
07833.png,under-eyes,smooth_1_sigma_1.5,0.00410365595527614
07833.png,left-cheek,smooth_2_sigma_2.5,0.004142406361065359
07833.png,right-cheek,smooth_2_sigma_2.5,0.005285761153612371
07833.png,bottom-face,smooth_2_sigma_2.5,0.004797004809917699
07833.png,forehead,smooth_2_sigma_2.5,0.0036584099988413083
07833.png,under-eyes,smooth_2_sigma_2.5,0.004183443740307447
07834.png,left-cheek,original_roi,0.003578914803312534
07834.png,right-cheek,original_roi,0.007383568213187351
07834.png,bottom-face,original_roi,0.004153551364332034
07834.png,forehead,original_roi,0.004546127655446311
07834.png,under-eyes,original_roi,0.004450390346173617
07834.png,left-cheek,smooth_1_sigma_1.5,0.0036618618721770304
07834.png,right-cheek,smooth_1_sigma_1.5,0.007555362027733807
07834.png,bottom-face,smooth_1_sigma_1.5,0.0042405148515757395
07834.png,forehead,smooth_1_sigma_1.5,0.005557170059523126
07834.png,under-eyes,smooth_1_sigma_1.5,0.004642852280218001
07834.png,left-cheek,smooth_2_sigma_2.5,0.003688524681889574
07834.png,right-cheek,smooth_2_sigma_2.5,0.007613641652773337
07834.png,bottom-face,smooth_2_sigma_2.5,0.004279910225052818
07834.png,forehead,smooth_2_sigma_2.5,0.0060628418940130895
07834.png,under-eyes,smooth_2_sigma_2.5,0.004718470296495642
07836.png,left-cheek,original_roi,0.003876026516723872
07836.png,right-cheek,original_roi,0.004725077673508933
07836.png,bottom-face,original_roi,0.004785226882492062
07836.png,forehead,original_roi,0.004789657093036313
07836.png,under-eyes,original_roi,0.004096388148778613
07836.png,left-cheek,smooth_1_sigma_1.5,0.003996410176506413
07836.png,right-cheek,smooth_1_sigma_1.5,0.0048279598332450074
07836.png,bottom-face,smooth_1_sigma_1.5,0.004968413236068385
07836.png,forehead,smooth_1_sigma_1.5,0.004960707468522181
07836.png,under-eyes,smooth_1_sigma_1.5,0.004253897410335853
07836.png,left-cheek,smooth_2_sigma_2.5,0.004020095427943782
07836.png,right-cheek,smooth_2_sigma_2.5,0.004853900921423617
07836.png,bottom-face,smooth_2_sigma_2.5,0.005008163547754885
07836.png,forehead,smooth_2_sigma_2.5,0.004996485511918859
07836.png,under-eyes,smooth_2_sigma_2.5,0.004295315911261664
07839.png,left-cheek,original_roi,0.004067720129173824
07839.png,right-cheek,original_roi,0.004419160223094058
07839.png,bottom-face,original_roi,0.0048574213787498394
07839.png,forehead,original_roi,0.004882708201375504
07839.png,under-eyes,original_roi,0.0036217109610454865
07839.png,left-cheek,smooth_1_sigma_1.5,0.004485850600280205
07839.png,right-cheek,smooth_1_sigma_1.5,0.004791514358285208
07839.png,bottom-face,smooth_1_sigma_1.5,0.004987840282385578
07839.png,forehead,smooth_1_sigma_1.5,0.005770101168900623
07839.png,under-eyes,smooth_1_sigma_1.5,0.004018492863672031
07839.png,left-cheek,smooth_2_sigma_2.5,0.0048002040650716475
07839.png,right-cheek,smooth_2_sigma_2.5,0.0051063765899337496
07839.png,bottom-face,smooth_2_sigma_2.5,0.005020460727958607
07839.png,forehead,smooth_2_sigma_2.5,0.006215557310680248
07839.png,under-eyes,smooth_2_sigma_2.5,0.004292980193199257
07844.png,left-cheek,original_roi,0.004806986061145052
07844.png,right-cheek,original_roi,0.006256699732663467
07844.png,bottom-face,original_roi,0.0074265459127707215
07844.png,forehead,original_roi,0.005316353709498456
07844.png,under-eyes,original_roi,0.005269733613944611
07844.png,left-cheek,smooth_1_sigma_1.5,0.00547480368860471
07844.png,right-cheek,smooth_1_sigma_1.5,0.006751578868001648
07844.png,bottom-face,smooth_1_sigma_1.5,0.008063208310712793
07844.png,forehead,smooth_1_sigma_1.5,0.00601240284000393
07844.png,under-eyes,smooth_1_sigma_1.5,0.005947112711576685
07844.png,left-cheek,smooth_2_sigma_2.5,0.005690302859070226
07844.png,right-cheek,smooth_2_sigma_2.5,0.006814470450431989
07844.png,bottom-face,smooth_2_sigma_2.5,0.008144088146510225
07844.png,forehead,smooth_2_sigma_2.5,0.006091843449364366
07844.png,under-eyes,smooth_2_sigma_2.5,0.006062815602719636
07847.png,left-cheek,original_roi,0.00505689337811807
07847.png,right-cheek,original_roi,0.0040645117905412
07847.png,bottom-face,original_roi,0.005714657243243146
07847.png,forehead,original_roi,0.003920448275796381
07847.png,under-eyes,original_roi,0.00420508320094514
07847.png,left-cheek,smooth_1_sigma_1.5,0.005265437416911309
07847.png,right-cheek,smooth_1_sigma_1.5,0.004177805062381305
07847.png,bottom-face,smooth_1_sigma_1.5,0.006461338059157101
07847.png,forehead,smooth_1_sigma_1.5,0.0039980180647180355
07847.png,under-eyes,smooth_1_sigma_1.5,0.004308596610582836
07847.png,left-cheek,smooth_2_sigma_2.5,0.005304945102442717
07847.png,right-cheek,smooth_2_sigma_2.5,0.0042015360346511
07847.png,bottom-face,smooth_2_sigma_2.5,0.006611746263861502
07847.png,forehead,smooth_2_sigma_2.5,0.004015428171146287
07847.png,under-eyes,smooth_2_sigma_2.5,0.004333072326831927
07850.png,left-cheek,original_roi,0.00478208801714254
07850.png,right-cheek,original_roi,0.006789551072973701
07850.png,bottom-face,original_roi,0.0061087301606859426
07850.png,forehead,original_roi,0.005361502793580225
07850.png,under-eyes,original_roi,0.006152346860146035
07850.png,left-cheek,smooth_1_sigma_1.5,0.004974025910033568
07850.png,right-cheek,smooth_1_sigma_1.5,0.007406804156149283
07850.png,bottom-face,smooth_1_sigma_1.5,0.006482326295689878
07850.png,forehead,smooth_1_sigma_1.5,0.005652463389927209
07850.png,under-eyes,smooth_1_sigma_1.5,0.00665822735342122
07850.png,left-cheek,smooth_2_sigma_2.5,0.005028212307541598
07850.png,right-cheek,smooth_2_sigma_2.5,0.007537563103859497
07850.png,bottom-face,smooth_2_sigma_2.5,0.006578333660879969
07850.png,forehead,smooth_2_sigma_2.5,0.0057809227822579684
07850.png,under-eyes,smooth_2_sigma_2.5,0.0068434176913294694
07851.png,left-cheek,original_roi,0.0045617389134210385
07851.png,right-cheek,original_roi,0.004463070612126145
07851.png,bottom-face,original_roi,0.005217372318906589
07851.png,forehead,original_roi,0.004011688244318676
07851.png,under-eyes,original_roi,0.0043462715769230645
07851.png,left-cheek,smooth_1_sigma_1.5,0.004674958369846391
07851.png,right-cheek,smooth_1_sigma_1.5,0.0045612556237475226
07851.png,bottom-face,smooth_1_sigma_1.5,0.005407448259289427
07851.png,forehead,smooth_1_sigma_1.5,0.0041409553312366735
07851.png,under-eyes,smooth_1_sigma_1.5,0.0046098193514160606
07851.png,left-cheek,smooth_2_sigma_2.5,0.004706703625010844
07851.png,right-cheek,smooth_2_sigma_2.5,0.004594704368413888
07851.png,bottom-face,smooth_2_sigma_2.5,0.00545654864000683
07851.png,forehead,smooth_2_sigma_2.5,0.004171776384578506
07851.png,under-eyes,smooth_2_sigma_2.5,0.004723281752356016
07852.png,left-cheek,original_roi,0.005311735630599286
07852.png,right-cheek,original_roi,0.004925781371128123
07852.png,bottom-face,original_roi,0.004724350756803708
07852.png,forehead,original_roi,0.004428803456434573
07852.png,under-eyes,original_roi,0.004487217208497851
07852.png,left-cheek,smooth_1_sigma_1.5,0.00546788951797623
07852.png,right-cheek,smooth_1_sigma_1.5,0.005151227107207668
07852.png,bottom-face,smooth_1_sigma_1.5,0.005636000503607467
07852.png,forehead,smooth_1_sigma_1.5,0.004619358066561888
07852.png,under-eyes,smooth_1_sigma_1.5,0.004834718326908121
07852.png,left-cheek,smooth_2_sigma_2.5,0.0054590952464462295
07852.png,right-cheek,smooth_2_sigma_2.5,0.0051988329527928746
07852.png,bottom-face,smooth_2_sigma_2.5,0.005939174917715928
07852.png,forehead,smooth_2_sigma_2.5,0.004666817189356156
07852.png,under-eyes,smooth_2_sigma_2.5,0.004986036839624313
07853.png,left-cheek,original_roi,0.004533362269810895
07853.png,right-cheek,original_roi,0.004551689041281309
07853.png,bottom-face,original_roi,0.004904866519183631
07853.png,forehead,original_roi,0.004436478983303289
07853.png,under-eyes,original_roi,0.004759739586989314
07853.png,left-cheek,smooth_1_sigma_1.5,0.004820973736870913
07853.png,right-cheek,smooth_1_sigma_1.5,0.004860588803237206
07853.png,bottom-face,smooth_1_sigma_1.5,0.005615040422248281
07853.png,forehead,smooth_1_sigma_1.5,0.004738176322554448
07853.png,under-eyes,smooth_1_sigma_1.5,0.005030228552976965
07853.png,left-cheek,smooth_2_sigma_2.5,0.004873455457814546
07853.png,right-cheek,smooth_2_sigma_2.5,0.004909659256786234
07853.png,bottom-face,smooth_2_sigma_2.5,0.005766528954342504
07853.png,forehead,smooth_2_sigma_2.5,0.004789287797877819
07853.png,under-eyes,smooth_2_sigma_2.5,0.0050897778472631895
07854.png,left-cheek,original_roi,0.00607577539106891
07854.png,right-cheek,original_roi,0.00535818355566182
07854.png,bottom-face,original_roi,0.005967841697526144
07854.png,forehead,original_roi,0.004686602550351855
07854.png,under-eyes,original_roi,0.005483360205472475
07854.png,left-cheek,smooth_1_sigma_1.5,0.00624979530665883
07854.png,right-cheek,smooth_1_sigma_1.5,0.00549931564574276
07854.png,bottom-face,smooth_1_sigma_1.5,0.006224275577756871
07854.png,forehead,smooth_1_sigma_1.5,0.004779330838075984
07854.png,under-eyes,smooth_1_sigma_1.5,0.005739908868568001
07854.png,left-cheek,smooth_2_sigma_2.5,0.0063004618928305355
07854.png,right-cheek,smooth_2_sigma_2.5,0.005538440954205875
07854.png,bottom-face,smooth_2_sigma_2.5,0.006288112773929034
07854.png,forehead,smooth_2_sigma_2.5,0.0048068773539947625
07854.png,under-eyes,smooth_2_sigma_2.5,0.005829098391698767
07862.png,left-cheek,original_roi,0.0043814739877842115
07862.png,right-cheek,original_roi,0.00393027802321494
07862.png,bottom-face,original_roi,0.003969832414455356
07862.png,forehead,original_roi,0.004379713695915015
07862.png,under-eyes,original_roi,0.0040264345046501695
07862.png,left-cheek,smooth_1_sigma_1.5,0.004458013698991223
07862.png,right-cheek,smooth_1_sigma_1.5,0.0039912811615294445
07862.png,bottom-face,smooth_1_sigma_1.5,0.004094471954262491
07862.png,forehead,smooth_1_sigma_1.5,0.00489917677731076
07862.png,under-eyes,smooth_1_sigma_1.5,0.004503108125083274
07862.png,left-cheek,smooth_2_sigma_2.5,0.0044812439783808895
07862.png,right-cheek,smooth_2_sigma_2.5,0.004008491571731372
07862.png,bottom-face,smooth_2_sigma_2.5,0.004119297032334329
07862.png,forehead,smooth_2_sigma_2.5,0.005195879374151271
07862.png,under-eyes,smooth_2_sigma_2.5,0.004868069901053112
07865.png,left-cheek,original_roi,0.0044701684287687254
07865.png,right-cheek,original_roi,0.0038577093251253606
07865.png,bottom-face,original_roi,0.004361797957547391
07865.png,forehead,original_roi,0.0037789692090390643
07865.png,under-eyes,original_roi,0.004042760772838253
07865.png,left-cheek,smooth_1_sigma_1.5,0.004780786010737038
07865.png,right-cheek,smooth_1_sigma_1.5,0.004064900183080631
07865.png,bottom-face,smooth_1_sigma_1.5,0.004494876778776693
07865.png,forehead,smooth_1_sigma_1.5,0.003958099849558046
07865.png,under-eyes,smooth_1_sigma_1.5,0.004348771371960951
07865.png,left-cheek,smooth_2_sigma_2.5,0.004962727051208996
07865.png,right-cheek,smooth_2_sigma_2.5,0.004189131633092173
07865.png,bottom-face,smooth_2_sigma_2.5,0.004520161483037973
07865.png,forehead,smooth_2_sigma_2.5,0.003982217066480441
07865.png,under-eyes,smooth_2_sigma_2.5,0.00452463866588092
07867.png,left-cheek,original_roi,0.004960165707952921
07867.png,right-cheek,original_roi,0.004766085067802339
07867.png,bottom-face,original_roi,0.005041921197314727
07867.png,forehead,original_roi,0.0038595031833385256
07867.png,under-eyes,original_roi,0.004205121827285076
07867.png,left-cheek,smooth_1_sigma_1.5,0.005169450167085589
07867.png,right-cheek,smooth_1_sigma_1.5,0.004937073094855341
07867.png,bottom-face,smooth_1_sigma_1.5,0.005286999298707181
07867.png,forehead,smooth_1_sigma_1.5,0.004130714874722677
07867.png,under-eyes,smooth_1_sigma_1.5,0.004603880458219132
07867.png,left-cheek,smooth_2_sigma_2.5,0.005215483219850943
07867.png,right-cheek,smooth_2_sigma_2.5,0.004968627879761592
07867.png,bottom-face,smooth_2_sigma_2.5,0.005333977111527104
07867.png,forehead,smooth_2_sigma_2.5,0.0041697090690444045
07867.png,under-eyes,smooth_2_sigma_2.5,0.004697534044997769
07871.png,left-cheek,original_roi,0.004244281329418672
07871.png,right-cheek,original_roi,0.008341891970161676
07871.png,bottom-face,original_roi,0.005306678064426404
07871.png,forehead,original_roi,0.014060527868111966
07871.png,under-eyes,original_roi,0.006825814995153762
07871.png,left-cheek,smooth_1_sigma_1.5,0.004357521053777471
07871.png,right-cheek,smooth_1_sigma_1.5,0.008839521382112803
07871.png,bottom-face,smooth_1_sigma_1.5,0.005488686868990624
07871.png,forehead,smooth_1_sigma_1.5,0.017795262314508762
07871.png,under-eyes,smooth_1_sigma_1.5,0.007209612089136428
07871.png,left-cheek,smooth_2_sigma_2.5,0.004377727071691071
07871.png,right-cheek,smooth_2_sigma_2.5,0.008934677617704166
07871.png,bottom-face,smooth_2_sigma_2.5,0.005529608401872766
07871.png,forehead,smooth_2_sigma_2.5,0.019852699904144774
07871.png,under-eyes,smooth_2_sigma_2.5,0.007300365064899788
07874.png,left-cheek,original_roi,0.004313616563613602
07874.png,right-cheek,original_roi,0.003783114514210623
07874.png,bottom-face,original_roi,0.003985823023651072
07874.png,forehead,original_roi,0.003649552609983548
07874.png,under-eyes,original_roi,0.00418020433797618
07874.png,left-cheek,smooth_1_sigma_1.5,0.00450886774884252
07874.png,right-cheek,smooth_1_sigma_1.5,0.0038970477634491124
07874.png,bottom-face,smooth_1_sigma_1.5,0.004117709586324096
07874.png,forehead,smooth_1_sigma_1.5,0.0037897852414610802
07874.png,under-eyes,smooth_1_sigma_1.5,0.004485988666867356
07874.png,left-cheek,smooth_2_sigma_2.5,0.004537703551141443
07874.png,right-cheek,smooth_2_sigma_2.5,0.00391326523234205
07874.png,bottom-face,smooth_2_sigma_2.5,0.004139575933296127
07874.png,forehead,smooth_2_sigma_2.5,0.0038246676296169887
07874.png,under-eyes,smooth_2_sigma_2.5,0.004584772011230402
07878.png,left-cheek,original_roi,0.004852941840402486
07878.png,right-cheek,original_roi,0.004356205930651893
07878.png,bottom-face,original_roi,0.004506477609229084
07878.png,forehead,original_roi,0.0040915939686331565
07878.png,under-eyes,original_roi,0.004551830098753403
07878.png,left-cheek,smooth_1_sigma_1.5,0.004947348828336529
07878.png,right-cheek,smooth_1_sigma_1.5,0.004430405433759324
07878.png,bottom-face,smooth_1_sigma_1.5,0.004581344012187038
07878.png,forehead,smooth_1_sigma_1.5,0.004210503195258212
07878.png,under-eyes,smooth_1_sigma_1.5,0.00470878781934358
07878.png,left-cheek,smooth_2_sigma_2.5,0.004974900749398405
07878.png,right-cheek,smooth_2_sigma_2.5,0.0044535942596897575
07878.png,bottom-face,smooth_2_sigma_2.5,0.0046061509893898945
07878.png,forehead,smooth_2_sigma_2.5,0.004245318596868754
07878.png,under-eyes,smooth_2_sigma_2.5,0.004770340276851574
07880.png,left-cheek,original_roi,0.006903865615569999
07880.png,right-cheek,original_roi,0.004128115951959047
07880.png,bottom-face,original_roi,0.005615094207061847
07880.png,forehead,original_roi,0.004979195747413085
07880.png,under-eyes,original_roi,0.005527510983563573
07880.png,left-cheek,smooth_1_sigma_1.5,0.007238862926681433
07880.png,right-cheek,smooth_1_sigma_1.5,0.004230904795825826
07880.png,bottom-face,smooth_1_sigma_1.5,0.005968760522264212
07880.png,forehead,smooth_1_sigma_1.5,0.0051321072530789566
07880.png,under-eyes,smooth_1_sigma_1.5,0.005779221058195462
07880.png,left-cheek,smooth_2_sigma_2.5,0.0073558842118390845
07880.png,right-cheek,smooth_2_sigma_2.5,0.0042644572471330095
07880.png,bottom-face,smooth_2_sigma_2.5,0.006074408713057045
07880.png,forehead,smooth_2_sigma_2.5,0.005180317960481801
07880.png,under-eyes,smooth_2_sigma_2.5,0.005852593513511059
07881.png,left-cheek,original_roi,0.004779564688060504
07881.png,right-cheek,original_roi,0.005607685498718285
07881.png,bottom-face,original_roi,0.005316740477720927
07881.png,forehead,original_roi,0.004309719087387424
07881.png,under-eyes,original_roi,0.005022214732631974
07881.png,left-cheek,smooth_1_sigma_1.5,0.004936084204957095
07881.png,right-cheek,smooth_1_sigma_1.5,0.005801991576286212
07881.png,bottom-face,smooth_1_sigma_1.5,0.00549471024239829
07881.png,forehead,smooth_1_sigma_1.5,0.00441377138926408
07881.png,under-eyes,smooth_1_sigma_1.5,0.005370170700026812
07881.png,left-cheek,smooth_2_sigma_2.5,0.004986458075329977
07881.png,right-cheek,smooth_2_sigma_2.5,0.00586204269604656
07881.png,bottom-face,smooth_2_sigma_2.5,0.005533132780866147
07881.png,forehead,smooth_2_sigma_2.5,0.004437140358892598
07881.png,under-eyes,smooth_2_sigma_2.5,0.005534948706060198
07882.png,left-cheek,original_roi,0.003081185643277414
07882.png,right-cheek,original_roi,0.004245986470007908
07882.png,bottom-face,original_roi,0.003588492021045266
07882.png,forehead,original_roi,0.003248444862816158
07882.png,under-eyes,original_roi,0.003413253062998849
07882.png,left-cheek,smooth_1_sigma_1.5,0.0031200407772121654
07882.png,right-cheek,smooth_1_sigma_1.5,0.004401217152226475
07882.png,bottom-face,smooth_1_sigma_1.5,0.003802277356634717
07882.png,forehead,smooth_1_sigma_1.5,0.0033131825009577033
07882.png,under-eyes,smooth_1_sigma_1.5,0.0035149663336681374
07882.png,left-cheek,smooth_2_sigma_2.5,0.0031296605367946355
07882.png,right-cheek,smooth_2_sigma_2.5,0.0044315853844238825
07882.png,bottom-face,smooth_2_sigma_2.5,0.003930751482151982
07882.png,forehead,smooth_2_sigma_2.5,0.003331654014925893
07882.png,under-eyes,smooth_2_sigma_2.5,0.0035452865037618494
07885.png,left-cheek,original_roi,0.005056984052552015
07885.png,right-cheek,original_roi,0.008015015679857506
07885.png,bottom-face,original_roi,0.005319745940043224
07885.png,forehead,original_roi,0.005820533103760244
07885.png,under-eyes,original_roi,0.0057102511826864705
07885.png,left-cheek,smooth_1_sigma_1.5,0.005317659695825743
07885.png,right-cheek,smooth_1_sigma_1.5,0.008644530287344217
07885.png,bottom-face,smooth_1_sigma_1.5,0.00577651487763449
07885.png,forehead,smooth_1_sigma_1.5,0.006255683483926307
07885.png,under-eyes,smooth_1_sigma_1.5,0.00593520224121502
07885.png,left-cheek,smooth_2_sigma_2.5,0.005368713521486094
07885.png,right-cheek,smooth_2_sigma_2.5,0.008833488644075519
07885.png,bottom-face,smooth_2_sigma_2.5,0.005860566521602752
07885.png,forehead,smooth_2_sigma_2.5,0.006374948948628244
07885.png,under-eyes,smooth_2_sigma_2.5,0.005993526428900643
07893.png,left-cheek,original_roi,0.006127521097144733
07893.png,right-cheek,original_roi,0.007241718527040104
07893.png,bottom-face,original_roi,0.006475268994734151
07893.png,forehead,original_roi,0.006511153687375225
07893.png,under-eyes,original_roi,0.007610146841165923
07893.png,left-cheek,smooth_1_sigma_1.5,0.006353868862485786
07893.png,right-cheek,smooth_1_sigma_1.5,0.007561348661181822
07893.png,bottom-face,smooth_1_sigma_1.5,0.0067196303970018115
07893.png,forehead,smooth_1_sigma_1.5,0.006760388490206432
07893.png,under-eyes,smooth_1_sigma_1.5,0.008083265109710032
07893.png,left-cheek,smooth_2_sigma_2.5,0.0064238311628805585
07893.png,right-cheek,smooth_2_sigma_2.5,0.007632976756448702
07893.png,bottom-face,smooth_2_sigma_2.5,0.006780443465378132
07893.png,forehead,smooth_2_sigma_2.5,0.006816572508802616
07893.png,under-eyes,smooth_2_sigma_2.5,0.008222606291131383
07894.png,left-cheek,original_roi,0.0032804089418974284
07894.png,right-cheek,original_roi,0.004228916616821698
07894.png,bottom-face,original_roi,0.0038463204924424127
07894.png,forehead,original_roi,0.00368223022092226
07894.png,under-eyes,original_roi,0.004292774257335973
07894.png,left-cheek,smooth_1_sigma_1.5,0.003299233493839976
07894.png,right-cheek,smooth_1_sigma_1.5,0.004277825167610271
07894.png,bottom-face,smooth_1_sigma_1.5,0.0038934825940941933
07894.png,forehead,smooth_1_sigma_1.5,0.0038257807109775095
07894.png,under-eyes,smooth_1_sigma_1.5,0.004386541049231705
07894.png,left-cheek,smooth_2_sigma_2.5,0.003309129800016482
07894.png,right-cheek,smooth_2_sigma_2.5,0.004295760236429413
07894.png,bottom-face,smooth_2_sigma_2.5,0.003917611449773679
07894.png,forehead,smooth_2_sigma_2.5,0.0038793112828833737
07894.png,under-eyes,smooth_2_sigma_2.5,0.004414871043419209
07895.png,left-cheek,original_roi,0.0043011252322726415
07895.png,right-cheek,original_roi,0.003969423271068347
07895.png,bottom-face,original_roi,0.004630081144095481
07895.png,forehead,original_roi,0.003702053706046056
07895.png,under-eyes,original_roi,0.0037739324295584034
07895.png,left-cheek,smooth_1_sigma_1.5,0.004417447599620764
07895.png,right-cheek,smooth_1_sigma_1.5,0.004077086580494226
07895.png,bottom-face,smooth_1_sigma_1.5,0.004770667656991859
07895.png,forehead,smooth_1_sigma_1.5,0.003934191753088572
07895.png,under-eyes,smooth_1_sigma_1.5,0.003914507718276682
07895.png,left-cheek,smooth_2_sigma_2.5,0.0044403490962648725
07895.png,right-cheek,smooth_2_sigma_2.5,0.00409159979608414
07895.png,bottom-face,smooth_2_sigma_2.5,0.004795327559294792
07895.png,forehead,smooth_2_sigma_2.5,0.003967223378976131
07895.png,under-eyes,smooth_2_sigma_2.5,0.00394171181289216
07896.png,left-cheek,original_roi,0.003961809863118527
07896.png,right-cheek,original_roi,0.004849097631458018
07896.png,bottom-face,original_roi,0.0037150009915871405
07896.png,forehead,original_roi,0.004140475581582612
07896.png,under-eyes,original_roi,0.004264901702625472
07896.png,left-cheek,smooth_1_sigma_1.5,0.004177251481973737
07896.png,right-cheek,smooth_1_sigma_1.5,0.0053280186274355466
07896.png,bottom-face,smooth_1_sigma_1.5,0.004494837250910563
07896.png,forehead,smooth_1_sigma_1.5,0.004323155975105242
07896.png,under-eyes,smooth_1_sigma_1.5,0.004626437102406668
07896.png,left-cheek,smooth_2_sigma_2.5,0.004228264434754334
07896.png,right-cheek,smooth_2_sigma_2.5,0.005449641050404935
07896.png,bottom-face,smooth_2_sigma_2.5,0.004630359825025931
07896.png,forehead,smooth_2_sigma_2.5,0.0043517609892755665
07896.png,under-eyes,smooth_2_sigma_2.5,0.004742204265218658
07906.png,left-cheek,original_roi,0.007209695591723044
07906.png,right-cheek,original_roi,0.006498992701252181
07906.png,bottom-face,original_roi,0.007162774546121694
07906.png,forehead,original_roi,0.003974244246010849
07906.png,under-eyes,original_roi,0.00425848604496987
07906.png,left-cheek,smooth_1_sigma_1.5,0.008072314426953492
07906.png,right-cheek,smooth_1_sigma_1.5,0.007096794242201014
07906.png,bottom-face,smooth_1_sigma_1.5,0.007402841240869585
07906.png,forehead,smooth_1_sigma_1.5,0.0041621949799104
07906.png,under-eyes,smooth_1_sigma_1.5,0.004630015840052508
07906.png,left-cheek,smooth_2_sigma_2.5,0.008829993010737622
07906.png,right-cheek,smooth_2_sigma_2.5,0.007574511057249157
07906.png,bottom-face,smooth_2_sigma_2.5,0.007479008936274865
07906.png,forehead,smooth_2_sigma_2.5,0.004206865897188269
07906.png,under-eyes,smooth_2_sigma_2.5,0.004804077979447253
07907.png,left-cheek,original_roi,0.0036789617164028434
07907.png,right-cheek,original_roi,0.004272130059750769
07907.png,bottom-face,original_roi,0.0040538997835987195
07907.png,forehead,original_roi,0.004045851949559179
07907.png,under-eyes,original_roi,0.004365161447730146
07907.png,left-cheek,smooth_1_sigma_1.5,0.003741438405920935
07907.png,right-cheek,smooth_1_sigma_1.5,0.004387663394041765
07907.png,bottom-face,smooth_1_sigma_1.5,0.00412011955810726
07907.png,forehead,smooth_1_sigma_1.5,0.004116057372725243
07907.png,under-eyes,smooth_1_sigma_1.5,0.004588795267790876
07907.png,left-cheek,smooth_2_sigma_2.5,0.0037644226245120154
07907.png,right-cheek,smooth_2_sigma_2.5,0.004446571647179749
07907.png,bottom-face,smooth_2_sigma_2.5,0.004146414113232634
07907.png,forehead,smooth_2_sigma_2.5,0.004141550503475915
07907.png,under-eyes,smooth_2_sigma_2.5,0.004678435504996559
07908.png,left-cheek,original_roi,0.0043505559935346425
07908.png,right-cheek,original_roi,0.004349015124714005
07908.png,bottom-face,original_roi,0.0052435022070806475
07908.png,forehead,original_roi,0.004620091849669186
07908.png,under-eyes,original_roi,0.004672027814306214
07908.png,left-cheek,smooth_1_sigma_1.5,0.004472273718594625
07908.png,right-cheek,smooth_1_sigma_1.5,0.004457603847344508
07908.png,bottom-face,smooth_1_sigma_1.5,0.005425184393732306
07908.png,forehead,smooth_1_sigma_1.5,0.005035264773286546
07908.png,under-eyes,smooth_1_sigma_1.5,0.004862411946467449
07908.png,left-cheek,smooth_2_sigma_2.5,0.004494365253470118
07908.png,right-cheek,smooth_2_sigma_2.5,0.004476750610040208
07908.png,bottom-face,smooth_2_sigma_2.5,0.005463513787538979
07908.png,forehead,smooth_2_sigma_2.5,0.005124076702789687
07908.png,under-eyes,smooth_2_sigma_2.5,0.004890828584677928
07909.png,left-cheek,original_roi,0.004022094639452351
07909.png,right-cheek,original_roi,0.0044439561320803065
07909.png,bottom-face,original_roi,0.004218695162320868
07909.png,forehead,original_roi,0.0038273932152379933
07909.png,under-eyes,original_roi,0.004306020984423565
07909.png,left-cheek,smooth_1_sigma_1.5,0.0041121329194526105
07909.png,right-cheek,smooth_1_sigma_1.5,0.004551522792791842
07909.png,bottom-face,smooth_1_sigma_1.5,0.004432104793231223
07909.png,forehead,smooth_1_sigma_1.5,0.003919750898539983
07909.png,under-eyes,smooth_1_sigma_1.5,0.00443159667579576
07909.png,left-cheek,smooth_2_sigma_2.5,0.0041403357646028465
07909.png,right-cheek,smooth_2_sigma_2.5,0.004594468883644381
07909.png,bottom-face,smooth_2_sigma_2.5,0.004497529715689214
07909.png,forehead,smooth_2_sigma_2.5,0.00394440858553958
07909.png,under-eyes,smooth_2_sigma_2.5,0.004474008213377576
07911.png,left-cheek,original_roi,0.004286706706552021
07911.png,right-cheek,original_roi,0.004286241093981678
07911.png,bottom-face,original_roi,0.004294697242139087
07911.png,forehead,original_roi,0.004014107583583145
07911.png,under-eyes,original_roi,0.00406768640796476
07911.png,left-cheek,smooth_1_sigma_1.5,0.004336302473093304
07911.png,right-cheek,smooth_1_sigma_1.5,0.004349270019565532
07911.png,bottom-face,smooth_1_sigma_1.5,0.004359236402403525
07911.png,forehead,smooth_1_sigma_1.5,0.004069715470392759
07911.png,under-eyes,smooth_1_sigma_1.5,0.004174221145843521
07911.png,left-cheek,smooth_2_sigma_2.5,0.004350600820195711
07911.png,right-cheek,smooth_2_sigma_2.5,0.004367473905801371
07911.png,bottom-face,smooth_2_sigma_2.5,0.004382486085575541
07911.png,forehead,smooth_2_sigma_2.5,0.004088767353872938
07911.png,under-eyes,smooth_2_sigma_2.5,0.004209746372663297
07914.png,left-cheek,original_roi,0.003668925195748285
07914.png,right-cheek,original_roi,0.003224672771639454
07914.png,bottom-face,original_roi,0.0038970989159884946
07914.png,forehead,original_roi,0.008669007390816247
07914.png,under-eyes,original_roi,0.0035593319538716754
07914.png,left-cheek,smooth_1_sigma_1.5,0.0036864013665605065
07914.png,right-cheek,smooth_1_sigma_1.5,0.003245936926723784
07914.png,bottom-face,smooth_1_sigma_1.5,0.003922366688172643
07914.png,forehead,smooth_1_sigma_1.5,0.010833787095511718
07914.png,under-eyes,smooth_1_sigma_1.5,0.0035829169551017917
07914.png,left-cheek,smooth_2_sigma_2.5,0.003698058319261751
07914.png,right-cheek,smooth_2_sigma_2.5,0.003258070662624937
07914.png,bottom-face,smooth_2_sigma_2.5,0.003938118119814256
07914.png,forehead,smooth_2_sigma_2.5,0.012301811853251495
07914.png,under-eyes,smooth_2_sigma_2.5,0.0035943381952704763
07917.png,left-cheek,original_roi,0.00481510514412588
07917.png,right-cheek,original_roi,0.0047743238037269995
07917.png,bottom-face,original_roi,0.004888107693658571
07917.png,forehead,original_roi,0.004204342843947465
07917.png,under-eyes,original_roi,0.004269516624606256
07917.png,left-cheek,smooth_1_sigma_1.5,0.005105261530000276
07917.png,right-cheek,smooth_1_sigma_1.5,0.005170077399989723
07917.png,bottom-face,smooth_1_sigma_1.5,0.005235440694001558
07917.png,forehead,smooth_1_sigma_1.5,0.004512893149557499
07917.png,under-eyes,smooth_1_sigma_1.5,0.004795760001084125
07917.png,left-cheek,smooth_2_sigma_2.5,0.005145586696802284
07917.png,right-cheek,smooth_2_sigma_2.5,0.005294638700267732
07917.png,bottom-face,smooth_2_sigma_2.5,0.005284805425003646
07917.png,forehead,smooth_2_sigma_2.5,0.004615549396720907
07917.png,under-eyes,smooth_2_sigma_2.5,0.005086496263678398
07919.png,left-cheek,original_roi,0.006352538570999091
07919.png,right-cheek,original_roi,0.0040089028966918995
07919.png,bottom-face,original_roi,0.0051566992947324475
07919.png,forehead,original_roi,0.00442528538152138
07919.png,under-eyes,original_roi,0.004266650191035843
07919.png,left-cheek,smooth_1_sigma_1.5,0.0064426853315725195
07919.png,right-cheek,smooth_1_sigma_1.5,0.004087203842396323
07919.png,bottom-face,smooth_1_sigma_1.5,0.00525330093037251
07919.png,forehead,smooth_1_sigma_1.5,0.00453812809340946
07919.png,under-eyes,smooth_1_sigma_1.5,0.004416004363243569
07919.png,left-cheek,smooth_2_sigma_2.5,0.006476795832479947
07919.png,right-cheek,smooth_2_sigma_2.5,0.004108765551377593
07919.png,bottom-face,smooth_2_sigma_2.5,0.005286824085099613
07919.png,forehead,smooth_2_sigma_2.5,0.004565238331779695
07919.png,under-eyes,smooth_2_sigma_2.5,0.004484322772608784
07928.png,left-cheek,original_roi,0.003777040905352717
07928.png,right-cheek,original_roi,0.004943082608263329
07928.png,bottom-face,original_roi,0.00533843950858229
07928.png,forehead,original_roi,0.004248801765704014
07928.png,under-eyes,original_roi,0.004421424456600253
07928.png,left-cheek,smooth_1_sigma_1.5,0.0038976136500096597
07928.png,right-cheek,smooth_1_sigma_1.5,0.005178451659320239
07928.png,bottom-face,smooth_1_sigma_1.5,0.005625306140109277
07928.png,forehead,smooth_1_sigma_1.5,0.004472869726201304
07928.png,under-eyes,smooth_1_sigma_1.5,0.004628055111028084
07928.png,left-cheek,smooth_2_sigma_2.5,0.0039163266145941416
07928.png,right-cheek,smooth_2_sigma_2.5,0.005216550034262221
07928.png,bottom-face,smooth_2_sigma_2.5,0.005670505761110334
07928.png,forehead,smooth_2_sigma_2.5,0.004505225463096708
07928.png,under-eyes,smooth_2_sigma_2.5,0.004662240798276149
07932.png,left-cheek,original_roi,0.004926209068935652
07932.png,right-cheek,original_roi,0.0037611773748933504
07932.png,bottom-face,original_roi,0.0056284538542103685
07932.png,forehead,original_roi,0.004370121504744875
07932.png,under-eyes,original_roi,0.004521872144144472
07932.png,left-cheek,smooth_1_sigma_1.5,0.005557812898200722
07932.png,right-cheek,smooth_1_sigma_1.5,0.004154446230402183
07932.png,bottom-face,smooth_1_sigma_1.5,0.005845128622812035
07932.png,forehead,smooth_1_sigma_1.5,0.004764261395044195
07932.png,under-eyes,smooth_1_sigma_1.5,0.004989180424855137
07932.png,left-cheek,smooth_2_sigma_2.5,0.006038440884170381
07932.png,right-cheek,smooth_2_sigma_2.5,0.0044258305505685165
07932.png,bottom-face,smooth_2_sigma_2.5,0.0058941280550395886
07932.png,forehead,smooth_2_sigma_2.5,0.004817789168786012
07932.png,under-eyes,smooth_2_sigma_2.5,0.005183064648064092
07940.png,left-cheek,original_roi,0.0039459774219747145
07940.png,right-cheek,original_roi,0.003975394037585679
07940.png,bottom-face,original_roi,0.0044043929629529865
07940.png,forehead,original_roi,0.003797719802781628
07940.png,under-eyes,original_roi,0.004162231459320284
07940.png,left-cheek,smooth_1_sigma_1.5,0.004011129515326152
07940.png,right-cheek,smooth_1_sigma_1.5,0.004042162594303449
07940.png,bottom-face,smooth_1_sigma_1.5,0.00452447714993218
07940.png,forehead,smooth_1_sigma_1.5,0.003902384725278932
07940.png,under-eyes,smooth_1_sigma_1.5,0.004273795097254444
07940.png,left-cheek,smooth_2_sigma_2.5,0.004026138169363256
07940.png,right-cheek,smooth_2_sigma_2.5,0.004059395412750125
07940.png,bottom-face,smooth_2_sigma_2.5,0.004555368779423035
07940.png,forehead,smooth_2_sigma_2.5,0.00392519612923343
07940.png,under-eyes,smooth_2_sigma_2.5,0.004306198182757558
07948.png,left-cheek,original_roi,0.005053688932458903
07948.png,right-cheek,original_roi,0.005059046322467027
07948.png,bottom-face,original_roi,0.0053939355884277595
07948.png,forehead,original_roi,0.004680843110786643
07948.png,under-eyes,original_roi,0.005000979233795436
07948.png,left-cheek,smooth_1_sigma_1.5,0.005122508813097759
07948.png,right-cheek,smooth_1_sigma_1.5,0.005127356642683762
07948.png,bottom-face,smooth_1_sigma_1.5,0.005470406547496133
07948.png,forehead,smooth_1_sigma_1.5,0.004750718750395546
07948.png,under-eyes,smooth_1_sigma_1.5,0.0051634319570465995
07948.png,left-cheek,smooth_2_sigma_2.5,0.00514912820403201
07948.png,right-cheek,smooth_2_sigma_2.5,0.0051533817949025165
07948.png,bottom-face,smooth_2_sigma_2.5,0.005501603899052733
07948.png,forehead,smooth_2_sigma_2.5,0.004776965636941908
07948.png,under-eyes,smooth_2_sigma_2.5,0.005232371122704172
07950.png,left-cheek,original_roi,0.005522957340725031
07950.png,right-cheek,original_roi,0.0038181477226590732
07950.png,bottom-face,original_roi,0.005380878356077045
07950.png,forehead,original_roi,0.003884388354789112
07950.png,under-eyes,original_roi,0.004384449379434639
07950.png,left-cheek,smooth_1_sigma_1.5,0.00574812972444304
07950.png,right-cheek,smooth_1_sigma_1.5,0.003942355506677775
07950.png,bottom-face,smooth_1_sigma_1.5,0.005628619118257654
07950.png,forehead,smooth_1_sigma_1.5,0.004081185396648482
07950.png,under-eyes,smooth_1_sigma_1.5,0.00461118856371621
07950.png,left-cheek,smooth_2_sigma_2.5,0.005781750285375001
07950.png,right-cheek,smooth_2_sigma_2.5,0.003964150237780408
07950.png,bottom-face,smooth_2_sigma_2.5,0.0056732496246012015
07950.png,forehead,smooth_2_sigma_2.5,0.004114072463446326
07950.png,under-eyes,smooth_2_sigma_2.5,0.004662148605507725
07952.png,left-cheek,original_roi,0.00382540696899305
07952.png,right-cheek,original_roi,0.0036214683186339457
07952.png,bottom-face,original_roi,0.003907459034346805
07952.png,forehead,original_roi,0.0037687656053011693
07952.png,under-eyes,original_roi,0.0038040094985526867
07952.png,left-cheek,smooth_1_sigma_1.5,0.003910288031790653
07952.png,right-cheek,smooth_1_sigma_1.5,0.003682988668791219
07952.png,bottom-face,smooth_1_sigma_1.5,0.003981969549327923
07952.png,forehead,smooth_1_sigma_1.5,0.003932526800292724
07952.png,under-eyes,smooth_1_sigma_1.5,0.0038983603737573307
07952.png,left-cheek,smooth_2_sigma_2.5,0.003924329109793634
07952.png,right-cheek,smooth_2_sigma_2.5,0.0036946053444995826
07952.png,bottom-face,smooth_2_sigma_2.5,0.004001224119848812
07952.png,forehead,smooth_2_sigma_2.5,0.003961952350754524
07952.png,under-eyes,smooth_2_sigma_2.5,0.003912457443845553
07953.png,left-cheek,original_roi,0.004394027765267474
07953.png,right-cheek,original_roi,0.004199037549835705
07953.png,bottom-face,original_roi,0.005715670862924163
07953.png,forehead,original_roi,0.0040292881464390725
07953.png,under-eyes,original_roi,0.005054239092796628
07953.png,left-cheek,smooth_1_sigma_1.5,0.004609893130946391
07953.png,right-cheek,smooth_1_sigma_1.5,0.004336703479381249
07953.png,bottom-face,smooth_1_sigma_1.5,0.006066347833046445
07953.png,forehead,smooth_1_sigma_1.5,0.00418316005533784
07953.png,under-eyes,smooth_1_sigma_1.5,0.005317466905202387
07953.png,left-cheek,smooth_2_sigma_2.5,0.004651447974339562
07953.png,right-cheek,smooth_2_sigma_2.5,0.004379210327343118
07953.png,bottom-face,smooth_2_sigma_2.5,0.00619766099820234
07953.png,forehead,smooth_2_sigma_2.5,0.004214127737286759
07953.png,under-eyes,smooth_2_sigma_2.5,0.005391533217477245
07955.png,left-cheek,original_roi,0.0041853948179163694
07955.png,right-cheek,original_roi,0.004320531312090389
07955.png,bottom-face,original_roi,0.004337084217035933
07955.png,forehead,original_roi,0.0037328604061893276
07955.png,under-eyes,original_roi,0.003987438846637755
07955.png,left-cheek,smooth_1_sigma_1.5,0.00424559228964047
07955.png,right-cheek,smooth_1_sigma_1.5,0.004380797538936446
07955.png,bottom-face,smooth_1_sigma_1.5,0.0043970173056594375
07955.png,forehead,smooth_1_sigma_1.5,0.0037834820136099464
07955.png,under-eyes,smooth_1_sigma_1.5,0.004065228518714224
07955.png,left-cheek,smooth_2_sigma_2.5,0.004263676361556359
07955.png,right-cheek,smooth_2_sigma_2.5,0.0043995438375036815
07955.png,bottom-face,smooth_2_sigma_2.5,0.004418091908474578
07955.png,forehead,smooth_2_sigma_2.5,0.0038000680234449467
07955.png,under-eyes,smooth_2_sigma_2.5,0.004090317416681484
07960.png,left-cheek,original_roi,0.003370392470647311
07960.png,right-cheek,original_roi,0.003447277888702201
07960.png,bottom-face,original_roi,0.0033361869212548837
07960.png,forehead,original_roi,0.0034784180912346588
07960.png,under-eyes,original_roi,0.003491997022829565
07960.png,left-cheek,smooth_1_sigma_1.5,0.0035550116090771215
07960.png,right-cheek,smooth_1_sigma_1.5,0.0036171996256057506
07960.png,bottom-face,smooth_1_sigma_1.5,0.003555803863911012
07960.png,forehead,smooth_1_sigma_1.5,0.0036297182231046776
07960.png,under-eyes,smooth_1_sigma_1.5,0.0037654066304643945
07960.png,left-cheek,smooth_2_sigma_2.5,0.003660393606017491
07960.png,right-cheek,smooth_2_sigma_2.5,0.0036943195356977858
07960.png,bottom-face,smooth_2_sigma_2.5,0.003586103107639451
07960.png,forehead,smooth_2_sigma_2.5,0.003658614873185652
07960.png,under-eyes,smooth_2_sigma_2.5,0.0039046122395171336
07966.png,left-cheek,original_roi,0.004434285584761643
07966.png,right-cheek,original_roi,0.004934213560210585
07966.png,bottom-face,original_roi,0.004893328115468312
07966.png,forehead,original_roi,0.003987667018942734
07966.png,under-eyes,original_roi,0.004280495142729021
07966.png,left-cheek,smooth_1_sigma_1.5,0.004529748669424857
07966.png,right-cheek,smooth_1_sigma_1.5,0.005074179708165407
07966.png,bottom-face,smooth_1_sigma_1.5,0.005057027177702662
07966.png,forehead,smooth_1_sigma_1.5,0.00416613138225219
07966.png,under-eyes,smooth_1_sigma_1.5,0.004461256155068831
07966.png,left-cheek,smooth_2_sigma_2.5,0.004550626542956699
07966.png,right-cheek,smooth_2_sigma_2.5,0.005101285077590949
07966.png,bottom-face,smooth_2_sigma_2.5,0.005108113711837054
07966.png,forehead,smooth_2_sigma_2.5,0.004207500030732637
07966.png,under-eyes,smooth_2_sigma_2.5,0.004509272392830432
07970.png,left-cheek,original_roi,0.005199846473572813
07970.png,right-cheek,original_roi,0.004089271614716935
07970.png,bottom-face,original_roi,0.004543280784426343
07970.png,forehead,original_roi,0.004297810966487423
07970.png,under-eyes,original_roi,0.004639827800482697
07970.png,left-cheek,smooth_1_sigma_1.5,0.005304876557225642
07970.png,right-cheek,smooth_1_sigma_1.5,0.004156686362520958
07970.png,bottom-face,smooth_1_sigma_1.5,0.004673596860349642
07970.png,forehead,smooth_1_sigma_1.5,0.0044954158452471995
07970.png,under-eyes,smooth_1_sigma_1.5,0.005084727915284321
07970.png,left-cheek,smooth_2_sigma_2.5,0.0053360681775154115
07970.png,right-cheek,smooth_2_sigma_2.5,0.004177761774167742
07970.png,bottom-face,smooth_2_sigma_2.5,0.004708970383608334
07970.png,forehead,smooth_2_sigma_2.5,0.004611483906851817
07970.png,under-eyes,smooth_2_sigma_2.5,0.005428288577143384
07973.png,left-cheek,original_roi,0.004389069916819843
07973.png,right-cheek,original_roi,0.00397907369165349
07973.png,bottom-face,original_roi,0.004339434234285155
07973.png,forehead,original_roi,0.003970082122702702
07973.png,under-eyes,original_roi,0.004166004473257315
07973.png,left-cheek,smooth_1_sigma_1.5,0.00446777624912577
07973.png,right-cheek,smooth_1_sigma_1.5,0.004058652311159171
07973.png,bottom-face,smooth_1_sigma_1.5,0.004424401760782162
07973.png,forehead,smooth_1_sigma_1.5,0.0040516954364629345
07973.png,under-eyes,smooth_1_sigma_1.5,0.004277730468404166
07973.png,left-cheek,smooth_2_sigma_2.5,0.004486796826939197
07973.png,right-cheek,smooth_2_sigma_2.5,0.004076601129259812
07973.png,bottom-face,smooth_2_sigma_2.5,0.004448629907456675
07973.png,forehead,smooth_2_sigma_2.5,0.004070209048815537
07973.png,under-eyes,smooth_2_sigma_2.5,0.0043015377507956195
07990.png,left-cheek,original_roi,0.005094760400253557
07990.png,right-cheek,original_roi,0.007148383993131177
07990.png,bottom-face,original_roi,0.006293569456146207
07990.png,forehead,original_roi,0.007589203334566432
07990.png,under-eyes,original_roi,0.00709205784291943
07990.png,left-cheek,smooth_1_sigma_1.5,0.005234813237866163
07990.png,right-cheek,smooth_1_sigma_1.5,0.007433363777817141
07990.png,bottom-face,smooth_1_sigma_1.5,0.006414039686537189
07990.png,forehead,smooth_1_sigma_1.5,0.00800706857987182
07990.png,under-eyes,smooth_1_sigma_1.5,0.00766831868502364
07990.png,left-cheek,smooth_2_sigma_2.5,0.0052939614539212415
07990.png,right-cheek,smooth_2_sigma_2.5,0.0075202839892338355
07990.png,bottom-face,smooth_2_sigma_2.5,0.006466536846549823
07990.png,forehead,smooth_2_sigma_2.5,0.008183045678292762
07990.png,under-eyes,smooth_2_sigma_2.5,0.008004283947155535
07992.png,left-cheek,original_roi,0.007126227813238131
07992.png,right-cheek,original_roi,0.004686253362880496
07992.png,bottom-face,original_roi,0.006015742846820576
07992.png,forehead,original_roi,0.0042484781461968905
07992.png,under-eyes,original_roi,0.00575582192811735
07992.png,left-cheek,smooth_1_sigma_1.5,0.00766655435448512
07992.png,right-cheek,smooth_1_sigma_1.5,0.004934776065816049
07992.png,bottom-face,smooth_1_sigma_1.5,0.006398886717127248
07992.png,forehead,smooth_1_sigma_1.5,0.004667558376490337
07992.png,under-eyes,smooth_1_sigma_1.5,0.006313984552600052
07992.png,left-cheek,smooth_2_sigma_2.5,0.007731157373642836
07992.png,right-cheek,smooth_2_sigma_2.5,0.004965687241031845
07992.png,bottom-face,smooth_2_sigma_2.5,0.006451104697370412
07992.png,forehead,smooth_2_sigma_2.5,0.004719956470976391
07992.png,under-eyes,smooth_2_sigma_2.5,0.006413106262392904
08001.png,left-cheek,original_roi,0.007229946542057578
08001.png,right-cheek,original_roi,0.007847514762941816
08001.png,bottom-face,original_roi,0.007640880816830166
08001.png,forehead,original_roi,0.007069412431949449
08001.png,under-eyes,original_roi,0.007961254362219611
08001.png,left-cheek,smooth_1_sigma_1.5,0.007701018271095047
08001.png,right-cheek,smooth_1_sigma_1.5,0.008322036344617305
08001.png,bottom-face,smooth_1_sigma_1.5,0.008113733084475926
08001.png,forehead,smooth_1_sigma_1.5,0.0076621205674560385
08001.png,under-eyes,smooth_1_sigma_1.5,0.008796910126593819
08001.png,left-cheek,smooth_2_sigma_2.5,0.007803141072068367
08001.png,right-cheek,smooth_2_sigma_2.5,0.00839465697155262
08001.png,bottom-face,smooth_2_sigma_2.5,0.00819047406828972
08001.png,forehead,smooth_2_sigma_2.5,0.007760480986022835
08001.png,under-eyes,smooth_2_sigma_2.5,0.008937475722842671
08004.png,left-cheek,original_roi,0.00464714307216409
08004.png,right-cheek,original_roi,0.004901007581837359
08004.png,bottom-face,original_roi,0.005151881366328487
08004.png,forehead,original_roi,0.0050648522661902295
08004.png,under-eyes,original_roi,0.005558777339349765
08004.png,left-cheek,smooth_1_sigma_1.5,0.004878633428512093
08004.png,right-cheek,smooth_1_sigma_1.5,0.0050166285565186215
08004.png,bottom-face,smooth_1_sigma_1.5,0.005283691973215687
08004.png,forehead,smooth_1_sigma_1.5,0.00524348593395735
08004.png,under-eyes,smooth_1_sigma_1.5,0.005949170521631307
08004.png,left-cheek,smooth_2_sigma_2.5,0.004912427625415588
08004.png,right-cheek,smooth_2_sigma_2.5,0.005044736849214202
08004.png,bottom-face,smooth_2_sigma_2.5,0.005314718448034559
08004.png,forehead,smooth_2_sigma_2.5,0.005277475756775357
08004.png,under-eyes,smooth_2_sigma_2.5,0.006048592463282014
08011.png,left-cheek,original_roi,0.003779344342131294
08011.png,right-cheek,original_roi,0.003743685608097708
08011.png,bottom-face,original_roi,0.003939682952637758
08011.png,forehead,original_roi,0.004004104488150168
08011.png,under-eyes,original_roi,0.004026440797341843
08011.png,left-cheek,smooth_1_sigma_1.5,0.003926937149048408
08011.png,right-cheek,smooth_1_sigma_1.5,0.0038942104819714497
08011.png,bottom-face,smooth_1_sigma_1.5,0.004199675359586859
08011.png,forehead,smooth_1_sigma_1.5,0.0042167570463631536
08011.png,under-eyes,smooth_1_sigma_1.5,0.0041764865445751585
08011.png,left-cheek,smooth_2_sigma_2.5,0.0039560394931848625
08011.png,right-cheek,smooth_2_sigma_2.5,0.0039351000940489244
08011.png,bottom-face,smooth_2_sigma_2.5,0.004253509399112772
08011.png,forehead,smooth_2_sigma_2.5,0.004255136242582551
08011.png,under-eyes,smooth_2_sigma_2.5,0.0042122578814947475
08014.png,left-cheek,original_roi,0.004728081583611898
08014.png,right-cheek,original_roi,0.005172931593132998
08014.png,bottom-face,original_roi,0.005429140031614721
08014.png,forehead,original_roi,0.00471504357843648
08014.png,under-eyes,original_roi,0.004739940078662024
08014.png,left-cheek,smooth_1_sigma_1.5,0.004899504046444119
08014.png,right-cheek,smooth_1_sigma_1.5,0.00537297634985252
08014.png,bottom-face,smooth_1_sigma_1.5,0.005688145984373273
08014.png,forehead,smooth_1_sigma_1.5,0.004955490649634408
08014.png,under-eyes,smooth_1_sigma_1.5,0.0049710110144867365
08014.png,left-cheek,smooth_2_sigma_2.5,0.004928449322617201
08014.png,right-cheek,smooth_2_sigma_2.5,0.005406780697238195
08014.png,bottom-face,smooth_2_sigma_2.5,0.005734542491060596
08014.png,forehead,smooth_2_sigma_2.5,0.004992849119106398
08014.png,under-eyes,smooth_2_sigma_2.5,0.005008019031633848
08015.png,left-cheek,original_roi,0.005615556986956151
08015.png,right-cheek,original_roi,0.005300669475571854
08015.png,bottom-face,original_roi,0.0058474484886467315
08015.png,forehead,original_roi,0.004082969124294324
08015.png,under-eyes,original_roi,0.004993861947894101
08015.png,left-cheek,smooth_1_sigma_1.5,0.005831068056683639
08015.png,right-cheek,smooth_1_sigma_1.5,0.005490841192546942
08015.png,bottom-face,smooth_1_sigma_1.5,0.006061532339014109
08015.png,forehead,smooth_1_sigma_1.5,0.004215104838455269
08015.png,under-eyes,smooth_1_sigma_1.5,0.005281253349178732
08015.png,left-cheek,smooth_2_sigma_2.5,0.0058700922463760475
08015.png,right-cheek,smooth_2_sigma_2.5,0.005531441815903345
08015.png,bottom-face,smooth_2_sigma_2.5,0.006104055537442316
08015.png,forehead,smooth_2_sigma_2.5,0.004240494172199372
08015.png,under-eyes,smooth_2_sigma_2.5,0.005372478967001229
08017.png,left-cheek,original_roi,0.0038746208368468367
08017.png,right-cheek,original_roi,0.004473293739810183
08017.png,bottom-face,original_roi,0.004302909575375586
08017.png,forehead,original_roi,0.003459406627450385
08017.png,under-eyes,original_roi,0.003490046114729235
08017.png,left-cheek,smooth_1_sigma_1.5,0.003960771118463032
08017.png,right-cheek,smooth_1_sigma_1.5,0.004577528874126241
08017.png,bottom-face,smooth_1_sigma_1.5,0.004408871193500323
08017.png,forehead,smooth_1_sigma_1.5,0.0035131509696986825
08017.png,under-eyes,smooth_1_sigma_1.5,0.003565863171104003
08017.png,left-cheek,smooth_2_sigma_2.5,0.003991773323060094
08017.png,right-cheek,smooth_2_sigma_2.5,0.004600640871415372
08017.png,bottom-face,smooth_2_sigma_2.5,0.004440297340756013
08017.png,forehead,smooth_2_sigma_2.5,0.0035277962186299706
08017.png,under-eyes,smooth_2_sigma_2.5,0.003595351852329907
08021.png,left-cheek,original_roi,0.007959145830513882
08021.png,right-cheek,original_roi,0.005327901493210071
08021.png,bottom-face,original_roi,0.010125264536556827
08021.png,forehead,original_roi,0.003937639128867866
08021.png,under-eyes,original_roi,0.004363949118085252
08021.png,left-cheek,smooth_1_sigma_1.5,0.008566361613965774
08021.png,right-cheek,smooth_1_sigma_1.5,0.0055669829264222166
08021.png,bottom-face,smooth_1_sigma_1.5,0.01064520705155426
08021.png,forehead,smooth_1_sigma_1.5,0.004038961719488605
08021.png,under-eyes,smooth_1_sigma_1.5,0.004737350163301815
08021.png,left-cheek,smooth_2_sigma_2.5,0.008929687625153799
08021.png,right-cheek,smooth_2_sigma_2.5,0.0057254582968160475
08021.png,bottom-face,smooth_2_sigma_2.5,0.010829942252266366
08021.png,forehead,smooth_2_sigma_2.5,0.004064082360083852
08021.png,under-eyes,smooth_2_sigma_2.5,0.005059103273756562
08023.png,left-cheek,original_roi,0.0061434033819407026
08023.png,right-cheek,original_roi,0.003943061579501928
08023.png,bottom-face,original_roi,0.005751854753687364
08023.png,forehead,original_roi,0.0037686343800688344
08023.png,under-eyes,original_roi,0.003982080410297194
08023.png,left-cheek,smooth_1_sigma_1.5,0.006555814733477528
08023.png,right-cheek,smooth_1_sigma_1.5,0.004113919171290354
08023.png,bottom-face,smooth_1_sigma_1.5,0.006148056998644667
08023.png,forehead,smooth_1_sigma_1.5,0.0038834040053071102
08023.png,under-eyes,smooth_1_sigma_1.5,0.004188557826420437
08023.png,left-cheek,smooth_2_sigma_2.5,0.006617045947673014
08023.png,right-cheek,smooth_2_sigma_2.5,0.004136454066324235
08023.png,bottom-face,smooth_2_sigma_2.5,0.006243666650784231
08023.png,forehead,smooth_2_sigma_2.5,0.0039024168833866075
08023.png,under-eyes,smooth_2_sigma_2.5,0.004235678745336256
08030.png,left-cheek,original_roi,0.0045196057320532786
08030.png,right-cheek,original_roi,0.004526087114089582
08030.png,bottom-face,original_roi,0.004643214479827797
08030.png,forehead,original_roi,0.004291709813266977
08030.png,under-eyes,original_roi,0.004718945614189599
08030.png,left-cheek,smooth_1_sigma_1.5,0.004657773476817243
08030.png,right-cheek,smooth_1_sigma_1.5,0.004654945261611625
08030.png,bottom-face,smooth_1_sigma_1.5,0.0047669118619732215
08030.png,forehead,smooth_1_sigma_1.5,0.004540293512034791
08030.png,under-eyes,smooth_1_sigma_1.5,0.004931316576994321
08030.png,left-cheek,smooth_2_sigma_2.5,0.0046855546598405205
08030.png,right-cheek,smooth_2_sigma_2.5,0.004682135177166968
08030.png,bottom-face,smooth_2_sigma_2.5,0.004797913849875604
08030.png,forehead,smooth_2_sigma_2.5,0.004598698108305031
08030.png,under-eyes,smooth_2_sigma_2.5,0.00498144131620483
08031.png,left-cheek,original_roi,0.003682876474828706
08031.png,right-cheek,original_roi,0.004127532197576731
08031.png,bottom-face,original_roi,0.004115541834527237
08031.png,forehead,original_roi,0.003738247248579832
08031.png,under-eyes,original_roi,0.004023678165040424
08031.png,left-cheek,smooth_1_sigma_1.5,0.0037226115432860457
08031.png,right-cheek,smooth_1_sigma_1.5,0.004183181003284297
08031.png,bottom-face,smooth_1_sigma_1.5,0.00417179807137232
08031.png,forehead,smooth_1_sigma_1.5,0.00377965425221489
08031.png,under-eyes,smooth_1_sigma_1.5,0.0040909171852112364
08031.png,left-cheek,smooth_2_sigma_2.5,0.003735017039141189
08031.png,right-cheek,smooth_2_sigma_2.5,0.00420005331227739
08031.png,bottom-face,smooth_2_sigma_2.5,0.004191981474583822
08031.png,forehead,smooth_2_sigma_2.5,0.0037949275718048665
08031.png,under-eyes,smooth_2_sigma_2.5,0.004109838204511652
08032.png,left-cheek,original_roi,0.007208901267729703
08032.png,right-cheek,original_roi,0.004926865512684499
08032.png,bottom-face,original_roi,0.006560245610806818
08032.png,forehead,original_roi,0.013693507284381956
08032.png,under-eyes,original_roi,0.006133543847116417
08032.png,left-cheek,smooth_1_sigma_1.5,0.0074247403738201415
08032.png,right-cheek,smooth_1_sigma_1.5,0.005041413832540868
08032.png,bottom-face,smooth_1_sigma_1.5,0.006750007548348106
08032.png,forehead,smooth_1_sigma_1.5,0.015721371577581966
08032.png,under-eyes,smooth_1_sigma_1.5,0.006327025151364218
08032.png,left-cheek,smooth_2_sigma_2.5,0.00748598745111215
08032.png,right-cheek,smooth_2_sigma_2.5,0.005072010916720671
08032.png,bottom-face,smooth_2_sigma_2.5,0.00681009150912713
08032.png,forehead,smooth_2_sigma_2.5,0.016743588144084245
08032.png,under-eyes,smooth_2_sigma_2.5,0.0063725332595348004
08033.png,left-cheek,original_roi,0.005007814764916029
08033.png,right-cheek,original_roi,0.004241700970243144
08033.png,bottom-face,original_roi,0.0049504509234128925
08033.png,forehead,original_roi,0.004284875837241751
08033.png,under-eyes,original_roi,0.0043413046205476495
08033.png,left-cheek,smooth_1_sigma_1.5,0.005182768139896236
08033.png,right-cheek,smooth_1_sigma_1.5,0.004372048663445526
08033.png,bottom-face,smooth_1_sigma_1.5,0.005163188432530854
08033.png,forehead,smooth_1_sigma_1.5,0.0044255773338603204
08033.png,under-eyes,smooth_1_sigma_1.5,0.004489330100848916
08033.png,left-cheek,smooth_2_sigma_2.5,0.005231256475065933
08033.png,right-cheek,smooth_2_sigma_2.5,0.004402494172056555
08033.png,bottom-face,smooth_2_sigma_2.5,0.0052123422063869
08033.png,forehead,smooth_2_sigma_2.5,0.004471549990478229
08033.png,under-eyes,smooth_2_sigma_2.5,0.004532732442625871
08035.png,left-cheek,original_roi,0.006887609477424366
08035.png,right-cheek,original_roi,0.004415915779559379
08035.png,bottom-face,original_roi,0.0064035201773181795
08035.png,forehead,original_roi,0.004102591325788795
08035.png,under-eyes,original_roi,0.005564352538722314
08035.png,left-cheek,smooth_1_sigma_1.5,0.007075956477266019
08035.png,right-cheek,smooth_1_sigma_1.5,0.0045429795105250284
08035.png,bottom-face,smooth_1_sigma_1.5,0.006600660834688404
08035.png,forehead,smooth_1_sigma_1.5,0.004285686777739073
08035.png,under-eyes,smooth_1_sigma_1.5,0.005780505598290228
08035.png,left-cheek,smooth_2_sigma_2.5,0.007131519521496325
08035.png,right-cheek,smooth_2_sigma_2.5,0.004577503670614383
08035.png,bottom-face,smooth_2_sigma_2.5,0.006665755947351897
08035.png,forehead,smooth_2_sigma_2.5,0.004321012406379409
08035.png,under-eyes,smooth_2_sigma_2.5,0.005848483291398153
08040.png,left-cheek,original_roi,0.004194091745404948
08040.png,right-cheek,original_roi,0.004398574872748405
08040.png,bottom-face,original_roi,0.0041273955826693
08040.png,forehead,original_roi,0.00398215756617324
08040.png,under-eyes,original_roi,0.004260588220537482
08040.png,left-cheek,smooth_1_sigma_1.5,0.004410941276029461
08040.png,right-cheek,smooth_1_sigma_1.5,0.0045533796240098375
08040.png,bottom-face,smooth_1_sigma_1.5,0.004732603764357038
08040.png,forehead,smooth_1_sigma_1.5,0.004179412152664706
08040.png,under-eyes,smooth_1_sigma_1.5,0.004436995130167908
08040.png,left-cheek,smooth_2_sigma_2.5,0.0044595978430833185
08040.png,right-cheek,smooth_2_sigma_2.5,0.004583663186905774
08040.png,bottom-face,smooth_2_sigma_2.5,0.004852625306632034
08040.png,forehead,smooth_2_sigma_2.5,0.004238353834439342
08040.png,under-eyes,smooth_2_sigma_2.5,0.004486735684561587
08041.png,left-cheek,original_roi,0.0038118639929896597
08041.png,right-cheek,original_roi,0.003679085835082708
08041.png,bottom-face,original_roi,0.003961949616880413
08041.png,forehead,original_roi,0.003802451625695878
08041.png,under-eyes,original_roi,0.003935818697703198
08041.png,left-cheek,smooth_1_sigma_1.5,0.0038773178872160093
08041.png,right-cheek,smooth_1_sigma_1.5,0.0037419480218007415
08041.png,bottom-face,smooth_1_sigma_1.5,0.004040904187284292
08041.png,forehead,smooth_1_sigma_1.5,0.003910328183785264
08041.png,under-eyes,smooth_1_sigma_1.5,0.00403142943333509
08041.png,left-cheek,smooth_2_sigma_2.5,0.003892865006400229
08041.png,right-cheek,smooth_2_sigma_2.5,0.0037566121983316344
08041.png,bottom-face,smooth_2_sigma_2.5,0.004066888631327602
08041.png,forehead,smooth_2_sigma_2.5,0.003944615571751481
08041.png,under-eyes,smooth_2_sigma_2.5,0.004060311470045779
08044.png,left-cheek,original_roi,0.00384382561060692
08044.png,right-cheek,original_roi,0.0043731129440820905
08044.png,bottom-face,original_roi,0.004369004990879545
08044.png,forehead,original_roi,0.004208367193233707
08044.png,under-eyes,original_roi,0.004464587844370886
08044.png,left-cheek,smooth_1_sigma_1.5,0.003942106556339381
08044.png,right-cheek,smooth_1_sigma_1.5,0.004479844547288813
08044.png,bottom-face,smooth_1_sigma_1.5,0.004526398922840894
08044.png,forehead,smooth_1_sigma_1.5,0.0043059546990539405
08044.png,under-eyes,smooth_1_sigma_1.5,0.0046483790170374194
08044.png,left-cheek,smooth_2_sigma_2.5,0.003959883113213951
08044.png,right-cheek,smooth_2_sigma_2.5,0.004500586535808339
08044.png,bottom-face,smooth_2_sigma_2.5,0.004552833916111729
08044.png,forehead,smooth_2_sigma_2.5,0.004328662341687308
08044.png,under-eyes,smooth_2_sigma_2.5,0.004684100958384424
08045.png,left-cheek,original_roi,0.004488835589559956
08045.png,right-cheek,original_roi,0.004561105346152137
08045.png,bottom-face,original_roi,0.00507590864499114
08045.png,forehead,original_roi,0.004229805834741669
08045.png,under-eyes,original_roi,0.004614578002079548
08045.png,left-cheek,smooth_1_sigma_1.5,0.004585034911794219
08045.png,right-cheek,smooth_1_sigma_1.5,0.004673651143020258
08045.png,bottom-face,smooth_1_sigma_1.5,0.005470144375508768
08045.png,forehead,smooth_1_sigma_1.5,0.004310166867052463
08045.png,under-eyes,smooth_1_sigma_1.5,0.004733811556230516
08045.png,left-cheek,smooth_2_sigma_2.5,0.004618963685139868
08045.png,right-cheek,smooth_2_sigma_2.5,0.004719897121172487
08045.png,bottom-face,smooth_2_sigma_2.5,0.005597702024529196
08045.png,forehead,smooth_2_sigma_2.5,0.00433592236572884
08045.png,under-eyes,smooth_2_sigma_2.5,0.004773190832466596
08046.png,left-cheek,original_roi,0.003971750232554026
08046.png,right-cheek,original_roi,0.00402251377994731
08046.png,bottom-face,original_roi,0.004367288488764396
08046.png,forehead,original_roi,0.003425275872091
08046.png,under-eyes,original_roi,0.00361721607480632
08046.png,left-cheek,smooth_1_sigma_1.5,0.004070490107319524
08046.png,right-cheek,smooth_1_sigma_1.5,0.004115044500291414
08046.png,bottom-face,smooth_1_sigma_1.5,0.004466598287939377
08046.png,forehead,smooth_1_sigma_1.5,0.0034903944119913095
08046.png,under-eyes,smooth_1_sigma_1.5,0.0037247151785803146
08046.png,left-cheek,smooth_2_sigma_2.5,0.004106916969388881
08046.png,right-cheek,smooth_2_sigma_2.5,0.004155275899381852
08046.png,bottom-face,smooth_2_sigma_2.5,0.004515121669578511
08046.png,forehead,smooth_2_sigma_2.5,0.0035082062916743802
08046.png,under-eyes,smooth_2_sigma_2.5,0.0037566164730547316
08052.png,left-cheek,original_roi,0.007303406664460272
08052.png,right-cheek,original_roi,0.008233547606904779
08052.png,bottom-face,original_roi,0.009183015862512306
08052.png,forehead,original_roi,0.006189898691187806
08052.png,under-eyes,original_roi,0.006819543662191122
08052.png,left-cheek,smooth_1_sigma_1.5,0.007540018170540205
08052.png,right-cheek,smooth_1_sigma_1.5,0.008532126993478573
08052.png,bottom-face,smooth_1_sigma_1.5,0.009578634756227021
08052.png,forehead,smooth_1_sigma_1.5,0.006340406132292019
08052.png,under-eyes,smooth_1_sigma_1.5,0.007094509221723718
08052.png,left-cheek,smooth_2_sigma_2.5,0.007604320759222725
08052.png,right-cheek,smooth_2_sigma_2.5,0.008605225102758437
08052.png,bottom-face,smooth_2_sigma_2.5,0.009682596913092336
08052.png,forehead,smooth_2_sigma_2.5,0.00638293688332253
08052.png,under-eyes,smooth_2_sigma_2.5,0.0072205657077756055
08053.png,left-cheek,original_roi,0.003451734639637083
08053.png,right-cheek,original_roi,0.0034143402052548484
08053.png,bottom-face,original_roi,0.0034924523690710763
08053.png,forehead,original_roi,0.003623937624944965
08053.png,under-eyes,original_roi,0.0036360270283732937
08053.png,left-cheek,smooth_1_sigma_1.5,0.0034888515799680357
08053.png,right-cheek,smooth_1_sigma_1.5,0.0034545135611255065
08053.png,bottom-face,smooth_1_sigma_1.5,0.0035256451614528797
08053.png,forehead,smooth_1_sigma_1.5,0.0036678215368727567
08053.png,under-eyes,smooth_1_sigma_1.5,0.0036926017441019235
08053.png,left-cheek,smooth_2_sigma_2.5,0.0035007039790219767
08053.png,right-cheek,smooth_2_sigma_2.5,0.0034663116115077517
08053.png,bottom-face,smooth_2_sigma_2.5,0.003537912317708655
08053.png,forehead,smooth_2_sigma_2.5,0.003684732943244286
08053.png,under-eyes,smooth_2_sigma_2.5,0.00371013207740483
08054.png,left-cheek,original_roi,0.004101470311996573
08054.png,right-cheek,original_roi,0.005064562600409389
08054.png,bottom-face,original_roi,0.005497349865195851
08054.png,forehead,original_roi,0.004361662589944686
08054.png,under-eyes,original_roi,0.004386678559637482
08054.png,left-cheek,smooth_1_sigma_1.5,0.00417274587148387
08054.png,right-cheek,smooth_1_sigma_1.5,0.005154717852182444
08054.png,bottom-face,smooth_1_sigma_1.5,0.005627200259549417
08054.png,forehead,smooth_1_sigma_1.5,0.004510361024558731
08054.png,under-eyes,smooth_1_sigma_1.5,0.004489998718307468
08054.png,left-cheek,smooth_2_sigma_2.5,0.004190118356689716
08054.png,right-cheek,smooth_2_sigma_2.5,0.005180091214350015
08054.png,bottom-face,smooth_2_sigma_2.5,0.005662922773461977
08054.png,forehead,smooth_2_sigma_2.5,0.004541272387323861
08054.png,under-eyes,smooth_2_sigma_2.5,0.004512849167222604
08056.png,left-cheek,original_roi,0.004788245083353857
08056.png,right-cheek,original_roi,0.003747454953102348
08056.png,bottom-face,original_roi,0.003981811885187632
08056.png,forehead,original_roi,0.0038462884727175455
08056.png,under-eyes,original_roi,0.004461486850094109
08056.png,left-cheek,smooth_1_sigma_1.5,0.0049826246588943295
08056.png,right-cheek,smooth_1_sigma_1.5,0.0038325348576561972
08056.png,bottom-face,smooth_1_sigma_1.5,0.004226793676500583
08056.png,forehead,smooth_1_sigma_1.5,0.003970498069734686
08056.png,under-eyes,smooth_1_sigma_1.5,0.004648827080477342
08056.png,left-cheek,smooth_2_sigma_2.5,0.00506829593247955
08056.png,right-cheek,smooth_2_sigma_2.5,0.003876986148516794
08056.png,bottom-face,smooth_2_sigma_2.5,0.004297028879826863
08056.png,forehead,smooth_2_sigma_2.5,0.00403176917072583
08056.png,under-eyes,smooth_2_sigma_2.5,0.0047663517790308375
08059.png,left-cheek,original_roi,0.005488975068479489
08059.png,right-cheek,original_roi,0.00667276488354389
08059.png,bottom-face,original_roi,0.0052665738284963255
08059.png,forehead,original_roi,0.008250542432863373
08059.png,under-eyes,original_roi,0.004907611605554911
08059.png,left-cheek,smooth_1_sigma_1.5,0.005621484606117942
08059.png,right-cheek,smooth_1_sigma_1.5,0.006890921000088829
08059.png,bottom-face,smooth_1_sigma_1.5,0.005400911295745006
08059.png,forehead,smooth_1_sigma_1.5,0.010024044227963406
08059.png,under-eyes,smooth_1_sigma_1.5,0.005060678469987231
08059.png,left-cheek,smooth_2_sigma_2.5,0.0056820808076805925
08059.png,right-cheek,smooth_2_sigma_2.5,0.006955746073407516
08059.png,bottom-face,smooth_2_sigma_2.5,0.005436689340859377
08059.png,forehead,smooth_2_sigma_2.5,0.010936670332523744
08059.png,under-eyes,smooth_2_sigma_2.5,0.005116701214258416
08061.png,left-cheek,original_roi,0.0038703686215545304
08061.png,right-cheek,original_roi,0.003981052958544547
08061.png,bottom-face,original_roi,0.0043562180016707384
08061.png,forehead,original_roi,0.004032648680239365
08061.png,under-eyes,original_roi,0.0042295891785383895
08061.png,left-cheek,smooth_1_sigma_1.5,0.003977549096745531
08061.png,right-cheek,smooth_1_sigma_1.5,0.0041010653323235325
08061.png,bottom-face,smooth_1_sigma_1.5,0.0045720755010962115
08061.png,forehead,smooth_1_sigma_1.5,0.0041824061065021375
08061.png,under-eyes,smooth_1_sigma_1.5,0.004393491992499501
08061.png,left-cheek,smooth_2_sigma_2.5,0.0040011615959258525
08061.png,right-cheek,smooth_2_sigma_2.5,0.0041254266035029965
08061.png,bottom-face,smooth_2_sigma_2.5,0.004613579424561512
08061.png,forehead,smooth_2_sigma_2.5,0.004218407251359015
08061.png,under-eyes,smooth_2_sigma_2.5,0.004434310782893933
08066.png,left-cheek,original_roi,0.005655529076215897
08066.png,right-cheek,original_roi,0.005892459489874859
08066.png,bottom-face,original_roi,0.0060975237273665425
08066.png,forehead,original_roi,0.005016807311130105
08066.png,under-eyes,original_roi,0.005032645934204183
08066.png,left-cheek,smooth_1_sigma_1.5,0.005842055218775253
08066.png,right-cheek,smooth_1_sigma_1.5,0.006079605658451717
08066.png,bottom-face,smooth_1_sigma_1.5,0.0063335341706383455
08066.png,forehead,smooth_1_sigma_1.5,0.005243352445717931
08066.png,under-eyes,smooth_1_sigma_1.5,0.005230560487037682
08066.png,left-cheek,smooth_2_sigma_2.5,0.0058987613915193965
08066.png,right-cheek,smooth_2_sigma_2.5,0.006189080484077946
08066.png,bottom-face,smooth_2_sigma_2.5,0.006414977876052038
08066.png,forehead,smooth_2_sigma_2.5,0.005300823483716311
08066.png,under-eyes,smooth_2_sigma_2.5,0.005292516911821788
08067.png,left-cheek,original_roi,0.0034665909899299053
08067.png,right-cheek,original_roi,0.0035369898578685556
08067.png,bottom-face,original_roi,0.0037518673165728707
08067.png,forehead,original_roi,0.0037580918334017607
08067.png,under-eyes,original_roi,0.003822713237632182
08067.png,left-cheek,smooth_1_sigma_1.5,0.003518473583310136
08067.png,right-cheek,smooth_1_sigma_1.5,0.0035756008400806617
08067.png,bottom-face,smooth_1_sigma_1.5,0.003800657978056804
08067.png,forehead,smooth_1_sigma_1.5,0.0038255924543303087
08067.png,under-eyes,smooth_1_sigma_1.5,0.003907251288299789
08067.png,left-cheek,smooth_2_sigma_2.5,0.003545981536467203
08067.png,right-cheek,smooth_2_sigma_2.5,0.00358753632853918
08067.png,bottom-face,smooth_2_sigma_2.5,0.003817899286969507
08067.png,forehead,smooth_2_sigma_2.5,0.0038454494764869687
08067.png,under-eyes,smooth_2_sigma_2.5,0.0039289354674112405
08068.png,left-cheek,original_roi,0.007080834703523541
08068.png,right-cheek,original_roi,0.007306543866351544
08068.png,bottom-face,original_roi,0.008500031650899487
08068.png,forehead,original_roi,0.005886367612250803
08068.png,under-eyes,original_roi,0.006800694125107385
08068.png,left-cheek,smooth_1_sigma_1.5,0.007367379869712272
08068.png,right-cheek,smooth_1_sigma_1.5,0.007617902669181923
08068.png,bottom-face,smooth_1_sigma_1.5,0.008876268129492658
08068.png,forehead,smooth_1_sigma_1.5,0.0061452725635225535
08068.png,under-eyes,smooth_1_sigma_1.5,0.007147150782273677
08068.png,left-cheek,smooth_2_sigma_2.5,0.007428877806200543
08068.png,right-cheek,smooth_2_sigma_2.5,0.007697151929051511
08068.png,bottom-face,smooth_2_sigma_2.5,0.008970321576183254
08068.png,forehead,smooth_2_sigma_2.5,0.006217222108456012
08068.png,under-eyes,smooth_2_sigma_2.5,0.007265094988086081
08072.png,left-cheek,original_roi,0.003887853273256308
08072.png,right-cheek,original_roi,0.005040735032327782
08072.png,bottom-face,original_roi,0.005642516689567202
08072.png,forehead,original_roi,0.0049765820730706635
08072.png,under-eyes,original_roi,0.004365135943595758
08072.png,left-cheek,smooth_1_sigma_1.5,0.003936188686660679
08072.png,right-cheek,smooth_1_sigma_1.5,0.005144244449828162
08072.png,bottom-face,smooth_1_sigma_1.5,0.005762631726536944
08072.png,forehead,smooth_1_sigma_1.5,0.0051434416749365965
08072.png,under-eyes,smooth_1_sigma_1.5,0.004504019572960118
08072.png,left-cheek,smooth_2_sigma_2.5,0.003948764593368773
08072.png,right-cheek,smooth_2_sigma_2.5,0.005174309877340414
08072.png,bottom-face,smooth_2_sigma_2.5,0.005814828763143452
08072.png,forehead,smooth_2_sigma_2.5,0.005179833836984721
08072.png,under-eyes,smooth_2_sigma_2.5,0.0045387244907110795
08073.png,left-cheek,original_roi,0.0063343182731006335
08073.png,right-cheek,original_roi,0.005814698835389703
08073.png,bottom-face,original_roi,0.007965260490394544
08073.png,forehead,original_roi,0.005517566880639784
08073.png,under-eyes,original_roi,0.005877080025169902
08073.png,left-cheek,smooth_1_sigma_1.5,0.006496835755277239
08073.png,right-cheek,smooth_1_sigma_1.5,0.006143366516322746
08073.png,bottom-face,smooth_1_sigma_1.5,0.00824575705355104
08073.png,forehead,smooth_1_sigma_1.5,0.0061403300194907235
08073.png,under-eyes,smooth_1_sigma_1.5,0.006188921394471158
08073.png,left-cheek,smooth_2_sigma_2.5,0.006574048825398232
08073.png,right-cheek,smooth_2_sigma_2.5,0.0063011743831664245
08073.png,bottom-face,smooth_2_sigma_2.5,0.008357995429239184
08073.png,forehead,smooth_2_sigma_2.5,0.006350082259739211
08073.png,under-eyes,smooth_2_sigma_2.5,0.006259524917749103
08075.png,left-cheek,original_roi,0.006174917401375579
08075.png,right-cheek,original_roi,0.0054854407024203244
08075.png,bottom-face,original_roi,0.005782087914628093
08075.png,forehead,original_roi,0.0047820790972891705
08075.png,under-eyes,original_roi,0.0061994554487954205
08075.png,left-cheek,smooth_1_sigma_1.5,0.006375084461561892
08075.png,right-cheek,smooth_1_sigma_1.5,0.005653221823110192
08075.png,bottom-face,smooth_1_sigma_1.5,0.006040199862869895
08075.png,forehead,smooth_1_sigma_1.5,0.00515062818661966
08075.png,under-eyes,smooth_1_sigma_1.5,0.006416814283877699
08075.png,left-cheek,smooth_2_sigma_2.5,0.006414004101432334
08075.png,right-cheek,smooth_2_sigma_2.5,0.005686560374768633
08075.png,bottom-face,smooth_2_sigma_2.5,0.006089605377519896
08075.png,forehead,smooth_2_sigma_2.5,0.005367785726875046
08075.png,under-eyes,smooth_2_sigma_2.5,0.006465544556598902
08083.png,left-cheek,original_roi,0.004015107649707367
08083.png,right-cheek,original_roi,0.0043081262552042
08083.png,bottom-face,original_roi,0.0042506524080917615
08083.png,forehead,original_roi,0.004695018565314558
08083.png,under-eyes,original_roi,0.0043454936851789
08083.png,left-cheek,smooth_1_sigma_1.5,0.004102267794470747
08083.png,right-cheek,smooth_1_sigma_1.5,0.004438771741735267
08083.png,bottom-face,smooth_1_sigma_1.5,0.004352299557297426
08083.png,forehead,smooth_1_sigma_1.5,0.004887399790338521
08083.png,under-eyes,smooth_1_sigma_1.5,0.0045782298952407405
08083.png,left-cheek,smooth_2_sigma_2.5,0.004128626517420325
08083.png,right-cheek,smooth_2_sigma_2.5,0.0044796500287085875
08083.png,bottom-face,smooth_2_sigma_2.5,0.004381136709711131
08083.png,forehead,smooth_2_sigma_2.5,0.00494091344675333
08083.png,under-eyes,smooth_2_sigma_2.5,0.004692798065350389
08085.png,left-cheek,original_roi,0.004448692271121392
08085.png,right-cheek,original_roi,0.004957629008026413
08085.png,bottom-face,original_roi,0.006923607265308244
08085.png,forehead,original_roi,0.004535121952095067
08085.png,under-eyes,original_roi,0.004534677491056099
08085.png,left-cheek,smooth_1_sigma_1.5,0.004613775483825173
08085.png,right-cheek,smooth_1_sigma_1.5,0.005146800086057734
08085.png,bottom-face,smooth_1_sigma_1.5,0.007358080613863504
08085.png,forehead,smooth_1_sigma_1.5,0.004746244849098501
08085.png,under-eyes,smooth_1_sigma_1.5,0.004739041825613614
08085.png,left-cheek,smooth_2_sigma_2.5,0.00464396202217695
08085.png,right-cheek,smooth_2_sigma_2.5,0.005182967759528888
08085.png,bottom-face,smooth_2_sigma_2.5,0.00744821117939916
08085.png,forehead,smooth_2_sigma_2.5,0.004797861804035144
08085.png,under-eyes,smooth_2_sigma_2.5,0.004784591132124076
08088.png,left-cheek,original_roi,0.006479590101610684
08088.png,right-cheek,original_roi,0.007243834722414992
08088.png,bottom-face,original_roi,0.007546910355641249
08088.png,forehead,original_roi,0.005566939598241349
08088.png,under-eyes,original_roi,0.006333463035590558
08088.png,left-cheek,smooth_1_sigma_1.5,0.006788761225007625
08088.png,right-cheek,smooth_1_sigma_1.5,0.007579655358081825
08088.png,bottom-face,smooth_1_sigma_1.5,0.00790938076301133
08088.png,forehead,smooth_1_sigma_1.5,0.005774928286550988
08088.png,under-eyes,smooth_1_sigma_1.5,0.006931896923625658
08088.png,left-cheek,smooth_2_sigma_2.5,0.006923216418531969
08088.png,right-cheek,smooth_2_sigma_2.5,0.007685058845712701
08088.png,bottom-face,smooth_2_sigma_2.5,0.007985872883819127
08088.png,forehead,smooth_2_sigma_2.5,0.005823310786786114
08088.png,under-eyes,smooth_2_sigma_2.5,0.007331360212376035
08089.png,left-cheek,original_roi,0.004451873574137145
08089.png,right-cheek,original_roi,0.004014940007991391
08089.png,bottom-face,original_roi,0.004221158253219656
08089.png,forehead,original_roi,0.004156561268161065
08089.png,under-eyes,original_roi,0.0047691902855692405
08089.png,left-cheek,smooth_1_sigma_1.5,0.004524094176463076
08089.png,right-cheek,smooth_1_sigma_1.5,0.0040673951558101076
08089.png,bottom-face,smooth_1_sigma_1.5,0.00427943323327239
08089.png,forehead,smooth_1_sigma_1.5,0.004254587235909128
08089.png,under-eyes,smooth_1_sigma_1.5,0.005072047873720667
08089.png,left-cheek,smooth_2_sigma_2.5,0.004542041129091286
08089.png,right-cheek,smooth_2_sigma_2.5,0.004086344935628276
08089.png,bottom-face,smooth_2_sigma_2.5,0.004297957457483926
08089.png,forehead,smooth_2_sigma_2.5,0.004281237144619876
08089.png,under-eyes,smooth_2_sigma_2.5,0.005296521688636437
08091.png,left-cheek,original_roi,0.006411797449018455
08091.png,right-cheek,original_roi,0.009444928714038974
08091.png,bottom-face,original_roi,0.007090163307859889
08091.png,forehead,original_roi,0.007726907478407954
08091.png,under-eyes,original_roi,0.0075482839379847995
08091.png,left-cheek,smooth_1_sigma_1.5,0.006790186731057881
08091.png,right-cheek,smooth_1_sigma_1.5,0.010038022260783533
08091.png,bottom-face,smooth_1_sigma_1.5,0.007615759257826911
08091.png,forehead,smooth_1_sigma_1.5,0.008733765340746947
08091.png,under-eyes,smooth_1_sigma_1.5,0.008749375935080447
08091.png,left-cheek,smooth_2_sigma_2.5,0.006875329209469138
08091.png,right-cheek,smooth_2_sigma_2.5,0.010186541980189328
08091.png,bottom-face,smooth_2_sigma_2.5,0.007737678646780675
08091.png,forehead,smooth_2_sigma_2.5,0.00898880724403348
08091.png,under-eyes,smooth_2_sigma_2.5,0.009242118258917159
08093.png,left-cheek,original_roi,0.00410290932334099
08093.png,right-cheek,original_roi,0.004331619732858237
08093.png,bottom-face,original_roi,0.004290408814205498
08093.png,forehead,original_roi,0.004026128876678075
08093.png,under-eyes,original_roi,0.004252991394003109
08093.png,left-cheek,smooth_1_sigma_1.5,0.004181743358110522
08093.png,right-cheek,smooth_1_sigma_1.5,0.004418603040812859
08093.png,bottom-face,smooth_1_sigma_1.5,0.004384262101234564
08093.png,forehead,smooth_1_sigma_1.5,0.0041555472099906255
08093.png,under-eyes,smooth_1_sigma_1.5,0.0043594962667827695
08093.png,left-cheek,smooth_2_sigma_2.5,0.004199241108660448
08093.png,right-cheek,smooth_2_sigma_2.5,0.004438018253940101
08093.png,bottom-face,smooth_2_sigma_2.5,0.004405221582103422
08093.png,forehead,smooth_2_sigma_2.5,0.004221357109480494
08093.png,under-eyes,smooth_2_sigma_2.5,0.00439268739596525
08094.png,left-cheek,original_roi,0.004728069431724134
08094.png,right-cheek,original_roi,0.004466953180034281
08094.png,bottom-face,original_roi,0.004997980004371688
08094.png,forehead,original_roi,0.008650568101898006
08094.png,under-eyes,original_roi,0.005078550005624989
08094.png,left-cheek,smooth_1_sigma_1.5,0.0048668743436385605
08094.png,right-cheek,smooth_1_sigma_1.5,0.004587337413219382
08094.png,bottom-face,smooth_1_sigma_1.5,0.00515348122451416
08094.png,forehead,smooth_1_sigma_1.5,0.009442928938683093
08094.png,under-eyes,smooth_1_sigma_1.5,0.005297824198320398
08094.png,left-cheek,smooth_2_sigma_2.5,0.004897708913554902
08094.png,right-cheek,smooth_2_sigma_2.5,0.004614918320837356
08094.png,bottom-face,smooth_2_sigma_2.5,0.005188933431944377
08094.png,forehead,smooth_2_sigma_2.5,0.009667056122760705
08094.png,under-eyes,smooth_2_sigma_2.5,0.005348209584977789
08096.png,left-cheek,original_roi,0.006352233099117192
08096.png,right-cheek,original_roi,0.006280678080064773
08096.png,bottom-face,original_roi,0.006341373030971004
08096.png,forehead,original_roi,0.004039805236092685
08096.png,under-eyes,original_roi,0.005312566448182244
08096.png,left-cheek,smooth_1_sigma_1.5,0.006893268373299228
08096.png,right-cheek,smooth_1_sigma_1.5,0.006914355185354261
08096.png,bottom-face,smooth_1_sigma_1.5,0.006753474871484441
08096.png,forehead,smooth_1_sigma_1.5,0.004590162119549611
08096.png,under-eyes,smooth_1_sigma_1.5,0.0057875939694699945
08096.png,left-cheek,smooth_2_sigma_2.5,0.0071881974616336665
08096.png,right-cheek,smooth_2_sigma_2.5,0.007218824564373104
08096.png,bottom-face,smooth_2_sigma_2.5,0.006851523019765698
08096.png,forehead,smooth_2_sigma_2.5,0.004863970564428137
08096.png,under-eyes,smooth_2_sigma_2.5,0.006061128384612878
08097.png,left-cheek,original_roi,0.004105229035954353
08097.png,right-cheek,original_roi,0.0044710182526441185
08097.png,bottom-face,original_roi,0.00484678829508688
08097.png,forehead,original_roi,0.004062951224676929
08097.png,under-eyes,original_roi,0.004342986390988709
08097.png,left-cheek,smooth_1_sigma_1.5,0.004208269732264282
08097.png,right-cheek,smooth_1_sigma_1.5,0.004642359073936924
08097.png,bottom-face,smooth_1_sigma_1.5,0.005377146687361514
08097.png,forehead,smooth_1_sigma_1.5,0.004223802946857186
08097.png,under-eyes,smooth_1_sigma_1.5,0.0044889033709209145
08097.png,left-cheek,smooth_2_sigma_2.5,0.0042349763871288035
08097.png,right-cheek,smooth_2_sigma_2.5,0.0046848674365565
08097.png,bottom-face,smooth_2_sigma_2.5,0.005499923741623126
08097.png,forehead,smooth_2_sigma_2.5,0.0042633546562867095
08097.png,under-eyes,smooth_2_sigma_2.5,0.004535037591547382
08099.png,left-cheek,original_roi,0.003944327562738931
08099.png,right-cheek,original_roi,0.003576527543365498
08099.png,bottom-face,original_roi,0.003858859573217291
08099.png,forehead,original_roi,0.003686787122728945
08099.png,under-eyes,original_roi,0.0036950468310509386
08099.png,left-cheek,smooth_1_sigma_1.5,0.004048389957582888
08099.png,right-cheek,smooth_1_sigma_1.5,0.00364503959387785
08099.png,bottom-face,smooth_1_sigma_1.5,0.003950549561298497
08099.png,forehead,smooth_1_sigma_1.5,0.0038163874310752346
08099.png,under-eyes,smooth_1_sigma_1.5,0.0038111131648600424
08099.png,left-cheek,smooth_2_sigma_2.5,0.0040662530577171285
08099.png,right-cheek,smooth_2_sigma_2.5,0.0036600275238816145
08099.png,bottom-face,smooth_2_sigma_2.5,0.003969902284057245
08099.png,forehead,smooth_2_sigma_2.5,0.003846703451289347
08099.png,under-eyes,smooth_2_sigma_2.5,0.0038384400328090175
08100.png,left-cheek,original_roi,0.004280471518241376
08100.png,right-cheek,original_roi,0.004392650054397677
08100.png,bottom-face,original_roi,0.0040791220429865355
08100.png,forehead,original_roi,0.0034525952757669337
08100.png,under-eyes,original_roi,0.004075838530363428
08100.png,left-cheek,smooth_1_sigma_1.5,0.004519833870535671
08100.png,right-cheek,smooth_1_sigma_1.5,0.004627887881540624
08100.png,bottom-face,smooth_1_sigma_1.5,0.004215941145899692
08100.png,forehead,smooth_1_sigma_1.5,0.0036893316322659992
08100.png,under-eyes,smooth_1_sigma_1.5,0.004332584826639654
08100.png,left-cheek,smooth_2_sigma_2.5,0.0046243435293869825
08100.png,right-cheek,smooth_2_sigma_2.5,0.004732419950375711
08100.png,bottom-face,smooth_2_sigma_2.5,0.0042431309983093695
08100.png,forehead,smooth_2_sigma_2.5,0.003782973447394854
08100.png,under-eyes,smooth_2_sigma_2.5,0.004468507022915073
08102.png,left-cheek,original_roi,0.005097901245296135
08102.png,right-cheek,original_roi,0.0054084251885750485
08102.png,bottom-face,original_roi,0.005485792855079379
08102.png,forehead,original_roi,0.0046057444356141985
08102.png,under-eyes,original_roi,0.004791853541883692
08102.png,left-cheek,smooth_1_sigma_1.5,0.005334379504761426
08102.png,right-cheek,smooth_1_sigma_1.5,0.00565642744903527
08102.png,bottom-face,smooth_1_sigma_1.5,0.005748898065186715
08102.png,forehead,smooth_1_sigma_1.5,0.004877517294037249
08102.png,under-eyes,smooth_1_sigma_1.5,0.005068402141104523
08102.png,left-cheek,smooth_2_sigma_2.5,0.005367113388739499
08102.png,right-cheek,smooth_2_sigma_2.5,0.005695319367013551
08102.png,bottom-face,smooth_2_sigma_2.5,0.0057927873798691775
08102.png,forehead,smooth_2_sigma_2.5,0.004935913793605826
08102.png,under-eyes,smooth_2_sigma_2.5,0.005131660775136933
08103.png,left-cheek,original_roi,0.004861448761301533
08103.png,right-cheek,original_roi,0.005325130555399097
08103.png,bottom-face,original_roi,0.005778741755002101
08103.png,forehead,original_roi,0.004018152363203027
08103.png,under-eyes,original_roi,0.004806822841131203
08103.png,left-cheek,smooth_1_sigma_1.5,0.005166645280247707
08103.png,right-cheek,smooth_1_sigma_1.5,0.005523376657388784
08103.png,bottom-face,smooth_1_sigma_1.5,0.00603012106793913
08103.png,forehead,smooth_1_sigma_1.5,0.004181380971701597
08103.png,under-eyes,smooth_1_sigma_1.5,0.0050725620369963115
08103.png,left-cheek,smooth_2_sigma_2.5,0.005207612954726629
08103.png,right-cheek,smooth_2_sigma_2.5,0.005567980603188177
08103.png,bottom-face,smooth_2_sigma_2.5,0.0060782108892070965
08103.png,forehead,smooth_2_sigma_2.5,0.0042139627006696255
08103.png,under-eyes,smooth_2_sigma_2.5,0.005111840458669335
08105.png,left-cheek,original_roi,0.005520498412491332
08105.png,right-cheek,original_roi,0.005130936485895403
08105.png,bottom-face,original_roi,0.006161542187395543
08105.png,forehead,original_roi,0.004872608709988815
08105.png,under-eyes,original_roi,0.005277496152765218
08105.png,left-cheek,smooth_1_sigma_1.5,0.006035149492688851
08105.png,right-cheek,smooth_1_sigma_1.5,0.00536025415184455
08105.png,bottom-face,smooth_1_sigma_1.5,0.006528350655190098
08105.png,forehead,smooth_1_sigma_1.5,0.005193610052182488
08105.png,under-eyes,smooth_1_sigma_1.5,0.005687067643426891
08105.png,left-cheek,smooth_2_sigma_2.5,0.0061974179617395
08105.png,right-cheek,smooth_2_sigma_2.5,0.005426807099762184
08105.png,bottom-face,smooth_2_sigma_2.5,0.006641230754439445
08105.png,forehead,smooth_2_sigma_2.5,0.005272893577181555
08105.png,under-eyes,smooth_2_sigma_2.5,0.005774898258958229
08111.png,left-cheek,original_roi,0.00538044880820267
08111.png,right-cheek,original_roi,0.005348766099256681
08111.png,bottom-face,original_roi,0.005666793015462627
08111.png,forehead,original_roi,0.0050240575742769725
08111.png,under-eyes,original_roi,0.005577849080886568
08111.png,left-cheek,smooth_1_sigma_1.5,0.0055242822199271435
08111.png,right-cheek,smooth_1_sigma_1.5,0.005461742227945324
08111.png,bottom-face,smooth_1_sigma_1.5,0.0057685868279158
08111.png,forehead,smooth_1_sigma_1.5,0.005182156343780529
08111.png,under-eyes,smooth_1_sigma_1.5,0.00580036231672888
08111.png,left-cheek,smooth_2_sigma_2.5,0.005562151464020377
08111.png,right-cheek,smooth_2_sigma_2.5,0.0054961450357477815
08111.png,bottom-face,smooth_2_sigma_2.5,0.0058080792491835
08111.png,forehead,smooth_2_sigma_2.5,0.005218365485508542
08111.png,under-eyes,smooth_2_sigma_2.5,0.005869072339142039
08113.png,left-cheek,original_roi,0.0040110312616722325
08113.png,right-cheek,original_roi,0.0037806686224749367
08113.png,bottom-face,original_roi,0.0042967479057310284
08113.png,forehead,original_roi,0.004116650259428514
08113.png,under-eyes,original_roi,0.004141903969354328
08113.png,left-cheek,smooth_1_sigma_1.5,0.004124633104325156
08113.png,right-cheek,smooth_1_sigma_1.5,0.003844530900746727
08113.png,bottom-face,smooth_1_sigma_1.5,0.004409637495099983
08113.png,forehead,smooth_1_sigma_1.5,0.004259134665338257
08113.png,under-eyes,smooth_1_sigma_1.5,0.004273155556661292
08113.png,left-cheek,smooth_2_sigma_2.5,0.004164875076010412
08113.png,right-cheek,smooth_2_sigma_2.5,0.0038625755001825256
08113.png,bottom-face,smooth_2_sigma_2.5,0.004440638291210559
08113.png,forehead,smooth_2_sigma_2.5,0.0043023888117908905
08113.png,under-eyes,smooth_2_sigma_2.5,0.0043170088840716984
08115.png,left-cheek,original_roi,0.015316563556977175
08115.png,right-cheek,original_roi,0.008028114140652364
08115.png,bottom-face,original_roi,0.0097257342315977
08115.png,forehead,original_roi,0.00742324177457173
08115.png,under-eyes,original_roi,0.007913558537111941
08115.png,left-cheek,smooth_1_sigma_1.5,0.016513726513685115
08115.png,right-cheek,smooth_1_sigma_1.5,0.008576704767183795
08115.png,bottom-face,smooth_1_sigma_1.5,0.010625064907246969
08115.png,forehead,smooth_1_sigma_1.5,0.007903949468983451
08115.png,under-eyes,smooth_1_sigma_1.5,0.008721284647184751
08115.png,left-cheek,smooth_2_sigma_2.5,0.01682390840242375
08115.png,right-cheek,smooth_2_sigma_2.5,0.00868988718828755
08115.png,bottom-face,smooth_2_sigma_2.5,0.010804662754552826
08115.png,forehead,smooth_2_sigma_2.5,0.008033530560473609
08115.png,under-eyes,smooth_2_sigma_2.5,0.009073486580798174
08116.png,left-cheek,original_roi,0.004593672936358171
08116.png,right-cheek,original_roi,0.0043381624559253075
08116.png,bottom-face,original_roi,0.004402685240965284
08116.png,forehead,original_roi,0.004152799624875511
08116.png,under-eyes,original_roi,0.0048239628677195405
08116.png,left-cheek,smooth_1_sigma_1.5,0.004701869121286855
08116.png,right-cheek,smooth_1_sigma_1.5,0.00441495592550745
08116.png,bottom-face,smooth_1_sigma_1.5,0.004491458624100023
08116.png,forehead,smooth_1_sigma_1.5,0.004240350794020498
08116.png,under-eyes,smooth_1_sigma_1.5,0.005022785934139162
08116.png,left-cheek,smooth_2_sigma_2.5,0.004740171600399704
08116.png,right-cheek,smooth_2_sigma_2.5,0.004447569412526543
08116.png,bottom-face,smooth_2_sigma_2.5,0.004523530564601546
08116.png,forehead,smooth_2_sigma_2.5,0.004273900762380051
08116.png,under-eyes,smooth_2_sigma_2.5,0.005116500699507551
08123.png,left-cheek,original_roi,0.010259278727628555
08123.png,right-cheek,original_roi,0.010115269100750082
08123.png,bottom-face,original_roi,0.01193557256750628
08123.png,forehead,original_roi,0.00791131345906453
08123.png,under-eyes,original_roi,0.008725387432794631
08123.png,left-cheek,smooth_1_sigma_1.5,0.010991041477739624
08123.png,right-cheek,smooth_1_sigma_1.5,0.011102938868586699
08123.png,bottom-face,smooth_1_sigma_1.5,0.013348817454570268
08123.png,forehead,smooth_1_sigma_1.5,0.008911576165493321
08123.png,under-eyes,smooth_1_sigma_1.5,0.01000051243546787
08123.png,left-cheek,smooth_2_sigma_2.5,0.01118116736527592
08123.png,right-cheek,smooth_2_sigma_2.5,0.011362379032568452
08123.png,bottom-face,smooth_2_sigma_2.5,0.013749103424862732
08123.png,forehead,smooth_2_sigma_2.5,0.009164921522809464
08123.png,under-eyes,smooth_2_sigma_2.5,0.010369795856202327
08127.png,left-cheek,original_roi,0.005205851591047192
08127.png,right-cheek,original_roi,0.00542007327255456
08127.png,bottom-face,original_roi,0.006420545363079841
08127.png,forehead,original_roi,0.013502518291463537
08127.png,under-eyes,original_roi,0.0052296229841794495
08127.png,left-cheek,smooth_1_sigma_1.5,0.005288231219827774
08127.png,right-cheek,smooth_1_sigma_1.5,0.005504569775803436
08127.png,bottom-face,smooth_1_sigma_1.5,0.006533767173419052
08127.png,forehead,smooth_1_sigma_1.5,0.015825824230329903
08127.png,under-eyes,smooth_1_sigma_1.5,0.005349680005215573
08127.png,left-cheek,smooth_2_sigma_2.5,0.005307525427502746
08127.png,right-cheek,smooth_2_sigma_2.5,0.0055329407041580835
08127.png,bottom-face,smooth_2_sigma_2.5,0.006577067214754765
08127.png,forehead,smooth_2_sigma_2.5,0.016573235828628984
08127.png,under-eyes,smooth_2_sigma_2.5,0.005380947308936812
08133.png,left-cheek,original_roi,0.0041620862476368795
08133.png,right-cheek,original_roi,0.006237933544593884
08133.png,bottom-face,original_roi,0.006025169269846255
08133.png,forehead,original_roi,0.005298545673074008
08133.png,under-eyes,original_roi,0.005972753850319289
08133.png,left-cheek,smooth_1_sigma_1.5,0.004183156235833471
08133.png,right-cheek,smooth_1_sigma_1.5,0.006476883460873599
08133.png,bottom-face,smooth_1_sigma_1.5,0.00630192846910682
08133.png,forehead,smooth_1_sigma_1.5,0.005525009324786307
08133.png,under-eyes,smooth_1_sigma_1.5,0.0063484300970030804
08133.png,left-cheek,smooth_2_sigma_2.5,0.004166488990313921
08133.png,right-cheek,smooth_2_sigma_2.5,0.006537927199194002
08133.png,bottom-face,smooth_2_sigma_2.5,0.006372592813968968
08133.png,forehead,smooth_2_sigma_2.5,0.005584285919352314
08133.png,under-eyes,smooth_2_sigma_2.5,0.0065464817904283944
08136.png,left-cheek,original_roi,0.005548743601630567
08136.png,right-cheek,original_roi,0.005747790393776396
08136.png,bottom-face,original_roi,0.006195408910216987
08136.png,forehead,original_roi,0.005049535920606341
08136.png,under-eyes,original_roi,0.006250743451477304
08136.png,left-cheek,smooth_1_sigma_1.5,0.005741444262068319
08136.png,right-cheek,smooth_1_sigma_1.5,0.005958030072725754
08136.png,bottom-face,smooth_1_sigma_1.5,0.006589479478953483
08136.png,forehead,smooth_1_sigma_1.5,0.005218829338125011
08136.png,under-eyes,smooth_1_sigma_1.5,0.006563860698836648
08136.png,left-cheek,smooth_2_sigma_2.5,0.005782382224640641
08136.png,right-cheek,smooth_2_sigma_2.5,0.006014026201849611
08136.png,bottom-face,smooth_2_sigma_2.5,0.006660883398774615
08136.png,forehead,smooth_2_sigma_2.5,0.0052525307077504
08136.png,under-eyes,smooth_2_sigma_2.5,0.00663153469199367
08138.png,left-cheek,original_roi,0.0036386200324213117
08138.png,right-cheek,original_roi,0.0037145962946801355
08138.png,bottom-face,original_roi,0.003950038293005713
08138.png,forehead,original_roi,0.003600203761227126
08138.png,under-eyes,original_roi,0.0037820656516845564
08138.png,left-cheek,smooth_1_sigma_1.5,0.0038098795386055065
08138.png,right-cheek,smooth_1_sigma_1.5,0.003887041735182821
08138.png,bottom-face,smooth_1_sigma_1.5,0.004079985078414557
08138.png,forehead,smooth_1_sigma_1.5,0.003717775612520033
08138.png,under-eyes,smooth_1_sigma_1.5,0.004012145811660623
08138.png,left-cheek,smooth_2_sigma_2.5,0.003910467728768815
08138.png,right-cheek,smooth_2_sigma_2.5,0.004016947774098331
08138.png,bottom-face,smooth_2_sigma_2.5,0.004120071447017824
08138.png,forehead,smooth_2_sigma_2.5,0.0037718128189705687
08138.png,under-eyes,smooth_2_sigma_2.5,0.004165869276034726
08144.png,left-cheek,original_roi,0.005176268950083745
08144.png,right-cheek,original_roi,0.005069852989899646
08144.png,bottom-face,original_roi,0.005032789208980681
08144.png,forehead,original_roi,0.0050711026111480585
08144.png,under-eyes,original_roi,0.005577293782248988
08144.png,left-cheek,smooth_1_sigma_1.5,0.005300804116228763
08144.png,right-cheek,smooth_1_sigma_1.5,0.005186944685507183
08144.png,bottom-face,smooth_1_sigma_1.5,0.005152049192415985
08144.png,forehead,smooth_1_sigma_1.5,0.005199641877502101
08144.png,under-eyes,smooth_1_sigma_1.5,0.005777957636391965
08144.png,left-cheek,smooth_2_sigma_2.5,0.005324333737331564
08144.png,right-cheek,smooth_2_sigma_2.5,0.005210135014570653
08144.png,bottom-face,smooth_2_sigma_2.5,0.005178189618227869
08144.png,forehead,smooth_2_sigma_2.5,0.005228114367295307
08144.png,under-eyes,smooth_2_sigma_2.5,0.00581866276654183
08147.png,left-cheek,original_roi,0.007573226934402279
08147.png,right-cheek,original_roi,0.006844536812050334
08147.png,bottom-face,original_roi,0.008207418629763109
08147.png,forehead,original_roi,0.007286648510143434
08147.png,under-eyes,original_roi,0.008315046463576128
08147.png,left-cheek,smooth_1_sigma_1.5,0.007677261683730534
08147.png,right-cheek,smooth_1_sigma_1.5,0.006922943891875165
08147.png,bottom-face,smooth_1_sigma_1.5,0.008319078448423394
08147.png,forehead,smooth_1_sigma_1.5,0.007394640806754032
08147.png,under-eyes,smooth_1_sigma_1.5,0.008478934213358926
08147.png,left-cheek,smooth_2_sigma_2.5,0.007731518511617506
08147.png,right-cheek,smooth_2_sigma_2.5,0.006960039984838169
08147.png,bottom-face,smooth_2_sigma_2.5,0.008377290582006171
08147.png,forehead,smooth_2_sigma_2.5,0.007450392201989949
08147.png,under-eyes,smooth_2_sigma_2.5,0.008577290998646793
08152.png,left-cheek,original_roi,0.00465168889261973
08152.png,right-cheek,original_roi,0.005683832692311502
08152.png,bottom-face,original_roi,0.005200352685814761
08152.png,forehead,original_roi,0.004568990727958778
08152.png,under-eyes,original_roi,0.005326825185067279
08152.png,left-cheek,smooth_1_sigma_1.5,0.004724955148778056
08152.png,right-cheek,smooth_1_sigma_1.5,0.005859794003701832
08152.png,bottom-face,smooth_1_sigma_1.5,0.005545671017210116
08152.png,forehead,smooth_1_sigma_1.5,0.004618625765084696
08152.png,under-eyes,smooth_1_sigma_1.5,0.005446733792474733
08152.png,left-cheek,smooth_2_sigma_2.5,0.004744996285394802
08152.png,right-cheek,smooth_2_sigma_2.5,0.005896419863173879
08152.png,bottom-face,smooth_2_sigma_2.5,0.005623388087300438
08152.png,forehead,smooth_2_sigma_2.5,0.004638895727049844
08152.png,under-eyes,smooth_2_sigma_2.5,0.005477293528370617
08155.png,left-cheek,original_roi,0.004289212204828126
08155.png,right-cheek,original_roi,0.004832107316638286
08155.png,bottom-face,original_roi,0.005376130650737575
08155.png,forehead,original_roi,0.004044183581905
08155.png,under-eyes,original_roi,0.0048301302516857636
08155.png,left-cheek,smooth_1_sigma_1.5,0.004489774487608441
08155.png,right-cheek,smooth_1_sigma_1.5,0.005122962682111162
08155.png,bottom-face,smooth_1_sigma_1.5,0.0056766717063056055
08155.png,forehead,smooth_1_sigma_1.5,0.004379541937919199
08155.png,under-eyes,smooth_1_sigma_1.5,0.005307574577182135
08155.png,left-cheek,smooth_2_sigma_2.5,0.004525294614680669
08155.png,right-cheek,smooth_2_sigma_2.5,0.005173882362711035
08155.png,bottom-face,smooth_2_sigma_2.5,0.005732400152561542
08155.png,forehead,smooth_2_sigma_2.5,0.004431322229582783
08155.png,under-eyes,smooth_2_sigma_2.5,0.00540437061612237
08158.png,left-cheek,original_roi,0.0056480135967378105
08158.png,right-cheek,original_roi,0.005769687870789753
08158.png,bottom-face,original_roi,0.0048368153265700015
08158.png,forehead,original_roi,0.00466737192214195
08158.png,under-eyes,original_roi,0.0056957166725118
08158.png,left-cheek,smooth_1_sigma_1.5,0.005994954669371376
08158.png,right-cheek,smooth_1_sigma_1.5,0.0059761465564202735
08158.png,bottom-face,smooth_1_sigma_1.5,0.006383864455291512
08158.png,forehead,smooth_1_sigma_1.5,0.004817998369695576
08158.png,under-eyes,smooth_1_sigma_1.5,0.0060871600080270385
08158.png,left-cheek,smooth_2_sigma_2.5,0.006092995143454021
08158.png,right-cheek,smooth_2_sigma_2.5,0.006039531516191615
08158.png,bottom-face,smooth_2_sigma_2.5,0.007171833587557176
08158.png,forehead,smooth_2_sigma_2.5,0.004865211154585168
08158.png,under-eyes,smooth_2_sigma_2.5,0.0063044382142267335
08162.png,left-cheek,original_roi,0.004105798873931281
08162.png,right-cheek,original_roi,0.004694847967204406
08162.png,bottom-face,original_roi,0.005138770639434865
08162.png,forehead,original_roi,0.0048042701069803285
08162.png,under-eyes,original_roi,0.00420680662508294
08162.png,left-cheek,smooth_1_sigma_1.5,0.004138545753805192
08162.png,right-cheek,smooth_1_sigma_1.5,0.004744429399248226
08162.png,bottom-face,smooth_1_sigma_1.5,0.005202806420852911
08162.png,forehead,smooth_1_sigma_1.5,0.004873716021055393
08162.png,under-eyes,smooth_1_sigma_1.5,0.004263492716574529
08162.png,left-cheek,smooth_2_sigma_2.5,0.004151006419047835
08162.png,right-cheek,smooth_2_sigma_2.5,0.004764456872563283
08162.png,bottom-face,smooth_2_sigma_2.5,0.005227283745534729
08162.png,forehead,smooth_2_sigma_2.5,0.004896344192858062
08162.png,under-eyes,smooth_2_sigma_2.5,0.00428666227124853
08168.png,left-cheek,original_roi,0.004383794160141228
08168.png,right-cheek,original_roi,0.004699567859108016
08168.png,bottom-face,original_roi,0.004758060440852557
08168.png,forehead,original_roi,0.0042096992912781335
08168.png,under-eyes,original_roi,0.004452017642536299
08168.png,left-cheek,smooth_1_sigma_1.5,0.004486910841597873
08168.png,right-cheek,smooth_1_sigma_1.5,0.004842180449382536
08168.png,bottom-face,smooth_1_sigma_1.5,0.00488998072666469
08168.png,forehead,smooth_1_sigma_1.5,0.004327030616685617
08168.png,under-eyes,smooth_1_sigma_1.5,0.0048378092293787055
08168.png,left-cheek,smooth_2_sigma_2.5,0.004511001766024909
08168.png,right-cheek,smooth_2_sigma_2.5,0.004873659460679334
08168.png,bottom-face,smooth_2_sigma_2.5,0.00492590973688715
08168.png,forehead,smooth_2_sigma_2.5,0.004354364411503713
08168.png,under-eyes,smooth_2_sigma_2.5,0.005065613224791793
08169.png,left-cheek,original_roi,0.0036944435099391447
08169.png,right-cheek,original_roi,0.0037741309861358176
08169.png,bottom-face,original_roi,0.0040700799028226195
08169.png,forehead,original_roi,0.004267047342989075
08169.png,under-eyes,original_roi,0.004230134798432328
08169.png,left-cheek,smooth_1_sigma_1.5,0.0037876415711864194
08169.png,right-cheek,smooth_1_sigma_1.5,0.003837830953820402
08169.png,bottom-face,smooth_1_sigma_1.5,0.0041410019463895085
08169.png,forehead,smooth_1_sigma_1.5,0.0045509422828063075
08169.png,under-eyes,smooth_1_sigma_1.5,0.004348398768088182
08169.png,left-cheek,smooth_2_sigma_2.5,0.0038374852397560695
08169.png,right-cheek,smooth_2_sigma_2.5,0.0038595283045215114
08169.png,bottom-face,smooth_2_sigma_2.5,0.004169897496132443
08169.png,forehead,smooth_2_sigma_2.5,0.004735842766060142
08169.png,under-eyes,smooth_2_sigma_2.5,0.00438734973559844
08173.png,left-cheek,original_roi,0.003865716589955726
08173.png,right-cheek,original_roi,0.0039059088892411794
08173.png,bottom-face,original_roi,0.004049408666506369
08173.png,forehead,original_roi,0.005102581883289291
08173.png,under-eyes,original_roi,0.004071285634288351
08173.png,left-cheek,smooth_1_sigma_1.5,0.0039359781054010895
08173.png,right-cheek,smooth_1_sigma_1.5,0.003962938629127618
08173.png,bottom-face,smooth_1_sigma_1.5,0.0041035553928543
08173.png,forehead,smooth_1_sigma_1.5,0.005563074593680478
08173.png,under-eyes,smooth_1_sigma_1.5,0.004136320060269369
08173.png,left-cheek,smooth_2_sigma_2.5,0.003956407736861664
08173.png,right-cheek,smooth_2_sigma_2.5,0.00398032059366417
08173.png,bottom-face,smooth_2_sigma_2.5,0.004120485000279847
08173.png,forehead,smooth_2_sigma_2.5,0.005681428580884355
08173.png,under-eyes,smooth_2_sigma_2.5,0.004155787480085421
08174.png,left-cheek,original_roi,0.005627902963586495
08174.png,right-cheek,original_roi,0.004594841397308264
08174.png,bottom-face,original_roi,0.005464193781859451
08174.png,forehead,original_roi,0.004123870988771157
08174.png,under-eyes,original_roi,0.005216527952650632
08174.png,left-cheek,smooth_1_sigma_1.5,0.005793478362505725
08174.png,right-cheek,smooth_1_sigma_1.5,0.0047814636477982
08174.png,bottom-face,smooth_1_sigma_1.5,0.005636345156663212
08174.png,forehead,smooth_1_sigma_1.5,0.004454149813199711
08174.png,under-eyes,smooth_1_sigma_1.5,0.005634002624526891
08174.png,left-cheek,smooth_2_sigma_2.5,0.00582569201244669
08174.png,right-cheek,smooth_2_sigma_2.5,0.004814094853768614
08174.png,bottom-face,smooth_2_sigma_2.5,0.0056916900823249135
08174.png,forehead,smooth_2_sigma_2.5,0.004522184464551061
08174.png,under-eyes,smooth_2_sigma_2.5,0.005781498416200318
08177.png,left-cheek,original_roi,0.005292952762227922
08177.png,right-cheek,original_roi,0.004115982435524158
08177.png,bottom-face,original_roi,0.005473245624382902
08177.png,forehead,original_roi,0.003680269174716723
08177.png,under-eyes,original_roi,0.004863921153653135
08177.png,left-cheek,smooth_1_sigma_1.5,0.005584748754485908
08177.png,right-cheek,smooth_1_sigma_1.5,0.004261860346550806
08177.png,bottom-face,smooth_1_sigma_1.5,0.006225851229636433
08177.png,forehead,smooth_1_sigma_1.5,0.003788579306190942
08177.png,under-eyes,smooth_1_sigma_1.5,0.005091978009610472
08177.png,left-cheek,smooth_2_sigma_2.5,0.0056362024855661505
08177.png,right-cheek,smooth_2_sigma_2.5,0.00429077423223971
08177.png,bottom-face,smooth_2_sigma_2.5,0.006416356500486063
08177.png,forehead,smooth_2_sigma_2.5,0.0038136222717677745
08177.png,under-eyes,smooth_2_sigma_2.5,0.005147713812581662
08178.png,left-cheek,original_roi,0.0041194959150625205
08178.png,right-cheek,original_roi,0.004357320392984028
08178.png,bottom-face,original_roi,0.004511452749065089
08178.png,forehead,original_roi,0.004370843706022746
08178.png,under-eyes,original_roi,0.00431618153736652
08178.png,left-cheek,smooth_1_sigma_1.5,0.004233484180632931
08178.png,right-cheek,smooth_1_sigma_1.5,0.004453773788314423
08178.png,bottom-face,smooth_1_sigma_1.5,0.004591164942706198
08178.png,forehead,smooth_1_sigma_1.5,0.004764938994530486
08178.png,under-eyes,smooth_1_sigma_1.5,0.004596018324414861
08178.png,left-cheek,smooth_2_sigma_2.5,0.004252655584586439
08178.png,right-cheek,smooth_2_sigma_2.5,0.004476837233629026
08178.png,bottom-face,smooth_2_sigma_2.5,0.004617231209728868
08178.png,forehead,smooth_2_sigma_2.5,0.004834660756591251
08178.png,under-eyes,smooth_2_sigma_2.5,0.004684573972965628
08182.png,left-cheek,original_roi,0.005697739643647078
08182.png,right-cheek,original_roi,0.004452646174853294
08182.png,bottom-face,original_roi,0.0066182125335050735
08182.png,forehead,original_roi,0.006077592544071119
08182.png,under-eyes,original_roi,0.0050311567003389545
08182.png,left-cheek,smooth_1_sigma_1.5,0.006237457479189709
08182.png,right-cheek,smooth_1_sigma_1.5,0.004933755981517636
08182.png,bottom-face,smooth_1_sigma_1.5,0.007941107561988243
08182.png,forehead,smooth_1_sigma_1.5,0.006834120964086405
08182.png,under-eyes,smooth_1_sigma_1.5,0.005450378618766843
08182.png,left-cheek,smooth_2_sigma_2.5,0.0063180448568164035
08182.png,right-cheek,smooth_2_sigma_2.5,0.00498872601389371
08182.png,bottom-face,smooth_2_sigma_2.5,0.008155553222902812
08182.png,forehead,smooth_2_sigma_2.5,0.006937099016588301
08182.png,under-eyes,smooth_2_sigma_2.5,0.005531345930315585
08184.png,left-cheek,original_roi,0.005151490801671476
08184.png,right-cheek,original_roi,0.0053112257290334475
08184.png,bottom-face,original_roi,0.005548020958538906
08184.png,forehead,original_roi,0.007959544790152607
08184.png,under-eyes,original_roi,0.005168396353682414
08184.png,left-cheek,smooth_1_sigma_1.5,0.0055036727004408375
08184.png,right-cheek,smooth_1_sigma_1.5,0.005976912294114819
08184.png,bottom-face,smooth_1_sigma_1.5,0.0057959655154821215
08184.png,forehead,smooth_1_sigma_1.5,0.008635498366328041
08184.png,under-eyes,smooth_1_sigma_1.5,0.005963172992579692
08184.png,left-cheek,smooth_2_sigma_2.5,0.005721518918168983
08184.png,right-cheek,smooth_2_sigma_2.5,0.006645057041414362
08184.png,bottom-face,smooth_2_sigma_2.5,0.005857707555046914
08184.png,forehead,smooth_2_sigma_2.5,0.008849344520817197
08184.png,under-eyes,smooth_2_sigma_2.5,0.0065685531778857205
08187.png,left-cheek,original_roi,0.005667880875508723
08187.png,right-cheek,original_roi,0.005195849328158976
08187.png,bottom-face,original_roi,0.006256221927816934
08187.png,forehead,original_roi,0.0054367826774975115
08187.png,under-eyes,original_roi,0.005382721544743179
08187.png,left-cheek,smooth_1_sigma_1.5,0.005800239395342456
08187.png,right-cheek,smooth_1_sigma_1.5,0.0052987977690828175
08187.png,bottom-face,smooth_1_sigma_1.5,0.006413721612081785
08187.png,forehead,smooth_1_sigma_1.5,0.005613993349676218
08187.png,under-eyes,smooth_1_sigma_1.5,0.0055498316240739105
08187.png,left-cheek,smooth_2_sigma_2.5,0.005839977685272033
08187.png,right-cheek,smooth_2_sigma_2.5,0.0053288623057025164
08187.png,bottom-face,smooth_2_sigma_2.5,0.006471327970059468
08187.png,forehead,smooth_2_sigma_2.5,0.005669660444044874
08187.png,under-eyes,smooth_2_sigma_2.5,0.005597783739928494
08188.png,left-cheek,original_roi,0.004091162296471039
08188.png,right-cheek,original_roi,0.008318897898352039
08188.png,bottom-face,original_roi,0.005934162183741984
08188.png,forehead,original_roi,0.0060191673825713415
08188.png,under-eyes,original_roi,0.006359371788609765
08188.png,left-cheek,smooth_1_sigma_1.5,0.004534991710416515
08188.png,right-cheek,smooth_1_sigma_1.5,0.008796362467352424
08188.png,bottom-face,smooth_1_sigma_1.5,0.0067129658620091424
08188.png,forehead,smooth_1_sigma_1.5,0.006508546165458141
08188.png,under-eyes,smooth_1_sigma_1.5,0.006818700046679755
08188.png,left-cheek,smooth_2_sigma_2.5,0.004616179268410782
08188.png,right-cheek,smooth_2_sigma_2.5,0.008896072188077477
08188.png,bottom-face,smooth_2_sigma_2.5,0.00683843346362988
08188.png,forehead,smooth_2_sigma_2.5,0.006577912499051887
08188.png,under-eyes,smooth_2_sigma_2.5,0.006888932542459403
08190.png,left-cheek,original_roi,0.0057845903096472254
08190.png,right-cheek,original_roi,0.006912522969659226
08190.png,bottom-face,original_roi,0.006910208204606946
08190.png,forehead,original_roi,0.00619755877029014
08190.png,under-eyes,original_roi,0.008135348326119007
08190.png,left-cheek,smooth_1_sigma_1.5,0.005888431221024449
08190.png,right-cheek,smooth_1_sigma_1.5,0.00703655074694476
08190.png,bottom-face,smooth_1_sigma_1.5,0.007046370077247986
08190.png,forehead,smooth_1_sigma_1.5,0.0063756944258666955
08190.png,under-eyes,smooth_1_sigma_1.5,0.008349510698098235
08190.png,left-cheek,smooth_2_sigma_2.5,0.005924773117430228
08190.png,right-cheek,smooth_2_sigma_2.5,0.0070849121229126875
08190.png,bottom-face,smooth_2_sigma_2.5,0.007101591248306845
08190.png,forehead,smooth_2_sigma_2.5,0.006437032309937155
08190.png,under-eyes,smooth_2_sigma_2.5,0.008423182874594468
08192.png,left-cheek,original_roi,0.004557244699631651
08192.png,right-cheek,original_roi,0.005193885763955462
08192.png,bottom-face,original_roi,0.005197686041900386
08192.png,forehead,original_roi,0.003911932891333247
08192.png,under-eyes,original_roi,0.004318255766251213
08192.png,left-cheek,smooth_1_sigma_1.5,0.004794451630799681
08192.png,right-cheek,smooth_1_sigma_1.5,0.005419869878524005
08192.png,bottom-face,smooth_1_sigma_1.5,0.00548478869653643
08192.png,forehead,smooth_1_sigma_1.5,0.004273377378465459
08192.png,under-eyes,smooth_1_sigma_1.5,0.004625722698175091
08192.png,left-cheek,smooth_2_sigma_2.5,0.0048650209105632536
08192.png,right-cheek,smooth_2_sigma_2.5,0.005470195156326331
08192.png,bottom-face,smooth_2_sigma_2.5,0.005544736417428205
08192.png,forehead,smooth_2_sigma_2.5,0.004343323955245022
08192.png,under-eyes,smooth_2_sigma_2.5,0.004690064375066923
08196.png,left-cheek,original_roi,0.007827254525398383
08196.png,right-cheek,original_roi,0.004249609282117774
08196.png,bottom-face,original_roi,0.006334928292449989
08196.png,forehead,original_roi,0.006781528354771326
08196.png,under-eyes,original_roi,0.005764429656689242
08196.png,left-cheek,smooth_1_sigma_1.5,0.008146089206051426
08196.png,right-cheek,smooth_1_sigma_1.5,0.00439810871627832
08196.png,bottom-face,smooth_1_sigma_1.5,0.0069536904683766875
08196.png,forehead,smooth_1_sigma_1.5,0.007310243956584488
08196.png,under-eyes,smooth_1_sigma_1.5,0.006085511595368845
08196.png,left-cheek,smooth_2_sigma_2.5,0.008231027464953754
08196.png,right-cheek,smooth_2_sigma_2.5,0.0044329562093560525
08196.png,bottom-face,smooth_2_sigma_2.5,0.0071287643582925485
08196.png,forehead,smooth_2_sigma_2.5,0.0074633782589229895
08196.png,under-eyes,smooth_2_sigma_2.5,0.006147405836930114
08201.png,left-cheek,original_roi,0.00486207758603961
08201.png,right-cheek,original_roi,0.0039125029104710414
08201.png,bottom-face,original_roi,0.004511055512826483
08201.png,forehead,original_roi,0.004284519633760065
08201.png,under-eyes,original_roi,0.0041480281827899765
08201.png,left-cheek,smooth_1_sigma_1.5,0.005000498272954988
08201.png,right-cheek,smooth_1_sigma_1.5,0.0040183898196956445
08201.png,bottom-face,smooth_1_sigma_1.5,0.004618203612513027
08201.png,forehead,smooth_1_sigma_1.5,0.004438036957763812
08201.png,under-eyes,smooth_1_sigma_1.5,0.004368972883933105
08201.png,left-cheek,smooth_2_sigma_2.5,0.005038910357067722
08201.png,right-cheek,smooth_2_sigma_2.5,0.004050665221848693
08201.png,bottom-face,smooth_2_sigma_2.5,0.004653579242451267
08201.png,forehead,smooth_2_sigma_2.5,0.00448560812272604
08201.png,under-eyes,smooth_2_sigma_2.5,0.004411907346316739
08207.png,left-cheek,original_roi,0.00661826994911967
08207.png,right-cheek,original_roi,0.006202128370043891
08207.png,bottom-face,original_roi,0.008140894580261326
08207.png,forehead,original_roi,0.006628944542236153
08207.png,under-eyes,original_roi,0.007708691482453014
08207.png,left-cheek,smooth_1_sigma_1.5,0.006984233416571513
08207.png,right-cheek,smooth_1_sigma_1.5,0.0064096553502508416
08207.png,bottom-face,smooth_1_sigma_1.5,0.008449657068054693
08207.png,forehead,smooth_1_sigma_1.5,0.006967076035798578
08207.png,under-eyes,smooth_1_sigma_1.5,0.008613871578015552
08207.png,left-cheek,smooth_2_sigma_2.5,0.007122095355098917
08207.png,right-cheek,smooth_2_sigma_2.5,0.006475754319863851
08207.png,bottom-face,smooth_2_sigma_2.5,0.008543240690674166
08207.png,forehead,smooth_2_sigma_2.5,0.007049692975011769
08207.png,under-eyes,smooth_2_sigma_2.5,0.009144299434278578
08208.png,left-cheek,original_roi,0.003902709151792964
08208.png,right-cheek,original_roi,0.004108181367562996
08208.png,bottom-face,original_roi,0.004378990590584166
08208.png,forehead,original_roi,0.004390997154333377
08208.png,under-eyes,original_roi,0.004724169070554552
08208.png,left-cheek,smooth_1_sigma_1.5,0.004255380415514151
08208.png,right-cheek,smooth_1_sigma_1.5,0.004454358117343182
08208.png,bottom-face,smooth_1_sigma_1.5,0.005315299642086771
08208.png,forehead,smooth_1_sigma_1.5,0.004733144617554166
08208.png,under-eyes,smooth_1_sigma_1.5,0.0052060882360401685
08208.png,left-cheek,smooth_2_sigma_2.5,0.004343103134672884
08208.png,right-cheek,smooth_2_sigma_2.5,0.004594389884949699
08208.png,bottom-face,smooth_2_sigma_2.5,0.005854823535943257
08208.png,forehead,smooth_2_sigma_2.5,0.004888399842432442
08208.png,under-eyes,smooth_2_sigma_2.5,0.005585718438913747
08209.png,left-cheek,original_roi,0.0037122020102664135
08209.png,right-cheek,original_roi,0.004587248635572902
08209.png,bottom-face,original_roi,0.004008308657916464
08209.png,forehead,original_roi,0.003620918186107137
08209.png,under-eyes,original_roi,0.0038293608277264867
08209.png,left-cheek,smooth_1_sigma_1.5,0.0037926386219578126
08209.png,right-cheek,smooth_1_sigma_1.5,0.0047530059410783795
08209.png,bottom-face,smooth_1_sigma_1.5,0.004110596541656591
08209.png,forehead,smooth_1_sigma_1.5,0.0036958571981495565
08209.png,under-eyes,smooth_1_sigma_1.5,0.003929289415255034
08209.png,left-cheek,smooth_2_sigma_2.5,0.003805481933534847
08209.png,right-cheek,smooth_2_sigma_2.5,0.004774266396515666
08209.png,bottom-face,smooth_2_sigma_2.5,0.004128239008840237
08209.png,forehead,smooth_2_sigma_2.5,0.0037104472635948378
08209.png,under-eyes,smooth_2_sigma_2.5,0.003950816171265675
08210.png,left-cheek,original_roi,0.004107899252275882
08210.png,right-cheek,original_roi,0.004600538607025497
08210.png,bottom-face,original_roi,0.004672897862642643
08210.png,forehead,original_roi,0.004151229547036332
08210.png,under-eyes,original_roi,0.004473205042095759
08210.png,left-cheek,smooth_1_sigma_1.5,0.00427891720872456
08210.png,right-cheek,smooth_1_sigma_1.5,0.004837983098617959
08210.png,bottom-face,smooth_1_sigma_1.5,0.005071610367570871
08210.png,forehead,smooth_1_sigma_1.5,0.004903618255140784
08210.png,under-eyes,smooth_1_sigma_1.5,0.004906352101190162
08210.png,left-cheek,smooth_2_sigma_2.5,0.00430971292761693
08210.png,right-cheek,smooth_2_sigma_2.5,0.004928882476674651
08210.png,bottom-face,smooth_2_sigma_2.5,0.005151357103641687
08210.png,forehead,smooth_2_sigma_2.5,0.005138110191998664
08210.png,under-eyes,smooth_2_sigma_2.5,0.004996191156833469
08211.png,left-cheek,original_roi,0.006232170916117701
08211.png,right-cheek,original_roi,0.0043420222274430835
08211.png,bottom-face,original_roi,0.00523223978258114
08211.png,forehead,original_roi,0.00435331297024516
08211.png,under-eyes,original_roi,0.004887474316605066
08211.png,left-cheek,smooth_1_sigma_1.5,0.006403825243945423
08211.png,right-cheek,smooth_1_sigma_1.5,0.004449627223162361
08211.png,bottom-face,smooth_1_sigma_1.5,0.005326228718462356
08211.png,forehead,smooth_1_sigma_1.5,0.004489562360564082
08211.png,under-eyes,smooth_1_sigma_1.5,0.005111191984926474
08211.png,left-cheek,smooth_2_sigma_2.5,0.006453274823410199
08211.png,right-cheek,smooth_2_sigma_2.5,0.004496632276450167
08211.png,bottom-face,smooth_2_sigma_2.5,0.005353139347190748
08211.png,forehead,smooth_2_sigma_2.5,0.004564569915887016
08211.png,under-eyes,smooth_2_sigma_2.5,0.00525657188477829
08212.png,left-cheek,original_roi,0.0044204976464463745
08212.png,right-cheek,original_roi,0.003908854942655364
08212.png,bottom-face,original_roi,0.004339947975597122
08212.png,forehead,original_roi,0.004575870772496692
08212.png,under-eyes,original_roi,0.004814470261505962
08212.png,left-cheek,smooth_1_sigma_1.5,0.004488313543754852
08212.png,right-cheek,smooth_1_sigma_1.5,0.003970800296332962
08212.png,bottom-face,smooth_1_sigma_1.5,0.004403275537729592
08212.png,forehead,smooth_1_sigma_1.5,0.004665780579310064
08212.png,under-eyes,smooth_1_sigma_1.5,0.004950291297184051
08212.png,left-cheek,smooth_2_sigma_2.5,0.004507066665294299
08212.png,right-cheek,smooth_2_sigma_2.5,0.003988545990534799
08212.png,bottom-face,smooth_2_sigma_2.5,0.004432678699646943
08212.png,forehead,smooth_2_sigma_2.5,0.004691959486367346
08212.png,under-eyes,smooth_2_sigma_2.5,0.004989496411076189
08214.png,left-cheek,original_roi,0.004192950892817379
08214.png,right-cheek,original_roi,0.006355578804182631
08214.png,bottom-face,original_roi,0.005310839789608945
08214.png,forehead,original_roi,0.006719454962959743
08214.png,under-eyes,original_roi,0.0045388392442044165
08214.png,left-cheek,smooth_1_sigma_1.5,0.004306547586750487
08214.png,right-cheek,smooth_1_sigma_1.5,0.0064877984821333275
08214.png,bottom-face,smooth_1_sigma_1.5,0.005471462570773584
08214.png,forehead,smooth_1_sigma_1.5,0.007097308322622925
08214.png,under-eyes,smooth_1_sigma_1.5,0.004670829160697078
08214.png,left-cheek,smooth_2_sigma_2.5,0.004392351015828747
08214.png,right-cheek,smooth_2_sigma_2.5,0.006540761175658089
08214.png,bottom-face,smooth_2_sigma_2.5,0.005540384901345789
08214.png,forehead,smooth_2_sigma_2.5,0.007317689293520604
08214.png,under-eyes,smooth_2_sigma_2.5,0.004738100908689179
08219.png,left-cheek,original_roi,0.004891950854512303
08219.png,right-cheek,original_roi,0.003954058393378359
08219.png,bottom-face,original_roi,0.005112581190352088
08219.png,forehead,original_roi,0.00407296248097708
08219.png,under-eyes,original_roi,0.004163524908953169
08219.png,left-cheek,smooth_1_sigma_1.5,0.005071810249397684
08219.png,right-cheek,smooth_1_sigma_1.5,0.004036433311015467
08219.png,bottom-face,smooth_1_sigma_1.5,0.005361788312381327
08219.png,forehead,smooth_1_sigma_1.5,0.00418338737117057
08219.png,under-eyes,smooth_1_sigma_1.5,0.0042726155962952055
08219.png,left-cheek,smooth_2_sigma_2.5,0.005115672208130394
08219.png,right-cheek,smooth_2_sigma_2.5,0.00405363703859612
08219.png,bottom-face,smooth_2_sigma_2.5,0.005438122957213256
08219.png,forehead,smooth_2_sigma_2.5,0.004208630905591464
08219.png,under-eyes,smooth_2_sigma_2.5,0.004305709505793366
08222.png,left-cheek,original_roi,0.0042595332007984675
08222.png,right-cheek,original_roi,0.0069605594166214065
08222.png,bottom-face,original_roi,0.0051724106697085504
08222.png,forehead,original_roi,0.005654465786869946
08222.png,under-eyes,original_roi,0.005087765650850093
08222.png,left-cheek,smooth_1_sigma_1.5,0.004299246046543214
08222.png,right-cheek,smooth_1_sigma_1.5,0.0070400117594922994
08222.png,bottom-face,smooth_1_sigma_1.5,0.005232978034679551
08222.png,forehead,smooth_1_sigma_1.5,0.005755687539079344
08222.png,under-eyes,smooth_1_sigma_1.5,0.005206728609377318
08222.png,left-cheek,smooth_2_sigma_2.5,0.004320880232814899
08222.png,right-cheek,smooth_2_sigma_2.5,0.007080602429261841
08222.png,bottom-face,smooth_2_sigma_2.5,0.005263549544556948
08222.png,forehead,smooth_2_sigma_2.5,0.005797630226883048
08222.png,under-eyes,smooth_2_sigma_2.5,0.0052816739180352925
08224.png,left-cheek,original_roi,0.004609645283237578
08224.png,right-cheek,original_roi,0.00393309542775106
08224.png,bottom-face,original_roi,0.004549796276267302
08224.png,forehead,original_roi,0.004671020755166412
08224.png,under-eyes,original_roi,0.004825071453680261
08224.png,left-cheek,smooth_1_sigma_1.5,0.0046844995232513
08224.png,right-cheek,smooth_1_sigma_1.5,0.003991539187855973
08224.png,bottom-face,smooth_1_sigma_1.5,0.004624596075731697
08224.png,forehead,smooth_1_sigma_1.5,0.004914504758833813
08224.png,under-eyes,smooth_1_sigma_1.5,0.0049737333223177594
08224.png,left-cheek,smooth_2_sigma_2.5,0.00470688916263028
08224.png,right-cheek,smooth_2_sigma_2.5,0.004009879556360821
08224.png,bottom-face,smooth_2_sigma_2.5,0.00465158033534361
08224.png,forehead,smooth_2_sigma_2.5,0.004982012851906095
08224.png,under-eyes,smooth_2_sigma_2.5,0.0050124888538988985
08225.png,left-cheek,original_roi,0.005939852591418001
08225.png,right-cheek,original_roi,0.005880143622795103
08225.png,bottom-face,original_roi,0.0064837382070988756
08225.png,forehead,original_roi,0.005734052046074551
08225.png,under-eyes,original_roi,0.00618978852539712
08225.png,left-cheek,smooth_1_sigma_1.5,0.0062413174884712085
08225.png,right-cheek,smooth_1_sigma_1.5,0.006241406030848397
08225.png,bottom-face,smooth_1_sigma_1.5,0.0069416172956888915
08225.png,forehead,smooth_1_sigma_1.5,0.006142997542588029
08225.png,under-eyes,smooth_1_sigma_1.5,0.006660495034108092
08225.png,left-cheek,smooth_2_sigma_2.5,0.006297001758428895
08225.png,right-cheek,smooth_2_sigma_2.5,0.006310517704385551
08225.png,bottom-face,smooth_2_sigma_2.5,0.00704338413940742
08225.png,forehead,smooth_2_sigma_2.5,0.006246500801991677
08225.png,under-eyes,smooth_2_sigma_2.5,0.006784539929953295
08229.png,left-cheek,original_roi,0.00576025688411224
08229.png,right-cheek,original_roi,0.00689779120184422
08229.png,bottom-face,original_roi,0.006962008057988388
08229.png,forehead,original_roi,0.0044775928456489145
08229.png,under-eyes,original_roi,0.005408411268513098
08229.png,left-cheek,smooth_1_sigma_1.5,0.006230994550683067
08229.png,right-cheek,smooth_1_sigma_1.5,0.007327145894142995
08229.png,bottom-face,smooth_1_sigma_1.5,0.007612892017666808
08229.png,forehead,smooth_1_sigma_1.5,0.004886557862933792
08229.png,under-eyes,smooth_1_sigma_1.5,0.005923296034600342
08229.png,left-cheek,smooth_2_sigma_2.5,0.0062912993670924825
08229.png,right-cheek,smooth_2_sigma_2.5,0.007394847316982503
08229.png,bottom-face,smooth_2_sigma_2.5,0.00773525056391058
08229.png,forehead,smooth_2_sigma_2.5,0.0049337312671272
08229.png,under-eyes,smooth_2_sigma_2.5,0.0060118838388246425
08230.png,left-cheek,original_roi,0.004246297758938946
08230.png,right-cheek,original_roi,0.004503906998952481
08230.png,bottom-face,original_roi,0.005038118907266864
08230.png,forehead,original_roi,0.0038254831553346646
08230.png,under-eyes,original_roi,0.004414115362409271
08230.png,left-cheek,smooth_1_sigma_1.5,0.004360985986767873
08230.png,right-cheek,smooth_1_sigma_1.5,0.004603262794451931
08230.png,bottom-face,smooth_1_sigma_1.5,0.0056777967313942366
08230.png,forehead,smooth_1_sigma_1.5,0.0038999221442649517
08230.png,under-eyes,smooth_1_sigma_1.5,0.004581737560839623
08230.png,left-cheek,smooth_2_sigma_2.5,0.004392534121087527
08230.png,right-cheek,smooth_2_sigma_2.5,0.004644198581381551
08230.png,bottom-face,smooth_2_sigma_2.5,0.0058872450450855995
08230.png,forehead,smooth_2_sigma_2.5,0.003921790223504489
08230.png,under-eyes,smooth_2_sigma_2.5,0.004632246880510282
08235.png,left-cheek,original_roi,0.008149310790421733
08235.png,right-cheek,original_roi,0.006770150127770462
08235.png,bottom-face,original_roi,0.0072448093770402615
08235.png,forehead,original_roi,0.024525929118150165
08235.png,under-eyes,original_roi,0.009672732361707606
08235.png,left-cheek,smooth_1_sigma_1.5,0.008488330116034379
08235.png,right-cheek,smooth_1_sigma_1.5,0.0069914473950447005
08235.png,bottom-face,smooth_1_sigma_1.5,0.007507521359328066
08235.png,forehead,smooth_1_sigma_1.5,0.027645592906459918
08235.png,under-eyes,smooth_1_sigma_1.5,0.0101748622755482
08235.png,left-cheek,smooth_2_sigma_2.5,0.008586704931415093
08235.png,right-cheek,smooth_2_sigma_2.5,0.007046125960678103
08235.png,bottom-face,smooth_2_sigma_2.5,0.007570541958595437
08235.png,forehead,smooth_2_sigma_2.5,0.02966247737230927
08235.png,under-eyes,smooth_2_sigma_2.5,0.010314624076570376
08236.png,left-cheek,original_roi,0.0034467012101460524
08236.png,right-cheek,original_roi,0.0036658723499243696
08236.png,bottom-face,original_roi,0.0036644061185324684
08236.png,forehead,original_roi,0.0032760744621216998
08236.png,under-eyes,original_roi,0.0034169305425550346
08236.png,left-cheek,smooth_1_sigma_1.5,0.003534060385104212
08236.png,right-cheek,smooth_1_sigma_1.5,0.0037397812489610243
08236.png,bottom-face,smooth_1_sigma_1.5,0.003778462794681294
08236.png,forehead,smooth_1_sigma_1.5,0.0034132245395788233
08236.png,under-eyes,smooth_1_sigma_1.5,0.0036597568511103394
08236.png,left-cheek,smooth_2_sigma_2.5,0.0035584765051706758
08236.png,right-cheek,smooth_2_sigma_2.5,0.0037568578046051826
08236.png,bottom-face,smooth_2_sigma_2.5,0.0038002861342815142
08236.png,forehead,smooth_2_sigma_2.5,0.0034368756898739542
08236.png,under-eyes,smooth_2_sigma_2.5,0.003717542081455127
08239.png,left-cheek,original_roi,0.0038490571599263785
08239.png,right-cheek,original_roi,0.0035515185711352203
08239.png,bottom-face,original_roi,0.0037815543874294534
08239.png,forehead,original_roi,0.0037525880736850666
08239.png,under-eyes,original_roi,0.00394190436047851
08239.png,left-cheek,smooth_1_sigma_1.5,0.003906925598541749
08239.png,right-cheek,smooth_1_sigma_1.5,0.003590730358340033
08239.png,bottom-face,smooth_1_sigma_1.5,0.0038335400936095163
08239.png,forehead,smooth_1_sigma_1.5,0.0038057870407005446
08239.png,under-eyes,smooth_1_sigma_1.5,0.004022887010393943
08239.png,left-cheek,smooth_2_sigma_2.5,0.0039197741634685
08239.png,right-cheek,smooth_2_sigma_2.5,0.003600411676290719
08239.png,bottom-face,smooth_2_sigma_2.5,0.003846202447478337
08239.png,forehead,smooth_2_sigma_2.5,0.0038204402431197674
08239.png,under-eyes,smooth_2_sigma_2.5,0.004044279430368621
08247.png,left-cheek,original_roi,0.0041636251731277185
08247.png,right-cheek,original_roi,0.004793175031745055
08247.png,bottom-face,original_roi,0.003915645487390827
08247.png,forehead,original_roi,0.0038204583160723043
08247.png,under-eyes,original_roi,0.0035574098086153514
08247.png,left-cheek,smooth_1_sigma_1.5,0.004211551641138107
08247.png,right-cheek,smooth_1_sigma_1.5,0.004862696775301356
08247.png,bottom-face,smooth_1_sigma_1.5,0.003958867271416329
08247.png,forehead,smooth_1_sigma_1.5,0.0038914477279852634
08247.png,under-eyes,smooth_1_sigma_1.5,0.003620504174410659
08247.png,left-cheek,smooth_2_sigma_2.5,0.004228982031149316
08247.png,right-cheek,smooth_2_sigma_2.5,0.004886804567306211
08247.png,bottom-face,smooth_2_sigma_2.5,0.003976851343377263
08247.png,forehead,smooth_2_sigma_2.5,0.003935401109652104
08247.png,under-eyes,smooth_2_sigma_2.5,0.0036462965967917847
08250.png,left-cheek,original_roi,0.005716735597404897
08250.png,right-cheek,original_roi,0.0070734428548744985
08250.png,bottom-face,original_roi,0.005130229032907995
08250.png,forehead,original_roi,0.004970440324350506
08250.png,under-eyes,original_roi,0.008442525003984446
08250.png,left-cheek,smooth_1_sigma_1.5,0.005981600106208633
08250.png,right-cheek,smooth_1_sigma_1.5,0.007390798509916495
08250.png,bottom-face,smooth_1_sigma_1.5,0.005321922797288368
08250.png,forehead,smooth_1_sigma_1.5,0.005466225355915045
08250.png,under-eyes,smooth_1_sigma_1.5,0.009764382256350871
08250.png,left-cheek,smooth_2_sigma_2.5,0.006057627629967661
08250.png,right-cheek,smooth_2_sigma_2.5,0.007493219862240349
08250.png,bottom-face,smooth_2_sigma_2.5,0.00536436579643138
08250.png,forehead,smooth_2_sigma_2.5,0.0057430013548215135
08250.png,under-eyes,smooth_2_sigma_2.5,0.010769655302519323
08251.png,left-cheek,original_roi,0.004183764578240604
08251.png,right-cheek,original_roi,0.0037933670648415533
08251.png,bottom-face,original_roi,0.00410249651155595
08251.png,forehead,original_roi,0.004392597445130444
08251.png,under-eyes,original_roi,0.003776500021487754
08251.png,left-cheek,smooth_1_sigma_1.5,0.004272815038612892
08251.png,right-cheek,smooth_1_sigma_1.5,0.0038548634425394235
08251.png,bottom-face,smooth_1_sigma_1.5,0.004177541495688617
08251.png,forehead,smooth_1_sigma_1.5,0.004989046387400854
08251.png,under-eyes,smooth_1_sigma_1.5,0.003895489652338129
08251.png,left-cheek,smooth_2_sigma_2.5,0.0042930631553015726
08251.png,right-cheek,smooth_2_sigma_2.5,0.0038707074766075687
08251.png,bottom-face,smooth_2_sigma_2.5,0.004198496127008383
08251.png,forehead,smooth_2_sigma_2.5,0.005325978377917265
08251.png,under-eyes,smooth_2_sigma_2.5,0.003937303654120707
08254.png,left-cheek,original_roi,0.004547966204324482
08254.png,right-cheek,original_roi,0.006917646873791973
08254.png,bottom-face,original_roi,0.006426273354210027
08254.png,forehead,original_roi,0.005686162480101636
08254.png,under-eyes,original_roi,0.005082398761192445
08254.png,left-cheek,smooth_1_sigma_1.5,0.004733540669356975
08254.png,right-cheek,smooth_1_sigma_1.5,0.007332541349810766
08254.png,bottom-face,smooth_1_sigma_1.5,0.006764740444561228
08254.png,forehead,smooth_1_sigma_1.5,0.006008230848697918
08254.png,under-eyes,smooth_1_sigma_1.5,0.005428862767887388
08254.png,left-cheek,smooth_2_sigma_2.5,0.0048139691801890845
08254.png,right-cheek,smooth_2_sigma_2.5,0.007425362666671565
08254.png,bottom-face,smooth_2_sigma_2.5,0.006828284016419365
08254.png,forehead,smooth_2_sigma_2.5,0.006084369462690343
08254.png,under-eyes,smooth_2_sigma_2.5,0.005640999361307356
08255.png,left-cheek,original_roi,0.0052229944800585865
08255.png,right-cheek,original_roi,0.007750403073978075
08255.png,bottom-face,original_roi,0.007931668421183154
08255.png,forehead,original_roi,0.005359131266880455
08255.png,under-eyes,original_roi,0.004905421980210875
08255.png,left-cheek,smooth_1_sigma_1.5,0.0053697148392372945
08255.png,right-cheek,smooth_1_sigma_1.5,0.00804530139300128
08255.png,bottom-face,smooth_1_sigma_1.5,0.008254479980763929
08255.png,forehead,smooth_1_sigma_1.5,0.005723881338412793
08255.png,under-eyes,smooth_1_sigma_1.5,0.005129589658913652
08255.png,left-cheek,smooth_2_sigma_2.5,0.005400488591495469
08255.png,right-cheek,smooth_2_sigma_2.5,0.008114803501830288
08255.png,bottom-face,smooth_2_sigma_2.5,0.0083338413366062
08255.png,forehead,smooth_2_sigma_2.5,0.005836270337022611
08255.png,under-eyes,smooth_2_sigma_2.5,0.005225951252751229
08257.png,left-cheek,original_roi,0.0044588454453956166
08257.png,right-cheek,original_roi,0.00473930744649834
08257.png,bottom-face,original_roi,0.005221524200986554
08257.png,forehead,original_roi,0.0035540083413935857
08257.png,under-eyes,original_roi,0.004272918052182684
08257.png,left-cheek,smooth_1_sigma_1.5,0.004668012628500759
08257.png,right-cheek,smooth_1_sigma_1.5,0.0049464310274067915
08257.png,bottom-face,smooth_1_sigma_1.5,0.005545322403775914
08257.png,forehead,smooth_1_sigma_1.5,0.003669628837414971
08257.png,under-eyes,smooth_1_sigma_1.5,0.004531336581492872
08257.png,left-cheek,smooth_2_sigma_2.5,0.004723728561771758
08257.png,right-cheek,smooth_2_sigma_2.5,0.005005532610168322
08257.png,bottom-face,smooth_2_sigma_2.5,0.005622795440621988
08257.png,forehead,smooth_2_sigma_2.5,0.003695433934845477
08257.png,under-eyes,smooth_2_sigma_2.5,0.004603745787654278
08260.png,left-cheek,original_roi,
08260.png,right-cheek,original_roi,0.004381765438261597
08260.png,bottom-face,original_roi,0.004952933917375829
08260.png,forehead,original_roi,0.004936369652105364
08260.png,under-eyes,original_roi,0.0049971459714949805
08260.png,left-cheek,smooth_1_sigma_1.5,
08260.png,right-cheek,smooth_1_sigma_1.5,0.0044212249745108215
08260.png,bottom-face,smooth_1_sigma_1.5,0.005021738763469744
08260.png,forehead,smooth_1_sigma_1.5,0.005395258862557389
08260.png,under-eyes,smooth_1_sigma_1.5,0.00509374211691923
08260.png,left-cheek,smooth_2_sigma_2.5,
08260.png,right-cheek,smooth_2_sigma_2.5,0.0044405168892455325
08260.png,bottom-face,smooth_2_sigma_2.5,0.005052613244120593
08260.png,forehead,smooth_2_sigma_2.5,0.005606164805235848
08260.png,under-eyes,smooth_2_sigma_2.5,0.005146706098997915
08267.png,left-cheek,original_roi,0.0032805207512586363
08267.png,right-cheek,original_roi,0.0034684612047571864
08267.png,bottom-face,original_roi,0.003604054624695318
08267.png,forehead,original_roi,0.0035312400357464233
08267.png,under-eyes,original_roi,0.0036595052495314116
08267.png,left-cheek,smooth_1_sigma_1.5,0.003347118092573871
08267.png,right-cheek,smooth_1_sigma_1.5,0.0035554370548513746
08267.png,bottom-face,smooth_1_sigma_1.5,0.0037450913148432056
08267.png,forehead,smooth_1_sigma_1.5,0.003897702805366944
08267.png,under-eyes,smooth_1_sigma_1.5,0.003972809030894909
08267.png,left-cheek,smooth_2_sigma_2.5,0.0033610902578193815
08267.png,right-cheek,smooth_2_sigma_2.5,0.0035777962853282934
08267.png,bottom-face,smooth_2_sigma_2.5,0.0037706956191037814
08267.png,forehead,smooth_2_sigma_2.5,0.003968210357776222
08267.png,under-eyes,smooth_2_sigma_2.5,0.004061584925646103
08268.png,left-cheek,original_roi,0.005033462660186379
08268.png,right-cheek,original_roi,0.004740230786170985
08268.png,bottom-face,original_roi,0.004780938459059239
08268.png,forehead,original_roi,0.004462510739758157
08268.png,under-eyes,original_roi,0.00464339216178526
08268.png,left-cheek,smooth_1_sigma_1.5,0.005259586422108767
08268.png,right-cheek,smooth_1_sigma_1.5,0.0049226075908594055
08268.png,bottom-face,smooth_1_sigma_1.5,0.0058674098307282905
08268.png,forehead,smooth_1_sigma_1.5,0.0045867580599346595
08268.png,under-eyes,smooth_1_sigma_1.5,0.004823860861634461
08268.png,left-cheek,smooth_2_sigma_2.5,0.005314071284480362
08268.png,right-cheek,smooth_2_sigma_2.5,0.00497216954542597
08268.png,bottom-face,smooth_2_sigma_2.5,0.006226664555603298
08268.png,forehead,smooth_2_sigma_2.5,0.004620461172556468
08268.png,under-eyes,smooth_2_sigma_2.5,0.00488486214860363
08278.png,left-cheek,original_roi,0.0048855144500748555
08278.png,right-cheek,original_roi,0.00503946644718197
08278.png,bottom-face,original_roi,0.005525893935115656
08278.png,forehead,original_roi,0.004627820908367457
08278.png,under-eyes,original_roi,0.0049852398981608086
08278.png,left-cheek,smooth_1_sigma_1.5,0.004997667394021614
08278.png,right-cheek,smooth_1_sigma_1.5,0.005140264485639357
08278.png,bottom-face,smooth_1_sigma_1.5,0.005648354692764262
08278.png,forehead,smooth_1_sigma_1.5,0.004747976865899571
08278.png,under-eyes,smooth_1_sigma_1.5,0.005134806042732613
08278.png,left-cheek,smooth_2_sigma_2.5,0.005036113596601441
08278.png,right-cheek,smooth_2_sigma_2.5,0.00516843390389053
08278.png,bottom-face,smooth_2_sigma_2.5,0.00568262344738607
08278.png,forehead,smooth_2_sigma_2.5,0.004779359788963874
08278.png,under-eyes,smooth_2_sigma_2.5,0.00518181696687384
08279.png,left-cheek,original_roi,0.004430002008797985
08279.png,right-cheek,original_roi,0.00413744955143512
08279.png,bottom-face,original_roi,0.0045254933812410745
08279.png,forehead,original_roi,0.004108404702108237
08279.png,under-eyes,original_roi,0.004686123537016486
08279.png,left-cheek,smooth_1_sigma_1.5,0.004618920650202581
08279.png,right-cheek,smooth_1_sigma_1.5,0.004257408384194857
08279.png,bottom-face,smooth_1_sigma_1.5,0.004687840339581854
08279.png,forehead,smooth_1_sigma_1.5,0.00424488253738941
08279.png,under-eyes,smooth_1_sigma_1.5,0.004876631981581624
08279.png,left-cheek,smooth_2_sigma_2.5,0.004669712173079544
08279.png,right-cheek,smooth_2_sigma_2.5,0.004287106979052917
08279.png,bottom-face,smooth_2_sigma_2.5,0.0047262301698716026
08279.png,forehead,smooth_2_sigma_2.5,0.00427515066018459
08279.png,under-eyes,smooth_2_sigma_2.5,0.004917580884243242
08281.png,left-cheek,original_roi,0.004329330305314615
08281.png,right-cheek,original_roi,0.005284740642015027
08281.png,bottom-face,original_roi,0.004790708105251315
08281.png,forehead,original_roi,0.00393006065002712
08281.png,under-eyes,original_roi,0.004414498719355595
08281.png,left-cheek,smooth_1_sigma_1.5,0.004791392531925651
08281.png,right-cheek,smooth_1_sigma_1.5,0.0059232389104311904
08281.png,bottom-face,smooth_1_sigma_1.5,0.005558468209438679
08281.png,forehead,smooth_1_sigma_1.5,0.004222147968091089
08281.png,under-eyes,smooth_1_sigma_1.5,0.004767038593292998
08281.png,left-cheek,smooth_2_sigma_2.5,0.004893237514812936
08281.png,right-cheek,smooth_2_sigma_2.5,0.006224449408421913
08281.png,bottom-face,smooth_2_sigma_2.5,0.005720019607607915
08281.png,forehead,smooth_2_sigma_2.5,0.00429649716026168
08281.png,under-eyes,smooth_2_sigma_2.5,0.004971211700554513
08283.png,left-cheek,original_roi,0.005231364667779637
08283.png,right-cheek,original_roi,0.0036110763316943404
08283.png,bottom-face,original_roi,0.0042967086781926294
08283.png,forehead,original_roi,0.004202163769135428
08283.png,under-eyes,original_roi,0.004715136009234863
08283.png,left-cheek,smooth_1_sigma_1.5,0.0053917253794123115
08283.png,right-cheek,smooth_1_sigma_1.5,0.0036749278909334313
08283.png,bottom-face,smooth_1_sigma_1.5,0.004384383540250462
08283.png,forehead,smooth_1_sigma_1.5,0.004299459212489945
08283.png,under-eyes,smooth_1_sigma_1.5,0.004963246416115991
08283.png,left-cheek,smooth_2_sigma_2.5,0.005425770070420725
08283.png,right-cheek,smooth_2_sigma_2.5,0.0036946083564858043
08283.png,bottom-face,smooth_2_sigma_2.5,0.004409294453538679
08283.png,forehead,smooth_2_sigma_2.5,0.0043348974023325465
08283.png,under-eyes,smooth_2_sigma_2.5,0.005120889326321085
09005.png,left-cheek,original_roi,0.0035609290553613292
09005.png,right-cheek,original_roi,0.004213748908982855
09005.png,bottom-face,original_roi,0.004352878221874552
09005.png,forehead,original_roi,0.0035392736271524002
09005.png,under-eyes,original_roi,0.00360827803625059
09005.png,left-cheek,smooth_1_sigma_1.5,0.003639586894603662
09005.png,right-cheek,smooth_1_sigma_1.5,0.004324472171329228
09005.png,bottom-face,smooth_1_sigma_1.5,0.004509791404976288
09005.png,forehead,smooth_1_sigma_1.5,0.0036871168298822994
09005.png,under-eyes,smooth_1_sigma_1.5,0.0036999211664283617
09005.png,left-cheek,smooth_2_sigma_2.5,0.003657022524686519
09005.png,right-cheek,smooth_2_sigma_2.5,0.004345359224126765
09005.png,bottom-face,smooth_2_sigma_2.5,0.004554881313293994
09005.png,forehead,smooth_2_sigma_2.5,0.0037234064786560235
09005.png,under-eyes,smooth_2_sigma_2.5,0.00372775298241329
09009.png,left-cheek,original_roi,0.003873991797667233
09009.png,right-cheek,original_roi,0.003941199453779951
09009.png,bottom-face,original_roi,0.004072540614992371
09009.png,forehead,original_roi,0.0035123794849592255
09009.png,under-eyes,original_roi,0.010508798912752379
09009.png,left-cheek,smooth_1_sigma_1.5,0.0039542844277374095
09009.png,right-cheek,smooth_1_sigma_1.5,0.004045885657064077
09009.png,bottom-face,smooth_1_sigma_1.5,0.0041730301198789985
09009.png,forehead,smooth_1_sigma_1.5,0.003991975815519441
09009.png,under-eyes,smooth_1_sigma_1.5,0.011701060879831061
09009.png,left-cheek,smooth_2_sigma_2.5,0.003988233934744041
09009.png,right-cheek,smooth_2_sigma_2.5,0.004079172653933004
09009.png,bottom-face,smooth_2_sigma_2.5,0.00420551995771194
09009.png,forehead,smooth_2_sigma_2.5,0.004160600044155904
09009.png,under-eyes,smooth_2_sigma_2.5,0.012757835078634969
09010.png,left-cheek,original_roi,0.006055972069582551
09010.png,right-cheek,original_roi,0.005562238392501562
09010.png,bottom-face,original_roi,0.008742965716200772
09010.png,forehead,original_roi,0.00499263716764439
09010.png,under-eyes,original_roi,0.0056580138819197065
09010.png,left-cheek,smooth_1_sigma_1.5,0.006408431327148544
09010.png,right-cheek,smooth_1_sigma_1.5,0.005999238766940671
09010.png,bottom-face,smooth_1_sigma_1.5,0.00947065937856886
09010.png,forehead,smooth_1_sigma_1.5,0.0051840875738699945
09010.png,under-eyes,smooth_1_sigma_1.5,0.00592637113925258
09010.png,left-cheek,smooth_2_sigma_2.5,0.006517351605448621
09010.png,right-cheek,smooth_2_sigma_2.5,0.006250975819831117
09010.png,bottom-face,smooth_2_sigma_2.5,0.009619716863698374
09010.png,forehead,smooth_2_sigma_2.5,0.0052147387017067795
09010.png,under-eyes,smooth_2_sigma_2.5,0.005973769648708113
09017.png,left-cheek,original_roi,0.005891643757994738
09017.png,right-cheek,original_roi,0.005619233667694767
09017.png,bottom-face,original_roi,0.006787765193321625
09017.png,forehead,original_roi,0.004969328127099727
09017.png,under-eyes,original_roi,0.0056559355006431025
09017.png,left-cheek,smooth_1_sigma_1.5,0.0060235913717446
09017.png,right-cheek,smooth_1_sigma_1.5,0.005785404247577456
09017.png,bottom-face,smooth_1_sigma_1.5,0.00696688166324267
09017.png,forehead,smooth_1_sigma_1.5,0.005125270569988589
09017.png,under-eyes,smooth_1_sigma_1.5,0.0059636287553969415
09017.png,left-cheek,smooth_2_sigma_2.5,0.006057569722646947
09017.png,right-cheek,smooth_2_sigma_2.5,0.005825559296823371
09017.png,bottom-face,smooth_2_sigma_2.5,0.007017122471859982
09017.png,forehead,smooth_2_sigma_2.5,0.005160877444205401
09017.png,under-eyes,smooth_2_sigma_2.5,0.006064394277561875
09019.png,left-cheek,original_roi,0.008077340759624192
09019.png,right-cheek,original_roi,0.0038152637708741294
09019.png,bottom-face,original_roi,0.0043495063746884525
09019.png,forehead,original_roi,0.004305521461954919
09019.png,under-eyes,original_roi,0.004244461961492612
09019.png,left-cheek,smooth_1_sigma_1.5,0.008249515517457536
09019.png,right-cheek,smooth_1_sigma_1.5,0.0038476168923688926
09019.png,bottom-face,smooth_1_sigma_1.5,0.004395017001057052
09019.png,forehead,smooth_1_sigma_1.5,0.004350721500495706
09019.png,under-eyes,smooth_1_sigma_1.5,0.004297370461470806
09019.png,left-cheek,smooth_2_sigma_2.5,0.008336048157687664
09019.png,right-cheek,smooth_2_sigma_2.5,0.003861849128291985
09019.png,bottom-face,smooth_2_sigma_2.5,0.004417583853522391
09019.png,forehead,smooth_2_sigma_2.5,0.004369282051790811
09019.png,under-eyes,smooth_2_sigma_2.5,0.004318526390016184
09023.png,left-cheek,original_roi,0.005086567911482844
09023.png,right-cheek,original_roi,0.004689395041001058
09023.png,bottom-face,original_roi,0.005885670991420414
09023.png,forehead,original_roi,0.004520570614778651
09023.png,under-eyes,original_roi,0.005148713176712958
09023.png,left-cheek,smooth_1_sigma_1.5,0.00533147411501715
09023.png,right-cheek,smooth_1_sigma_1.5,0.004921863811389599
09023.png,bottom-face,smooth_1_sigma_1.5,0.006336961945524479
09023.png,forehead,smooth_1_sigma_1.5,0.004867182482305747
09023.png,under-eyes,smooth_1_sigma_1.5,0.00549582608962294
09023.png,left-cheek,smooth_2_sigma_2.5,0.0053780105484326265
09023.png,right-cheek,smooth_2_sigma_2.5,0.004961876143073766
09023.png,bottom-face,smooth_2_sigma_2.5,0.006408591762800379
09023.png,forehead,smooth_2_sigma_2.5,0.0049487577320571335
09023.png,under-eyes,smooth_2_sigma_2.5,0.005553797774873435
09026.png,left-cheek,original_roi,0.008480339904590677
09026.png,right-cheek,original_roi,0.007136925984565251
09026.png,bottom-face,original_roi,0.007136553134048614
09026.png,forehead,original_roi,0.006004386394555267
09026.png,under-eyes,original_roi,0.007413364220465603
09026.png,left-cheek,smooth_1_sigma_1.5,0.009522674721729765
09026.png,right-cheek,smooth_1_sigma_1.5,0.007879530626222032
09026.png,bottom-face,smooth_1_sigma_1.5,0.007757563210247567
09026.png,forehead,smooth_1_sigma_1.5,0.006516634325603447
09026.png,under-eyes,smooth_1_sigma_1.5,0.008409772487569933
09026.png,left-cheek,smooth_2_sigma_2.5,0.00971481675707545
09026.png,right-cheek,smooth_2_sigma_2.5,0.007984037019840748
09026.png,bottom-face,smooth_2_sigma_2.5,0.00782422046910454
09026.png,forehead,smooth_2_sigma_2.5,0.006612613030289984
09026.png,under-eyes,smooth_2_sigma_2.5,0.008800337981501472
09027.png,left-cheek,original_roi,0.007355530610527994
09027.png,right-cheek,original_roi,0.006394324256665049
09027.png,bottom-face,original_roi,0.006850718441930911
09027.png,forehead,original_roi,0.0055463891756886855
09027.png,under-eyes,original_roi,0.005734982848995217
09027.png,left-cheek,smooth_1_sigma_1.5,0.00822013785296985
09027.png,right-cheek,smooth_1_sigma_1.5,0.0068865973134126035
09027.png,bottom-face,smooth_1_sigma_1.5,0.0074399669624132456
09027.png,forehead,smooth_1_sigma_1.5,0.005998188383804447
09027.png,under-eyes,smooth_1_sigma_1.5,0.006277007800002723
09027.png,left-cheek,smooth_2_sigma_2.5,0.00866299187733392
09027.png,right-cheek,smooth_2_sigma_2.5,0.006987091917636949
09027.png,bottom-face,smooth_2_sigma_2.5,0.007599412830459125
09027.png,forehead,smooth_2_sigma_2.5,0.006089053590479983
09027.png,under-eyes,smooth_2_sigma_2.5,0.006439234249566372
09028.png,left-cheek,original_roi,0.004470822750816898
09028.png,right-cheek,original_roi,0.0045261849938779426
09028.png,bottom-face,original_roi,0.004890402184156026
09028.png,forehead,original_roi,0.003993449222332799
09028.png,under-eyes,original_roi,0.0045601439963438685
09028.png,left-cheek,smooth_1_sigma_1.5,0.004587838347593965
09028.png,right-cheek,smooth_1_sigma_1.5,0.004626562863879193
09028.png,bottom-face,smooth_1_sigma_1.5,0.0049977136968098294
09028.png,forehead,smooth_1_sigma_1.5,0.0042264463484818614
09028.png,under-eyes,smooth_1_sigma_1.5,0.004796122946115451
09028.png,left-cheek,smooth_2_sigma_2.5,0.004608625028736098
09028.png,right-cheek,smooth_2_sigma_2.5,0.004648312448858416
09028.png,bottom-face,smooth_2_sigma_2.5,0.005023943127317157
09028.png,forehead,smooth_2_sigma_2.5,0.004262620964388246
09028.png,under-eyes,smooth_2_sigma_2.5,0.004847440399938935
09031.png,left-cheek,original_roi,0.004954520169413267
09031.png,right-cheek,original_roi,0.005171484884426085
09031.png,bottom-face,original_roi,0.005870392445080993
09031.png,forehead,original_roi,0.0043819060347653075
09031.png,under-eyes,original_roi,0.0049270092983876145
09031.png,left-cheek,smooth_1_sigma_1.5,0.00503509580455691
09031.png,right-cheek,smooth_1_sigma_1.5,0.0053149618851335125
09031.png,bottom-face,smooth_1_sigma_1.5,0.006062667911235142
09031.png,forehead,smooth_1_sigma_1.5,0.004522343381265845
09031.png,under-eyes,smooth_1_sigma_1.5,0.0051133525355916785
09031.png,left-cheek,smooth_2_sigma_2.5,0.005064223099911792
09031.png,right-cheek,smooth_2_sigma_2.5,0.0053594874812226126
09031.png,bottom-face,smooth_2_sigma_2.5,0.00618217375472191
09031.png,forehead,smooth_2_sigma_2.5,0.004571933305682009
09031.png,under-eyes,smooth_2_sigma_2.5,0.0051754777637583104
09033.png,left-cheek,original_roi,0.006504382032252536
09033.png,right-cheek,original_roi,0.006038318209728623
09033.png,bottom-face,original_roi,0.006463776732614294
09033.png,forehead,original_roi,0.006049718423182747
09033.png,under-eyes,original_roi,0.006888717439303293
09033.png,left-cheek,smooth_1_sigma_1.5,0.006785233714849585
09033.png,right-cheek,smooth_1_sigma_1.5,0.006305209318216779
09033.png,bottom-face,smooth_1_sigma_1.5,0.006810720701015221
09033.png,forehead,smooth_1_sigma_1.5,0.006589290107388469
09033.png,under-eyes,smooth_1_sigma_1.5,0.007230100440320592
09033.png,left-cheek,smooth_2_sigma_2.5,0.006882730613176303
09033.png,right-cheek,smooth_2_sigma_2.5,0.006377437353369581
09033.png,bottom-face,smooth_2_sigma_2.5,0.006984410626509112
09033.png,forehead,smooth_2_sigma_2.5,0.0067370312553106096
09033.png,under-eyes,smooth_2_sigma_2.5,0.007313271059142255
09035.png,left-cheek,original_roi,0.004274924336367731
09035.png,right-cheek,original_roi,0.004449379052367585
09035.png,bottom-face,original_roi,0.004775547717899508
09035.png,forehead,original_roi,0.003947078382387921
09035.png,under-eyes,original_roi,0.004287926676820227
09035.png,left-cheek,smooth_1_sigma_1.5,0.004426970014131967
09035.png,right-cheek,smooth_1_sigma_1.5,0.0046037888510583195
09035.png,bottom-face,smooth_1_sigma_1.5,0.0049946821208253405
09035.png,forehead,smooth_1_sigma_1.5,0.004097031467682062
09035.png,under-eyes,smooth_1_sigma_1.5,0.00452805446511405
09035.png,left-cheek,smooth_2_sigma_2.5,0.004473978646385787
09035.png,right-cheek,smooth_2_sigma_2.5,0.004661805490258763
09035.png,bottom-face,smooth_2_sigma_2.5,0.005073843406942745
09035.png,forehead,smooth_2_sigma_2.5,0.004130000879570302
09035.png,under-eyes,smooth_2_sigma_2.5,0.00460373540596729
09040.png,left-cheek,original_roi,0.007235075341327718
09040.png,right-cheek,original_roi,0.007674222711743025
09040.png,bottom-face,original_roi,0.00805862441450959
09040.png,forehead,original_roi,0.007220374086944087
09040.png,under-eyes,original_roi,0.006835644502469728
09040.png,left-cheek,smooth_1_sigma_1.5,0.007495668902164431
09040.png,right-cheek,smooth_1_sigma_1.5,0.00799048558740231
09040.png,bottom-face,smooth_1_sigma_1.5,0.008458863130020703
09040.png,forehead,smooth_1_sigma_1.5,0.00757371331603144
09040.png,under-eyes,smooth_1_sigma_1.5,0.007062142372939014
09040.png,left-cheek,smooth_2_sigma_2.5,0.007547590958929307
09040.png,right-cheek,smooth_2_sigma_2.5,0.008057167371955646
09040.png,bottom-face,smooth_2_sigma_2.5,0.008548411639609153
09040.png,forehead,smooth_2_sigma_2.5,0.007664579211868607
09040.png,under-eyes,smooth_2_sigma_2.5,0.007116989145367465
09043.png,left-cheek,original_roi,0.004215981455191527
09043.png,right-cheek,original_roi,0.004320173801694235
09043.png,bottom-face,original_roi,0.0040302913305748774
09043.png,forehead,original_roi,0.004598252660831514
09043.png,under-eyes,original_roi,0.004569931015299351
09043.png,left-cheek,smooth_1_sigma_1.5,0.00435500476908545
09043.png,right-cheek,smooth_1_sigma_1.5,0.004413885090353425
09043.png,bottom-face,smooth_1_sigma_1.5,0.0040803266246642374
09043.png,forehead,smooth_1_sigma_1.5,0.004886123742629894
09043.png,under-eyes,smooth_1_sigma_1.5,0.004867152316478455
09043.png,left-cheek,smooth_2_sigma_2.5,0.004390083232096121
09043.png,right-cheek,smooth_2_sigma_2.5,0.004441075612854535
09043.png,bottom-face,smooth_2_sigma_2.5,0.004102957704721429
09043.png,forehead,smooth_2_sigma_2.5,0.004974303184953467
09043.png,under-eyes,smooth_2_sigma_2.5,0.004946026200063868
09046.png,left-cheek,original_roi,0.006996313606960444
09046.png,right-cheek,original_roi,0.0056342045200723
09046.png,bottom-face,original_roi,0.00783146294060344
09046.png,forehead,original_roi,0.004680839480234044
09046.png,under-eyes,original_roi,0.0053406916431394886
09046.png,left-cheek,smooth_1_sigma_1.5,0.007410729082655817
09046.png,right-cheek,smooth_1_sigma_1.5,0.00612770631521018
09046.png,bottom-face,smooth_1_sigma_1.5,0.008336310539301974
09046.png,forehead,smooth_1_sigma_1.5,0.00536657250630975
09046.png,under-eyes,smooth_1_sigma_1.5,0.0056395003950886905
09046.png,left-cheek,smooth_2_sigma_2.5,0.007576701590944051
09046.png,right-cheek,smooth_2_sigma_2.5,0.006234021554209665
09046.png,bottom-face,smooth_2_sigma_2.5,0.008473556034765224
09046.png,forehead,smooth_2_sigma_2.5,0.0055052069005210825
09046.png,under-eyes,smooth_2_sigma_2.5,0.005711068673212369
09048.png,left-cheek,original_roi,0.005514326209247343
09048.png,right-cheek,original_roi,0.006099738616785772
09048.png,bottom-face,original_roi,0.006375505241930151
09048.png,forehead,original_roi,0.0048553163189203295
09048.png,under-eyes,original_roi,0.005576025972645026
09048.png,left-cheek,smooth_1_sigma_1.5,0.005785186395471379
09048.png,right-cheek,smooth_1_sigma_1.5,0.006468986320981876
09048.png,bottom-face,smooth_1_sigma_1.5,0.006747900339229881
09048.png,forehead,smooth_1_sigma_1.5,0.005098221913874948
09048.png,under-eyes,smooth_1_sigma_1.5,0.005954175773991895
09048.png,left-cheek,smooth_2_sigma_2.5,0.005825225709851019
09048.png,right-cheek,smooth_2_sigma_2.5,0.006538453325516109
09048.png,bottom-face,smooth_2_sigma_2.5,0.006805986393427471
09048.png,forehead,smooth_2_sigma_2.5,0.005147380792150431
09048.png,under-eyes,smooth_2_sigma_2.5,0.00602902521302433
09049.png,left-cheek,original_roi,0.004134426751134027
09049.png,right-cheek,original_roi,0.0042126823406583675
09049.png,bottom-face,original_roi,0.004413339189075356
09049.png,forehead,original_roi,0.003791296608988472
09049.png,under-eyes,original_roi,0.004202632802904593
09049.png,left-cheek,smooth_1_sigma_1.5,0.004212062605619462
09049.png,right-cheek,smooth_1_sigma_1.5,0.004289498625320959
09049.png,bottom-face,smooth_1_sigma_1.5,0.004502900080460155
09049.png,forehead,smooth_1_sigma_1.5,0.0038893787390582263
09049.png,under-eyes,smooth_1_sigma_1.5,0.0043020979690051074
09049.png,left-cheek,smooth_2_sigma_2.5,0.004233325546052475
09049.png,right-cheek,smooth_2_sigma_2.5,0.00431101395548702
09049.png,bottom-face,smooth_2_sigma_2.5,0.004537643453288236
09049.png,forehead,smooth_2_sigma_2.5,0.003913159845582044
09049.png,under-eyes,smooth_2_sigma_2.5,0.004333118658396418
09051.png,left-cheek,original_roi,0.007808651808908221
09051.png,right-cheek,original_roi,0.004682722397941713
09051.png,bottom-face,original_roi,0.005018506489298524
09051.png,forehead,original_roi,0.013335836329296602
09051.png,under-eyes,original_roi,0.01132622746614049
09051.png,left-cheek,smooth_1_sigma_1.5,0.008134225227533586
09051.png,right-cheek,smooth_1_sigma_1.5,0.004872799134661963
09051.png,bottom-face,smooth_1_sigma_1.5,0.005523171124010841
09051.png,forehead,smooth_1_sigma_1.5,0.014837205057613965
09051.png,under-eyes,smooth_1_sigma_1.5,0.012403231990614444
09051.png,left-cheek,smooth_2_sigma_2.5,0.008210506304813453
09051.png,right-cheek,smooth_2_sigma_2.5,0.004915983489669431
09051.png,bottom-face,smooth_2_sigma_2.5,0.005612809399734286
09051.png,forehead,smooth_2_sigma_2.5,0.015678631652063763
09051.png,under-eyes,smooth_2_sigma_2.5,0.012966020077904521
09052.png,left-cheek,original_roi,0.006023938436077174
09052.png,right-cheek,original_roi,0.005100638035300555
09052.png,bottom-face,original_roi,0.007941214341703931
09052.png,forehead,original_roi,0.00543478920014357
09052.png,under-eyes,original_roi,0.005315737053507061
09052.png,left-cheek,smooth_1_sigma_1.5,0.006182083422399769
09052.png,right-cheek,smooth_1_sigma_1.5,0.005249707950619287
09052.png,bottom-face,smooth_1_sigma_1.5,0.00866416892966213
09052.png,forehead,smooth_1_sigma_1.5,0.005709472805265052
09052.png,under-eyes,smooth_1_sigma_1.5,0.005548423975198252
09052.png,left-cheek,smooth_2_sigma_2.5,0.006227278650141666
09052.png,right-cheek,smooth_2_sigma_2.5,0.005289724020562477
09052.png,bottom-face,smooth_2_sigma_2.5,0.008877865996558425
09052.png,forehead,smooth_2_sigma_2.5,0.005838779334148943
09052.png,under-eyes,smooth_2_sigma_2.5,0.00563411986476559
09054.png,left-cheek,original_roi,0.006663345529930457
09054.png,right-cheek,original_roi,0.004011015389332271
09054.png,bottom-face,original_roi,0.0051066607189866565
09054.png,forehead,original_roi,0.004081318906016934
09054.png,under-eyes,original_roi,0.004086602968217634
09054.png,left-cheek,smooth_1_sigma_1.5,0.006990604674944209
09054.png,right-cheek,smooth_1_sigma_1.5,0.0041453709879341934
09054.png,bottom-face,smooth_1_sigma_1.5,0.0052959188490397345
09054.png,forehead,smooth_1_sigma_1.5,0.004204384413149236
09054.png,under-eyes,smooth_1_sigma_1.5,0.004305683299333715
09054.png,left-cheek,smooth_2_sigma_2.5,0.007051057772182319
09054.png,right-cheek,smooth_2_sigma_2.5,0.004183438290883794
09054.png,bottom-face,smooth_2_sigma_2.5,0.005331339538221273
09054.png,forehead,smooth_2_sigma_2.5,0.0042272452695325665
09054.png,under-eyes,smooth_2_sigma_2.5,0.004393135077260148
09055.png,left-cheek,original_roi,0.0055764978008360075
09055.png,right-cheek,original_roi,0.005537705751357769
09055.png,bottom-face,original_roi,0.005969610129081
09055.png,forehead,original_roi,0.004781725633994845
09055.png,under-eyes,original_roi,0.005064474528129932
09055.png,left-cheek,smooth_1_sigma_1.5,0.005784318357877067
09055.png,right-cheek,smooth_1_sigma_1.5,0.005703406979119327
09055.png,bottom-face,smooth_1_sigma_1.5,0.00631959065803993
09055.png,forehead,smooth_1_sigma_1.5,0.004951815763543889
09055.png,under-eyes,smooth_1_sigma_1.5,0.005226499936871285
09055.png,left-cheek,smooth_2_sigma_2.5,0.005825061942141101
09055.png,right-cheek,smooth_2_sigma_2.5,0.0057494858006705
09055.png,bottom-face,smooth_2_sigma_2.5,0.006390442497261694
09055.png,forehead,smooth_2_sigma_2.5,0.00498664095582104
09055.png,under-eyes,smooth_2_sigma_2.5,0.005263737262818698
09060.png,left-cheek,original_roi,0.0037102962412055456
09060.png,right-cheek,original_roi,0.003724458336778104
09060.png,bottom-face,original_roi,0.004012905940190225
09060.png,forehead,original_roi,0.0037496502144596195
09060.png,under-eyes,original_roi,0.004080493820632446
09060.png,left-cheek,smooth_1_sigma_1.5,0.003820193194808528
09060.png,right-cheek,smooth_1_sigma_1.5,0.0038768176299503283
09060.png,bottom-face,smooth_1_sigma_1.5,0.004097795762951025
09060.png,forehead,smooth_1_sigma_1.5,0.0038717774110522806
09060.png,under-eyes,smooth_1_sigma_1.5,0.004359201802070252
09060.png,left-cheek,smooth_2_sigma_2.5,0.0038882961127184885
09060.png,right-cheek,smooth_2_sigma_2.5,0.003946552530728701
09060.png,bottom-face,smooth_2_sigma_2.5,0.004119642825294165
09060.png,forehead,smooth_2_sigma_2.5,0.0039021798654872816
09060.png,under-eyes,smooth_2_sigma_2.5,0.004487880087352448
09071.png,left-cheek,original_roi,0.008548374799851275
09071.png,right-cheek,original_roi,0.005550915981390422
09071.png,bottom-face,original_roi,0.008869584605455864
09071.png,forehead,original_roi,0.005341613665882324
09071.png,under-eyes,original_roi,0.004363687222151379
09071.png,left-cheek,smooth_1_sigma_1.5,0.008988402460285611
09071.png,right-cheek,smooth_1_sigma_1.5,0.005749525349328499
09071.png,bottom-face,smooth_1_sigma_1.5,0.009309526766273906
09071.png,forehead,smooth_1_sigma_1.5,0.005610649497265323
09071.png,under-eyes,smooth_1_sigma_1.5,0.004547984228842299
09071.png,left-cheek,smooth_2_sigma_2.5,0.009106202757269286
09071.png,right-cheek,smooth_2_sigma_2.5,0.00580632161358065
09071.png,bottom-face,smooth_2_sigma_2.5,0.009413088658045795
09071.png,forehead,smooth_2_sigma_2.5,0.005667894995217749
09071.png,under-eyes,smooth_2_sigma_2.5,0.004614186273952378
09072.png,left-cheek,original_roi,0.005626696281030839
09072.png,right-cheek,original_roi,0.004730686225225055
09072.png,bottom-face,original_roi,0.005946523706076352
09072.png,forehead,original_roi,0.005645629133138224
09072.png,under-eyes,original_roi,0.004994990199786889
09072.png,left-cheek,smooth_1_sigma_1.5,0.0057499581975846694
09072.png,right-cheek,smooth_1_sigma_1.5,0.004889756343870776
09072.png,bottom-face,smooth_1_sigma_1.5,0.006138566291286029
09072.png,forehead,smooth_1_sigma_1.5,0.006193344400985596
09072.png,under-eyes,smooth_1_sigma_1.5,0.005406300488821491
09072.png,left-cheek,smooth_2_sigma_2.5,0.005795762396085749
09072.png,right-cheek,smooth_2_sigma_2.5,0.004932688279807638
09072.png,bottom-face,smooth_2_sigma_2.5,0.0062237916805917125
09072.png,forehead,smooth_2_sigma_2.5,0.006461908765761689
09072.png,under-eyes,smooth_2_sigma_2.5,0.005649126715784908
09073.png,left-cheek,original_roi,0.004014461845966671
09073.png,right-cheek,original_roi,
09073.png,bottom-face,original_roi,0.004712088022704461
09073.png,forehead,original_roi,0.004336799675426582
09073.png,under-eyes,original_roi,0.003920956659115004
09073.png,left-cheek,smooth_1_sigma_1.5,0.004063255119794655
09073.png,right-cheek,smooth_1_sigma_1.5,
09073.png,bottom-face,smooth_1_sigma_1.5,0.004790549241611852
09073.png,forehead,smooth_1_sigma_1.5,0.004441607159034957
09073.png,under-eyes,smooth_1_sigma_1.5,0.003978704043673829
09073.png,left-cheek,smooth_2_sigma_2.5,0.004079789170882545
09073.png,right-cheek,smooth_2_sigma_2.5,
09073.png,bottom-face,smooth_2_sigma_2.5,0.004814788071544799
09073.png,forehead,smooth_2_sigma_2.5,0.0044679655852144515
09073.png,under-eyes,smooth_2_sigma_2.5,0.003997616500993445
09074.png,left-cheek,original_roi,0.0035565668505397737
09074.png,right-cheek,original_roi,0.0033404542982930344
09074.png,bottom-face,original_roi,0.003609553055365546
09074.png,forehead,original_roi,0.0033791928050253195
09074.png,under-eyes,original_roi,0.003490336693818497
09074.png,left-cheek,smooth_1_sigma_1.5,0.003718517113742129
09074.png,right-cheek,smooth_1_sigma_1.5,0.003463716556334927
09074.png,bottom-face,smooth_1_sigma_1.5,0.003753421754599297
09074.png,forehead,smooth_1_sigma_1.5,0.0035733308354204472
09074.png,under-eyes,smooth_1_sigma_1.5,0.003654004143793386
09074.png,left-cheek,smooth_2_sigma_2.5,0.0037391095684959972
09074.png,right-cheek,smooth_2_sigma_2.5,0.0034790688283608197
09074.png,bottom-face,smooth_2_sigma_2.5,0.0037722547511818286
09074.png,forehead,smooth_2_sigma_2.5,0.0036096246855455384
09074.png,under-eyes,smooth_2_sigma_2.5,0.0036807541724103348
09075.png,left-cheek,original_roi,0.006114453188761633
09075.png,right-cheek,original_roi,0.005343112897484392
09075.png,bottom-face,original_roi,0.007198232751537179
09075.png,forehead,original_roi,0.0077777850633854295
09075.png,under-eyes,original_roi,0.006570696953472937
09075.png,left-cheek,smooth_1_sigma_1.5,0.006509796242237167
09075.png,right-cheek,smooth_1_sigma_1.5,0.005801896699543105
09075.png,bottom-face,smooth_1_sigma_1.5,0.007346741962184269
09075.png,forehead,smooth_1_sigma_1.5,0.008525572030823226
09075.png,under-eyes,smooth_1_sigma_1.5,0.007217904075985935
09075.png,left-cheek,smooth_2_sigma_2.5,0.006814213049050716
09075.png,right-cheek,smooth_2_sigma_2.5,0.006189217425222666
09075.png,bottom-face,smooth_2_sigma_2.5,0.00740604352492826
09075.png,forehead,smooth_2_sigma_2.5,0.00887055167203194
09075.png,under-eyes,smooth_2_sigma_2.5,0.007663534885475909
09082.png,left-cheek,original_roi,0.0058610307189877415
09082.png,right-cheek,original_roi,0.004685390090050268
09082.png,bottom-face,original_roi,0.005484616616366849
09082.png,forehead,original_roi,0.005237730499071186
09082.png,under-eyes,original_roi,0.005287666055600995
09082.png,left-cheek,smooth_1_sigma_1.5,0.006023705623666851
09082.png,right-cheek,smooth_1_sigma_1.5,0.004799206401066303
09082.png,bottom-face,smooth_1_sigma_1.5,0.005792611702968972
09082.png,forehead,smooth_1_sigma_1.5,0.005726254947003154
09082.png,under-eyes,smooth_1_sigma_1.5,0.005551285503471461
09082.png,left-cheek,smooth_2_sigma_2.5,0.0060703766051801965
09082.png,right-cheek,smooth_2_sigma_2.5,0.0048310383080205355
09082.png,bottom-face,smooth_2_sigma_2.5,0.005862456766160995
09082.png,forehead,smooth_2_sigma_2.5,0.005840537992867759
09082.png,under-eyes,smooth_2_sigma_2.5,0.00564529257562948
09084.png,left-cheek,original_roi,0.008510256050945963
09084.png,right-cheek,original_roi,0.0046519176001695774
09084.png,bottom-face,original_roi,0.012088349202335145
09084.png,forehead,original_roi,0.005247149658148332
09084.png,under-eyes,original_roi,0.005388550850563627
09084.png,left-cheek,smooth_1_sigma_1.5,0.009613753942250213
09084.png,right-cheek,smooth_1_sigma_1.5,0.005019302294167319
09084.png,bottom-face,smooth_1_sigma_1.5,0.014113244365591276
09084.png,forehead,smooth_1_sigma_1.5,0.006044400614587693
09084.png,under-eyes,smooth_1_sigma_1.5,0.005950011842346515
09084.png,left-cheek,smooth_2_sigma_2.5,0.00984696649411852
09084.png,right-cheek,smooth_2_sigma_2.5,0.005126869889872286
09084.png,bottom-face,smooth_2_sigma_2.5,0.014519882396161464
09084.png,forehead,smooth_2_sigma_2.5,0.006209011940049732
09084.png,under-eyes,smooth_2_sigma_2.5,0.00610656186783958
09088.png,left-cheek,original_roi,0.003588321511261224
09088.png,right-cheek,original_roi,0.0067252615227600876
09088.png,bottom-face,original_roi,0.004777951252454036
09088.png,forehead,original_roi,0.004456379488735835
09088.png,under-eyes,original_roi,0.0050070825385354935
09088.png,left-cheek,smooth_1_sigma_1.5,0.0036512073784295785
09088.png,right-cheek,smooth_1_sigma_1.5,0.007096709323844866
09088.png,bottom-face,smooth_1_sigma_1.5,0.00510240253491953
09088.png,forehead,smooth_1_sigma_1.5,0.004572419521302908
09088.png,under-eyes,smooth_1_sigma_1.5,0.005166562773498913
09088.png,left-cheek,smooth_2_sigma_2.5,0.0036675523991529136
09088.png,right-cheek,smooth_2_sigma_2.5,0.007162387364583965
09088.png,bottom-face,smooth_2_sigma_2.5,0.0051911417813872
09088.png,forehead,smooth_2_sigma_2.5,0.004597752171378418
09088.png,under-eyes,smooth_2_sigma_2.5,0.0051983351058435285
09093.png,left-cheek,original_roi,0.006079011796042793
09093.png,right-cheek,original_roi,0.004573948743883945
09093.png,bottom-face,original_roi,0.005331348503697323
09093.png,forehead,original_roi,0.005338513381321113
09093.png,under-eyes,original_roi,0.005760488555106918
09093.png,left-cheek,smooth_1_sigma_1.5,0.006341447896076306
09093.png,right-cheek,smooth_1_sigma_1.5,0.004729664450428623
09093.png,bottom-face,smooth_1_sigma_1.5,0.005529262949305807
09093.png,forehead,smooth_1_sigma_1.5,0.005760821023358643
09093.png,under-eyes,smooth_1_sigma_1.5,0.006132742186854354
09093.png,left-cheek,smooth_2_sigma_2.5,0.006414655244806532
09093.png,right-cheek,smooth_2_sigma_2.5,0.0047791697166726975
09093.png,bottom-face,smooth_2_sigma_2.5,0.0055736920079854264
09093.png,forehead,smooth_2_sigma_2.5,0.006024190409897587
09093.png,under-eyes,smooth_2_sigma_2.5,0.006220234021878261
09100.png,left-cheek,original_roi,0.005486465438459049
09100.png,right-cheek,original_roi,0.004911400414017674
09100.png,bottom-face,original_roi,0.005576579973411427
09100.png,forehead,original_roi,0.004845606416384088
09100.png,under-eyes,original_roi,0.004926764629255565
09100.png,left-cheek,smooth_1_sigma_1.5,0.005561869217825649
09100.png,right-cheek,smooth_1_sigma_1.5,0.004973629678847419
09100.png,bottom-face,smooth_1_sigma_1.5,0.005645976218870126
09100.png,forehead,smooth_1_sigma_1.5,0.004979324045290479
09100.png,under-eyes,smooth_1_sigma_1.5,0.005094700495970436
09100.png,left-cheek,smooth_2_sigma_2.5,0.005585096553111807
09100.png,right-cheek,smooth_2_sigma_2.5,0.004994165905802174
09100.png,bottom-face,smooth_2_sigma_2.5,0.0056727178766705745
09100.png,forehead,smooth_2_sigma_2.5,0.0050170077182929325
09100.png,under-eyes,smooth_2_sigma_2.5,0.005161987490938339
09104.png,left-cheek,original_roi,0.004625324696811374
09104.png,right-cheek,original_roi,0.005822453272431203
09104.png,bottom-face,original_roi,0.005783314152846768
09104.png,forehead,original_roi,0.004843430325661238
09104.png,under-eyes,original_roi,0.005186217244459698
09104.png,left-cheek,smooth_1_sigma_1.5,0.004789568726422808
09104.png,right-cheek,smooth_1_sigma_1.5,0.00601112188195313
09104.png,bottom-face,smooth_1_sigma_1.5,0.005974230645103435
09104.png,forehead,smooth_1_sigma_1.5,0.005027550863757778
09104.png,under-eyes,smooth_1_sigma_1.5,0.0053567759613248325
09104.png,left-cheek,smooth_2_sigma_2.5,0.004833938303137293
09104.png,right-cheek,smooth_2_sigma_2.5,0.006054444724503566
09104.png,bottom-face,smooth_2_sigma_2.5,0.006033515706887302
09104.png,forehead,smooth_2_sigma_2.5,0.0050841835190190005
09104.png,under-eyes,smooth_2_sigma_2.5,0.005400806164612288
09111.png,left-cheek,original_roi,0.004690796107180881
09111.png,right-cheek,original_roi,0.005987769959756651
09111.png,bottom-face,original_roi,0.005228794047140527
09111.png,forehead,original_roi,0.004794715343704114
09111.png,under-eyes,original_roi,0.005031310452169651
09111.png,left-cheek,smooth_1_sigma_1.5,0.004866185776213335
09111.png,right-cheek,smooth_1_sigma_1.5,0.006259372232468395
09111.png,bottom-face,smooth_1_sigma_1.5,0.005414052165512987
09111.png,forehead,smooth_1_sigma_1.5,0.004976616751982702
09111.png,under-eyes,smooth_1_sigma_1.5,0.005493408487144695
09111.png,left-cheek,smooth_2_sigma_2.5,0.004907348246639243
09111.png,right-cheek,smooth_2_sigma_2.5,0.00632789043647216
09111.png,bottom-face,smooth_2_sigma_2.5,0.005453416857319754
09111.png,forehead,smooth_2_sigma_2.5,0.005015326727245286
09111.png,under-eyes,smooth_2_sigma_2.5,0.005667969068356212
09112.png,left-cheek,original_roi,0.0052166453989971485
09112.png,right-cheek,original_roi,0.0063735444223055725
09112.png,bottom-face,original_roi,0.005673540472114949
09112.png,forehead,original_roi,0.005354359190640212
09112.png,under-eyes,original_roi,0.0058489846945925916
09112.png,left-cheek,smooth_1_sigma_1.5,0.00532081434684628
09112.png,right-cheek,smooth_1_sigma_1.5,0.006582292263400321
09112.png,bottom-face,smooth_1_sigma_1.5,0.006694885815713157
09112.png,forehead,smooth_1_sigma_1.5,0.0055249461351361455
09112.png,under-eyes,smooth_1_sigma_1.5,0.006036423224602631
09112.png,left-cheek,smooth_2_sigma_2.5,0.005351268324498594
09112.png,right-cheek,smooth_2_sigma_2.5,0.006637909551629697
09112.png,bottom-face,smooth_2_sigma_2.5,0.00704152138593609
09112.png,forehead,smooth_2_sigma_2.5,0.005577619154197462
09112.png,under-eyes,smooth_2_sigma_2.5,0.006097299950529463
09114.png,left-cheek,original_roi,0.004538094707179629
09114.png,right-cheek,original_roi,0.00387268901245337
09114.png,bottom-face,original_roi,0.004214944812353113
09114.png,forehead,original_roi,0.0038242829277580744
09114.png,under-eyes,original_roi,0.004096747544406414
09114.png,left-cheek,smooth_1_sigma_1.5,0.004624686814780338
09114.png,right-cheek,smooth_1_sigma_1.5,0.003918912955483284
09114.png,bottom-face,smooth_1_sigma_1.5,0.00433126928802497
09114.png,forehead,smooth_1_sigma_1.5,0.0038662155471644857
09114.png,under-eyes,smooth_1_sigma_1.5,0.004163055547213175
09114.png,left-cheek,smooth_2_sigma_2.5,0.004631135568413494
09114.png,right-cheek,smooth_2_sigma_2.5,0.003935227675990852
09114.png,bottom-face,smooth_2_sigma_2.5,0.004364169656897717
09114.png,forehead,smooth_2_sigma_2.5,0.0038840409534469226
09114.png,under-eyes,smooth_2_sigma_2.5,0.004184089781197736
09115.png,left-cheek,original_roi,0.011982514658647043
09115.png,right-cheek,original_roi,0.010254169078650231
09115.png,bottom-face,original_roi,0.010573925923042626
09115.png,forehead,original_roi,0.005125144664258194
09115.png,under-eyes,original_roi,0.006213743493879139
09115.png,left-cheek,smooth_1_sigma_1.5,0.01396294797815288
09115.png,right-cheek,smooth_1_sigma_1.5,0.011937159706923271
09115.png,bottom-face,smooth_1_sigma_1.5,0.014321309071088301
09115.png,forehead,smooth_1_sigma_1.5,0.005531130394100768
09115.png,under-eyes,smooth_1_sigma_1.5,0.007248606693758292
09115.png,left-cheek,smooth_2_sigma_2.5,0.015278721639762875
09115.png,right-cheek,smooth_2_sigma_2.5,0.01289145812470403
09115.png,bottom-face,smooth_2_sigma_2.5,0.0170041087608727
09115.png,forehead,smooth_2_sigma_2.5,0.005679453276251644
09115.png,under-eyes,smooth_2_sigma_2.5,0.00801282923364642
09117.png,left-cheek,original_roi,0.004372713145036866
09117.png,right-cheek,original_roi,0.005012841014101252
09117.png,bottom-face,original_roi,0.0047356132977493335
09117.png,forehead,original_roi,0.0035948287414096012
09117.png,under-eyes,original_roi,0.0034671346517226678
09117.png,left-cheek,smooth_1_sigma_1.5,0.004476698100436867
09117.png,right-cheek,smooth_1_sigma_1.5,0.005150776100980688
09117.png,bottom-face,smooth_1_sigma_1.5,0.004860896152107996
09117.png,forehead,smooth_1_sigma_1.5,0.003686270285584459
09117.png,under-eyes,smooth_1_sigma_1.5,0.003677102110843525
09117.png,left-cheek,smooth_2_sigma_2.5,0.004497557077313783
09117.png,right-cheek,smooth_2_sigma_2.5,0.005176788590400425
09117.png,bottom-face,smooth_2_sigma_2.5,0.00489539223906289
09117.png,forehead,smooth_2_sigma_2.5,0.00370473111810945
09117.png,under-eyes,smooth_2_sigma_2.5,0.00377691323380099
09118.png,left-cheek,original_roi,0.006025377833481396
09118.png,right-cheek,original_roi,0.007785034363637526
09118.png,bottom-face,original_roi,0.007278913853738416
09118.png,forehead,original_roi,0.006296833924356107
09118.png,under-eyes,original_roi,0.006308268633547145
09118.png,left-cheek,smooth_1_sigma_1.5,0.006193760789102949
09118.png,right-cheek,smooth_1_sigma_1.5,0.007939990636677054
09118.png,bottom-face,smooth_1_sigma_1.5,0.007422720379456225
09118.png,forehead,smooth_1_sigma_1.5,0.006576237485048493
09118.png,under-eyes,smooth_1_sigma_1.5,0.006646336899544013
09118.png,left-cheek,smooth_2_sigma_2.5,0.006247465800277561
09118.png,right-cheek,smooth_2_sigma_2.5,0.007990224902708799
09118.png,bottom-face,smooth_2_sigma_2.5,0.0074734721369823145
09118.png,forehead,smooth_2_sigma_2.5,0.006646346494076168
09118.png,under-eyes,smooth_2_sigma_2.5,0.00673716662639183
09123.png,left-cheek,original_roi,
09123.png,right-cheek,original_roi,0.0055524119761585005
09123.png,bottom-face,original_roi,0.008062770233647067
09123.png,forehead,original_roi,0.005851073784778207
09123.png,under-eyes,original_roi,0.005109356845449669
09123.png,left-cheek,smooth_1_sigma_1.5,
09123.png,right-cheek,smooth_1_sigma_1.5,0.00578086047530627
09123.png,bottom-face,smooth_1_sigma_1.5,0.008454284125532239
09123.png,forehead,smooth_1_sigma_1.5,0.006124376789532398
09123.png,under-eyes,smooth_1_sigma_1.5,0.005693415048830947
09123.png,left-cheek,smooth_2_sigma_2.5,
09123.png,right-cheek,smooth_2_sigma_2.5,0.0058312674563740525
09123.png,bottom-face,smooth_2_sigma_2.5,0.008575468364665712
09123.png,forehead,smooth_2_sigma_2.5,0.006188638545577281
09123.png,under-eyes,smooth_2_sigma_2.5,0.006129238065312402
09126.png,left-cheek,original_roi,0.003597864537889889
09126.png,right-cheek,original_roi,0.0033761597809756523
09126.png,bottom-face,original_roi,0.0036929807611637538
09126.png,forehead,original_roi,0.0034170201000298665
09126.png,under-eyes,original_roi,0.003539871525986918
09126.png,left-cheek,smooth_1_sigma_1.5,0.0036813089146031483
09126.png,right-cheek,smooth_1_sigma_1.5,0.00343819169290668
09126.png,bottom-face,smooth_1_sigma_1.5,0.003789376650750937
09126.png,forehead,smooth_1_sigma_1.5,0.0035073063640961126
09126.png,under-eyes,smooth_1_sigma_1.5,0.003644297969885335
09126.png,left-cheek,smooth_2_sigma_2.5,0.0036997475855063905
09126.png,right-cheek,smooth_2_sigma_2.5,0.0034511969393185857
09126.png,bottom-face,smooth_2_sigma_2.5,0.0038102975647650934
09126.png,forehead,smooth_2_sigma_2.5,0.003525399725591142
09126.png,under-eyes,smooth_2_sigma_2.5,0.0036664481989647467
09127.png,left-cheek,original_roi,0.004128796823388674
09127.png,right-cheek,original_roi,0.005512543556616321
09127.png,bottom-face,original_roi,0.004666966467300981
09127.png,forehead,original_roi,0.004259759585057258
09127.png,under-eyes,original_roi,0.00440093100246198
09127.png,left-cheek,smooth_1_sigma_1.5,0.004223696773425416
09127.png,right-cheek,smooth_1_sigma_1.5,0.005711668789239629
09127.png,bottom-face,smooth_1_sigma_1.5,0.0047918468985457445
09127.png,forehead,smooth_1_sigma_1.5,0.004356739252529419
09127.png,under-eyes,smooth_1_sigma_1.5,0.004524372648053619
09127.png,left-cheek,smooth_2_sigma_2.5,0.0042426534248005705
09127.png,right-cheek,smooth_2_sigma_2.5,0.005760978516301045
09127.png,bottom-face,smooth_2_sigma_2.5,0.0048170082162895655
09127.png,forehead,smooth_2_sigma_2.5,0.004378078124156091
09127.png,under-eyes,smooth_2_sigma_2.5,0.004549617591517703
09129.png,left-cheek,original_roi,0.005715148682401886
09129.png,right-cheek,original_roi,0.005464740570616923
09129.png,bottom-face,original_roi,0.005743356832284911
09129.png,forehead,original_roi,0.0046636758607756105
09129.png,under-eyes,original_roi,0.005659708168059074
09129.png,left-cheek,smooth_1_sigma_1.5,0.005919450235101398
09129.png,right-cheek,smooth_1_sigma_1.5,0.005656618550614897
09129.png,bottom-face,smooth_1_sigma_1.5,0.00595255703457598
09129.png,forehead,smooth_1_sigma_1.5,0.004781569957497227
09129.png,under-eyes,smooth_1_sigma_1.5,0.006022762675465118
09129.png,left-cheek,smooth_2_sigma_2.5,0.005972352750582285
09129.png,right-cheek,smooth_2_sigma_2.5,0.005702370647226337
09129.png,bottom-face,smooth_2_sigma_2.5,0.006006772025717008
09129.png,forehead,smooth_2_sigma_2.5,0.004810416596887804
09129.png,under-eyes,smooth_2_sigma_2.5,0.0061442186912838825
09131.png,left-cheek,original_roi,0.006231710793886304
09131.png,right-cheek,original_roi,0.0055560873976337275
09131.png,bottom-face,original_roi,0.006690728765069587
09131.png,forehead,original_roi,0.005975957215270366
09131.png,under-eyes,original_roi,0.005299163367980729
09131.png,left-cheek,smooth_1_sigma_1.5,0.006445916527799622
09131.png,right-cheek,smooth_1_sigma_1.5,0.005732756978973516
09131.png,bottom-face,smooth_1_sigma_1.5,0.006939840211849593
09131.png,forehead,smooth_1_sigma_1.5,0.006521599317160609
09131.png,under-eyes,smooth_1_sigma_1.5,0.005570284411919434
09131.png,left-cheek,smooth_2_sigma_2.5,0.006502929453124007
09131.png,right-cheek,smooth_2_sigma_2.5,0.005780181524165494
09131.png,bottom-face,smooth_2_sigma_2.5,0.007010580476537816
09131.png,forehead,smooth_2_sigma_2.5,0.006807784018959184
09131.png,under-eyes,smooth_2_sigma_2.5,0.0056477373950875424
09133.png,left-cheek,original_roi,0.0038830602526884863
09133.png,right-cheek,original_roi,0.004146621196345401
09133.png,bottom-face,original_roi,0.0044733019027337825
09133.png,forehead,original_roi,0.004486622878632635
09133.png,under-eyes,original_roi,0.004133985794594388
09133.png,left-cheek,smooth_1_sigma_1.5,0.003904989787010913
09133.png,right-cheek,smooth_1_sigma_1.5,0.004173523747720769
09133.png,bottom-face,smooth_1_sigma_1.5,0.004518974986348249
09133.png,forehead,smooth_1_sigma_1.5,0.004530354296968797
09133.png,under-eyes,smooth_1_sigma_1.5,0.00418256677029119
09133.png,left-cheek,smooth_2_sigma_2.5,0.003915396000769629
09133.png,right-cheek,smooth_2_sigma_2.5,0.004187150446071807
09133.png,bottom-face,smooth_2_sigma_2.5,0.004545372617637703
09133.png,forehead,smooth_2_sigma_2.5,0.004552985514877053
09133.png,under-eyes,smooth_2_sigma_2.5,0.004202179106360813
09135.png,left-cheek,original_roi,
09135.png,right-cheek,original_roi,0.003772639887829934
09135.png,bottom-face,original_roi,0.004322563466266387
09135.png,forehead,original_roi,0.003614777973219615
09135.png,under-eyes,original_roi,0.003901384871526792
09135.png,left-cheek,smooth_1_sigma_1.5,
09135.png,right-cheek,smooth_1_sigma_1.5,0.0039000238763840433
09135.png,bottom-face,smooth_1_sigma_1.5,0.0045102098842012914
09135.png,forehead,smooth_1_sigma_1.5,0.003709793150611626
09135.png,under-eyes,smooth_1_sigma_1.5,0.004052113983134206
09135.png,left-cheek,smooth_2_sigma_2.5,
09135.png,right-cheek,smooth_2_sigma_2.5,0.003932620478519965
09135.png,bottom-face,smooth_2_sigma_2.5,0.004550658580803358
09135.png,forehead,smooth_2_sigma_2.5,0.003734720657454814
09135.png,under-eyes,smooth_2_sigma_2.5,0.004094607919278217
09138.png,left-cheek,original_roi,0.004336926974828512
09138.png,right-cheek,original_roi,0.004120527196701224
09138.png,bottom-face,original_roi,0.004458077771254641
09138.png,forehead,original_roi,0.004001300158488655
09138.png,under-eyes,original_roi,0.004133964766026096
09138.png,left-cheek,smooth_1_sigma_1.5,0.004418368332430338
09138.png,right-cheek,smooth_1_sigma_1.5,0.004231889131875003
09138.png,bottom-face,smooth_1_sigma_1.5,0.0045374662568527435
09138.png,forehead,smooth_1_sigma_1.5,0.004111845305074598
09138.png,under-eyes,smooth_1_sigma_1.5,0.004403668570440534
09138.png,left-cheek,smooth_2_sigma_2.5,0.004439444881155794
09138.png,right-cheek,smooth_2_sigma_2.5,0.0042567048411086645
09138.png,bottom-face,smooth_2_sigma_2.5,0.004561756521363953
09138.png,forehead,smooth_2_sigma_2.5,0.004157810100370603
09138.png,under-eyes,smooth_2_sigma_2.5,0.0045479569652734034
09145.png,left-cheek,original_roi,0.005571580429732349
09145.png,right-cheek,original_roi,0.004114254222777715
09145.png,bottom-face,original_roi,0.004825229886902646
09145.png,forehead,original_roi,0.004224043156190918
09145.png,under-eyes,original_roi,0.004220626562207941
09145.png,left-cheek,smooth_1_sigma_1.5,0.005819250906635735
09145.png,right-cheek,smooth_1_sigma_1.5,0.0042225839324839445
09145.png,bottom-face,smooth_1_sigma_1.5,0.00498394424480924
09145.png,forehead,smooth_1_sigma_1.5,0.004388408967749065
09145.png,under-eyes,smooth_1_sigma_1.5,0.004394558640740535
09145.png,left-cheek,smooth_2_sigma_2.5,0.0058725994563246335
09145.png,right-cheek,smooth_2_sigma_2.5,0.00424456855219484
09145.png,bottom-face,smooth_2_sigma_2.5,0.005028624138462062
09145.png,forehead,smooth_2_sigma_2.5,0.0044290896901475465
09145.png,under-eyes,smooth_2_sigma_2.5,0.0044372740279454105
09150.png,left-cheek,original_roi,0.007111381231325119
09150.png,right-cheek,original_roi,0.00699479501227681
09150.png,bottom-face,original_roi,0.007626640755375034
09150.png,forehead,original_roi,0.005775225406792732
09150.png,under-eyes,original_roi,0.00679308558321842
09150.png,left-cheek,smooth_1_sigma_1.5,0.007588226891407734
09150.png,right-cheek,smooth_1_sigma_1.5,0.007150027723655014
09150.png,bottom-face,smooth_1_sigma_1.5,0.007786842168749082
09150.png,forehead,smooth_1_sigma_1.5,0.006272673138916195
09150.png,under-eyes,smooth_1_sigma_1.5,0.007127675636229158
09150.png,left-cheek,smooth_2_sigma_2.5,0.0076629629215342115
09150.png,right-cheek,smooth_2_sigma_2.5,0.007198112874659955
09150.png,bottom-face,smooth_2_sigma_2.5,0.007848011177953779
09150.png,forehead,smooth_2_sigma_2.5,0.006380123650399134
09150.png,under-eyes,smooth_2_sigma_2.5,0.007219741285913722
09153.png,left-cheek,original_roi,0.00393588532530011
09153.png,right-cheek,original_roi,0.0034367567773716393
09153.png,bottom-face,original_roi,0.0037277637897719347
09153.png,forehead,original_roi,0.0035527538852019856
09153.png,under-eyes,original_roi,0.009128362381403113
09153.png,left-cheek,smooth_1_sigma_1.5,0.004175209331455245
09153.png,right-cheek,smooth_1_sigma_1.5,0.0035736787255068875
09153.png,bottom-face,smooth_1_sigma_1.5,0.0038844805144583566
09153.png,forehead,smooth_1_sigma_1.5,0.00373693589754408
09153.png,under-eyes,smooth_1_sigma_1.5,0.010167555940515615
09153.png,left-cheek,smooth_2_sigma_2.5,0.004294728271077108
09153.png,right-cheek,smooth_2_sigma_2.5,0.003606792765409219
09153.png,bottom-face,smooth_2_sigma_2.5,0.003921937089812143
09153.png,forehead,smooth_2_sigma_2.5,0.0038654649749956366
09153.png,under-eyes,smooth_2_sigma_2.5,0.011038469206141334
09156.png,left-cheek,original_roi,0.0059952453574442545
09156.png,right-cheek,original_roi,0.0055880475652215315
09156.png,bottom-face,original_roi,0.006058733024289275
09156.png,forehead,original_roi,0.005096731950349851
09156.png,under-eyes,original_roi,0.005525779011772537
09156.png,left-cheek,smooth_1_sigma_1.5,0.006211945754606802
09156.png,right-cheek,smooth_1_sigma_1.5,0.005781156242095916
09156.png,bottom-face,smooth_1_sigma_1.5,0.006309845990929411
09156.png,forehead,smooth_1_sigma_1.5,0.005419936577589035
09156.png,under-eyes,smooth_1_sigma_1.5,0.0057273680426681095
09156.png,left-cheek,smooth_2_sigma_2.5,0.00624455261733173
09156.png,right-cheek,smooth_2_sigma_2.5,0.00581516913810507
09156.png,bottom-face,smooth_2_sigma_2.5,0.006356880791436193
09156.png,forehead,smooth_2_sigma_2.5,0.0055619365738710375
09156.png,under-eyes,smooth_2_sigma_2.5,0.005765009375831856
09157.png,left-cheek,original_roi,0.0052777277544283005
09157.png,right-cheek,original_roi,0.005654706537606765
09157.png,bottom-face,original_roi,0.005838782947051545
09157.png,forehead,original_roi,0.004217142797114906
09157.png,under-eyes,original_roi,0.00509079163272202
09157.png,left-cheek,smooth_1_sigma_1.5,0.005696724427052823
09157.png,right-cheek,smooth_1_sigma_1.5,0.0060655801489483685
09157.png,bottom-face,smooth_1_sigma_1.5,0.006204055134039209
09157.png,forehead,smooth_1_sigma_1.5,0.00461643694482172
09157.png,under-eyes,smooth_1_sigma_1.5,0.005537609103803257
09157.png,left-cheek,smooth_2_sigma_2.5,0.005758708424931041
09157.png,right-cheek,smooth_2_sigma_2.5,0.006128629175088023
09157.png,bottom-face,smooth_2_sigma_2.5,0.00627759913527116
09157.png,forehead,smooth_2_sigma_2.5,0.004680974221911932
09157.png,under-eyes,smooth_2_sigma_2.5,0.0056109443648340715
09160.png,left-cheek,original_roi,0.005786762309920222
09160.png,right-cheek,original_roi,0.006070142196885453
09160.png,bottom-face,original_roi,0.005549095486523531
09160.png,forehead,original_roi,0.004464457797019249
09160.png,under-eyes,original_roi,0.004909084239842672
09160.png,left-cheek,smooth_1_sigma_1.5,0.006062717244631186
09160.png,right-cheek,smooth_1_sigma_1.5,0.006391843099793612
09160.png,bottom-face,smooth_1_sigma_1.5,0.005826866143931297
09160.png,forehead,smooth_1_sigma_1.5,0.004584486363354043
09160.png,under-eyes,smooth_1_sigma_1.5,0.005204498501998528
09160.png,left-cheek,smooth_2_sigma_2.5,0.00611037445571576
09160.png,right-cheek,smooth_2_sigma_2.5,0.006466877276082534
09160.png,bottom-face,smooth_2_sigma_2.5,0.005887377487267846
09160.png,forehead,smooth_2_sigma_2.5,0.0046114001493635735
09160.png,under-eyes,smooth_2_sigma_2.5,0.005331795734893797
09161.png,left-cheek,original_roi,0.005908131251176311
09161.png,right-cheek,original_roi,0.005560570371034342
09161.png,bottom-face,original_roi,0.0066014999056844045
09161.png,forehead,original_roi,0.00752717826870119
09161.png,under-eyes,original_roi,0.005879262021459674
09161.png,left-cheek,smooth_1_sigma_1.5,0.0061613893390726135
09161.png,right-cheek,smooth_1_sigma_1.5,0.005844635711249617
09161.png,bottom-face,smooth_1_sigma_1.5,0.006915083807243078
09161.png,forehead,smooth_1_sigma_1.5,0.00843112820299849
09161.png,under-eyes,smooth_1_sigma_1.5,0.006279177941910123
09161.png,left-cheek,smooth_2_sigma_2.5,0.006204693983284559
09161.png,right-cheek,smooth_2_sigma_2.5,0.005887441177659315
09161.png,bottom-face,smooth_2_sigma_2.5,0.006972675600239376
09161.png,forehead,smooth_2_sigma_2.5,0.008672463040197987
09161.png,under-eyes,smooth_2_sigma_2.5,0.006366156349692627
09162.png,left-cheek,original_roi,0.006349982762424055
09162.png,right-cheek,original_roi,0.006065142182252474
09162.png,bottom-face,original_roi,0.008670870787374434
09162.png,forehead,original_roi,0.006248978729559268
09162.png,under-eyes,original_roi,0.005987144508298757
09162.png,left-cheek,smooth_1_sigma_1.5,0.006914564899271405
09162.png,right-cheek,smooth_1_sigma_1.5,0.006537123955354
09162.png,bottom-face,smooth_1_sigma_1.5,0.009863104900015848
09162.png,forehead,smooth_1_sigma_1.5,0.00684475792781014
09162.png,under-eyes,smooth_1_sigma_1.5,0.0064463163739568756
09162.png,left-cheek,smooth_2_sigma_2.5,0.00700480024760124
09162.png,right-cheek,smooth_2_sigma_2.5,0.006617166152351022
09162.png,bottom-face,smooth_2_sigma_2.5,0.01011178793542789
09162.png,forehead,smooth_2_sigma_2.5,0.006945777445867795
09162.png,under-eyes,smooth_2_sigma_2.5,0.006538948545809261
09163.png,left-cheek,original_roi,0.010321026889693191
09163.png,right-cheek,original_roi,0.012241446067514136
09163.png,bottom-face,original_roi,0.012872850718140065
09163.png,forehead,original_roi,0.00906688596247087
09163.png,under-eyes,original_roi,0.011569332774654686
09163.png,left-cheek,smooth_1_sigma_1.5,0.010664781230680305
09163.png,right-cheek,smooth_1_sigma_1.5,0.012777891650375807
09163.png,bottom-face,smooth_1_sigma_1.5,0.014245896596063044
09163.png,forehead,smooth_1_sigma_1.5,0.009323970387691389
09163.png,under-eyes,smooth_1_sigma_1.5,0.012215792972636101
09163.png,left-cheek,smooth_2_sigma_2.5,0.010756593973608265
09163.png,right-cheek,smooth_2_sigma_2.5,0.012950625980830167
09163.png,bottom-face,smooth_2_sigma_2.5,0.014677117895148422
09163.png,forehead,smooth_2_sigma_2.5,0.009405621933641414
09163.png,under-eyes,smooth_2_sigma_2.5,0.01239442103477726
09164.png,left-cheek,original_roi,0.004364075637013451
09164.png,right-cheek,original_roi,0.004323329172088736
09164.png,bottom-face,original_roi,0.004492384170441032
09164.png,forehead,original_roi,0.004360530573775392
09164.png,under-eyes,original_roi,0.004529989856452672
09164.png,left-cheek,smooth_1_sigma_1.5,0.0044231655638154906
09164.png,right-cheek,smooth_1_sigma_1.5,0.004371457109191606
09164.png,bottom-face,smooth_1_sigma_1.5,0.004546155845635422
09164.png,forehead,smooth_1_sigma_1.5,0.004449126369157322
09164.png,under-eyes,smooth_1_sigma_1.5,0.0046296905790429825
09164.png,left-cheek,smooth_2_sigma_2.5,0.004443305726537139
09164.png,right-cheek,smooth_2_sigma_2.5,0.004390254719634331
09164.png,bottom-face,smooth_2_sigma_2.5,0.004568893727871253
09164.png,forehead,smooth_2_sigma_2.5,0.00448186792459556
09164.png,under-eyes,smooth_2_sigma_2.5,0.004673405549181727
09165.png,left-cheek,original_roi,0.004271475565849471
09165.png,right-cheek,original_roi,0.007497386392110278
09165.png,bottom-face,original_roi,0.004597319162089066
09165.png,forehead,original_roi,0.004944829721013877
09165.png,under-eyes,original_roi,0.004862252110583814
09165.png,left-cheek,smooth_1_sigma_1.5,0.00433131777047721
09165.png,right-cheek,smooth_1_sigma_1.5,0.007813066336108378
09165.png,bottom-face,smooth_1_sigma_1.5,0.004666530058356397
09165.png,forehead,smooth_1_sigma_1.5,0.005131402399572772
09165.png,under-eyes,smooth_1_sigma_1.5,0.005115589696005942
09165.png,left-cheek,smooth_2_sigma_2.5,0.0043511946761673964
09165.png,right-cheek,smooth_2_sigma_2.5,0.007888458866552261
09165.png,bottom-face,smooth_2_sigma_2.5,0.0046926737621494075
09165.png,forehead,smooth_2_sigma_2.5,0.005178249788636331
09165.png,under-eyes,smooth_2_sigma_2.5,0.005187966567119352
09169.png,left-cheek,original_roi,0.004808229603088299
09169.png,right-cheek,original_roi,0.004565960947852136
09169.png,bottom-face,original_roi,0.005276954542159233
09169.png,forehead,original_roi,0.003811212806366486
09169.png,under-eyes,original_roi,0.004446686068623438
09169.png,left-cheek,smooth_1_sigma_1.5,0.004895060962949748
09169.png,right-cheek,smooth_1_sigma_1.5,0.004632896102058984
09169.png,bottom-face,smooth_1_sigma_1.5,0.005352521560127194
09169.png,forehead,smooth_1_sigma_1.5,0.003860224271941302
09169.png,under-eyes,smooth_1_sigma_1.5,0.004524653443125811
09169.png,left-cheek,smooth_2_sigma_2.5,0.004923435217572969
09169.png,right-cheek,smooth_2_sigma_2.5,0.004656210001049747
09169.png,bottom-face,smooth_2_sigma_2.5,0.0053830060568000925
09169.png,forehead,smooth_2_sigma_2.5,0.0038790312939707286
09169.png,under-eyes,smooth_2_sigma_2.5,0.004561014877833002
09171.png,left-cheek,original_roi,0.0046365999111588375
09171.png,right-cheek,original_roi,0.004475609005245814
09171.png,bottom-face,original_roi,0.004787146960375157
09171.png,forehead,original_roi,0.0045315608874906006
09171.png,under-eyes,original_roi,0.004886580140000976
09171.png,left-cheek,smooth_1_sigma_1.5,0.004899358496531228
09171.png,right-cheek,smooth_1_sigma_1.5,0.004727404067323025
09171.png,bottom-face,smooth_1_sigma_1.5,0.005114703147987706
09171.png,forehead,smooth_1_sigma_1.5,0.004816427439764172
09171.png,under-eyes,smooth_1_sigma_1.5,0.005172052012546015
09171.png,left-cheek,smooth_2_sigma_2.5,0.004944858239845582
09171.png,right-cheek,smooth_2_sigma_2.5,0.0047694164571938
09171.png,bottom-face,smooth_2_sigma_2.5,0.0051812140197314
09171.png,forehead,smooth_2_sigma_2.5,0.004874812325555872
09171.png,under-eyes,smooth_2_sigma_2.5,0.005239875936551583
09172.png,left-cheek,original_roi,0.003954617899361775
09172.png,right-cheek,original_roi,0.004299211061133495
09172.png,bottom-face,original_roi,0.004942541475287278
09172.png,forehead,original_roi,0.003520833349492401
09172.png,under-eyes,original_roi,0.00393176110809148
09172.png,left-cheek,smooth_1_sigma_1.5,0.004182953484609304
09172.png,right-cheek,smooth_1_sigma_1.5,0.0045421986529785565
09172.png,bottom-face,smooth_1_sigma_1.5,0.006135569122856756
09172.png,forehead,smooth_1_sigma_1.5,0.0036295906710070696
09172.png,under-eyes,smooth_1_sigma_1.5,0.004084633506055524
09172.png,left-cheek,smooth_2_sigma_2.5,0.0042285178790042515
09172.png,right-cheek,smooth_2_sigma_2.5,0.004595194405096988
09172.png,bottom-face,smooth_2_sigma_2.5,0.006412463697942148
09172.png,forehead,smooth_2_sigma_2.5,0.003652133921778101
09172.png,under-eyes,smooth_2_sigma_2.5,0.004121565248141143
09173.png,left-cheek,original_roi,0.00739097541035769
09173.png,right-cheek,original_roi,0.0058487182192685115
09173.png,bottom-face,original_roi,0.006294134607453163
09173.png,forehead,original_roi,0.009004420691251519
09173.png,under-eyes,original_roi,0.006718025199302425
09173.png,left-cheek,smooth_1_sigma_1.5,0.007706226817053054
09173.png,right-cheek,smooth_1_sigma_1.5,0.005988638569859246
09173.png,bottom-face,smooth_1_sigma_1.5,0.007557353879216516
09173.png,forehead,smooth_1_sigma_1.5,0.010025266189888346
09173.png,under-eyes,smooth_1_sigma_1.5,0.0069017276276622415
09173.png,left-cheek,smooth_2_sigma_2.5,0.007803980437795424
09173.png,right-cheek,smooth_2_sigma_2.5,0.006035317327269659
09173.png,bottom-face,smooth_2_sigma_2.5,0.008101049454485048
09173.png,forehead,smooth_2_sigma_2.5,0.010429957277525279
09173.png,under-eyes,smooth_2_sigma_2.5,0.0069630058630327715
09175.png,left-cheek,original_roi,0.003813958041223872
09175.png,right-cheek,original_roi,0.004950136127138419
09175.png,bottom-face,original_roi,0.0046242560845507295
09175.png,forehead,original_roi,0.005410180359811542
09175.png,under-eyes,original_roi,0.004251621762611003
09175.png,left-cheek,smooth_1_sigma_1.5,0.00396736567273662
09175.png,right-cheek,smooth_1_sigma_1.5,0.005196065006614821
09175.png,bottom-face,smooth_1_sigma_1.5,0.0048034663332027615
09175.png,forehead,smooth_1_sigma_1.5,0.006483388228224793
09175.png,under-eyes,smooth_1_sigma_1.5,0.004423773683257552
09175.png,left-cheek,smooth_2_sigma_2.5,0.004002516270400876
09175.png,right-cheek,smooth_2_sigma_2.5,0.005254732903958976
09175.png,bottom-face,smooth_2_sigma_2.5,0.004856344821744969
09175.png,forehead,smooth_2_sigma_2.5,0.006877050311307152
09175.png,under-eyes,smooth_2_sigma_2.5,0.004472093324876202
09177.png,left-cheek,original_roi,0.005051073587488242
09177.png,right-cheek,original_roi,0.00677204199157384
09177.png,bottom-face,original_roi,0.007354727377807414
09177.png,forehead,original_roi,0.0048320089849590905
09177.png,under-eyes,original_roi,0.005432924176662842
09177.png,left-cheek,smooth_1_sigma_1.5,0.005233384925811015
09177.png,right-cheek,smooth_1_sigma_1.5,0.007151927481751425
09177.png,bottom-face,smooth_1_sigma_1.5,0.008008247362330313
09177.png,forehead,smooth_1_sigma_1.5,0.004972259874208536
09177.png,under-eyes,smooth_1_sigma_1.5,0.005682385617896937
09177.png,left-cheek,smooth_2_sigma_2.5,0.00526334594172635
09177.png,right-cheek,smooth_2_sigma_2.5,0.007207729326955042
09177.png,bottom-face,smooth_2_sigma_2.5,0.008121437791889608
09177.png,forehead,smooth_2_sigma_2.5,0.005000814251560892
09177.png,under-eyes,smooth_2_sigma_2.5,0.005727896084191277
09182.png,left-cheek,original_roi,0.0029219858839047426
09182.png,right-cheek,original_roi,0.0041234287257407585
09182.png,bottom-face,original_roi,0.004401536434146664
09182.png,forehead,original_roi,0.004026512708588577
09182.png,under-eyes,original_roi,0.004291655466264577
09182.png,left-cheek,smooth_1_sigma_1.5,0.0029901609753404603
09182.png,right-cheek,smooth_1_sigma_1.5,0.004211552531315474
09182.png,bottom-face,smooth_1_sigma_1.5,0.00451104069569807
09182.png,forehead,smooth_1_sigma_1.5,0.004120765656726257
09182.png,under-eyes,smooth_1_sigma_1.5,0.004415169772852959
09182.png,left-cheek,smooth_2_sigma_2.5,0.0030771857310912675
09182.png,right-cheek,smooth_2_sigma_2.5,0.004236476984532233
09182.png,bottom-face,smooth_2_sigma_2.5,0.004542473818452912
09182.png,forehead,smooth_2_sigma_2.5,0.00414816485623364
09182.png,under-eyes,smooth_2_sigma_2.5,0.004450022106195534
09183.png,left-cheek,original_roi,0.0047087604096253685
09183.png,right-cheek,original_roi,0.00450239882960714
09183.png,bottom-face,original_roi,0.004468613056698518
09183.png,forehead,original_roi,0.004098853041884322
09183.png,under-eyes,original_roi,0.004104882629281111
09183.png,left-cheek,smooth_1_sigma_1.5,0.004812947136059329
09183.png,right-cheek,smooth_1_sigma_1.5,0.004592668481832758
09183.png,bottom-face,smooth_1_sigma_1.5,0.004544563034857059
09183.png,forehead,smooth_1_sigma_1.5,0.004189906772450542
09183.png,under-eyes,smooth_1_sigma_1.5,0.004216680652895701
09183.png,left-cheek,smooth_2_sigma_2.5,0.004838212161595359
09183.png,right-cheek,smooth_2_sigma_2.5,0.0046156866279685165
09183.png,bottom-face,smooth_2_sigma_2.5,0.00457029211783169
09183.png,forehead,smooth_2_sigma_2.5,0.00421262131156169
09183.png,under-eyes,smooth_2_sigma_2.5,0.004270402793434341
09187.png,left-cheek,original_roi,0.004194288346915889
09187.png,right-cheek,original_roi,0.004402669731536849
09187.png,bottom-face,original_roi,0.004534608933116806
09187.png,forehead,original_roi,0.004302236160375017
09187.png,under-eyes,original_roi,0.004250958160271792
09187.png,left-cheek,smooth_1_sigma_1.5,0.00430994716185328
09187.png,right-cheek,smooth_1_sigma_1.5,0.004512553250744406
09187.png,bottom-face,smooth_1_sigma_1.5,0.0047702414102313686
09187.png,forehead,smooth_1_sigma_1.5,0.004537975616688178
09187.png,under-eyes,smooth_1_sigma_1.5,0.004394603927530888
09187.png,left-cheek,smooth_2_sigma_2.5,0.004334404069351219
09187.png,right-cheek,smooth_2_sigma_2.5,0.004534849561788183
09187.png,bottom-face,smooth_2_sigma_2.5,0.004820987008258716
09187.png,forehead,smooth_2_sigma_2.5,0.004596278348435801
09187.png,under-eyes,smooth_2_sigma_2.5,0.0044286477256485265
09190.png,left-cheek,original_roi,0.004104422595824647
09190.png,right-cheek,original_roi,0.01070424427640447
09190.png,bottom-face,original_roi,0.005687491084276705
09190.png,forehead,original_roi,0.005495684927739903
09190.png,under-eyes,original_roi,0.005713850996432924
09190.png,left-cheek,smooth_1_sigma_1.5,0.004318882604946834
09190.png,right-cheek,smooth_1_sigma_1.5,0.01094347642805917
09190.png,bottom-face,smooth_1_sigma_1.5,0.006282998565583343
09190.png,forehead,smooth_1_sigma_1.5,0.005667552090384358
09190.png,under-eyes,smooth_1_sigma_1.5,0.005953876098464641
09190.png,left-cheek,smooth_2_sigma_2.5,0.004382669816376226
09190.png,right-cheek,smooth_2_sigma_2.5,0.011056781568739408
09190.png,bottom-face,smooth_2_sigma_2.5,0.0064648357345962965
09190.png,forehead,smooth_2_sigma_2.5,0.0057122726294682605
09190.png,under-eyes,smooth_2_sigma_2.5,0.006064595187684905
09192.png,left-cheek,original_roi,0.0038711464614097422
09192.png,right-cheek,original_roi,0.0035735704343551567
09192.png,bottom-face,original_roi,0.0037846226137604067
09192.png,forehead,original_roi,0.0036545880105300272
09192.png,under-eyes,original_roi,0.003959099160709535
09192.png,left-cheek,smooth_1_sigma_1.5,0.003950336854710617
09192.png,right-cheek,smooth_1_sigma_1.5,0.003660828642353239
09192.png,bottom-face,smooth_1_sigma_1.5,0.0038991276602852155
09192.png,forehead,smooth_1_sigma_1.5,0.003802919814184345
09192.png,under-eyes,smooth_1_sigma_1.5,0.004103627075821661
09192.png,left-cheek,smooth_2_sigma_2.5,0.003968846166590095
09192.png,right-cheek,smooth_2_sigma_2.5,0.0036784247774247084
09192.png,bottom-face,smooth_2_sigma_2.5,0.003922371181551788
09192.png,forehead,smooth_2_sigma_2.5,0.003825793575567235
09192.png,under-eyes,smooth_2_sigma_2.5,0.004133514783122645
09193.png,left-cheek,original_roi,0.006142282296359849
09193.png,right-cheek,original_roi,0.006169299961759585
09193.png,bottom-face,original_roi,0.007220670198614223
09193.png,forehead,original_roi,0.004720631636230118
09193.png,under-eyes,original_roi,0.005360951033007742
09193.png,left-cheek,smooth_1_sigma_1.5,0.006314211105045226
09193.png,right-cheek,smooth_1_sigma_1.5,0.006418961122014235
09193.png,bottom-face,smooth_1_sigma_1.5,0.007427913865243495
09193.png,forehead,smooth_1_sigma_1.5,0.004929415318884558
09193.png,under-eyes,smooth_1_sigma_1.5,0.005849730386862805
09193.png,left-cheek,smooth_2_sigma_2.5,0.006366607814269498
09193.png,right-cheek,smooth_2_sigma_2.5,0.006480788993859125
09193.png,bottom-face,smooth_2_sigma_2.5,0.0075002485998418265
09193.png,forehead,smooth_2_sigma_2.5,0.0049772644855637215
09193.png,under-eyes,smooth_2_sigma_2.5,0.006051089769780202
09194.png,left-cheek,original_roi,0.00380573130247505
09194.png,right-cheek,original_roi,0.003632876875372916
09194.png,bottom-face,original_roi,0.004374537864719589
09194.png,forehead,original_roi,0.003340498046909191
09194.png,under-eyes,original_roi,0.003545418128056651
09194.png,left-cheek,smooth_1_sigma_1.5,0.00385143420799895
09194.png,right-cheek,smooth_1_sigma_1.5,0.003686927191882905
09194.png,bottom-face,smooth_1_sigma_1.5,0.0044692840747852436
09194.png,forehead,smooth_1_sigma_1.5,0.0034266874701574432
09194.png,under-eyes,smooth_1_sigma_1.5,0.0036696708211296785
09194.png,left-cheek,smooth_2_sigma_2.5,0.0038668729894925005
09194.png,right-cheek,smooth_2_sigma_2.5,0.003702144953684821
09194.png,bottom-face,smooth_2_sigma_2.5,0.004509280004035481
09194.png,forehead,smooth_2_sigma_2.5,0.003451516761331951
09194.png,under-eyes,smooth_2_sigma_2.5,0.0037137521236696464
09197.png,left-cheek,original_roi,0.005290428573270844
09197.png,right-cheek,original_roi,0.004979709995491659
09197.png,bottom-face,original_roi,0.005807683684883844
09197.png,forehead,original_roi,0.004496402152730746
09197.png,under-eyes,original_roi,0.004763672007288012
09197.png,left-cheek,smooth_1_sigma_1.5,0.005531454764305113
09197.png,right-cheek,smooth_1_sigma_1.5,0.005190288027887176
09197.png,bottom-face,smooth_1_sigma_1.5,0.006105680806881799
09197.png,forehead,smooth_1_sigma_1.5,0.004803529140091055
09197.png,under-eyes,smooth_1_sigma_1.5,0.005081920743548064
09197.png,left-cheek,smooth_2_sigma_2.5,0.005577814046958649
09197.png,right-cheek,smooth_2_sigma_2.5,0.005229563941724322
09197.png,bottom-face,smooth_2_sigma_2.5,0.006165888923743416
09197.png,forehead,smooth_2_sigma_2.5,0.004853544127403483
09197.png,under-eyes,smooth_2_sigma_2.5,0.005149639054975135
09198.png,left-cheek,original_roi,0.003979859597314237
09198.png,right-cheek,original_roi,0.004572876459912967
09198.png,bottom-face,original_roi,0.004656320092680564
09198.png,forehead,original_roi,0.004280431739876349
09198.png,under-eyes,original_roi,0.004584275078189342
09198.png,left-cheek,smooth_1_sigma_1.5,0.004062957901623338
09198.png,right-cheek,smooth_1_sigma_1.5,0.004602620853464072
09198.png,bottom-face,smooth_1_sigma_1.5,0.0046935467540187075
09198.png,forehead,smooth_1_sigma_1.5,0.004435706508010287
09198.png,under-eyes,smooth_1_sigma_1.5,0.004690676279752109
09198.png,left-cheek,smooth_2_sigma_2.5,0.004081286630888236
09198.png,right-cheek,smooth_2_sigma_2.5,0.004619831220829048
09198.png,bottom-face,smooth_2_sigma_2.5,0.004715047312595933
09198.png,forehead,smooth_2_sigma_2.5,0.004485012518864933
09198.png,under-eyes,smooth_2_sigma_2.5,0.004727765025998693
09200.png,left-cheek,original_roi,0.004304137850496541
09200.png,right-cheek,original_roi,0.00424427791071751
09200.png,bottom-face,original_roi,0.004447055116958276
09200.png,forehead,original_roi,0.004207686023645137
09200.png,under-eyes,original_roi,0.004654697856229526
09200.png,left-cheek,smooth_1_sigma_1.5,0.004394311560885019
09200.png,right-cheek,smooth_1_sigma_1.5,0.004326067962005952
09200.png,bottom-face,smooth_1_sigma_1.5,0.004545963988272838
09200.png,forehead,smooth_1_sigma_1.5,0.004353921118930024
09200.png,under-eyes,smooth_1_sigma_1.5,0.004914872654122259
09200.png,left-cheek,smooth_2_sigma_2.5,0.004417066574850014
09200.png,right-cheek,smooth_2_sigma_2.5,0.004350429842139136
09200.png,bottom-face,smooth_2_sigma_2.5,0.004573937034685359
09200.png,forehead,smooth_2_sigma_2.5,0.0043868456335235334
09200.png,under-eyes,smooth_2_sigma_2.5,0.004994764403941035
09201.png,left-cheek,original_roi,0.006315256116267694
09201.png,right-cheek,original_roi,0.010199006567178395
09201.png,bottom-face,original_roi,0.009276883347409332
09201.png,forehead,original_roi,0.005842689316716224
09201.png,under-eyes,original_roi,0.00712079698088139
09201.png,left-cheek,smooth_1_sigma_1.5,0.006624215173963237
09201.png,right-cheek,smooth_1_sigma_1.5,0.010803214497104141
09201.png,bottom-face,smooth_1_sigma_1.5,0.009737890711524368
09201.png,forehead,smooth_1_sigma_1.5,0.006322964114228752
09201.png,under-eyes,smooth_1_sigma_1.5,0.007727697946807905
09201.png,left-cheek,smooth_2_sigma_2.5,0.006670796025904771
09201.png,right-cheek,smooth_2_sigma_2.5,0.010915545758312665
09201.png,bottom-face,smooth_2_sigma_2.5,0.009819422139205345
09201.png,forehead,smooth_2_sigma_2.5,0.006412708186987938
09201.png,under-eyes,smooth_2_sigma_2.5,0.007937649419228638
09203.png,left-cheek,original_roi,0.0036237069377469304
09203.png,right-cheek,original_roi,0.003533285994776133
09203.png,bottom-face,original_roi,0.003659273447155907
09203.png,forehead,original_roi,0.004119224671419102
09203.png,under-eyes,original_roi,0.004073243203908526
09203.png,left-cheek,smooth_1_sigma_1.5,0.0036935696914687072
09203.png,right-cheek,smooth_1_sigma_1.5,0.0036059441396696077
09203.png,bottom-face,smooth_1_sigma_1.5,0.0037197317598211058
09203.png,forehead,smooth_1_sigma_1.5,0.004384126199530429
09203.png,under-eyes,smooth_1_sigma_1.5,0.004288099140504035
09203.png,left-cheek,smooth_2_sigma_2.5,0.0037125537578475256
09203.png,right-cheek,smooth_2_sigma_2.5,0.0036343031718968273
09203.png,bottom-face,smooth_2_sigma_2.5,0.0037353293954668046
09203.png,forehead,smooth_2_sigma_2.5,0.0044646580581684395
09203.png,under-eyes,smooth_2_sigma_2.5,0.0043682850940077065
09205.png,left-cheek,original_roi,0.005018587523615699
09205.png,right-cheek,original_roi,0.006643069745616666
09205.png,bottom-face,original_roi,0.00645315938731068
09205.png,forehead,original_roi,0.005878470833017135
09205.png,under-eyes,original_roi,0.00585487520446537
09205.png,left-cheek,smooth_1_sigma_1.5,0.005067206784671599
09205.png,right-cheek,smooth_1_sigma_1.5,0.006726562362999476
09205.png,bottom-face,smooth_1_sigma_1.5,0.00654317000298858
09205.png,forehead,smooth_1_sigma_1.5,0.005953925443624992
09205.png,under-eyes,smooth_1_sigma_1.5,0.005949076778253119
09205.png,left-cheek,smooth_2_sigma_2.5,0.0050947968819095414
09205.png,right-cheek,smooth_2_sigma_2.5,0.006767508192000105
09205.png,bottom-face,smooth_2_sigma_2.5,0.0065823739581088924
09205.png,forehead,smooth_2_sigma_2.5,0.005986541023150011
09205.png,under-eyes,smooth_2_sigma_2.5,0.0059910750264975336
09210.png,left-cheek,original_roi,0.004648227657297667
09210.png,right-cheek,original_roi,0.00468661007024174
09210.png,bottom-face,original_roi,0.005418159015414783
09210.png,forehead,original_roi,0.004155735236320525
09210.png,under-eyes,original_roi,0.00432063463870264
09210.png,left-cheek,smooth_1_sigma_1.5,0.004817282090463077
09210.png,right-cheek,smooth_1_sigma_1.5,0.004848179719930878
09210.png,bottom-face,smooth_1_sigma_1.5,0.005846172325847284
09210.png,forehead,smooth_1_sigma_1.5,0.004280842257926978
09210.png,under-eyes,smooth_1_sigma_1.5,0.004553713343843586
09210.png,left-cheek,smooth_2_sigma_2.5,0.004852048775149793
09210.png,right-cheek,smooth_2_sigma_2.5,0.004879734501371629
09210.png,bottom-face,smooth_2_sigma_2.5,0.005922359484519836
09210.png,forehead,smooth_2_sigma_2.5,0.004307536199775975
09210.png,under-eyes,smooth_2_sigma_2.5,0.004644679520641182
09213.png,left-cheek,original_roi,0.004425230176108188
09213.png,right-cheek,original_roi,0.004489024473526324
09213.png,bottom-face,original_roi,0.004792108865860698
09213.png,forehead,original_roi,0.0043170485342547815
09213.png,under-eyes,original_roi,0.004580617084488703
09213.png,left-cheek,smooth_1_sigma_1.5,0.0045732317626829165
09213.png,right-cheek,smooth_1_sigma_1.5,0.004630652644563777
09213.png,bottom-face,smooth_1_sigma_1.5,0.004979724267553165
09213.png,forehead,smooth_1_sigma_1.5,0.00446366315020457
09213.png,under-eyes,smooth_1_sigma_1.5,0.00475274422728784
09213.png,left-cheek,smooth_2_sigma_2.5,0.004608282014821071
09213.png,right-cheek,smooth_2_sigma_2.5,0.004671479006061688
09213.png,bottom-face,smooth_2_sigma_2.5,0.005028780442684704
09213.png,forehead,smooth_2_sigma_2.5,0.004499121907248031
09213.png,under-eyes,smooth_2_sigma_2.5,0.004801481212555611
09216.png,left-cheek,original_roi,0.005246858010337698
09216.png,right-cheek,original_roi,0.006105031867761447
09216.png,bottom-face,original_roi,0.007237733055886531
09216.png,forehead,original_roi,0.004352283608230787
09216.png,under-eyes,original_roi,0.0053795473879417926
09216.png,left-cheek,smooth_1_sigma_1.5,0.00542593815834052
09216.png,right-cheek,smooth_1_sigma_1.5,0.00643944421933526
09216.png,bottom-face,smooth_1_sigma_1.5,0.008629868504615598
09216.png,forehead,smooth_1_sigma_1.5,0.004480253380833865
09216.png,under-eyes,smooth_1_sigma_1.5,0.005592331104458474
09216.png,left-cheek,smooth_2_sigma_2.5,0.00549650556188519
09216.png,right-cheek,smooth_2_sigma_2.5,0.00655029830167136
09216.png,bottom-face,smooth_2_sigma_2.5,0.009133472811722344
09216.png,forehead,smooth_2_sigma_2.5,0.004523019257375868
09216.png,under-eyes,smooth_2_sigma_2.5,0.005716648447749199
09217.png,left-cheek,original_roi,0.004926416696460284
09217.png,right-cheek,original_roi,0.005202469402716845
09217.png,bottom-face,original_roi,0.0057317100368333386
09217.png,forehead,original_roi,0.003874333905342107
09217.png,under-eyes,original_roi,0.004688030809195394
09217.png,left-cheek,smooth_1_sigma_1.5,0.005240207245395004
09217.png,right-cheek,smooth_1_sigma_1.5,0.005599772491085328
09217.png,bottom-face,smooth_1_sigma_1.5,0.007587457003953842
09217.png,forehead,smooth_1_sigma_1.5,0.003994023248866918
09217.png,under-eyes,smooth_1_sigma_1.5,0.00495012925675304
09217.png,left-cheek,smooth_2_sigma_2.5,0.0053486006374290716
09217.png,right-cheek,smooth_2_sigma_2.5,0.00570772902803076
09217.png,bottom-face,smooth_2_sigma_2.5,0.008269000357994756
09217.png,forehead,smooth_2_sigma_2.5,0.004019523682767441
09217.png,under-eyes,smooth_2_sigma_2.5,0.005032951542770639
09219.png,left-cheek,original_roi,0.006108296250841931
09219.png,right-cheek,original_roi,0.005360879141724771
09219.png,bottom-face,original_roi,0.005416010157539619
09219.png,forehead,original_roi,0.004316837981389655
09219.png,under-eyes,original_roi,0.01223213992619159
09219.png,left-cheek,smooth_1_sigma_1.5,0.006288806326225161
09219.png,right-cheek,smooth_1_sigma_1.5,0.005532649480499773
09219.png,bottom-face,smooth_1_sigma_1.5,0.00557221579502439
09219.png,forehead,smooth_1_sigma_1.5,0.004450751584024034
09219.png,under-eyes,smooth_1_sigma_1.5,0.013038817210081412
09219.png,left-cheek,smooth_2_sigma_2.5,0.006376021873089166
09219.png,right-cheek,smooth_2_sigma_2.5,0.005605554503016202
09219.png,bottom-face,smooth_2_sigma_2.5,0.005617565107921653
09219.png,forehead,smooth_2_sigma_2.5,0.004496656421319111
09219.png,under-eyes,smooth_2_sigma_2.5,0.013402857529447552
09220.png,left-cheek,original_roi,0.005667162245748372
09220.png,right-cheek,original_roi,0.0040063799718169976
09220.png,bottom-face,original_roi,0.004924400781197094
09220.png,forehead,original_roi,0.004789944084824972
09220.png,under-eyes,original_roi,0.007015428743430077
09220.png,left-cheek,smooth_1_sigma_1.5,0.005995054204347457
09220.png,right-cheek,smooth_1_sigma_1.5,0.0043477529716528405
09220.png,bottom-face,smooth_1_sigma_1.5,0.005765971183308351
09220.png,forehead,smooth_1_sigma_1.5,0.004949917324079725
09220.png,under-eyes,smooth_1_sigma_1.5,0.007776034606415243
09220.png,left-cheek,smooth_2_sigma_2.5,0.006072407341861686
09220.png,right-cheek,smooth_2_sigma_2.5,0.004481872900525233
09220.png,bottom-face,smooth_2_sigma_2.5,0.005988904932718798
09220.png,forehead,smooth_2_sigma_2.5,0.004997456953583898
09220.png,under-eyes,smooth_2_sigma_2.5,0.00813905640775979
09225.png,left-cheek,original_roi,
09225.png,right-cheek,original_roi,0.004620909365451378
09225.png,bottom-face,original_roi,0.005925916850204657
09225.png,forehead,original_roi,0.004319801348197767
09225.png,under-eyes,original_roi,0.0044730071069758294
09225.png,left-cheek,smooth_1_sigma_1.5,
09225.png,right-cheek,smooth_1_sigma_1.5,0.00485203561284085
09225.png,bottom-face,smooth_1_sigma_1.5,0.006274348774737819
09225.png,forehead,smooth_1_sigma_1.5,0.0045603776093873175
09225.png,under-eyes,smooth_1_sigma_1.5,0.0047333840921324425
09225.png,left-cheek,smooth_2_sigma_2.5,
09225.png,right-cheek,smooth_2_sigma_2.5,0.00490498050377651
09225.png,bottom-face,smooth_2_sigma_2.5,0.006349380624815758
09225.png,forehead,smooth_2_sigma_2.5,0.00459740994252159
09225.png,under-eyes,smooth_2_sigma_2.5,0.004782843839311196
09226.png,left-cheek,original_roi,0.005482260592517161
09226.png,right-cheek,original_roi,0.004813802872386078
09226.png,bottom-face,original_roi,0.00566575697288502
09226.png,forehead,original_roi,0.004992085986731088
09226.png,under-eyes,original_roi,0.005352661330900177
09226.png,left-cheek,smooth_1_sigma_1.5,0.00567138979981539
09226.png,right-cheek,smooth_1_sigma_1.5,0.004950958277788632
09226.png,bottom-face,smooth_1_sigma_1.5,0.005875431026850145
09226.png,forehead,smooth_1_sigma_1.5,0.0051764791153252965
09226.png,under-eyes,smooth_1_sigma_1.5,0.00553899067497025
09226.png,left-cheek,smooth_2_sigma_2.5,0.00571044744287873
09226.png,right-cheek,smooth_2_sigma_2.5,0.004979927650362656
09226.png,bottom-face,smooth_2_sigma_2.5,0.005923346881809543
09226.png,forehead,smooth_2_sigma_2.5,0.005211907215278972
09226.png,under-eyes,smooth_2_sigma_2.5,0.005583318865268005
09228.png,left-cheek,original_roi,0.005829125109179772
09228.png,right-cheek,original_roi,0.005132380514727386
09228.png,bottom-face,original_roi,0.0064442041370617225
09228.png,forehead,original_roi,0.004677159817074885
09228.png,under-eyes,original_roi,0.005853737759910636
09228.png,left-cheek,smooth_1_sigma_1.5,0.006106370729246758
09228.png,right-cheek,smooth_1_sigma_1.5,0.005400627971926714
09228.png,bottom-face,smooth_1_sigma_1.5,0.006756729653949934
09228.png,forehead,smooth_1_sigma_1.5,0.005022246027321328
09228.png,under-eyes,smooth_1_sigma_1.5,0.006297858491112083
09228.png,left-cheek,smooth_2_sigma_2.5,0.006159492436279219
09228.png,right-cheek,smooth_2_sigma_2.5,0.005445877161032861
09228.png,bottom-face,smooth_2_sigma_2.5,0.006816834032638373
09228.png,forehead,smooth_2_sigma_2.5,0.005076011742009458
09228.png,under-eyes,smooth_2_sigma_2.5,0.006420151508190964
09231.png,left-cheek,original_roi,0.0037745901199778913
09231.png,right-cheek,original_roi,0.00398120711808438
09231.png,bottom-face,original_roi,0.004184210554405923
09231.png,forehead,original_roi,0.0038130561109485524
09231.png,under-eyes,original_roi,0.003984013375800889
09231.png,left-cheek,smooth_1_sigma_1.5,0.003853234428587112
09231.png,right-cheek,smooth_1_sigma_1.5,0.004063555210101968
09231.png,bottom-face,smooth_1_sigma_1.5,0.00431404673909049
09231.png,forehead,smooth_1_sigma_1.5,0.003920100540804939
09231.png,under-eyes,smooth_1_sigma_1.5,0.004061887634955048
09231.png,left-cheek,smooth_2_sigma_2.5,0.0038725631435161706
09231.png,right-cheek,smooth_2_sigma_2.5,0.004085837669833929
09231.png,bottom-face,smooth_2_sigma_2.5,0.004350140124592249
09231.png,forehead,smooth_2_sigma_2.5,0.003947519779725312
09231.png,under-eyes,smooth_2_sigma_2.5,0.004081342152606812
09233.png,left-cheek,original_roi,0.0056570961436053545
09233.png,right-cheek,original_roi,0.005117324324020561
09233.png,bottom-face,original_roi,0.006301613179584154
09233.png,forehead,original_roi,0.004889908187657352
09233.png,under-eyes,original_roi,0.004573988119153801
09233.png,left-cheek,smooth_1_sigma_1.5,0.007574002245382632
09233.png,right-cheek,smooth_1_sigma_1.5,0.005356503515123379
09233.png,bottom-face,smooth_1_sigma_1.5,0.006701608269969412
09233.png,forehead,smooth_1_sigma_1.5,0.005429079848587854
09233.png,under-eyes,smooth_1_sigma_1.5,0.004944423334258929
09233.png,left-cheek,smooth_2_sigma_2.5,0.011530546128567916
09233.png,right-cheek,smooth_2_sigma_2.5,0.0054121806905311695
09233.png,bottom-face,smooth_2_sigma_2.5,0.006817029612536955
09233.png,forehead,smooth_2_sigma_2.5,0.005558662432830549
09233.png,under-eyes,smooth_2_sigma_2.5,0.005014949069700425
09237.png,left-cheek,original_roi,0.005509135296888874
09237.png,right-cheek,original_roi,0.0053591938122209025
09237.png,bottom-face,original_roi,0.007281681750599692
09237.png,forehead,original_roi,0.00408682401049796
09237.png,under-eyes,original_roi,0.00442085264507236
09237.png,left-cheek,smooth_1_sigma_1.5,0.005724337490113524
09237.png,right-cheek,smooth_1_sigma_1.5,0.0055514936306303685
09237.png,bottom-face,smooth_1_sigma_1.5,0.007620075694968844
09237.png,forehead,smooth_1_sigma_1.5,0.00428299833831607
09237.png,under-eyes,smooth_1_sigma_1.5,0.004812658433231758
09237.png,left-cheek,smooth_2_sigma_2.5,0.0058026287269286195
09237.png,right-cheek,smooth_2_sigma_2.5,0.005624776918208211
09237.png,bottom-face,smooth_2_sigma_2.5,0.007740204619199421
09237.png,forehead,smooth_2_sigma_2.5,0.004325768412689868
09237.png,under-eyes,smooth_2_sigma_2.5,0.0050056547596139585
09238.png,left-cheek,original_roi,0.008131844174479031
09238.png,right-cheek,original_roi,0.007543671526952193
09238.png,bottom-face,original_roi,0.010081074712154742
09238.png,forehead,original_roi,0.0064805799039181055
09238.png,under-eyes,original_roi,0.009667506592397446
09238.png,left-cheek,smooth_1_sigma_1.5,0.009002905888320478
09238.png,right-cheek,smooth_1_sigma_1.5,0.008281517232770904
09238.png,bottom-face,smooth_1_sigma_1.5,0.010704259438028269
09238.png,forehead,smooth_1_sigma_1.5,0.006922637355023728
09238.png,under-eyes,smooth_1_sigma_1.5,0.01078683318882922
09238.png,left-cheek,smooth_2_sigma_2.5,0.009522335125078068
09238.png,right-cheek,smooth_2_sigma_2.5,0.008677937392367314
09238.png,bottom-face,smooth_2_sigma_2.5,0.010816831868194042
09238.png,forehead,smooth_2_sigma_2.5,0.007007333194844673
09238.png,under-eyes,smooth_2_sigma_2.5,0.011163283732657311
09245.png,left-cheek,original_roi,0.004103461495549224
09245.png,right-cheek,original_roi,0.0051257271115544255
09245.png,bottom-face,original_roi,0.004482251472339605
09245.png,forehead,original_roi,0.0039050395176345757
09245.png,under-eyes,original_roi,0.004369794064407375
09245.png,left-cheek,smooth_1_sigma_1.5,0.004216001459684198
09245.png,right-cheek,smooth_1_sigma_1.5,0.005315371461217805
09245.png,bottom-face,smooth_1_sigma_1.5,0.004639232712278524
09245.png,forehead,smooth_1_sigma_1.5,0.004012979939326831
09245.png,under-eyes,smooth_1_sigma_1.5,0.004502697454369792
09245.png,left-cheek,smooth_2_sigma_2.5,0.004252840959919789
09245.png,right-cheek,smooth_2_sigma_2.5,0.005382272601966406
09245.png,bottom-face,smooth_2_sigma_2.5,0.004681894499772561
09245.png,forehead,smooth_2_sigma_2.5,0.004038094733023847
09245.png,under-eyes,smooth_2_sigma_2.5,0.0045412471365020145
09251.png,left-cheek,original_roi,0.004506368853417805
09251.png,right-cheek,original_roi,0.004802712525660645
09251.png,bottom-face,original_roi,0.005358916197099797
09251.png,forehead,original_roi,0.004430201097497383
09251.png,under-eyes,original_roi,0.004616859010768513
09251.png,left-cheek,smooth_1_sigma_1.5,0.004582957155939235
09251.png,right-cheek,smooth_1_sigma_1.5,0.004886015877740157
09251.png,bottom-face,smooth_1_sigma_1.5,0.005443286912929995
09251.png,forehead,smooth_1_sigma_1.5,0.004614394334988849
09251.png,under-eyes,smooth_1_sigma_1.5,0.0047281123313647885
09251.png,left-cheek,smooth_2_sigma_2.5,0.004602650842116405
09251.png,right-cheek,smooth_2_sigma_2.5,0.004909110779259456
09251.png,bottom-face,smooth_2_sigma_2.5,0.005472355819404132
09251.png,forehead,smooth_2_sigma_2.5,0.0046562628312533175
09251.png,under-eyes,smooth_2_sigma_2.5,0.004755706181082758
09252.png,left-cheek,original_roi,
09252.png,right-cheek,original_roi,0.0034552573417409825
09252.png,bottom-face,original_roi,0.003771702696352193
09252.png,forehead,original_roi,0.003930756597058706
09252.png,under-eyes,original_roi,0.0037179089354834926
09252.png,left-cheek,smooth_1_sigma_1.5,
09252.png,right-cheek,smooth_1_sigma_1.5,0.0034944171440628806
09252.png,bottom-face,smooth_1_sigma_1.5,0.0038234913183723285
09252.png,forehead,smooth_1_sigma_1.5,0.004012427792302607
09252.png,under-eyes,smooth_1_sigma_1.5,0.003920808387338788
09252.png,left-cheek,smooth_2_sigma_2.5,
09252.png,right-cheek,smooth_2_sigma_2.5,0.0035055678920887356
09252.png,bottom-face,smooth_2_sigma_2.5,0.003843038825073129
09252.png,forehead,smooth_2_sigma_2.5,0.004047044559903373
09252.png,under-eyes,smooth_2_sigma_2.5,0.004005432736002486
09258.png,left-cheek,original_roi,0.004845427028082954
09258.png,right-cheek,original_roi,0.004735713327478486
09258.png,bottom-face,original_roi,0.005220928384717001
09258.png,forehead,original_roi,0.004352937211505582
09258.png,under-eyes,original_roi,0.004334206149974633
09258.png,left-cheek,smooth_1_sigma_1.5,0.005011952856270648
09258.png,right-cheek,smooth_1_sigma_1.5,0.004868574402740054
09258.png,bottom-face,smooth_1_sigma_1.5,0.00540018245126606
09258.png,forehead,smooth_1_sigma_1.5,0.004504347765368443
09258.png,under-eyes,smooth_1_sigma_1.5,0.004495639553201659
09258.png,left-cheek,smooth_2_sigma_2.5,0.005041887620532409
09258.png,right-cheek,smooth_2_sigma_2.5,0.004891055187611115
09258.png,bottom-face,smooth_2_sigma_2.5,0.0054356710983385756
09258.png,forehead,smooth_2_sigma_2.5,0.004539120042437025
09258.png,under-eyes,smooth_2_sigma_2.5,0.00455598872564893
09263.png,left-cheek,original_roi,0.004125817135389199
09263.png,right-cheek,original_roi,0.004211950471936234
09263.png,bottom-face,original_roi,0.005174992226723188
09263.png,forehead,original_roi,0.0038938008753220373
09263.png,under-eyes,original_roi,0.004136748858803125
09263.png,left-cheek,smooth_1_sigma_1.5,0.004257390830487817
09263.png,right-cheek,smooth_1_sigma_1.5,0.004354996774446987
09263.png,bottom-face,smooth_1_sigma_1.5,0.005396217125074465
09263.png,forehead,smooth_1_sigma_1.5,0.004000783575937842
09263.png,under-eyes,smooth_1_sigma_1.5,0.004266381238713657
09263.png,left-cheek,smooth_2_sigma_2.5,0.004278920393167577
09263.png,right-cheek,smooth_2_sigma_2.5,0.004382713237289435
09263.png,bottom-face,smooth_2_sigma_2.5,0.00543813953721028
09263.png,forehead,smooth_2_sigma_2.5,0.004020806711110069
09263.png,under-eyes,smooth_2_sigma_2.5,0.004294823524274348
09266.png,left-cheek,original_roi,0.003977286602026302
09266.png,right-cheek,original_roi,0.004407974285342546
09266.png,bottom-face,original_roi,0.0046235612727428994
09266.png,forehead,original_roi,0.004213825355011559
09266.png,under-eyes,original_roi,0.004330109367310683
09266.png,left-cheek,smooth_1_sigma_1.5,0.004050220715187954
09266.png,right-cheek,smooth_1_sigma_1.5,0.004482942529230188
09266.png,bottom-face,smooth_1_sigma_1.5,0.004789460871230797
09266.png,forehead,smooth_1_sigma_1.5,0.004358265968814078
09266.png,under-eyes,smooth_1_sigma_1.5,0.004443493747429279
09266.png,left-cheek,smooth_2_sigma_2.5,0.004070470859422048
09266.png,right-cheek,smooth_2_sigma_2.5,0.004505236445677361
09266.png,bottom-face,smooth_2_sigma_2.5,0.004825584278878776
09266.png,forehead,smooth_2_sigma_2.5,0.004392111333665623
09266.png,under-eyes,smooth_2_sigma_2.5,0.0044747100806466055
09269.png,left-cheek,original_roi,0.005726325065209364
09269.png,right-cheek,original_roi,0.0044260018975387375
09269.png,bottom-face,original_roi,0.004523571415922124
09269.png,forehead,original_roi,0.0034775088575365134
09269.png,under-eyes,original_roi,0.007988474696879548
09269.png,left-cheek,smooth_1_sigma_1.5,0.005956095072515232
09269.png,right-cheek,smooth_1_sigma_1.5,0.004537876305742625
09269.png,bottom-face,smooth_1_sigma_1.5,0.004723535608675335
09269.png,forehead,smooth_1_sigma_1.5,0.003530515079386392
09269.png,under-eyes,smooth_1_sigma_1.5,0.008633651722102804
09269.png,left-cheek,smooth_2_sigma_2.5,0.006004907394682278
09269.png,right-cheek,smooth_2_sigma_2.5,0.004565362358336007
09269.png,bottom-face,smooth_2_sigma_2.5,0.004765706933234461
09269.png,forehead,smooth_2_sigma_2.5,0.003558032338142353
09269.png,under-eyes,smooth_2_sigma_2.5,0.00880254349716644
09272.png,left-cheek,original_roi,0.004588628888057088
09272.png,right-cheek,original_roi,0.004392687731798417
09272.png,bottom-face,original_roi,0.004706218334279464
09272.png,forehead,original_roi,0.004047516187024023
09272.png,under-eyes,original_roi,0.0044831508637197745
09272.png,left-cheek,smooth_1_sigma_1.5,0.0046891702613201785
09272.png,right-cheek,smooth_1_sigma_1.5,0.004502738672270384
09272.png,bottom-face,smooth_1_sigma_1.5,0.004821319370909358
09272.png,forehead,smooth_1_sigma_1.5,0.0041268431146315844
09272.png,under-eyes,smooth_1_sigma_1.5,0.004586076094722234
09272.png,left-cheek,smooth_2_sigma_2.5,0.0047132776660183204
09272.png,right-cheek,smooth_2_sigma_2.5,0.0045398512824048306
09272.png,bottom-face,smooth_2_sigma_2.5,0.00485049542273831
09272.png,forehead,smooth_2_sigma_2.5,0.00414785615947728
09272.png,under-eyes,smooth_2_sigma_2.5,0.00462145083646164
09278.png,left-cheek,original_roi,0.00588020746178731
09278.png,right-cheek,original_roi,0.0069023419372238924
09278.png,bottom-face,original_roi,0.008267337208316508
09278.png,forehead,original_roi,0.006062104216211936
09278.png,under-eyes,original_roi,0.00496481780735209
09278.png,left-cheek,smooth_1_sigma_1.5,0.005995156197708217
09278.png,right-cheek,smooth_1_sigma_1.5,0.0070693022405279495
09278.png,bottom-face,smooth_1_sigma_1.5,0.008490943568995475
09278.png,forehead,smooth_1_sigma_1.5,0.0062351174119519995
09278.png,under-eyes,smooth_1_sigma_1.5,0.005107420265526055
09278.png,left-cheek,smooth_2_sigma_2.5,0.006020633966008372
09278.png,right-cheek,smooth_2_sigma_2.5,0.00710844877514683
09278.png,bottom-face,smooth_2_sigma_2.5,0.008550093426443178
09278.png,forehead,smooth_2_sigma_2.5,0.0062764951374967995
09278.png,under-eyes,smooth_2_sigma_2.5,0.005170667546122702
09285.png,left-cheek,original_roi,0.005010862174027557
09285.png,right-cheek,original_roi,0.005507868135047004
09285.png,bottom-face,original_roi,0.005832461857873129
09285.png,forehead,original_roi,0.0049464384592081195
09285.png,under-eyes,original_roi,0.005503879237149707
09285.png,left-cheek,smooth_1_sigma_1.5,0.00513784906136773
09285.png,right-cheek,smooth_1_sigma_1.5,0.005684582155599155
09285.png,bottom-face,smooth_1_sigma_1.5,0.006071791442624235
09285.png,forehead,smooth_1_sigma_1.5,0.0053988545269396445
09285.png,under-eyes,smooth_1_sigma_1.5,0.005811166695850399
09285.png,left-cheek,smooth_2_sigma_2.5,0.0051758184185038995
09285.png,right-cheek,smooth_2_sigma_2.5,0.0057264405853568725
09285.png,bottom-face,smooth_2_sigma_2.5,0.006162133621724183
09285.png,forehead,smooth_2_sigma_2.5,0.0055001410466244
09285.png,under-eyes,smooth_2_sigma_2.5,0.005889573534874741
09294.png,left-cheek,original_roi,0.005516437516116392
09294.png,right-cheek,original_roi,0.0050928609818619115
09294.png,bottom-face,original_roi,0.005140049455603559
09294.png,forehead,original_roi,0.004680939121357305
09294.png,under-eyes,original_roi,0.004699450931928141
09294.png,left-cheek,smooth_1_sigma_1.5,0.005698849992176708
09294.png,right-cheek,smooth_1_sigma_1.5,0.005222771282742951
09294.png,bottom-face,smooth_1_sigma_1.5,0.005270082528995288
09294.png,forehead,smooth_1_sigma_1.5,0.004839863741608882
09294.png,under-eyes,smooth_1_sigma_1.5,0.004887238267611258
09294.png,left-cheek,smooth_2_sigma_2.5,0.005738607280102198
09294.png,right-cheek,smooth_2_sigma_2.5,0.005251343304462009
09294.png,bottom-face,smooth_2_sigma_2.5,0.00529705102060675
09294.png,forehead,smooth_2_sigma_2.5,0.00489252252360408
09294.png,under-eyes,smooth_2_sigma_2.5,0.00497885606438973
09297.png,left-cheek,original_roi,0.004209148572637062
09297.png,right-cheek,original_roi,0.004067618288725224
09297.png,bottom-face,original_roi,0.0048699687423613275
09297.png,forehead,original_roi,0.004149512797820132
09297.png,under-eyes,original_roi,0.004580712294261418
09297.png,left-cheek,smooth_1_sigma_1.5,0.004401202798479617
09297.png,right-cheek,smooth_1_sigma_1.5,0.004237456055346686
09297.png,bottom-face,smooth_1_sigma_1.5,0.005143380453259311
09297.png,forehead,smooth_1_sigma_1.5,0.004376668113996378
09297.png,under-eyes,smooth_1_sigma_1.5,0.004799784152162801
09297.png,left-cheek,smooth_2_sigma_2.5,0.004428055410415315
09297.png,right-cheek,smooth_2_sigma_2.5,0.004263449307280819
09297.png,bottom-face,smooth_2_sigma_2.5,0.005185826371237011
09297.png,forehead,smooth_2_sigma_2.5,0.004427659314445788
09297.png,under-eyes,smooth_2_sigma_2.5,0.004841529580027612
09301.png,left-cheek,original_roi,0.0036041378797459244
09301.png,right-cheek,original_roi,0.0033943411740548863
09301.png,bottom-face,original_roi,0.0040337107143417405
09301.png,forehead,original_roi,0.003627589177089406
09301.png,under-eyes,original_roi,0.0034989943239363704
09301.png,left-cheek,smooth_1_sigma_1.5,0.0036356000801478165
09301.png,right-cheek,smooth_1_sigma_1.5,0.0034210247298568676
09301.png,bottom-face,smooth_1_sigma_1.5,0.00408974970023425
09301.png,forehead,smooth_1_sigma_1.5,0.0036926839110720563
09301.png,under-eyes,smooth_1_sigma_1.5,0.0035365558958165557
09301.png,left-cheek,smooth_2_sigma_2.5,0.0036494519175669115
09301.png,right-cheek,smooth_2_sigma_2.5,0.003431737620989121
09301.png,bottom-face,smooth_2_sigma_2.5,0.00411363175280909
09301.png,forehead,smooth_2_sigma_2.5,0.003717281062124252
09301.png,under-eyes,smooth_2_sigma_2.5,0.003550860302795554
10000.png,left-cheek,original_roi,0.0062543548045468494
10000.png,right-cheek,original_roi,0.007542681650288473
10000.png,bottom-face,original_roi,0.007720983625757493
10000.png,forehead,original_roi,0.005475307658788248
10000.png,under-eyes,original_roi,0.005822413134420874
10000.png,left-cheek,smooth_1_sigma_1.5,0.006556406244316415
10000.png,right-cheek,smooth_1_sigma_1.5,0.008008391299840765
10000.png,bottom-face,smooth_1_sigma_1.5,0.00821278947350685
10000.png,forehead,smooth_1_sigma_1.5,0.005803200879454656
10000.png,under-eyes,smooth_1_sigma_1.5,0.00630973108235495
10000.png,left-cheek,smooth_2_sigma_2.5,0.006610982298550262
10000.png,right-cheek,smooth_2_sigma_2.5,0.00808490889169521
10000.png,bottom-face,smooth_2_sigma_2.5,0.008295356020744197
10000.png,forehead,smooth_2_sigma_2.5,0.0058760218913023075
10000.png,under-eyes,smooth_2_sigma_2.5,0.0064863015054161316
10004.png,left-cheek,original_roi,0.0039053206884502763
10004.png,right-cheek,original_roi,0.004715988188558383
10004.png,bottom-face,original_roi,0.004050496539914699
10004.png,forehead,original_roi,0.0057547584561294775
10004.png,under-eyes,original_roi,0.003758644991733588
10004.png,left-cheek,smooth_1_sigma_1.5,0.003986487643694783
10004.png,right-cheek,smooth_1_sigma_1.5,0.004835868039125284
10004.png,bottom-face,smooth_1_sigma_1.5,0.004193743057509857
10004.png,forehead,smooth_1_sigma_1.5,0.006446272117534989
10004.png,under-eyes,smooth_1_sigma_1.5,0.003956256542335969
10004.png,left-cheek,smooth_2_sigma_2.5,0.004009856085500807
10004.png,right-cheek,smooth_2_sigma_2.5,0.004869133391460118
10004.png,bottom-face,smooth_2_sigma_2.5,0.004254685511824112
10004.png,forehead,smooth_2_sigma_2.5,0.0068104996722026965
10004.png,under-eyes,smooth_2_sigma_2.5,0.004029614836416459
10005.png,left-cheek,original_roi,0.0046240521214835
10005.png,right-cheek,original_roi,0.00951400305759801
10005.png,bottom-face,original_roi,0.007155490330176866
10005.png,forehead,original_roi,0.004984213712689067
10005.png,under-eyes,original_roi,0.005547874453563392
10005.png,left-cheek,smooth_1_sigma_1.5,0.00524289308757187
10005.png,right-cheek,smooth_1_sigma_1.5,0.010443072908234144
10005.png,bottom-face,smooth_1_sigma_1.5,0.010094745654878966
10005.png,forehead,smooth_1_sigma_1.5,0.005783855779515099
10005.png,under-eyes,smooth_1_sigma_1.5,0.006500045636497475
10005.png,left-cheek,smooth_2_sigma_2.5,0.005347459575082302
10005.png,right-cheek,smooth_2_sigma_2.5,0.010675262550333927
10005.png,bottom-face,smooth_2_sigma_2.5,0.011079688283121943
10005.png,forehead,smooth_2_sigma_2.5,0.006121445667940893
10005.png,under-eyes,smooth_2_sigma_2.5,0.007254215235859645
10007.png,left-cheek,original_roi,0.003521057281316672
10007.png,right-cheek,original_roi,0.0031359427305253634
10007.png,bottom-face,original_roi,0.0033973523460425316
10007.png,forehead,original_roi,0.0035399999833225252
10007.png,under-eyes,original_roi,0.0033022729440407043
10007.png,left-cheek,smooth_1_sigma_1.5,0.003558415029601371
10007.png,right-cheek,smooth_1_sigma_1.5,0.0031642447083372574
10007.png,bottom-face,smooth_1_sigma_1.5,0.0034403530621908446
10007.png,forehead,smooth_1_sigma_1.5,0.003719765842262793
10007.png,under-eyes,smooth_1_sigma_1.5,0.003359027095148617
10007.png,left-cheek,smooth_2_sigma_2.5,0.0035763179757819794
10007.png,right-cheek,smooth_2_sigma_2.5,0.0031767260464310647
10007.png,bottom-face,smooth_2_sigma_2.5,0.003456660065052207
10007.png,forehead,smooth_2_sigma_2.5,0.003789434052435378
10007.png,under-eyes,smooth_2_sigma_2.5,0.003375732645429488
10010.png,left-cheek,original_roi,0.004132462223515333
10010.png,right-cheek,original_roi,0.00512045013957184
10010.png,bottom-face,original_roi,0.004748606435973549
10010.png,forehead,original_roi,0.004065826075303196
10010.png,under-eyes,original_roi,0.004282164684200789
10010.png,left-cheek,smooth_1_sigma_1.5,0.00426216485692545
10010.png,right-cheek,smooth_1_sigma_1.5,0.005345556268788511
10010.png,bottom-face,smooth_1_sigma_1.5,0.004944372016039396
10010.png,forehead,smooth_1_sigma_1.5,0.004184649576131983
10010.png,under-eyes,smooth_1_sigma_1.5,0.0045713576172923195
10010.png,left-cheek,smooth_2_sigma_2.5,0.004300390117387097
10010.png,right-cheek,smooth_2_sigma_2.5,0.005389915053455855
10010.png,bottom-face,smooth_2_sigma_2.5,0.004998201650715445
10010.png,forehead,smooth_2_sigma_2.5,0.004213355186866685
10010.png,under-eyes,smooth_2_sigma_2.5,0.004694752170833486
10012.png,left-cheek,original_roi,0.004172483928535978
10012.png,right-cheek,original_roi,0.008400134059146308
10012.png,bottom-face,original_roi,0.004492048953487359
10012.png,forehead,original_roi,0.00524882135083987
10012.png,under-eyes,original_roi,0.004306984464606946
10012.png,left-cheek,smooth_1_sigma_1.5,0.004326966620108311
10012.png,right-cheek,smooth_1_sigma_1.5,0.009118853929321184
10012.png,bottom-face,smooth_1_sigma_1.5,0.0046977575936387956
10012.png,forehead,smooth_1_sigma_1.5,0.0055334750378556955
10012.png,under-eyes,smooth_1_sigma_1.5,0.0045370178075502116
10012.png,left-cheek,smooth_2_sigma_2.5,0.0043651751675694685
10012.png,right-cheek,smooth_2_sigma_2.5,0.00925634366879745
10012.png,bottom-face,smooth_2_sigma_2.5,0.0047399370870263614
10012.png,forehead,smooth_2_sigma_2.5,0.005583291027616479
10012.png,under-eyes,smooth_2_sigma_2.5,0.004614154289655312
10013.png,left-cheek,original_roi,0.0038641227413948654
10013.png,right-cheek,original_roi,0.00358879964890975
10013.png,bottom-face,original_roi,0.003864170986220014
10013.png,forehead,original_roi,0.0043241403260931704
10013.png,under-eyes,original_roi,0.004028030006790666
10013.png,left-cheek,smooth_1_sigma_1.5,0.003917611812031733
10013.png,right-cheek,smooth_1_sigma_1.5,0.0036444705730163955
10013.png,bottom-face,smooth_1_sigma_1.5,0.003928233507804455
10013.png,forehead,smooth_1_sigma_1.5,0.0044365342867186755
10013.png,under-eyes,smooth_1_sigma_1.5,0.004132769528976942
10013.png,left-cheek,smooth_2_sigma_2.5,0.003932908414035683
10013.png,right-cheek,smooth_2_sigma_2.5,0.003658445691959115
10013.png,bottom-face,smooth_2_sigma_2.5,0.003946373514129526
10013.png,forehead,smooth_2_sigma_2.5,0.004472332328644377
10013.png,under-eyes,smooth_2_sigma_2.5,0.004166545782434097
10015.png,left-cheek,original_roi,0.005016596482783036
10015.png,right-cheek,original_roi,0.004958839437412985
10015.png,bottom-face,original_roi,0.005565434288935036
10015.png,forehead,original_roi,0.004498001041899183
10015.png,under-eyes,original_roi,0.005425304255113434
10015.png,left-cheek,smooth_1_sigma_1.5,0.005300816616984539
10015.png,right-cheek,smooth_1_sigma_1.5,0.005312707457573585
10015.png,bottom-face,smooth_1_sigma_1.5,0.005890274591333871
10015.png,forehead,smooth_1_sigma_1.5,0.0048933303019595385
10015.png,under-eyes,smooth_1_sigma_1.5,0.005947415265475395
10015.png,left-cheek,smooth_2_sigma_2.5,0.00534959108178267
10015.png,right-cheek,smooth_2_sigma_2.5,0.005363494039418686
10015.png,bottom-face,smooth_2_sigma_2.5,0.005954985642990253
10015.png,forehead,smooth_2_sigma_2.5,0.004976156683104099
10015.png,under-eyes,smooth_2_sigma_2.5,0.006063991712590153
10017.png,left-cheek,original_roi,0.0035233115951691808
10017.png,right-cheek,original_roi,0.004887166191475277
10017.png,bottom-face,original_roi,0.003978939657448789
10017.png,forehead,original_roi,0.0034572357254373702
10017.png,under-eyes,original_roi,0.0035934053560182215
10017.png,left-cheek,smooth_1_sigma_1.5,0.0035928542658849017
10017.png,right-cheek,smooth_1_sigma_1.5,0.00514315370008088
10017.png,bottom-face,smooth_1_sigma_1.5,0.004051442878112177
10017.png,forehead,smooth_1_sigma_1.5,0.0035531362832623586
10017.png,under-eyes,smooth_1_sigma_1.5,0.0037179865490372475
10017.png,left-cheek,smooth_2_sigma_2.5,0.0036078825775697552
10017.png,right-cheek,smooth_2_sigma_2.5,0.005316239570658199
10017.png,bottom-face,smooth_2_sigma_2.5,0.004073354482109165
10017.png,forehead,smooth_2_sigma_2.5,0.003571503577542506
10017.png,under-eyes,smooth_2_sigma_2.5,0.0037466443823883084
10020.png,left-cheek,original_roi,0.003569881990025775
10020.png,right-cheek,original_roi,0.004151860386551524
10020.png,bottom-face,original_roi,0.0038743956544809435
10020.png,forehead,original_roi,0.003710600953965463
10020.png,under-eyes,original_roi,0.0038147422016540926
10020.png,left-cheek,smooth_1_sigma_1.5,0.0036335276205661363
10020.png,right-cheek,smooth_1_sigma_1.5,0.004275750566249188
10020.png,bottom-face,smooth_1_sigma_1.5,0.003970326053891544
10020.png,forehead,smooth_1_sigma_1.5,0.0038416340444571762
10020.png,under-eyes,smooth_1_sigma_1.5,0.003920679208010712
10020.png,left-cheek,smooth_2_sigma_2.5,0.0036473916404418227
10020.png,right-cheek,smooth_2_sigma_2.5,0.004299897600142534
10020.png,bottom-face,smooth_2_sigma_2.5,0.003988381526585031
10020.png,forehead,smooth_2_sigma_2.5,0.0038620348049286956
10020.png,under-eyes,smooth_2_sigma_2.5,0.00394250620939436
10022.png,left-cheek,original_roi,0.004919025549227567
10022.png,right-cheek,original_roi,0.0051421781289017615
10022.png,bottom-face,original_roi,0.0051156729225462095
10022.png,forehead,original_roi,0.0043905316557888855
10022.png,under-eyes,original_roi,0.004686297533377919
10022.png,left-cheek,smooth_1_sigma_1.5,0.005035686823031579
10022.png,right-cheek,smooth_1_sigma_1.5,0.00527275163415074
10022.png,bottom-face,smooth_1_sigma_1.5,0.00528028410361311
10022.png,forehead,smooth_1_sigma_1.5,0.004524733056430823
10022.png,under-eyes,smooth_1_sigma_1.5,0.0049061497596908305
10022.png,left-cheek,smooth_2_sigma_2.5,0.005068562281613812
10022.png,right-cheek,smooth_2_sigma_2.5,0.005333503067331972
10022.png,bottom-face,smooth_2_sigma_2.5,0.005326570462552014
10022.png,forehead,smooth_2_sigma_2.5,0.004558749633477389
10022.png,under-eyes,smooth_2_sigma_2.5,0.005006252740210728
10025.png,left-cheek,original_roi,0.005359251538195595
10025.png,right-cheek,original_roi,0.005372979553833266
10025.png,bottom-face,original_roi,0.0054693040749016165
10025.png,forehead,original_roi,0.004395090105055955
10025.png,under-eyes,original_roi,0.0050853227915596474
10025.png,left-cheek,smooth_1_sigma_1.5,0.005643710465323982
10025.png,right-cheek,smooth_1_sigma_1.5,0.005680045831478664
10025.png,bottom-face,smooth_1_sigma_1.5,0.005832023955889807
10025.png,forehead,smooth_1_sigma_1.5,0.004600284627190393
10025.png,under-eyes,smooth_1_sigma_1.5,0.005466131457976049
10025.png,left-cheek,smooth_2_sigma_2.5,0.005682232619803714
10025.png,right-cheek,smooth_2_sigma_2.5,0.0057229189571919685
10025.png,bottom-face,smooth_2_sigma_2.5,0.005885108531127371
10025.png,forehead,smooth_2_sigma_2.5,0.004628833418076377
10025.png,under-eyes,smooth_2_sigma_2.5,0.0055770063042981325
10034.png,left-cheek,original_roi,0.005221518220699705
10034.png,right-cheek,original_roi,0.004811332377765374
10034.png,bottom-face,original_roi,0.005424589354657772
10034.png,forehead,original_roi,0.004862195982249908
10034.png,under-eyes,original_roi,0.005252182284479053
10034.png,left-cheek,smooth_1_sigma_1.5,0.005356349264369989
10034.png,right-cheek,smooth_1_sigma_1.5,0.00490956827737952
10034.png,bottom-face,smooth_1_sigma_1.5,0.005572948524158033
10034.png,forehead,smooth_1_sigma_1.5,0.004984272038995934
10034.png,under-eyes,smooth_1_sigma_1.5,0.005563347561043184
10034.png,left-cheek,smooth_2_sigma_2.5,0.00543527939585974
10034.png,right-cheek,smooth_2_sigma_2.5,0.004945365063622739
10034.png,bottom-face,smooth_2_sigma_2.5,0.005640155381365544
10034.png,forehead,smooth_2_sigma_2.5,0.005033287044449106
10034.png,under-eyes,smooth_2_sigma_2.5,0.00578423058330349
10035.png,left-cheek,original_roi,0.006177609071002039
10035.png,right-cheek,original_roi,0.005842740901516272
10035.png,bottom-face,original_roi,0.005777532798511238
10035.png,forehead,original_roi,0.004610745004111455
10035.png,under-eyes,original_roi,0.005611626005368874
10035.png,left-cheek,smooth_1_sigma_1.5,0.006369878917165781
10035.png,right-cheek,smooth_1_sigma_1.5,0.005999624485630997
10035.png,bottom-face,smooth_1_sigma_1.5,0.005928647283424967
10035.png,forehead,smooth_1_sigma_1.5,0.004723249596722531
10035.png,under-eyes,smooth_1_sigma_1.5,0.0059496283324926204
10035.png,left-cheek,smooth_2_sigma_2.5,0.006414497610260495
10035.png,right-cheek,smooth_2_sigma_2.5,0.006035728718438619
10035.png,bottom-face,smooth_2_sigma_2.5,0.005967875794575331
10035.png,forehead,smooth_2_sigma_2.5,0.004750020260867471
10035.png,under-eyes,smooth_2_sigma_2.5,0.00606496732198492
10038.png,left-cheek,original_roi,0.00500948972712447
10038.png,right-cheek,original_roi,0.005640660901552631
10038.png,bottom-face,original_roi,0.006029546766432898
10038.png,forehead,original_roi,0.005195544021881916
10038.png,under-eyes,original_roi,0.00481555846569434
10038.png,left-cheek,smooth_1_sigma_1.5,0.005208776784112452
10038.png,right-cheek,smooth_1_sigma_1.5,0.005978315290108313
10038.png,bottom-face,smooth_1_sigma_1.5,0.006399897823896894
10038.png,forehead,smooth_1_sigma_1.5,0.005502320660854279
10038.png,under-eyes,smooth_1_sigma_1.5,0.00519040250039974
10038.png,left-cheek,smooth_2_sigma_2.5,0.005239854141428949
10038.png,right-cheek,smooth_2_sigma_2.5,0.0060273835414612455
10038.png,bottom-face,smooth_2_sigma_2.5,0.006449074677367484
10038.png,forehead,smooth_2_sigma_2.5,0.005545462406245451
10038.png,under-eyes,smooth_2_sigma_2.5,0.005270970795499286
10041.png,left-cheek,original_roi,0.003657347403021349
10041.png,right-cheek,original_roi,0.004072399395587104
10041.png,bottom-face,original_roi,0.00411565685946434
10041.png,forehead,original_roi,0.004009926780678743
10041.png,under-eyes,original_roi,0.004118836794069481
10041.png,left-cheek,smooth_1_sigma_1.5,0.0037189908557418924
10041.png,right-cheek,smooth_1_sigma_1.5,0.0041429966550507345
10041.png,bottom-face,smooth_1_sigma_1.5,0.004335037852302481
10041.png,forehead,smooth_1_sigma_1.5,0.004221246880704274
10041.png,under-eyes,smooth_1_sigma_1.5,0.0041966090903598026
10041.png,left-cheek,smooth_2_sigma_2.5,0.003736829396739192
10041.png,right-cheek,smooth_2_sigma_2.5,0.0041682366255201275
10041.png,bottom-face,smooth_2_sigma_2.5,0.004397709000357357
10041.png,forehead,smooth_2_sigma_2.5,0.0042807519579088835
10041.png,under-eyes,smooth_2_sigma_2.5,0.00421388921738511
10044.png,left-cheek,original_roi,0.011462792493738938
10044.png,right-cheek,original_roi,0.006548926113294518
10044.png,bottom-face,original_roi,0.008138326149527043
10044.png,forehead,original_roi,0.007167164367427903
10044.png,under-eyes,original_roi,0.006929981364426658
10044.png,left-cheek,smooth_1_sigma_1.5,0.012270352040358914
10044.png,right-cheek,smooth_1_sigma_1.5,0.006906123096630788
10044.png,bottom-face,smooth_1_sigma_1.5,0.008610830191903202
10044.png,forehead,smooth_1_sigma_1.5,0.007520690854453449
10044.png,under-eyes,smooth_1_sigma_1.5,0.007440664130733644
10044.png,left-cheek,smooth_2_sigma_2.5,0.012488569834184447
10044.png,right-cheek,smooth_2_sigma_2.5,0.006975441045155796
10044.png,bottom-face,smooth_2_sigma_2.5,0.008704522993923047
10044.png,forehead,smooth_2_sigma_2.5,0.007601809241923532
10044.png,under-eyes,smooth_2_sigma_2.5,0.007579241177353716
10045.png,left-cheek,original_roi,0.004170429052691429
10045.png,right-cheek,original_roi,0.004541018048092994
10045.png,bottom-face,original_roi,0.00459859272868707
10045.png,forehead,original_roi,0.004559031904677669
10045.png,under-eyes,original_roi,0.004506265467153512
10045.png,left-cheek,smooth_1_sigma_1.5,0.004239753811075035
10045.png,right-cheek,smooth_1_sigma_1.5,0.004622709879852168
10045.png,bottom-face,smooth_1_sigma_1.5,0.004684953350355638
10045.png,forehead,smooth_1_sigma_1.5,0.004753509274336741
10045.png,under-eyes,smooth_1_sigma_1.5,0.004660118824683755
10045.png,left-cheek,smooth_2_sigma_2.5,0.0042649223778842725
10045.png,right-cheek,smooth_2_sigma_2.5,0.004648631962078854
10045.png,bottom-face,smooth_2_sigma_2.5,0.004722783972866891
10045.png,forehead,smooth_2_sigma_2.5,0.004880913848125909
10045.png,under-eyes,smooth_2_sigma_2.5,0.004720264828223236
10047.png,left-cheek,original_roi,0.005999468726474192
10047.png,right-cheek,original_roi,0.004654730286264985
10047.png,bottom-face,original_roi,0.005419920945340823
10047.png,forehead,original_roi,0.004070310552938143
10047.png,under-eyes,original_roi,0.004159067250983376
10047.png,left-cheek,smooth_1_sigma_1.5,0.006203550753736059
10047.png,right-cheek,smooth_1_sigma_1.5,0.004759955671773405
10047.png,bottom-face,smooth_1_sigma_1.5,0.005598402072910536
10047.png,forehead,smooth_1_sigma_1.5,0.004191521579953274
10047.png,under-eyes,smooth_1_sigma_1.5,0.004308792516623926
10047.png,left-cheek,smooth_2_sigma_2.5,0.006276759599780643
10047.png,right-cheek,smooth_2_sigma_2.5,0.004798010052309362
10047.png,bottom-face,smooth_2_sigma_2.5,0.005653838270210538
10047.png,forehead,smooth_2_sigma_2.5,0.004229929882265017
10047.png,under-eyes,smooth_2_sigma_2.5,0.0043751370188850345
10051.png,left-cheek,original_roi,0.003824569000900886
10051.png,right-cheek,original_roi,0.0038942240223956504
10051.png,bottom-face,original_roi,0.004745387115443271
10051.png,forehead,original_roi,0.0034682715219574926
10051.png,under-eyes,original_roi,0.0034281239080951906
10051.png,left-cheek,smooth_1_sigma_1.5,0.003930729683626016
10051.png,right-cheek,smooth_1_sigma_1.5,0.004006356184098259
10051.png,bottom-face,smooth_1_sigma_1.5,0.00500295216001666
10051.png,forehead,smooth_1_sigma_1.5,0.003562433511528591
10051.png,under-eyes,smooth_1_sigma_1.5,0.003518196161894146
10051.png,left-cheek,smooth_2_sigma_2.5,0.003962214241948474
10051.png,right-cheek,smooth_2_sigma_2.5,0.0040494894583252795
10051.png,bottom-face,smooth_2_sigma_2.5,0.005095356156318014
10051.png,forehead,smooth_2_sigma_2.5,0.003591558699212955
10051.png,under-eyes,smooth_2_sigma_2.5,0.003543140986023087
10052.png,left-cheek,original_roi,0.0049410122184048635
10052.png,right-cheek,original_roi,0.005132255264230563
10052.png,bottom-face,original_roi,0.005235576789225174
10052.png,forehead,original_roi,0.004403707477401022
10052.png,under-eyes,original_roi,0.004829918758409599
10052.png,left-cheek,smooth_1_sigma_1.5,0.005261868003185636
10052.png,right-cheek,smooth_1_sigma_1.5,0.00560010010234476
10052.png,bottom-face,smooth_1_sigma_1.5,0.006198488982645233
10052.png,forehead,smooth_1_sigma_1.5,0.00477760617573177
10052.png,under-eyes,smooth_1_sigma_1.5,0.005418610923445413
10052.png,left-cheek,smooth_2_sigma_2.5,0.005310058179922393
10052.png,right-cheek,smooth_2_sigma_2.5,0.0056644693085339355
10052.png,bottom-face,smooth_2_sigma_2.5,0.006395557387775525
10052.png,forehead,smooth_2_sigma_2.5,0.0048285770914841914
10052.png,under-eyes,smooth_2_sigma_2.5,0.00555205339788127
10054.png,left-cheek,original_roi,0.0061908088142674875
10054.png,right-cheek,original_roi,0.004416345392227176
10054.png,bottom-face,original_roi,0.005520304736219262
10054.png,forehead,original_roi,0.005242690162189227
10054.png,under-eyes,original_roi,0.006471525924090683
10054.png,left-cheek,smooth_1_sigma_1.5,0.006469644784324518
10054.png,right-cheek,smooth_1_sigma_1.5,0.004605426633821565
10054.png,bottom-face,smooth_1_sigma_1.5,0.005867016800443197
10054.png,forehead,smooth_1_sigma_1.5,0.005571964159345498
10054.png,under-eyes,smooth_1_sigma_1.5,0.006843663959839134
10054.png,left-cheek,smooth_2_sigma_2.5,0.006518885437737549
10054.png,right-cheek,smooth_2_sigma_2.5,0.004637106359237993
10054.png,bottom-face,smooth_2_sigma_2.5,0.005927219952810765
10054.png,forehead,smooth_2_sigma_2.5,0.00576761585176613
10054.png,under-eyes,smooth_2_sigma_2.5,0.006932796984209245
10064.png,left-cheek,original_roi,0.0046976572089147475
10064.png,right-cheek,original_roi,0.004946743544009895
10064.png,bottom-face,original_roi,0.005077577619960305
10064.png,forehead,original_roi,0.004911311112589159
10064.png,under-eyes,original_roi,0.00511896127327581
10064.png,left-cheek,smooth_1_sigma_1.5,0.004786443549500292
10064.png,right-cheek,smooth_1_sigma_1.5,0.005044297580902805
10064.png,bottom-face,smooth_1_sigma_1.5,0.005189443589058374
10064.png,forehead,smooth_1_sigma_1.5,0.005026524547947521
10064.png,under-eyes,smooth_1_sigma_1.5,0.005320510666650281
10064.png,left-cheek,smooth_2_sigma_2.5,0.004813680970722423
10064.png,right-cheek,smooth_2_sigma_2.5,0.005071494029042727
10064.png,bottom-face,smooth_2_sigma_2.5,0.005231488123990403
10064.png,forehead,smooth_2_sigma_2.5,0.005070922145944066
10064.png,under-eyes,smooth_2_sigma_2.5,0.0054208517920675235
10069.png,left-cheek,original_roi,0.004867959066184492
10069.png,right-cheek,original_roi,0.008033731934746017
10069.png,bottom-face,original_roi,0.006946871099976488
10069.png,forehead,original_roi,0.00392523013376881
10069.png,under-eyes,original_roi,0.0045970069783382765
10069.png,left-cheek,smooth_1_sigma_1.5,0.005121759485688748
10069.png,right-cheek,smooth_1_sigma_1.5,0.008436792496154985
10069.png,bottom-face,smooth_1_sigma_1.5,0.007398769203753916
10069.png,forehead,smooth_1_sigma_1.5,0.004174357521353205
10069.png,under-eyes,smooth_1_sigma_1.5,0.005009475182223323
10069.png,left-cheek,smooth_2_sigma_2.5,0.005188968353864639
10069.png,right-cheek,smooth_2_sigma_2.5,0.008535156491867708
10069.png,bottom-face,smooth_2_sigma_2.5,0.0074905728267190205
10069.png,forehead,smooth_2_sigma_2.5,0.004213938507252493
10069.png,under-eyes,smooth_2_sigma_2.5,0.0051144316438181845
10071.png,left-cheek,original_roi,0.004316372725648568
10071.png,right-cheek,original_roi,0.0044627784026314175
10071.png,bottom-face,original_roi,0.004468022545047364
10071.png,forehead,original_roi,0.003854464995016117
10071.png,under-eyes,original_roi,0.004147664770545309
10071.png,left-cheek,smooth_1_sigma_1.5,0.004371723433582372
10071.png,right-cheek,smooth_1_sigma_1.5,0.004530622371848546
10071.png,bottom-face,smooth_1_sigma_1.5,0.004532766053712417
10071.png,forehead,smooth_1_sigma_1.5,0.0039201124024684
10071.png,under-eyes,smooth_1_sigma_1.5,0.004304042567947069
10071.png,left-cheek,smooth_2_sigma_2.5,0.0043905388024867344
10071.png,right-cheek,smooth_2_sigma_2.5,0.00455105448959334
10071.png,bottom-face,smooth_2_sigma_2.5,0.00455789308143553
10071.png,forehead,smooth_2_sigma_2.5,0.003939177953888626
10071.png,under-eyes,smooth_2_sigma_2.5,0.004361709593900183
10074.png,left-cheek,original_roi,0.00753337711427701
10074.png,right-cheek,original_roi,0.00456986427510599
10074.png,bottom-face,original_roi,0.005178484483853957
10074.png,forehead,original_roi,0.004367389871016792
10074.png,under-eyes,original_roi,0.004919174070065644
10074.png,left-cheek,smooth_1_sigma_1.5,0.007974687317448641
10074.png,right-cheek,smooth_1_sigma_1.5,0.004783377771368065
10074.png,bottom-face,smooth_1_sigma_1.5,0.005434270024705907
10074.png,forehead,smooth_1_sigma_1.5,0.004505085771955993
10074.png,under-eyes,smooth_1_sigma_1.5,0.005241358125806289
10074.png,left-cheek,smooth_2_sigma_2.5,0.008078936133004314
10074.png,right-cheek,smooth_2_sigma_2.5,0.0048575334332248855
10074.png,bottom-face,smooth_2_sigma_2.5,0.005508119020167482
10074.png,forehead,smooth_2_sigma_2.5,0.0045345939780151
10074.png,under-eyes,smooth_2_sigma_2.5,0.005327477803651332
10080.png,left-cheek,original_roi,0.003698520663336504
10080.png,right-cheek,original_roi,0.0045688061429113485
10080.png,bottom-face,original_roi,0.003953611470522662
10080.png,forehead,original_roi,0.003571428364636959
10080.png,under-eyes,original_roi,0.0038480304242538535
10080.png,left-cheek,smooth_1_sigma_1.5,0.003852589370398712
10080.png,right-cheek,smooth_1_sigma_1.5,0.004669393831049299
10080.png,bottom-face,smooth_1_sigma_1.5,0.004143831101229252
10080.png,forehead,smooth_1_sigma_1.5,0.0036881612003425253
10080.png,under-eyes,smooth_1_sigma_1.5,0.004181047282992282
10080.png,left-cheek,smooth_2_sigma_2.5,0.0038910091228236627
10080.png,right-cheek,smooth_2_sigma_2.5,0.004543856139244645
10080.png,bottom-face,smooth_2_sigma_2.5,0.004173232016116383
10080.png,forehead,smooth_2_sigma_2.5,0.003706717043162403
10080.png,under-eyes,smooth_2_sigma_2.5,0.004364273171774566
10084.png,left-cheek,original_roi,0.004538571180768996
10084.png,right-cheek,original_roi,0.0036577929535512818
10084.png,bottom-face,original_roi,0.003792453482468922
10084.png,forehead,original_roi,0.0034428768365427523
10084.png,under-eyes,original_roi,0.004068358160268991
10084.png,left-cheek,smooth_1_sigma_1.5,0.004763551246361615
10084.png,right-cheek,smooth_1_sigma_1.5,0.0038386293558167407
10084.png,bottom-face,smooth_1_sigma_1.5,0.003879714006659408
10084.png,forehead,smooth_1_sigma_1.5,0.0035453779188493227
10084.png,under-eyes,smooth_1_sigma_1.5,0.004262890341823616
10084.png,left-cheek,smooth_2_sigma_2.5,0.0049052486655069595
10084.png,right-cheek,smooth_2_sigma_2.5,0.003963753961206271
10084.png,bottom-face,smooth_2_sigma_2.5,0.003915814980171422
10084.png,forehead,smooth_2_sigma_2.5,0.0036091652831678933
10084.png,under-eyes,smooth_2_sigma_2.5,0.0043858578686937376
10085.png,left-cheek,original_roi,0.005041821098610748
10085.png,right-cheek,original_roi,0.004626420257160466
10085.png,bottom-face,original_roi,0.005100112599016848
10085.png,forehead,original_roi,0.004797767020719717
10085.png,under-eyes,original_roi,0.0048615479116698
10085.png,left-cheek,smooth_1_sigma_1.5,0.00530254520637665
10085.png,right-cheek,smooth_1_sigma_1.5,0.004903011991284395
10085.png,bottom-face,smooth_1_sigma_1.5,0.005360042276396985
10085.png,forehead,smooth_1_sigma_1.5,0.004982961712880591
10085.png,under-eyes,smooth_1_sigma_1.5,0.005157101923703047
10085.png,left-cheek,smooth_2_sigma_2.5,0.005398914844380341
10085.png,right-cheek,smooth_2_sigma_2.5,0.005045904253000039
10085.png,bottom-face,smooth_2_sigma_2.5,0.00541777817444131
10085.png,forehead,smooth_2_sigma_2.5,0.005018364960238296
10085.png,under-eyes,smooth_2_sigma_2.5,0.005290464554387988
10087.png,left-cheek,original_roi,0.007421293062519296
10087.png,right-cheek,original_roi,0.006457230535922343
10087.png,bottom-face,original_roi,0.007885191836666432
10087.png,forehead,original_roi,0.0053488119639757276
10087.png,under-eyes,original_roi,0.006058559653560325
10087.png,left-cheek,smooth_1_sigma_1.5,0.0076155066244949
10087.png,right-cheek,smooth_1_sigma_1.5,0.006650745585837822
10087.png,bottom-face,smooth_1_sigma_1.5,0.008114617666701443
10087.png,forehead,smooth_1_sigma_1.5,0.005495536399826792
10087.png,under-eyes,smooth_1_sigma_1.5,0.006443493126331184
10087.png,left-cheek,smooth_2_sigma_2.5,0.007674795367782068
10087.png,right-cheek,smooth_2_sigma_2.5,0.006736813636287204
10087.png,bottom-face,smooth_2_sigma_2.5,0.008196591123607594
10087.png,forehead,smooth_2_sigma_2.5,0.005532143644666734
10087.png,under-eyes,smooth_2_sigma_2.5,0.006587135632417006
10092.png,left-cheek,original_roi,0.006506445249695282
10092.png,right-cheek,original_roi,0.005418664063167917
10092.png,bottom-face,original_roi,0.00623526621882504
10092.png,forehead,original_roi,0.004853925833949503
10092.png,under-eyes,original_roi,0.005639077587556642
10092.png,left-cheek,smooth_1_sigma_1.5,0.0067602774739647644
10092.png,right-cheek,smooth_1_sigma_1.5,0.005670473034024485
10092.png,bottom-face,smooth_1_sigma_1.5,0.00653996864117419
10092.png,forehead,smooth_1_sigma_1.5,0.005065359891128113
10092.png,under-eyes,smooth_1_sigma_1.5,0.006388947499078491
10092.png,left-cheek,smooth_2_sigma_2.5,0.0068592560819333405
10092.png,right-cheek,smooth_2_sigma_2.5,0.0057542259754342455
10092.png,bottom-face,smooth_2_sigma_2.5,0.006658620612229807
10092.png,forehead,smooth_2_sigma_2.5,0.0051768300037114716
10092.png,under-eyes,smooth_2_sigma_2.5,0.006847673649827301
10098.png,left-cheek,original_roi,0.005033988493414819
10098.png,right-cheek,original_roi,0.004610826953614355
10098.png,bottom-face,original_roi,0.004990395588731991
10098.png,forehead,original_roi,0.004294141844587162
10098.png,under-eyes,original_roi,0.004803584136662907
10098.png,left-cheek,smooth_1_sigma_1.5,0.005156907902355916
10098.png,right-cheek,smooth_1_sigma_1.5,0.004697847316873093
10098.png,bottom-face,smooth_1_sigma_1.5,0.005116540613953742
10098.png,forehead,smooth_1_sigma_1.5,0.004407472319914374
10098.png,under-eyes,smooth_1_sigma_1.5,0.0050374196040794215
10098.png,left-cheek,smooth_2_sigma_2.5,0.005189375389387983
10098.png,right-cheek,smooth_2_sigma_2.5,0.004722209576440829
10098.png,bottom-face,smooth_2_sigma_2.5,0.005159621195348635
10098.png,forehead,smooth_2_sigma_2.5,0.004441418166669032
10098.png,under-eyes,smooth_2_sigma_2.5,0.00511051348457586
10101.png,left-cheek,original_roi,0.004056692299647661
10101.png,right-cheek,original_roi,0.004308831996101959
10101.png,bottom-face,original_roi,0.004452223743468868
10101.png,forehead,original_roi,0.0042428899093854
10101.png,under-eyes,original_roi,0.004543220026951452
10101.png,left-cheek,smooth_1_sigma_1.5,0.0043709831515481076
10101.png,right-cheek,smooth_1_sigma_1.5,0.004508021610155766
10101.png,bottom-face,smooth_1_sigma_1.5,0.005751011119425356
10101.png,forehead,smooth_1_sigma_1.5,0.004557928463468468
10101.png,under-eyes,smooth_1_sigma_1.5,0.004694749814006688
10101.png,left-cheek,smooth_2_sigma_2.5,0.004415304268784953
10101.png,right-cheek,smooth_2_sigma_2.5,0.004545256528732501
10101.png,bottom-face,smooth_2_sigma_2.5,0.006181987598396118
10101.png,forehead,smooth_2_sigma_2.5,0.004639027782544385
10101.png,under-eyes,smooth_2_sigma_2.5,0.004723837549387456
10105.png,left-cheek,original_roi,0.006002966389711914
10105.png,right-cheek,original_roi,0.005527742071907775
10105.png,bottom-face,original_roi,0.00570076346908911
10105.png,forehead,original_roi,0.005040941981419949
10105.png,under-eyes,original_roi,0.005403618717151658
10105.png,left-cheek,smooth_1_sigma_1.5,0.0063559800471363745
10105.png,right-cheek,smooth_1_sigma_1.5,0.0057954387151075695
10105.png,bottom-face,smooth_1_sigma_1.5,0.005994343342107865
10105.png,forehead,smooth_1_sigma_1.5,0.005307725507580601
10105.png,under-eyes,smooth_1_sigma_1.5,0.00568559273266747
10105.png,left-cheek,smooth_2_sigma_2.5,0.006406226158574243
10105.png,right-cheek,smooth_2_sigma_2.5,0.005826030391015519
10105.png,bottom-face,smooth_2_sigma_2.5,0.006029583110783353
10105.png,forehead,smooth_2_sigma_2.5,0.005346242194977248
10105.png,under-eyes,smooth_2_sigma_2.5,0.005729056034439747
10110.png,left-cheek,original_roi,0.004747413152399781
10110.png,right-cheek,original_roi,0.0048970340352332475
10110.png,bottom-face,original_roi,0.005154019219623227
10110.png,forehead,original_roi,0.004487406205938956
10110.png,under-eyes,original_roi,0.0049407607090105835
10110.png,left-cheek,smooth_1_sigma_1.5,0.004915545243128138
10110.png,right-cheek,smooth_1_sigma_1.5,0.005074431413877775
10110.png,bottom-face,smooth_1_sigma_1.5,0.005474898192026733
10110.png,forehead,smooth_1_sigma_1.5,0.004673255937140911
10110.png,under-eyes,smooth_1_sigma_1.5,0.0051826716274707835
10110.png,left-cheek,smooth_2_sigma_2.5,0.00495141251518084
10110.png,right-cheek,smooth_2_sigma_2.5,0.0051121185665546675
10110.png,bottom-face,smooth_2_sigma_2.5,0.005545022487739716
10110.png,forehead,smooth_2_sigma_2.5,0.00470381930327958
10110.png,under-eyes,smooth_2_sigma_2.5,0.0052293321860788985
10113.png,left-cheek,original_roi,0.007532897157637649
10113.png,right-cheek,original_roi,0.005004546098947687
10113.png,bottom-face,original_roi,0.005768544120811284
10113.png,forehead,original_roi,0.006800331321074039
10113.png,under-eyes,original_roi,0.004656711224210587
10113.png,left-cheek,smooth_1_sigma_1.5,0.0077422889283336955
10113.png,right-cheek,smooth_1_sigma_1.5,0.005128454268129588
10113.png,bottom-face,smooth_1_sigma_1.5,0.00592767888170416
10113.png,forehead,smooth_1_sigma_1.5,0.00823071874779566
10113.png,under-eyes,smooth_1_sigma_1.5,0.004884332262173495
10113.png,left-cheek,smooth_2_sigma_2.5,0.007833921581189918
10113.png,right-cheek,smooth_2_sigma_2.5,0.005192682802687869
10113.png,bottom-face,smooth_2_sigma_2.5,0.005987903800570441
10113.png,forehead,smooth_2_sigma_2.5,0.00876394365863807
10113.png,under-eyes,smooth_2_sigma_2.5,0.004990515821843431
10116.png,left-cheek,original_roi,0.004839415609790789
10116.png,right-cheek,original_roi,0.004114671357991192
10116.png,bottom-face,original_roi,0.005092497034812866
10116.png,forehead,original_roi,0.004438148998518132
10116.png,under-eyes,original_roi,0.004047091562443826
10116.png,left-cheek,smooth_1_sigma_1.5,0.004959135877894389
10116.png,right-cheek,smooth_1_sigma_1.5,0.004187684855282516
10116.png,bottom-face,smooth_1_sigma_1.5,0.005252570595523089
10116.png,forehead,smooth_1_sigma_1.5,0.004593724525514698
10116.png,under-eyes,smooth_1_sigma_1.5,0.004144703809353143
10116.png,left-cheek,smooth_2_sigma_2.5,0.004979675501072691
10116.png,right-cheek,smooth_2_sigma_2.5,0.004203211390937928
10116.png,bottom-face,smooth_2_sigma_2.5,0.005294093652441282
10116.png,forehead,smooth_2_sigma_2.5,0.004622628531444899
10116.png,under-eyes,smooth_2_sigma_2.5,0.004171431592151338
10121.png,left-cheek,original_roi,0.006297871938143368
10121.png,right-cheek,original_roi,0.004405947420591526
10121.png,bottom-face,original_roi,0.0070120469503198645
10121.png,forehead,original_roi,0.006523071292505554
10121.png,under-eyes,original_roi,0.005839450919110293
10121.png,left-cheek,smooth_1_sigma_1.5,0.006493570582452476
10121.png,right-cheek,smooth_1_sigma_1.5,0.004589348993254282
10121.png,bottom-face,smooth_1_sigma_1.5,0.0072825446322562154
10121.png,forehead,smooth_1_sigma_1.5,0.0068110640255330005
10121.png,under-eyes,smooth_1_sigma_1.5,0.006056120326937777
10121.png,left-cheek,smooth_2_sigma_2.5,0.006539172399151701
10121.png,right-cheek,smooth_2_sigma_2.5,0.0046206900164023875
10121.png,bottom-face,smooth_2_sigma_2.5,0.007345230771627543
10121.png,forehead,smooth_2_sigma_2.5,0.006865547157523493
10121.png,under-eyes,smooth_2_sigma_2.5,0.006103453918184706
10124.png,left-cheek,original_roi,0.007276521047166557
10124.png,right-cheek,original_roi,0.004596096089807616
10124.png,bottom-face,original_roi,0.006345038965760392
10124.png,forehead,original_roi,0.004817416206280327
10124.png,under-eyes,original_roi,0.0056316852113454255
10124.png,left-cheek,smooth_1_sigma_1.5,0.0077798819940878595
10124.png,right-cheek,smooth_1_sigma_1.5,0.0047517707244070055
10124.png,bottom-face,smooth_1_sigma_1.5,0.006704714881592196
10124.png,forehead,smooth_1_sigma_1.5,0.004979545999767786
10124.png,under-eyes,smooth_1_sigma_1.5,0.00593167905425749
10124.png,left-cheek,smooth_2_sigma_2.5,0.007859625391718602
10124.png,right-cheek,smooth_2_sigma_2.5,0.004777688463336876
10124.png,bottom-face,smooth_2_sigma_2.5,0.0067566111171003095
10124.png,forehead,smooth_2_sigma_2.5,0.005015520445835158
10124.png,under-eyes,smooth_2_sigma_2.5,0.006005107834506075
10133.png,left-cheek,original_roi,0.003601724539753339
10133.png,right-cheek,original_roi,0.005013787825671704
10133.png,bottom-face,original_roi,0.004002457422347908
10133.png,forehead,original_roi,0.003955966206017133
10133.png,under-eyes,original_roi,0.004044423107260727
10133.png,left-cheek,smooth_1_sigma_1.5,0.003632038853985864
10133.png,right-cheek,smooth_1_sigma_1.5,0.005100571724926557
10133.png,bottom-face,smooth_1_sigma_1.5,0.004049810284291796
10133.png,forehead,smooth_1_sigma_1.5,0.004008180230974436
10133.png,under-eyes,smooth_1_sigma_1.5,0.0041100106147833665
10133.png,left-cheek,smooth_2_sigma_2.5,0.0036431832404593065
10133.png,right-cheek,smooth_2_sigma_2.5,0.005122027580753187
10133.png,bottom-face,smooth_2_sigma_2.5,0.0040643166847733276
10133.png,forehead,smooth_2_sigma_2.5,0.004026649240340988
10133.png,under-eyes,smooth_2_sigma_2.5,0.004133460995920994
10134.png,left-cheek,original_roi,0.005315652613187693
10134.png,right-cheek,original_roi,0.003940257941779448
10134.png,bottom-face,original_roi,0.00436756331497729
10134.png,forehead,original_roi,0.003822353613683543
10134.png,under-eyes,original_roi,0.00409454515692393
10134.png,left-cheek,smooth_1_sigma_1.5,0.005532377112704998
10134.png,right-cheek,smooth_1_sigma_1.5,0.004037031220968571
10134.png,bottom-face,smooth_1_sigma_1.5,0.004477986949582857
10134.png,forehead,smooth_1_sigma_1.5,0.003914798988930366
10134.png,under-eyes,smooth_1_sigma_1.5,0.004297142901636241
10134.png,left-cheek,smooth_2_sigma_2.5,0.0055809134957649715
10134.png,right-cheek,smooth_2_sigma_2.5,0.004060839671787495
10134.png,bottom-face,smooth_2_sigma_2.5,0.0045021889778544604
10134.png,forehead,smooth_2_sigma_2.5,0.003937443382730377
10134.png,under-eyes,smooth_2_sigma_2.5,0.004371621925219686
10135.png,left-cheek,original_roi,0.003935534263124771
10135.png,right-cheek,original_roi,0.003520864589409634
10135.png,bottom-face,original_roi,0.0036992126993132058
10135.png,forehead,original_roi,0.003422933894083194
10135.png,under-eyes,original_roi,0.003823983990859747
10135.png,left-cheek,smooth_1_sigma_1.5,0.004050408915661252
10135.png,right-cheek,smooth_1_sigma_1.5,0.003595766207125403
10135.png,bottom-face,smooth_1_sigma_1.5,0.003775423780237367
10135.png,forehead,smooth_1_sigma_1.5,0.003514150047057062
10135.png,under-eyes,smooth_1_sigma_1.5,0.00403583912170864
10135.png,left-cheek,smooth_2_sigma_2.5,0.004073250579280907
10135.png,right-cheek,smooth_2_sigma_2.5,0.0036110798401453627
10135.png,bottom-face,smooth_2_sigma_2.5,0.0037931251742295367
10135.png,forehead,smooth_2_sigma_2.5,0.003530584982912218
10135.png,under-eyes,smooth_2_sigma_2.5,0.00411759196263583
10144.png,left-cheek,original_roi,0.005583046539415869
10144.png,right-cheek,original_roi,0.01169392127728736
10144.png,bottom-face,original_roi,0.006769024020217832
10144.png,forehead,original_roi,0.004912796107454671
10144.png,under-eyes,original_roi,0.006197160257409665
10144.png,left-cheek,smooth_1_sigma_1.5,0.006035545983418705
10144.png,right-cheek,smooth_1_sigma_1.5,0.012240344644678642
10144.png,bottom-face,smooth_1_sigma_1.5,0.009723763947640292
10144.png,forehead,smooth_1_sigma_1.5,0.0051961132272663885
10144.png,under-eyes,smooth_1_sigma_1.5,0.006711173423464975
10144.png,left-cheek,smooth_2_sigma_2.5,0.006234497266694762
10144.png,right-cheek,smooth_2_sigma_2.5,0.012404740057734023
10144.png,bottom-face,smooth_2_sigma_2.5,0.01193799609466262
10144.png,forehead,smooth_2_sigma_2.5,0.005285751438209812
10144.png,under-eyes,smooth_2_sigma_2.5,0.006986764398452657
10147.png,left-cheek,original_roi,0.0041298961793554845
10147.png,right-cheek,original_roi,0.003783607885514469
10147.png,bottom-face,original_roi,0.004280950340715167
10147.png,forehead,original_roi,0.004343674981566765
10147.png,under-eyes,original_roi,0.003900003608590127
10147.png,left-cheek,smooth_1_sigma_1.5,0.004197686600805094
10147.png,right-cheek,smooth_1_sigma_1.5,0.0038274468288256934
10147.png,bottom-face,smooth_1_sigma_1.5,0.004364721738486605
10147.png,forehead,smooth_1_sigma_1.5,0.00442150698769531
10147.png,under-eyes,smooth_1_sigma_1.5,0.003948516568861066
10147.png,left-cheek,smooth_2_sigma_2.5,0.004219880662939028
10147.png,right-cheek,smooth_2_sigma_2.5,0.003840665231629289
10147.png,bottom-face,smooth_2_sigma_2.5,0.004390666626600812
10147.png,forehead,smooth_2_sigma_2.5,0.004449641429531225
10147.png,under-eyes,smooth_2_sigma_2.5,0.00396596298885607
10149.png,left-cheek,original_roi,0.007079977474812265
10149.png,right-cheek,original_roi,0.00672154239993235
10149.png,bottom-face,original_roi,0.007029602009128495
10149.png,forehead,original_roi,0.006335608003202848
10149.png,under-eyes,original_roi,0.005982279518829328
10149.png,left-cheek,smooth_1_sigma_1.5,0.00741767322139666
10149.png,right-cheek,smooth_1_sigma_1.5,0.007046211785744363
10149.png,bottom-face,smooth_1_sigma_1.5,0.007353654890193108
10149.png,forehead,smooth_1_sigma_1.5,0.0069973123809724605
10149.png,under-eyes,smooth_1_sigma_1.5,0.00634114124175108
10149.png,left-cheek,smooth_2_sigma_2.5,0.0074664974734520275
10149.png,right-cheek,smooth_2_sigma_2.5,0.0070930309136925575
10149.png,bottom-face,smooth_2_sigma_2.5,0.00741484397560633
10149.png,forehead,smooth_2_sigma_2.5,0.007123070559441366
10149.png,under-eyes,smooth_2_sigma_2.5,0.006395434874842776
10155.png,left-cheek,original_roi,0.0038631302376482203
10155.png,right-cheek,original_roi,0.0036110080915793
10155.png,bottom-face,original_roi,0.003911982154968945
10155.png,forehead,original_roi,0.003629685191281562
10155.png,under-eyes,original_roi,0.00355612995147786
10155.png,left-cheek,smooth_1_sigma_1.5,0.003964596121397619
10155.png,right-cheek,smooth_1_sigma_1.5,0.0036720641991494175
10155.png,bottom-face,smooth_1_sigma_1.5,0.004006621200062757
10155.png,forehead,smooth_1_sigma_1.5,0.0037156807345917284
10155.png,under-eyes,smooth_1_sigma_1.5,0.0036632101831594785
10155.png,left-cheek,smooth_2_sigma_2.5,0.003999310530315847
10155.png,right-cheek,smooth_2_sigma_2.5,0.0036858695450608576
10155.png,bottom-face,smooth_2_sigma_2.5,0.004035167767245688
10155.png,forehead,smooth_2_sigma_2.5,0.0037385031866825308
10155.png,under-eyes,smooth_2_sigma_2.5,0.003719176635339762
10159.png,left-cheek,original_roi,0.004023447088223769
10159.png,right-cheek,original_roi,0.003927112104827125
10159.png,bottom-face,original_roi,0.004051450503479397
10159.png,forehead,original_roi,0.004980614795493798
10159.png,under-eyes,original_roi,0.0040439804002920295
10159.png,left-cheek,smooth_1_sigma_1.5,0.00409024340182166
10159.png,right-cheek,smooth_1_sigma_1.5,0.004052881120704405
10159.png,bottom-face,smooth_1_sigma_1.5,0.004153627548264795
10159.png,forehead,smooth_1_sigma_1.5,0.005385746229342093
10159.png,under-eyes,smooth_1_sigma_1.5,0.004186362741992019
10159.png,left-cheek,smooth_2_sigma_2.5,0.004110643837491261
10159.png,right-cheek,smooth_2_sigma_2.5,0.0040753460942565154
10159.png,bottom-face,smooth_2_sigma_2.5,0.004178253369208042
10159.png,forehead,smooth_2_sigma_2.5,0.005463768495111626
10159.png,under-eyes,smooth_2_sigma_2.5,0.004222822308944905
10171.png,left-cheek,original_roi,0.003998693069368399
10171.png,right-cheek,original_roi,0.0042330294209565016
10171.png,bottom-face,original_roi,0.0040971950685772295
10171.png,forehead,original_roi,0.0038762585804893814
10171.png,under-eyes,original_roi,0.004210701380687897
10171.png,left-cheek,smooth_1_sigma_1.5,0.00405253292757401
10171.png,right-cheek,smooth_1_sigma_1.5,0.004314041228085193
10171.png,bottom-face,smooth_1_sigma_1.5,0.004161029053735881
10171.png,forehead,smooth_1_sigma_1.5,0.003941432164973407
10171.png,under-eyes,smooth_1_sigma_1.5,0.004308145667930501
10171.png,left-cheek,smooth_2_sigma_2.5,0.004071295162282192
10171.png,right-cheek,smooth_2_sigma_2.5,0.004341706673920566
10171.png,bottom-face,smooth_2_sigma_2.5,0.004185473087075472
10171.png,forehead,smooth_2_sigma_2.5,0.003962714155807472
10171.png,under-eyes,smooth_2_sigma_2.5,0.004338478472753183
10175.png,left-cheek,original_roi,0.005193770665040655
10175.png,right-cheek,original_roi,0.005526553428055511
10175.png,bottom-face,original_roi,0.0066156133746297285
10175.png,forehead,original_roi,0.0042398060907837985
10175.png,under-eyes,original_roi,0.0048761471432422305
10175.png,left-cheek,smooth_1_sigma_1.5,0.005392455596301743
10175.png,right-cheek,smooth_1_sigma_1.5,0.005791382378907245
10175.png,bottom-face,smooth_1_sigma_1.5,0.006910582730967804
10175.png,forehead,smooth_1_sigma_1.5,0.004510018985309126
10175.png,under-eyes,smooth_1_sigma_1.5,0.005240676596829938
10175.png,left-cheek,smooth_2_sigma_2.5,0.005427006131004334
10175.png,right-cheek,smooth_2_sigma_2.5,0.005838978225196059
10175.png,bottom-face,smooth_2_sigma_2.5,0.0069978356749148965
10175.png,forehead,smooth_2_sigma_2.5,0.004555181454393604
10175.png,under-eyes,smooth_2_sigma_2.5,0.0053477082811225025
10180.png,left-cheek,original_roi,0.00612312205530782
10180.png,right-cheek,original_roi,0.004572637227559938
10180.png,bottom-face,original_roi,0.004912750026913922
10180.png,forehead,original_roi,0.004894841394791258
10180.png,under-eyes,original_roi,0.005402881694916701
10180.png,left-cheek,smooth_1_sigma_1.5,0.006390314640369804
10180.png,right-cheek,smooth_1_sigma_1.5,0.0047057633109986105
10180.png,bottom-face,smooth_1_sigma_1.5,0.005099308206184509
10180.png,forehead,smooth_1_sigma_1.5,0.005025897236999662
10180.png,under-eyes,smooth_1_sigma_1.5,0.005668880343204877
10180.png,left-cheek,smooth_2_sigma_2.5,0.006468355812774782
10180.png,right-cheek,smooth_2_sigma_2.5,0.0047480644139307505
10180.png,bottom-face,smooth_2_sigma_2.5,0.005148496510245957
10180.png,forehead,smooth_2_sigma_2.5,0.005060356825769259
10180.png,under-eyes,smooth_2_sigma_2.5,0.005760230212765113
10190.png,left-cheek,original_roi,0.005919942524093182
10190.png,right-cheek,original_roi,0.004379747575327567
10190.png,bottom-face,original_roi,0.0053624909779496285
10190.png,forehead,original_roi,0.004863928666733657
10190.png,under-eyes,original_roi,0.004303146266969234
10190.png,left-cheek,smooth_1_sigma_1.5,0.006183887785238463
10190.png,right-cheek,smooth_1_sigma_1.5,0.004557739422255425
10190.png,bottom-face,smooth_1_sigma_1.5,0.00592303376938304
10190.png,forehead,smooth_1_sigma_1.5,0.005178370654703853
10190.png,under-eyes,smooth_1_sigma_1.5,0.004531504467426248
10190.png,left-cheek,smooth_2_sigma_2.5,0.006252566428013784
10190.png,right-cheek,smooth_2_sigma_2.5,0.004608363633755876
10190.png,bottom-face,smooth_2_sigma_2.5,0.006091985659691781
10190.png,forehead,smooth_2_sigma_2.5,0.005242218540140992
10190.png,under-eyes,smooth_2_sigma_2.5,0.004588561083568035
10191.png,left-cheek,original_roi,0.004082245130174199
10191.png,right-cheek,original_roi,0.004347079370151034
10191.png,bottom-face,original_roi,0.005036566097846451
10191.png,forehead,original_roi,0.004320375218878768
10191.png,under-eyes,original_roi,0.004318722722071109
10191.png,left-cheek,smooth_1_sigma_1.5,0.0041285330907246875
10191.png,right-cheek,smooth_1_sigma_1.5,0.004399408767981216
10191.png,bottom-face,smooth_1_sigma_1.5,0.005157167854147912
10191.png,forehead,smooth_1_sigma_1.5,0.004370221921174586
10191.png,under-eyes,smooth_1_sigma_1.5,0.004380989719575025
10191.png,left-cheek,smooth_2_sigma_2.5,0.0041429623780876905
10191.png,right-cheek,smooth_2_sigma_2.5,0.004419115362305705
10191.png,bottom-face,smooth_2_sigma_2.5,0.0052220660978299135
10191.png,forehead,smooth_2_sigma_2.5,0.004390212219859513
10191.png,under-eyes,smooth_2_sigma_2.5,0.004399841172420446
10193.png,left-cheek,original_roi,0.0043941979268314856
10193.png,right-cheek,original_roi,0.003832552609220308
10193.png,bottom-face,original_roi,0.004077079484495429
10193.png,forehead,original_roi,0.003877052085671043
10193.png,under-eyes,original_roi,0.004310240468829413
10193.png,left-cheek,smooth_1_sigma_1.5,0.004723566946322518
10193.png,right-cheek,smooth_1_sigma_1.5,0.003988539464892415
10193.png,bottom-face,smooth_1_sigma_1.5,0.004335015933837502
10193.png,forehead,smooth_1_sigma_1.5,0.004100611758620638
10193.png,under-eyes,smooth_1_sigma_1.5,0.004835062891383964
10193.png,left-cheek,smooth_2_sigma_2.5,0.0048190830091271895
10193.png,right-cheek,smooth_2_sigma_2.5,0.004029981436405875
10193.png,bottom-face,smooth_2_sigma_2.5,0.004378497101088598
10193.png,forehead,smooth_2_sigma_2.5,0.0041549867872700255
10193.png,under-eyes,smooth_2_sigma_2.5,0.00500003384076611
10201.png,left-cheek,original_roi,0.004107644626970911
10201.png,right-cheek,original_roi,0.005266301275882718
10201.png,bottom-face,original_roi,0.004507961477130109
10201.png,forehead,original_roi,0.0047931138701569126
10201.png,under-eyes,original_roi,0.004743687165318617
10201.png,left-cheek,smooth_1_sigma_1.5,0.004174300715489816
10201.png,right-cheek,smooth_1_sigma_1.5,0.005353462841563444
10201.png,bottom-face,smooth_1_sigma_1.5,0.004577098319373611
10201.png,forehead,smooth_1_sigma_1.5,0.00493278072144823
10201.png,under-eyes,smooth_1_sigma_1.5,0.0050502436270337125
10201.png,left-cheek,smooth_2_sigma_2.5,0.004191786241320227
10201.png,right-cheek,smooth_2_sigma_2.5,0.00537968660722826
10201.png,bottom-face,smooth_2_sigma_2.5,0.00459873137368101
10201.png,forehead,smooth_2_sigma_2.5,0.004973336359331065
10201.png,under-eyes,smooth_2_sigma_2.5,0.005147652138529462
10203.png,left-cheek,original_roi,0.004557374479584117
10203.png,right-cheek,original_roi,0.004350287319177943
10203.png,bottom-face,original_roi,0.004771052147422838
10203.png,forehead,original_roi,0.004399692089191235
10203.png,under-eyes,original_roi,0.004361115190709952
10203.png,left-cheek,smooth_1_sigma_1.5,0.004612088643043016
10203.png,right-cheek,smooth_1_sigma_1.5,0.004400365914789108
10203.png,bottom-face,smooth_1_sigma_1.5,0.0048355102424867385
10203.png,forehead,smooth_1_sigma_1.5,0.0045695637144595
10203.png,under-eyes,smooth_1_sigma_1.5,0.004430338181413991
10203.png,left-cheek,smooth_2_sigma_2.5,0.004633236617718004
10203.png,right-cheek,smooth_2_sigma_2.5,0.004420325809982093
10203.png,bottom-face,smooth_2_sigma_2.5,0.00486698977988007
10203.png,forehead,smooth_2_sigma_2.5,0.004626010454351235
10203.png,under-eyes,smooth_2_sigma_2.5,0.004453467282518288
10205.png,left-cheek,original_roi,0.004109906591396508
10205.png,right-cheek,original_roi,0.005432138390431124
10205.png,bottom-face,original_roi,0.0044963069064271645
10205.png,forehead,original_roi,0.004304553303968678
10205.png,under-eyes,original_roi,0.0048686764040999555
10205.png,left-cheek,smooth_1_sigma_1.5,0.004297909923775913
10205.png,right-cheek,smooth_1_sigma_1.5,0.00580308758886458
10205.png,bottom-face,smooth_1_sigma_1.5,0.004690856385178496
10205.png,forehead,smooth_1_sigma_1.5,0.004476741089462442
10205.png,under-eyes,smooth_1_sigma_1.5,0.005448256913743166
10205.png,left-cheek,smooth_2_sigma_2.5,0.0043690942374717615
10205.png,right-cheek,smooth_2_sigma_2.5,0.0058952951351959335
10205.png,bottom-face,smooth_2_sigma_2.5,0.004740011927261325
10205.png,forehead,smooth_2_sigma_2.5,0.004510899605512295
10205.png,under-eyes,smooth_2_sigma_2.5,0.005776866571514448
10208.png,left-cheek,original_roi,0.0043833384880333165
10208.png,right-cheek,original_roi,0.014722912733374643
10208.png,bottom-face,original_roi,0.008269807631894409
10208.png,forehead,original_roi,0.006921845603782496
10208.png,under-eyes,original_roi,0.007400743260967391
10208.png,left-cheek,smooth_1_sigma_1.5,0.004485980728659937
10208.png,right-cheek,smooth_1_sigma_1.5,0.015504432857772468
10208.png,bottom-face,smooth_1_sigma_1.5,0.008533940051815065
10208.png,forehead,smooth_1_sigma_1.5,0.007353949560049199
10208.png,under-eyes,smooth_1_sigma_1.5,0.007691673967274991
10208.png,left-cheek,smooth_2_sigma_2.5,0.0045405883075620435
10208.png,right-cheek,smooth_2_sigma_2.5,0.01580131589087675
10208.png,bottom-face,smooth_2_sigma_2.5,0.008651432301594035
10208.png,forehead,smooth_2_sigma_2.5,0.007453512801043282
10208.png,under-eyes,smooth_2_sigma_2.5,0.0077912197474923495
10209.png,left-cheek,original_roi,0.004214098395558041
10209.png,right-cheek,original_roi,0.004128634566143378
10209.png,bottom-face,original_roi,0.004311376665446377
10209.png,forehead,original_roi,0.003880732393642895
10209.png,under-eyes,original_roi,0.004107033706483472
10209.png,left-cheek,smooth_1_sigma_1.5,0.004309410679877171
10209.png,right-cheek,smooth_1_sigma_1.5,0.004230438194770996
10209.png,bottom-face,smooth_1_sigma_1.5,0.00441076396161416
10209.png,forehead,smooth_1_sigma_1.5,0.004001265456828739
10209.png,under-eyes,smooth_1_sigma_1.5,0.00421519602687215
10209.png,left-cheek,smooth_2_sigma_2.5,0.004329490974573434
10209.png,right-cheek,smooth_2_sigma_2.5,0.004255052622509624
10209.png,bottom-face,smooth_2_sigma_2.5,0.0044339279732709255
10209.png,forehead,smooth_2_sigma_2.5,0.0040255353641286485
10209.png,under-eyes,smooth_2_sigma_2.5,0.004242730826646501
10210.png,left-cheek,original_roi,0.005418573423151421
10210.png,right-cheek,original_roi,0.0060350513572265466
10210.png,bottom-face,original_roi,0.005706666849673129
10210.png,forehead,original_roi,0.005051533468885435
10210.png,under-eyes,original_roi,0.005423710368064921
10210.png,left-cheek,smooth_1_sigma_1.5,0.005544213986744464
10210.png,right-cheek,smooth_1_sigma_1.5,0.0061703349201434185
10210.png,bottom-face,smooth_1_sigma_1.5,0.005840606391416003
10210.png,forehead,smooth_1_sigma_1.5,0.005246986094555621
10210.png,under-eyes,smooth_1_sigma_1.5,0.005656725416286642
10210.png,left-cheek,smooth_2_sigma_2.5,0.005577637133457946
10210.png,right-cheek,smooth_2_sigma_2.5,0.006211887025937376
10210.png,bottom-face,smooth_2_sigma_2.5,0.005878495908193104
10210.png,forehead,smooth_2_sigma_2.5,0.005287527575510067
10210.png,under-eyes,smooth_2_sigma_2.5,0.005729836943071041
10213.png,left-cheek,original_roi,0.004581350449969604
10213.png,right-cheek,original_roi,0.007313748559859189
10213.png,bottom-face,original_roi,0.005734106449587947
10213.png,forehead,original_roi,0.0049144200201125575
10213.png,under-eyes,original_roi,0.005669993218130594
10213.png,left-cheek,smooth_1_sigma_1.5,0.004936943853166769
10213.png,right-cheek,smooth_1_sigma_1.5,0.008037723796020411
10213.png,bottom-face,smooth_1_sigma_1.5,0.006140374651447915
10213.png,forehead,smooth_1_sigma_1.5,0.005726395020952131
10213.png,under-eyes,smooth_1_sigma_1.5,0.006364607186266674
10213.png,left-cheek,smooth_2_sigma_2.5,0.004985112613566338
10213.png,right-cheek,smooth_2_sigma_2.5,0.00816301661958666
10213.png,bottom-face,smooth_2_sigma_2.5,0.00622519086795396
10213.png,forehead,smooth_2_sigma_2.5,0.0058432263584511914
10213.png,under-eyes,smooth_2_sigma_2.5,0.006463800196367082
10216.png,left-cheek,original_roi,0.008067562884729845
10216.png,right-cheek,original_roi,0.006260385232302803
10216.png,bottom-face,original_roi,0.008091866689904113
10216.png,forehead,original_roi,0.005942720059962205
10216.png,under-eyes,original_roi,0.006137131171761602
10216.png,left-cheek,smooth_1_sigma_1.5,0.008759436501891846
10216.png,right-cheek,smooth_1_sigma_1.5,0.006615354990030946
10216.png,bottom-face,smooth_1_sigma_1.5,0.011275816912974778
10216.png,forehead,smooth_1_sigma_1.5,0.006165239734048336
10216.png,under-eyes,smooth_1_sigma_1.5,0.006560950181230609
10216.png,left-cheek,smooth_2_sigma_2.5,0.008960152624474757
10216.png,right-cheek,smooth_2_sigma_2.5,0.006735308234315627
10216.png,bottom-face,smooth_2_sigma_2.5,0.013561920668330089
10216.png,forehead,smooth_2_sigma_2.5,0.006227539193760706
10216.png,under-eyes,smooth_2_sigma_2.5,0.0067444642385822064
10221.png,left-cheek,original_roi,0.005255410751764496
10221.png,right-cheek,original_roi,
10221.png,bottom-face,original_roi,0.005868266533991335
10221.png,forehead,original_roi,0.007991171740338558
10221.png,under-eyes,original_roi,0.004696251263523613
10221.png,left-cheek,smooth_1_sigma_1.5,0.00545576237835752
10221.png,right-cheek,smooth_1_sigma_1.5,
10221.png,bottom-face,smooth_1_sigma_1.5,0.006167696899826425
10221.png,forehead,smooth_1_sigma_1.5,0.009251958382263432
10221.png,under-eyes,smooth_1_sigma_1.5,0.004943207341945356
10221.png,left-cheek,smooth_2_sigma_2.5,0.005506941471243836
10221.png,right-cheek,smooth_2_sigma_2.5,
10221.png,bottom-face,smooth_2_sigma_2.5,0.0062378322010193206
10221.png,forehead,smooth_2_sigma_2.5,0.010100729302279393
10221.png,under-eyes,smooth_2_sigma_2.5,0.005028676524164093
10234.png,left-cheek,original_roi,0.0039417484286960345
10234.png,right-cheek,original_roi,0.004409191837230979
10234.png,bottom-face,original_roi,0.004365275924713919
10234.png,forehead,original_roi,0.004221239492814236
10234.png,under-eyes,original_roi,0.004661274424619048
10234.png,left-cheek,smooth_1_sigma_1.5,0.004060208496846161
10234.png,right-cheek,smooth_1_sigma_1.5,0.004556098273826112
10234.png,bottom-face,smooth_1_sigma_1.5,0.004500691523409017
10234.png,forehead,smooth_1_sigma_1.5,0.004600290780260834
10234.png,under-eyes,smooth_1_sigma_1.5,0.004949936134283823
10234.png,left-cheek,smooth_2_sigma_2.5,0.004095062460643868
10234.png,right-cheek,smooth_2_sigma_2.5,0.00458997468475378
10234.png,bottom-face,smooth_2_sigma_2.5,0.00454769096968615
10234.png,forehead,smooth_2_sigma_2.5,0.0047547753803225635
10234.png,under-eyes,smooth_2_sigma_2.5,0.0050521050519121485
10239.png,left-cheek,original_roi,0.012463852840535593
10239.png,right-cheek,original_roi,0.0066339493370850995
10239.png,bottom-face,original_roi,0.01082948548686633
10239.png,forehead,original_roi,0.006333548114748712
10239.png,under-eyes,original_roi,0.0070329114421055754
10239.png,left-cheek,smooth_1_sigma_1.5,0.013111104220517566
10239.png,right-cheek,smooth_1_sigma_1.5,0.006924410628269273
10239.png,bottom-face,smooth_1_sigma_1.5,0.011796178773516101
10239.png,forehead,smooth_1_sigma_1.5,0.006556902363384999
10239.png,under-eyes,smooth_1_sigma_1.5,0.0074205155366893665
10239.png,left-cheek,smooth_2_sigma_2.5,0.013280523952092206
10239.png,right-cheek,smooth_2_sigma_2.5,0.0069960237834925075
10239.png,bottom-face,smooth_2_sigma_2.5,0.012071019203776585
10239.png,forehead,smooth_2_sigma_2.5,0.00661728673201592
10239.png,under-eyes,smooth_2_sigma_2.5,0.007586217451847352
10242.png,left-cheek,original_roi,0.004159444692300555
10242.png,right-cheek,original_roi,0.007178810380566
10242.png,bottom-face,original_roi,0.004796918415795067
10242.png,forehead,original_roi,0.004910191968620317
10242.png,under-eyes,original_roi,0.00521726558678158
10242.png,left-cheek,smooth_1_sigma_1.5,0.00423042388369152
10242.png,right-cheek,smooth_1_sigma_1.5,0.007370549637316603
10242.png,bottom-face,smooth_1_sigma_1.5,0.004877884843085157
10242.png,forehead,smooth_1_sigma_1.5,0.005030260071291572
10242.png,under-eyes,smooth_1_sigma_1.5,0.005402343825686219
10242.png,left-cheek,smooth_2_sigma_2.5,0.004256105298357702
10242.png,right-cheek,smooth_2_sigma_2.5,0.007424514047450227
10242.png,bottom-face,smooth_2_sigma_2.5,0.004911930155916686
10242.png,forehead,smooth_2_sigma_2.5,0.005067832446082596
10242.png,under-eyes,smooth_2_sigma_2.5,0.0054719780941569094
10249.png,left-cheek,original_roi,0.0033573106274898588
10249.png,right-cheek,original_roi,0.0035259150727803643
10249.png,bottom-face,original_roi,0.003505490012686029
10249.png,forehead,original_roi,0.003743827105064597
10249.png,under-eyes,original_roi,0.0035409190556012927
10249.png,left-cheek,smooth_1_sigma_1.5,0.0034081481235812734
10249.png,right-cheek,smooth_1_sigma_1.5,0.0035912294122201222
10249.png,bottom-face,smooth_1_sigma_1.5,0.003558297029510165
10249.png,forehead,smooth_1_sigma_1.5,0.004124142325623577
10249.png,under-eyes,smooth_1_sigma_1.5,0.0036457346081821937
10249.png,left-cheek,smooth_2_sigma_2.5,0.003419781239298505
10249.png,right-cheek,smooth_2_sigma_2.5,0.003605082669555988
10249.png,bottom-face,smooth_2_sigma_2.5,0.0035728109228808716
10249.png,forehead,smooth_2_sigma_2.5,0.004296162183945075
10249.png,under-eyes,smooth_2_sigma_2.5,0.0036686889542647924
10252.png,left-cheek,original_roi,0.004494991382689742
10252.png,right-cheek,original_roi,0.008325764579453821
10252.png,bottom-face,original_roi,0.006222064229573625
10252.png,forehead,original_roi,0.004431039508326755
10252.png,under-eyes,original_roi,0.005659057654019088
10252.png,left-cheek,smooth_1_sigma_1.5,0.004559000155165422
10252.png,right-cheek,smooth_1_sigma_1.5,0.008529014114399705
10252.png,bottom-face,smooth_1_sigma_1.5,0.006374413135243942
10252.png,forehead,smooth_1_sigma_1.5,0.004562008018704426
10252.png,under-eyes,smooth_1_sigma_1.5,0.005883469678074094
10252.png,left-cheek,smooth_2_sigma_2.5,0.004581905050403822
10252.png,right-cheek,smooth_2_sigma_2.5,0.008595155931667901
10252.png,bottom-face,smooth_2_sigma_2.5,0.006429897502644326
10252.png,forehead,smooth_2_sigma_2.5,0.00460938292656773
10252.png,under-eyes,smooth_2_sigma_2.5,0.005963851104314512
10256.png,left-cheek,original_roi,0.0054112515380341855
10256.png,right-cheek,original_roi,0.0047091485630842275
10256.png,bottom-face,original_roi,0.0056083646303261405
10256.png,forehead,original_roi,0.005256693684222476
10256.png,under-eyes,original_roi,0.0049649170345552685
10256.png,left-cheek,smooth_1_sigma_1.5,0.005578683453082032
10256.png,right-cheek,smooth_1_sigma_1.5,0.0048003357949740364
10256.png,bottom-face,smooth_1_sigma_1.5,0.005783680304971849
10256.png,forehead,smooth_1_sigma_1.5,0.005423375400778225
10256.png,under-eyes,smooth_1_sigma_1.5,0.005213224853887761
10256.png,left-cheek,smooth_2_sigma_2.5,0.005610841792648933
10256.png,right-cheek,smooth_2_sigma_2.5,0.0048204041695126595
10256.png,bottom-face,smooth_2_sigma_2.5,0.005824956711098394
10256.png,forehead,smooth_2_sigma_2.5,0.005458038934232892
10256.png,under-eyes,smooth_2_sigma_2.5,0.005292546359859979
10258.png,left-cheek,original_roi,0.00570967981189447
10258.png,right-cheek,original_roi,0.004451710690922629
10258.png,bottom-face,original_roi,0.005235643032418439
10258.png,forehead,original_roi,0.0038651223943936648
10258.png,under-eyes,original_roi,0.004217746284461995
10258.png,left-cheek,smooth_1_sigma_1.5,0.006016545304501338
10258.png,right-cheek,smooth_1_sigma_1.5,0.004641254522365299
10258.png,bottom-face,smooth_1_sigma_1.5,0.0055324885560379565
10258.png,forehead,smooth_1_sigma_1.5,0.003987302451587575
10258.png,under-eyes,smooth_1_sigma_1.5,0.004471459898452745
10258.png,left-cheek,smooth_2_sigma_2.5,0.006067184210212343
10258.png,right-cheek,smooth_2_sigma_2.5,0.004679870794093427
10258.png,bottom-face,smooth_2_sigma_2.5,0.005585838919011553
10258.png,forehead,smooth_2_sigma_2.5,0.004011508790925297
10258.png,under-eyes,smooth_2_sigma_2.5,0.004563168588440716
10259.png,left-cheek,original_roi,0.006294575125633705
10259.png,right-cheek,original_roi,0.004148624540636437
10259.png,bottom-face,original_roi,0.0045932784036619365
10259.png,forehead,original_roi,0.00444101856918508
10259.png,under-eyes,original_roi,0.0044234212243291
10259.png,left-cheek,smooth_1_sigma_1.5,0.006475768887240588
10259.png,right-cheek,smooth_1_sigma_1.5,0.00441560240605054
10259.png,bottom-face,smooth_1_sigma_1.5,0.004758191767875735
10259.png,forehead,smooth_1_sigma_1.5,0.004679078469655226
10259.png,under-eyes,smooth_1_sigma_1.5,0.004672493664612399
10259.png,left-cheek,smooth_2_sigma_2.5,0.006512759249957491
10259.png,right-cheek,smooth_2_sigma_2.5,0.004459415063869413
10259.png,bottom-face,smooth_2_sigma_2.5,0.004794688429035907
10259.png,forehead,smooth_2_sigma_2.5,0.004727801810227631
10259.png,under-eyes,smooth_2_sigma_2.5,0.004724895005212058
10275.png,left-cheek,original_roi,0.0036710267052369725
10275.png,right-cheek,original_roi,0.005467957650110658
10275.png,bottom-face,original_roi,0.0039986596747323645
10275.png,forehead,original_roi,0.003705540954430387
10275.png,under-eyes,original_roi,0.003751692226880376
10275.png,left-cheek,smooth_1_sigma_1.5,0.003763412114855923
10275.png,right-cheek,smooth_1_sigma_1.5,0.005901111600771265
10275.png,bottom-face,smooth_1_sigma_1.5,0.004188265271178444
10275.png,forehead,smooth_1_sigma_1.5,0.003819105567148664
10275.png,under-eyes,smooth_1_sigma_1.5,0.003927570290453205
10275.png,left-cheek,smooth_2_sigma_2.5,0.0037911811530445586
10275.png,right-cheek,smooth_2_sigma_2.5,0.006192121621166108
10275.png,bottom-face,smooth_2_sigma_2.5,0.00423021495039724
10275.png,forehead,smooth_2_sigma_2.5,0.0038510483972996586
10275.png,under-eyes,smooth_2_sigma_2.5,0.0040077368711768264
10276.png,left-cheek,original_roi,0.004234478996346468
10276.png,right-cheek,original_roi,0.003951989893513699
10276.png,bottom-face,original_roi,0.004309280202421132
10276.png,forehead,original_roi,0.0036915340409831494
10276.png,under-eyes,original_roi,0.003714217679374681
10276.png,left-cheek,smooth_1_sigma_1.5,0.0042877370599355025
10276.png,right-cheek,smooth_1_sigma_1.5,0.003992140705225912
10276.png,bottom-face,smooth_1_sigma_1.5,0.004366299967514595
10276.png,forehead,smooth_1_sigma_1.5,0.0037219513380621484
10276.png,under-eyes,smooth_1_sigma_1.5,0.0037703942362901344
10276.png,left-cheek,smooth_2_sigma_2.5,0.0043052468820417526
10276.png,right-cheek,smooth_2_sigma_2.5,0.004009715294859899
10276.png,bottom-face,smooth_2_sigma_2.5,0.004389731083391997
10276.png,forehead,smooth_2_sigma_2.5,0.0037360008398427103
10276.png,under-eyes,smooth_2_sigma_2.5,0.003801431698131355
10278.png,left-cheek,original_roi,0.004453885667327401
10278.png,right-cheek,original_roi,0.004507133053772072
10278.png,bottom-face,original_roi,0.004743597764139112
10278.png,forehead,original_roi,0.004582132806506222
10278.png,under-eyes,original_roi,0.004857109032885931
10278.png,left-cheek,smooth_1_sigma_1.5,0.004562783966073693
10278.png,right-cheek,smooth_1_sigma_1.5,0.00461678580594526
10278.png,bottom-face,smooth_1_sigma_1.5,0.005079562620125931
10278.png,forehead,smooth_1_sigma_1.5,0.00479808706698205
10278.png,under-eyes,smooth_1_sigma_1.5,0.005012965746314498
10278.png,left-cheek,smooth_2_sigma_2.5,0.004586234436208182
10278.png,right-cheek,smooth_2_sigma_2.5,0.004640364812359715
10278.png,bottom-face,smooth_2_sigma_2.5,0.005152960700510867
10278.png,forehead,smooth_2_sigma_2.5,0.00483518808014658
10278.png,under-eyes,smooth_2_sigma_2.5,0.0050498755856946504
10280.png,left-cheek,original_roi,0.004639202268124543
10280.png,right-cheek,original_roi,0.004375449353410955
10280.png,bottom-face,original_roi,0.005067606044611721
10280.png,forehead,original_roi,0.004431666401233245
10280.png,under-eyes,original_roi,0.004928039946480054
10280.png,left-cheek,smooth_1_sigma_1.5,0.004702301062827046
10280.png,right-cheek,smooth_1_sigma_1.5,0.004441809474836115
10280.png,bottom-face,smooth_1_sigma_1.5,0.005148960299549267
10280.png,forehead,smooth_1_sigma_1.5,0.004522144311111036
10280.png,under-eyes,smooth_1_sigma_1.5,0.005019574698051427
10280.png,left-cheek,smooth_2_sigma_2.5,0.004727881125421144
10280.png,right-cheek,smooth_2_sigma_2.5,0.0044663781029025615
10280.png,bottom-face,smooth_2_sigma_2.5,0.005179385063903076
10280.png,forehead,smooth_2_sigma_2.5,0.004559280316391555
10280.png,under-eyes,smooth_2_sigma_2.5,0.005055390200191068
10282.png,left-cheek,original_roi,0.004156663598807469
10282.png,right-cheek,original_roi,0.0038999720559453493
10282.png,bottom-face,original_roi,0.00434165799681567
10282.png,forehead,original_roi,0.0039174166360002064
10282.png,under-eyes,original_roi,0.0038572500535432844
10282.png,left-cheek,smooth_1_sigma_1.5,0.004294495030725031
10282.png,right-cheek,smooth_1_sigma_1.5,0.00401275776390907
10282.png,bottom-face,smooth_1_sigma_1.5,0.00448667176258515
10282.png,forehead,smooth_1_sigma_1.5,0.004053754415918653
10282.png,under-eyes,smooth_1_sigma_1.5,0.003983222382846638
10282.png,left-cheek,smooth_2_sigma_2.5,0.004321857831811785
10282.png,right-cheek,smooth_2_sigma_2.5,0.004032667859018202
10282.png,bottom-face,smooth_2_sigma_2.5,0.004515997286838189
10282.png,forehead,smooth_2_sigma_2.5,0.004088117805456087
10282.png,under-eyes,smooth_2_sigma_2.5,0.004016643047974809
10285.png,left-cheek,original_roi,0.0065747868190540164
10285.png,right-cheek,original_roi,0.004460704285541807
10285.png,bottom-face,original_roi,0.004964193861163926
10285.png,forehead,original_roi,0.005024829821325306
10285.png,under-eyes,original_roi,0.005984401795654979
10285.png,left-cheek,smooth_1_sigma_1.5,0.006687537755382128
10285.png,right-cheek,smooth_1_sigma_1.5,0.004507616047344361
10285.png,bottom-face,smooth_1_sigma_1.5,0.005022460148423405
10285.png,forehead,smooth_1_sigma_1.5,0.00514438187387637
10285.png,under-eyes,smooth_1_sigma_1.5,0.0061321087303260295
10285.png,left-cheek,smooth_2_sigma_2.5,0.006734161445160425
10285.png,right-cheek,smooth_2_sigma_2.5,0.00452359386531391
10285.png,bottom-face,smooth_2_sigma_2.5,0.005044873334525913
10285.png,forehead,smooth_2_sigma_2.5,0.005178910904943782
10285.png,under-eyes,smooth_2_sigma_2.5,0.006187114545181857
10286.png,left-cheek,original_roi,0.004705572846914653
10286.png,right-cheek,original_roi,0.0035081720482681056
10286.png,bottom-face,original_roi,0.004935607905806677
10286.png,forehead,original_roi,0.0034699142383423152
10286.png,under-eyes,original_roi,0.0036046003260646344
10286.png,left-cheek,smooth_1_sigma_1.5,0.004998171122513363
10286.png,right-cheek,smooth_1_sigma_1.5,0.003581084513287659
10286.png,bottom-face,smooth_1_sigma_1.5,0.0052189931640923
10286.png,forehead,smooth_1_sigma_1.5,0.003647112306131771
10286.png,under-eyes,smooth_1_sigma_1.5,0.003901989935753936
10286.png,left-cheek,smooth_2_sigma_2.5,0.005052583423175274
10286.png,right-cheek,smooth_2_sigma_2.5,0.0035704749966917826
10286.png,bottom-face,smooth_2_sigma_2.5,0.005269271823051204
10286.png,forehead,smooth_2_sigma_2.5,0.0036795902118603786
10286.png,under-eyes,smooth_2_sigma_2.5,0.004042996972988314
10287.png,left-cheek,original_roi,0.004127729258222084
10287.png,right-cheek,original_roi,
10287.png,bottom-face,original_roi,0.004654602283751693
10287.png,forehead,original_roi,0.004178898057704873
10287.png,under-eyes,original_roi,0.00425178959846177
10287.png,left-cheek,smooth_1_sigma_1.5,0.00422977205992589
10287.png,right-cheek,smooth_1_sigma_1.5,
10287.png,bottom-face,smooth_1_sigma_1.5,0.004807768558870903
10287.png,forehead,smooth_1_sigma_1.5,0.004296054957584259
10287.png,under-eyes,smooth_1_sigma_1.5,0.004358270995607467
10287.png,left-cheek,smooth_2_sigma_2.5,0.004251570274976145
10287.png,right-cheek,smooth_2_sigma_2.5,
10287.png,bottom-face,smooth_2_sigma_2.5,0.004841308232938752
10287.png,forehead,smooth_2_sigma_2.5,0.00431943510423291
10287.png,under-eyes,smooth_2_sigma_2.5,0.004384122279171642
10292.png,left-cheek,original_roi,0.003749093266081799
10292.png,right-cheek,original_roi,0.0038070130314068846
10292.png,bottom-face,original_roi,0.004229848875166033
10292.png,forehead,original_roi,0.003565587639702418
10292.png,under-eyes,original_roi,0.004133497979563725
10292.png,left-cheek,smooth_1_sigma_1.5,0.0038981390136850953
10292.png,right-cheek,smooth_1_sigma_1.5,0.004007685216142714
10292.png,bottom-face,smooth_1_sigma_1.5,0.004396926223275485
10292.png,forehead,smooth_1_sigma_1.5,0.0037877463103793713
10292.png,under-eyes,smooth_1_sigma_1.5,0.0045327621446804535
10292.png,left-cheek,smooth_2_sigma_2.5,0.003937034496544396
10292.png,right-cheek,smooth_2_sigma_2.5,0.0040887770973949975
10292.png,bottom-face,smooth_2_sigma_2.5,0.00443708670670825
10292.png,forehead,smooth_2_sigma_2.5,0.003831700259285765
10292.png,under-eyes,smooth_2_sigma_2.5,0.004689875995097346
10293.png,left-cheek,original_roi,0.0076348881468564665
10293.png,right-cheek,original_roi,0.009768025236996478
10293.png,bottom-face,original_roi,0.00831329687922863
10293.png,forehead,original_roi,0.007536544434261404
10293.png,under-eyes,original_roi,0.00833253477385173
10293.png,left-cheek,smooth_1_sigma_1.5,0.008059207362061515
10293.png,right-cheek,smooth_1_sigma_1.5,0.01054104135824135
10293.png,bottom-face,smooth_1_sigma_1.5,0.008837758363801022
10293.png,forehead,smooth_1_sigma_1.5,0.008019150561403288
10293.png,under-eyes,smooth_1_sigma_1.5,0.008993196151762226
10293.png,left-cheek,smooth_2_sigma_2.5,0.008129343348125118
10293.png,right-cheek,smooth_2_sigma_2.5,0.010655812420849283
10293.png,bottom-face,smooth_2_sigma_2.5,0.008919323414408547
10293.png,forehead,smooth_2_sigma_2.5,0.008107258900098457
10293.png,under-eyes,smooth_2_sigma_2.5,0.009115546874844727
10299.png,left-cheek,original_roi,0.009517996136926743
10299.png,right-cheek,original_roi,0.005017113216549974
10299.png,bottom-face,original_roi,0.006345575919461167
10299.png,forehead,original_roi,0.0068375040215107605
10299.png,under-eyes,original_roi,0.0069068781855954765
10299.png,left-cheek,smooth_1_sigma_1.5,0.010431793450696605
10299.png,right-cheek,smooth_1_sigma_1.5,0.005256638989723652
10299.png,bottom-face,smooth_1_sigma_1.5,0.006716242565835295
10299.png,forehead,smooth_1_sigma_1.5,0.007557663343721805
10299.png,under-eyes,smooth_1_sigma_1.5,0.007505900070625866
10299.png,left-cheek,smooth_2_sigma_2.5,0.010580155485986252
10299.png,right-cheek,smooth_2_sigma_2.5,0.005294963558249384
10299.png,bottom-face,smooth_2_sigma_2.5,0.006809216199343503
10299.png,forehead,smooth_2_sigma_2.5,0.007655604403080452
10299.png,under-eyes,smooth_2_sigma_2.5,0.007593944740566405
10303.png,left-cheek,original_roi,0.004716017999733754
10303.png,right-cheek,original_roi,0.003951535154822578
10303.png,bottom-face,original_roi,0.0042950460576612354
10303.png,forehead,original_roi,0.005753820307788364
10303.png,under-eyes,original_roi,0.0041350436393040495
10303.png,left-cheek,smooth_1_sigma_1.5,0.004796624666141195
10303.png,right-cheek,smooth_1_sigma_1.5,0.0040023379918059975
10303.png,bottom-face,smooth_1_sigma_1.5,0.004370265298419592
10303.png,forehead,smooth_1_sigma_1.5,0.005898054618613911
10303.png,under-eyes,smooth_1_sigma_1.5,0.004271806618555257
10303.png,left-cheek,smooth_2_sigma_2.5,0.004818366761639415
10303.png,right-cheek,smooth_2_sigma_2.5,0.004018627525648115
10303.png,bottom-face,smooth_2_sigma_2.5,0.0043948395025015415
10303.png,forehead,smooth_2_sigma_2.5,0.00595681915809266
10303.png,under-eyes,smooth_2_sigma_2.5,0.004334235354022324
10307.png,left-cheek,original_roi,0.0039025576126579
10307.png,right-cheek,original_roi,
10307.png,bottom-face,original_roi,0.004418207907985239
10307.png,forehead,original_roi,0.003951873997534337
10307.png,under-eyes,original_roi,0.0054801918437168634
10307.png,left-cheek,smooth_1_sigma_1.5,0.004054542308851507
10307.png,right-cheek,smooth_1_sigma_1.5,
10307.png,bottom-face,smooth_1_sigma_1.5,0.004793145913244592
10307.png,forehead,smooth_1_sigma_1.5,0.00419177195176899
10307.png,under-eyes,smooth_1_sigma_1.5,0.0060226254643949125
10307.png,left-cheek,smooth_2_sigma_2.5,0.004121056176495144
10307.png,right-cheek,smooth_2_sigma_2.5,
10307.png,bottom-face,smooth_2_sigma_2.5,0.0048938564097028925
10307.png,forehead,smooth_2_sigma_2.5,0.004254454634709963
10307.png,under-eyes,smooth_2_sigma_2.5,0.006327180792349562
10309.png,left-cheek,original_roi,0.0038521866926136935
10309.png,right-cheek,original_roi,0.004125617079809828
10309.png,bottom-face,original_roi,0.004352457814592867
10309.png,forehead,original_roi,0.0042038693497947035
10309.png,under-eyes,original_roi,0.004283835633545482
10309.png,left-cheek,smooth_1_sigma_1.5,0.004015127524891936
10309.png,right-cheek,smooth_1_sigma_1.5,0.004270124807938548
10309.png,bottom-face,smooth_1_sigma_1.5,0.0045899543568799295
10309.png,forehead,smooth_1_sigma_1.5,0.0044379919077845095
10309.png,under-eyes,smooth_1_sigma_1.5,0.00447029149322528
10309.png,left-cheek,smooth_2_sigma_2.5,0.0040501881087181505
10309.png,right-cheek,smooth_2_sigma_2.5,0.004293667747726986
10309.png,bottom-face,smooth_2_sigma_2.5,0.004624111930024534
10309.png,forehead,smooth_2_sigma_2.5,0.004474324354784706
10309.png,under-eyes,smooth_2_sigma_2.5,0.004502431869091601
10317.png,left-cheek,original_roi,0.0037081350456283405
10317.png,right-cheek,original_roi,0.003389383570586536
10317.png,bottom-face,original_roi,0.0036320448628007857
10317.png,forehead,original_roi,0.003284484279345827
10317.png,under-eyes,original_roi,0.003600691957850893
10317.png,left-cheek,smooth_1_sigma_1.5,0.003747525076016597
10317.png,right-cheek,smooth_1_sigma_1.5,0.003419800078431841
10317.png,bottom-face,smooth_1_sigma_1.5,0.003665254516193557
10317.png,forehead,smooth_1_sigma_1.5,0.003306208622377024
10317.png,under-eyes,smooth_1_sigma_1.5,0.0036487102016817354
10317.png,left-cheek,smooth_2_sigma_2.5,0.0037610024522240753
10317.png,right-cheek,smooth_2_sigma_2.5,0.003431512804269404
10317.png,bottom-face,smooth_2_sigma_2.5,0.0036819536233641302
10317.png,forehead,smooth_2_sigma_2.5,0.0033173740615692108
10317.png,under-eyes,smooth_2_sigma_2.5,0.003666410601220991
10318.png,left-cheek,original_roi,0.004914788040930538
10318.png,right-cheek,original_roi,0.00716241052372352
10318.png,bottom-face,original_roi,0.006407135759743359
10318.png,forehead,original_roi,0.004380760362638126
10318.png,under-eyes,original_roi,0.005024097353308805
10318.png,left-cheek,smooth_1_sigma_1.5,0.004985806565900747
10318.png,right-cheek,smooth_1_sigma_1.5,0.007327830354566351
10318.png,bottom-face,smooth_1_sigma_1.5,0.006633440378609966
10318.png,forehead,smooth_1_sigma_1.5,0.004449563336928166
10318.png,under-eyes,smooth_1_sigma_1.5,0.005142802377155167
10318.png,left-cheek,smooth_2_sigma_2.5,0.005014654948363899
10318.png,right-cheek,smooth_2_sigma_2.5,0.007390024137824138
10318.png,bottom-face,smooth_2_sigma_2.5,0.0067109195734176355
10318.png,forehead,smooth_2_sigma_2.5,0.004475624232874291
10318.png,under-eyes,smooth_2_sigma_2.5,0.0051913234194580675
10323.png,left-cheek,original_roi,0.004684151525308066
10323.png,right-cheek,original_roi,0.004709429879520271
10323.png,bottom-face,original_roi,0.005090169691821423
10323.png,forehead,original_roi,0.004964079428603675
10323.png,under-eyes,original_roi,0.005201230522443868
10323.png,left-cheek,smooth_1_sigma_1.5,0.0049281578653587125
10323.png,right-cheek,smooth_1_sigma_1.5,0.0049154674071872646
10323.png,bottom-face,smooth_1_sigma_1.5,0.005639764079116788
10323.png,forehead,smooth_1_sigma_1.5,0.005363835866569283
10323.png,under-eyes,smooth_1_sigma_1.5,0.005357387278888693
10323.png,left-cheek,smooth_2_sigma_2.5,0.0049990932351006035
10323.png,right-cheek,smooth_2_sigma_2.5,0.004969389331997351
10323.png,bottom-face,smooth_2_sigma_2.5,0.005789312842754818
10323.png,forehead,smooth_2_sigma_2.5,0.005455808602523698
10323.png,under-eyes,smooth_2_sigma_2.5,0.005394939620276785
10326.png,left-cheek,original_roi,0.010041837910808234
10326.png,right-cheek,original_roi,0.00980927213062459
10326.png,bottom-face,original_roi,0.010459606068813115
10326.png,forehead,original_roi,0.0065217834792962535
10326.png,under-eyes,original_roi,0.010668876651359575
10326.png,left-cheek,smooth_1_sigma_1.5,0.010579270275760147
10326.png,right-cheek,smooth_1_sigma_1.5,0.010361788262408536
10326.png,bottom-face,smooth_1_sigma_1.5,0.011486358891731382
10326.png,forehead,smooth_1_sigma_1.5,0.007287673454994025
10326.png,under-eyes,smooth_1_sigma_1.5,0.0112679302821422
10326.png,left-cheek,smooth_2_sigma_2.5,0.010695707363430566
10326.png,right-cheek,smooth_2_sigma_2.5,0.010493001456397593
10326.png,bottom-face,smooth_2_sigma_2.5,0.011747809822469344
10326.png,forehead,smooth_2_sigma_2.5,0.007398672330569577
10326.png,under-eyes,smooth_2_sigma_2.5,0.011402469890662861
10329.png,left-cheek,original_roi,0.0046844061106371526
10329.png,right-cheek,original_roi,0.005214948851288846
10329.png,bottom-face,original_roi,0.005529277308892398
10329.png,forehead,original_roi,0.004963362507695435
10329.png,under-eyes,original_roi,0.00509878675662184
10329.png,left-cheek,smooth_1_sigma_1.5,0.00485001708238032
10329.png,right-cheek,smooth_1_sigma_1.5,0.005378637134067024
10329.png,bottom-face,smooth_1_sigma_1.5,0.00568993787085669
10329.png,forehead,smooth_1_sigma_1.5,0.005248543086140442
10329.png,under-eyes,smooth_1_sigma_1.5,0.005330010572270419
10329.png,left-cheek,smooth_2_sigma_2.5,0.004882261247585343
10329.png,right-cheek,smooth_2_sigma_2.5,0.005414943847823024
10329.png,bottom-face,smooth_2_sigma_2.5,0.0057377935552411306
10329.png,forehead,smooth_2_sigma_2.5,0.005293397145267824
10329.png,under-eyes,smooth_2_sigma_2.5,0.005375485699815102
10334.png,left-cheek,original_roi,0.00618358109656043
10334.png,right-cheek,original_roi,0.006208080491908866
10334.png,bottom-face,original_roi,0.005649667226660678
10334.png,forehead,original_roi,0.006305291398261218
10334.png,under-eyes,original_roi,0.006345805066313577
10334.png,left-cheek,smooth_1_sigma_1.5,0.006449620488257348
10334.png,right-cheek,smooth_1_sigma_1.5,0.006537603118499334
10334.png,bottom-face,smooth_1_sigma_1.5,0.0071119728571169575
10334.png,forehead,smooth_1_sigma_1.5,0.006520826874324413
10334.png,under-eyes,smooth_1_sigma_1.5,0.006512592641272187
10334.png,left-cheek,smooth_2_sigma_2.5,0.006541098652255809
10334.png,right-cheek,smooth_2_sigma_2.5,0.006645031648463874
10334.png,bottom-face,smooth_2_sigma_2.5,0.007869696377363325
10334.png,forehead,smooth_2_sigma_2.5,0.006614154157339363
10334.png,under-eyes,smooth_2_sigma_2.5,0.006581958543216723
10338.png,left-cheek,original_roi,0.0035845447554133263
10338.png,right-cheek,original_roi,0.003626051313542082
10338.png,bottom-face,original_roi,0.004147710265372075
10338.png,forehead,original_roi,0.003726155819242766
10338.png,under-eyes,original_roi,0.00355161616180382
10338.png,left-cheek,smooth_1_sigma_1.5,0.0036590335726439448
10338.png,right-cheek,smooth_1_sigma_1.5,0.003703919110574212
10338.png,bottom-face,smooth_1_sigma_1.5,0.004293546948352286
10338.png,forehead,smooth_1_sigma_1.5,0.003818256882696988
10338.png,under-eyes,smooth_1_sigma_1.5,0.003643804807311152
10338.png,left-cheek,smooth_2_sigma_2.5,0.0036713732217795864
10338.png,right-cheek,smooth_2_sigma_2.5,0.0037171446546289386
10338.png,bottom-face,smooth_2_sigma_2.5,0.004312866866596161
10338.png,forehead,smooth_2_sigma_2.5,0.0038334038976058802
10338.png,under-eyes,smooth_2_sigma_2.5,0.0036633451373410215
10341.png,left-cheek,original_roi,0.006986893115416304
10341.png,right-cheek,original_roi,0.009403873083550429
10341.png,bottom-face,original_roi,0.008167073421960934
10341.png,forehead,original_roi,0.007756964407686471
10341.png,under-eyes,original_roi,0.008050191227510597
10341.png,left-cheek,smooth_1_sigma_1.5,0.007421488634878097
10341.png,right-cheek,smooth_1_sigma_1.5,0.0102535672392994
10341.png,bottom-face,smooth_1_sigma_1.5,0.00867993405901173
10341.png,forehead,smooth_1_sigma_1.5,0.008200967100806663
10341.png,under-eyes,smooth_1_sigma_1.5,0.00937843087143687
10341.png,left-cheek,smooth_2_sigma_2.5,0.007548675966638707
10341.png,right-cheek,smooth_2_sigma_2.5,0.01055420588534525
10341.png,bottom-face,smooth_2_sigma_2.5,0.008820071030639332
10341.png,forehead,smooth_2_sigma_2.5,0.008296261377133591
10341.png,under-eyes,smooth_2_sigma_2.5,0.010340892574562293
10353.png,left-cheek,original_roi,0.004192445916354763
10353.png,right-cheek,original_roi,0.004850383723582526
10353.png,bottom-face,original_roi,0.004634452199499215
10353.png,forehead,original_roi,0.0036211616614406027
10353.png,under-eyes,original_roi,0.0037080378296340862
10353.png,left-cheek,smooth_1_sigma_1.5,0.0042869869363383805
10353.png,right-cheek,smooth_1_sigma_1.5,0.005007704306268372
10353.png,bottom-face,smooth_1_sigma_1.5,0.004771660115193701
10353.png,forehead,smooth_1_sigma_1.5,0.003681302341029408
10353.png,under-eyes,smooth_1_sigma_1.5,0.0038063494351065832
10353.png,left-cheek,smooth_2_sigma_2.5,0.004305955229523305
10353.png,right-cheek,smooth_2_sigma_2.5,0.005035238052218668
10353.png,bottom-face,smooth_2_sigma_2.5,0.004800847991275488
10353.png,forehead,smooth_2_sigma_2.5,0.003700255231352038
10353.png,under-eyes,smooth_2_sigma_2.5,0.003849050455767958
10360.png,left-cheek,original_roi,0.00572643347075723
10360.png,right-cheek,original_roi,0.0036649656580820932
10360.png,bottom-face,original_roi,0.004186519226110317
10360.png,forehead,original_roi,0.003842826682358287
10360.png,under-eyes,original_roi,0.004178435505340143
10360.png,left-cheek,smooth_1_sigma_1.5,0.0059896190004031305
10360.png,right-cheek,smooth_1_sigma_1.5,0.0037678055987216555
10360.png,bottom-face,smooth_1_sigma_1.5,0.004294865046051955
10360.png,forehead,smooth_1_sigma_1.5,0.003996961863993847
10360.png,under-eyes,smooth_1_sigma_1.5,0.004383837733921256
10360.png,left-cheek,smooth_2_sigma_2.5,0.0060452124703509694
10360.png,right-cheek,smooth_2_sigma_2.5,0.003789803734376586
10360.png,bottom-face,smooth_2_sigma_2.5,0.004318608986216702
10360.png,forehead,smooth_2_sigma_2.5,0.004024455472745997
10360.png,under-eyes,smooth_2_sigma_2.5,0.004476786888949218
10376.png,left-cheek,original_roi,
10376.png,right-cheek,original_roi,0.0044154997585620975
10376.png,bottom-face,original_roi,0.004724307856218774
10376.png,forehead,original_roi,0.004035532293485327
10376.png,under-eyes,original_roi,0.004091324088028558
10376.png,left-cheek,smooth_1_sigma_1.5,
10376.png,right-cheek,smooth_1_sigma_1.5,0.004527396181538788
10376.png,bottom-face,smooth_1_sigma_1.5,0.004819663576174346
10376.png,forehead,smooth_1_sigma_1.5,0.004201845190223786
10376.png,under-eyes,smooth_1_sigma_1.5,0.004213404559474995
10376.png,left-cheek,smooth_2_sigma_2.5,
10376.png,right-cheek,smooth_2_sigma_2.5,0.004579193392213314
10376.png,bottom-face,smooth_2_sigma_2.5,0.0048505241511782515
10376.png,forehead,smooth_2_sigma_2.5,0.004249753607894052
10376.png,under-eyes,smooth_2_sigma_2.5,0.004259062753156889
10387.png,left-cheek,original_roi,0.0037086203363699433
10387.png,right-cheek,original_roi,0.004952157034897486
10387.png,bottom-face,original_roi,0.004409319820390282
10387.png,forehead,original_roi,0.003841691896680655
10387.png,under-eyes,original_roi,0.00408249545587143
10387.png,left-cheek,smooth_1_sigma_1.5,0.0037562481356273577
10387.png,right-cheek,smooth_1_sigma_1.5,0.005038988728127071
10387.png,bottom-face,smooth_1_sigma_1.5,0.004467644140995681
10387.png,forehead,smooth_1_sigma_1.5,0.003930955223031105
10387.png,under-eyes,smooth_1_sigma_1.5,0.004187861306221422
10387.png,left-cheek,smooth_2_sigma_2.5,0.0037686114981982837
10387.png,right-cheek,smooth_2_sigma_2.5,0.005062724572488274
10387.png,bottom-face,smooth_2_sigma_2.5,0.004486720376429822
10387.png,forehead,smooth_2_sigma_2.5,0.0039515592360170266
10387.png,under-eyes,smooth_2_sigma_2.5,0.004222770664060916
10389.png,left-cheek,original_roi,0.004582401244441901
10389.png,right-cheek,original_roi,0.004480476553812362
10389.png,bottom-face,original_roi,0.0048164721790460475
10389.png,forehead,original_roi,0.0044275605994795
10389.png,under-eyes,original_roi,0.004656482313899254
10389.png,left-cheek,smooth_1_sigma_1.5,0.004694768553078457
10389.png,right-cheek,smooth_1_sigma_1.5,0.004585719309835197
10389.png,bottom-face,smooth_1_sigma_1.5,0.004942531993410492
10389.png,forehead,smooth_1_sigma_1.5,0.004585382050573136
10389.png,under-eyes,smooth_1_sigma_1.5,0.004901859961498646
10389.png,left-cheek,smooth_2_sigma_2.5,0.004714590885243812
10389.png,right-cheek,smooth_2_sigma_2.5,0.0046068372080265724
10389.png,bottom-face,smooth_2_sigma_2.5,0.004967800171415888
10389.png,forehead,smooth_2_sigma_2.5,0.004622064961450526
10389.png,under-eyes,smooth_2_sigma_2.5,0.004958640977154064
10392.png,left-cheek,original_roi,0.005661297267262035
10392.png,right-cheek,original_roi,
10392.png,bottom-face,original_roi,0.006061238511627951
10392.png,forehead,original_roi,0.0050675904010604395
10392.png,under-eyes,original_roi,0.005107110580553441
10392.png,left-cheek,smooth_1_sigma_1.5,0.0057975656760531945
10392.png,right-cheek,smooth_1_sigma_1.5,
10392.png,bottom-face,smooth_1_sigma_1.5,0.006496200918674347
10392.png,forehead,smooth_1_sigma_1.5,0.005341046165248963
10392.png,under-eyes,smooth_1_sigma_1.5,0.005566587131113421
10392.png,left-cheek,smooth_2_sigma_2.5,0.005841596885969856
10392.png,right-cheek,smooth_2_sigma_2.5,
10392.png,bottom-face,smooth_2_sigma_2.5,0.006698472736736498
10392.png,forehead,smooth_2_sigma_2.5,0.005417142562611
10392.png,under-eyes,smooth_2_sigma_2.5,0.005791351328332867
10403.png,left-cheek,original_roi,0.005475652878586472
10403.png,right-cheek,original_roi,0.006324959188648044
10403.png,bottom-face,original_roi,0.005552219126398264
10403.png,forehead,original_roi,0.005744580606337926
10403.png,under-eyes,original_roi,0.005487420731553352
10403.png,left-cheek,smooth_1_sigma_1.5,0.005580430302827643
10403.png,right-cheek,smooth_1_sigma_1.5,0.0064854162451155285
10403.png,bottom-face,smooth_1_sigma_1.5,0.005659558213860648
10403.png,forehead,smooth_1_sigma_1.5,0.0059192334442080595
10403.png,under-eyes,smooth_1_sigma_1.5,0.005698987810972797
10403.png,left-cheek,smooth_2_sigma_2.5,0.005609744259997129
10403.png,right-cheek,smooth_2_sigma_2.5,0.00653351070004783
10403.png,bottom-face,smooth_2_sigma_2.5,0.0056920342921539645
10403.png,forehead,smooth_2_sigma_2.5,0.005970350723963763
10403.png,under-eyes,smooth_2_sigma_2.5,0.005772185138226951
10414.png,left-cheek,original_roi,0.0038383018278813578
10414.png,right-cheek,original_roi,0.0041519287508601215
10414.png,bottom-face,original_roi,0.0038592146869688626
10414.png,forehead,original_roi,0.004104351923283014
10414.png,under-eyes,original_roi,0.004005839812250708
10414.png,left-cheek,smooth_1_sigma_1.5,0.004000023220197049
10414.png,right-cheek,smooth_1_sigma_1.5,0.004311055447503127
10414.png,bottom-face,smooth_1_sigma_1.5,0.00428535530849479
10414.png,forehead,smooth_1_sigma_1.5,0.004290547572328397
10414.png,under-eyes,smooth_1_sigma_1.5,0.0043388197328782935
10414.png,left-cheek,smooth_2_sigma_2.5,0.004032028972179371
10414.png,right-cheek,smooth_2_sigma_2.5,0.004343930969392479
10414.png,bottom-face,smooth_2_sigma_2.5,0.004356791621842544
10414.png,forehead,smooth_2_sigma_2.5,0.004329695844839672
10414.png,under-eyes,smooth_2_sigma_2.5,0.004438342294268181
10415.png,left-cheek,original_roi,0.0054139620535925475
10415.png,right-cheek,original_roi,0.005094434644394347
10415.png,bottom-face,original_roi,0.006201092208478112
10415.png,forehead,original_roi,0.005586702933506543
10415.png,under-eyes,original_roi,0.004692359313641137
10415.png,left-cheek,smooth_1_sigma_1.5,0.005566699151655859
10415.png,right-cheek,smooth_1_sigma_1.5,0.005242143603324643
10415.png,bottom-face,smooth_1_sigma_1.5,0.006509739218183502
10415.png,forehead,smooth_1_sigma_1.5,0.0061209865550468775
10415.png,under-eyes,smooth_1_sigma_1.5,0.004894185855223133
10415.png,left-cheek,smooth_2_sigma_2.5,0.005605466196628712
10415.png,right-cheek,smooth_2_sigma_2.5,0.005278974220783344
10415.png,bottom-face,smooth_2_sigma_2.5,0.006585753299190091
10415.png,forehead,smooth_2_sigma_2.5,0.0063072631888936624
10415.png,under-eyes,smooth_2_sigma_2.5,0.0049717016206632415
10416.png,left-cheek,original_roi,0.0043473253123884475
10416.png,right-cheek,original_roi,0.004627709913639466
10416.png,bottom-face,original_roi,0.0048097138518039765
10416.png,forehead,original_roi,0.005130970932814984
10416.png,under-eyes,original_roi,0.005202352890629066
10416.png,left-cheek,smooth_1_sigma_1.5,0.004538981412203284
10416.png,right-cheek,smooth_1_sigma_1.5,0.004864740526397177
10416.png,bottom-face,smooth_1_sigma_1.5,0.005062477940469246
10416.png,forehead,smooth_1_sigma_1.5,0.0054073762553411096
10416.png,under-eyes,smooth_1_sigma_1.5,0.0055138204165402546
10416.png,left-cheek,smooth_2_sigma_2.5,0.004572643503805354
10416.png,right-cheek,smooth_2_sigma_2.5,0.004917776500909588
10416.png,bottom-face,smooth_2_sigma_2.5,0.00510783964730958
10416.png,forehead,smooth_2_sigma_2.5,0.005451811003600116
10416.png,under-eyes,smooth_2_sigma_2.5,0.00557715996208112
10421.png,left-cheek,original_roi,0.006900889007663473
10421.png,right-cheek,original_roi,0.004753640005439203
10421.png,bottom-face,original_roi,0.006533154330194797
10421.png,forehead,original_roi,0.00496343745384391
10421.png,under-eyes,original_roi,0.005123037075460785
10421.png,left-cheek,smooth_1_sigma_1.5,0.0073422684907758495
10421.png,right-cheek,smooth_1_sigma_1.5,0.0049274487579857576
10421.png,bottom-face,smooth_1_sigma_1.5,0.0071203277093453456
10421.png,forehead,smooth_1_sigma_1.5,0.0052278292364631
10421.png,under-eyes,smooth_1_sigma_1.5,0.005346335678645668
10421.png,left-cheek,smooth_2_sigma_2.5,0.007394289316104899
10421.png,right-cheek,smooth_2_sigma_2.5,0.0049520182937343666
10421.png,bottom-face,smooth_2_sigma_2.5,0.007304273004775484
10421.png,forehead,smooth_2_sigma_2.5,0.005315356220877006
10421.png,under-eyes,smooth_2_sigma_2.5,0.005387744042113804
10422.png,left-cheek,original_roi,0.004091881872541386
10422.png,right-cheek,original_roi,0.004918349795743331
10422.png,bottom-face,original_roi,0.004881856246765408
10422.png,forehead,original_roi,0.0046086591012604915
10422.png,under-eyes,original_roi,0.0046260887252243255
10422.png,left-cheek,smooth_1_sigma_1.5,0.00416543494286271
10422.png,right-cheek,smooth_1_sigma_1.5,0.0050348449670372915
10422.png,bottom-face,smooth_1_sigma_1.5,0.0049821083292124445
10422.png,forehead,smooth_1_sigma_1.5,0.004761805406684235
10422.png,under-eyes,smooth_1_sigma_1.5,0.0047458361248270365
10422.png,left-cheek,smooth_2_sigma_2.5,0.00418630700448017
10422.png,right-cheek,smooth_2_sigma_2.5,0.005082755534898491
10422.png,bottom-face,smooth_2_sigma_2.5,0.005017209869918381
10422.png,forehead,smooth_2_sigma_2.5,0.004805915744695766
10422.png,under-eyes,smooth_2_sigma_2.5,0.004794079258897295
21007.png,left-cheek,original_roi,0.014358558957733181
21007.png,right-cheek,original_roi,0.007540393534854088
21007.png,bottom-face,original_roi,0.0146203921778512
21007.png,forehead,original_roi,0.007288319373402044
21007.png,under-eyes,original_roi,0.008859097293423001
21007.png,left-cheek,smooth_1_sigma_1.5,0.01495070755386675
21007.png,right-cheek,smooth_1_sigma_1.5,0.007848097810149281
21007.png,bottom-face,smooth_1_sigma_1.5,0.015565485451384963
21007.png,forehead,smooth_1_sigma_1.5,0.00770733558227155
21007.png,under-eyes,smooth_1_sigma_1.5,0.009505782567829229
21007.png,left-cheek,smooth_2_sigma_2.5,0.015183588571688719
21007.png,right-cheek,smooth_2_sigma_2.5,0.007939984098314852
21007.png,bottom-face,smooth_2_sigma_2.5,0.015877238819183133
21007.png,forehead,smooth_2_sigma_2.5,0.007859008145513248
21007.png,under-eyes,smooth_2_sigma_2.5,0.00976051043313574
21008.png,left-cheek,original_roi,0.005336016051445624
21008.png,right-cheek,original_roi,0.0048123436290992035
21008.png,bottom-face,original_roi,0.004491792468578066
21008.png,forehead,original_roi,0.00499681310061906
21008.png,under-eyes,original_roi,0.005223492251103652
21008.png,left-cheek,smooth_1_sigma_1.5,0.005860330616391845
21008.png,right-cheek,smooth_1_sigma_1.5,0.005232280211295348
21008.png,bottom-face,smooth_1_sigma_1.5,0.005749521983967152
21008.png,forehead,smooth_1_sigma_1.5,0.0051865688033553205
21008.png,under-eyes,smooth_1_sigma_1.5,0.005487869397023558
21008.png,left-cheek,smooth_2_sigma_2.5,0.005996417041656585
21008.png,right-cheek,smooth_2_sigma_2.5,0.0053201911726800735
21008.png,bottom-face,smooth_2_sigma_2.5,0.006070258138085375
21008.png,forehead,smooth_2_sigma_2.5,0.005228937648891319
21008.png,under-eyes,smooth_2_sigma_2.5,0.005573548317584857
21015.png,left-cheek,original_roi,0.0037706234060853883
21015.png,right-cheek,original_roi,0.004152806631234275
21015.png,bottom-face,original_roi,0.004049634969922797
21015.png,forehead,original_roi,0.003641952844946397
21015.png,under-eyes,original_roi,0.0037157213756948684
21015.png,left-cheek,smooth_1_sigma_1.5,0.0038811759377607473
21015.png,right-cheek,smooth_1_sigma_1.5,0.0043199692442131045
21015.png,bottom-face,smooth_1_sigma_1.5,0.004192818354479639
21015.png,forehead,smooth_1_sigma_1.5,0.0037665236321783647
21015.png,under-eyes,smooth_1_sigma_1.5,0.004021046580454985
21015.png,left-cheek,smooth_2_sigma_2.5,0.003898466825538217
21015.png,right-cheek,smooth_2_sigma_2.5,0.004344888117857324
21015.png,bottom-face,smooth_2_sigma_2.5,0.0042150334438536535
21015.png,forehead,smooth_2_sigma_2.5,0.003788796663157939
21015.png,under-eyes,smooth_2_sigma_2.5,0.004091348560205549
21022.png,left-cheek,original_roi,0.003434676662322058
21022.png,right-cheek,original_roi,0.0033984217456988525
21022.png,bottom-face,original_roi,0.004000709209279288
21022.png,forehead,original_roi,0.0035120576041272463
21022.png,under-eyes,original_roi,0.003258457035435605
21022.png,left-cheek,smooth_1_sigma_1.5,0.0034865859218870484
21022.png,right-cheek,smooth_1_sigma_1.5,0.0034463179617723796
21022.png,bottom-face,smooth_1_sigma_1.5,0.00409024712134798
21022.png,forehead,smooth_1_sigma_1.5,0.0036080452367666075
21022.png,under-eyes,smooth_1_sigma_1.5,0.00333168139111278
21022.png,left-cheek,smooth_2_sigma_2.5,0.0034974540655004186
21022.png,right-cheek,smooth_2_sigma_2.5,0.0034499280960713554
21022.png,bottom-face,smooth_2_sigma_2.5,0.004106787658888576
21022.png,forehead,smooth_2_sigma_2.5,0.003622571388110839
21022.png,under-eyes,smooth_2_sigma_2.5,0.0033476410565261307
21024.png,left-cheek,original_roi,0.007050910832642397
21024.png,right-cheek,original_roi,0.0057292970941188025
21024.png,bottom-face,original_roi,0.006322719724604341
21024.png,forehead,original_roi,0.005658319840509218
21024.png,under-eyes,original_roi,0.006915742191507457
21024.png,left-cheek,smooth_1_sigma_1.5,0.007999358404120919
21024.png,right-cheek,smooth_1_sigma_1.5,0.006360203946918352
21024.png,bottom-face,smooth_1_sigma_1.5,0.0079060028633678
21024.png,forehead,smooth_1_sigma_1.5,0.006248432958478067
21024.png,under-eyes,smooth_1_sigma_1.5,0.008003291209407641
21024.png,left-cheek,smooth_2_sigma_2.5,0.008275465871975678
21024.png,right-cheek,smooth_2_sigma_2.5,0.006508842882648664
21024.png,bottom-face,smooth_2_sigma_2.5,0.00826714914462308
21024.png,forehead,smooth_2_sigma_2.5,0.006329573923688185
21024.png,under-eyes,smooth_2_sigma_2.5,0.008397307181977863
21026.png,left-cheek,original_roi,0.004137304570077875
21026.png,right-cheek,original_roi,0.004150647670430906
21026.png,bottom-face,original_roi,0.00466338319499173
21026.png,forehead,original_roi,0.004417610230118504
21026.png,under-eyes,original_roi,0.004532451741062471
21026.png,left-cheek,smooth_1_sigma_1.5,0.004201455943084211
21026.png,right-cheek,smooth_1_sigma_1.5,0.004219342924776344
21026.png,bottom-face,smooth_1_sigma_1.5,0.0047560862735084196
21026.png,forehead,smooth_1_sigma_1.5,0.004543134671005381
21026.png,under-eyes,smooth_1_sigma_1.5,0.004650293750398601
21026.png,left-cheek,smooth_2_sigma_2.5,0.0042185927841962055
21026.png,right-cheek,smooth_2_sigma_2.5,0.004237620937920508
21026.png,bottom-face,smooth_2_sigma_2.5,0.0047830621333912185
21026.png,forehead,smooth_2_sigma_2.5,0.004578035678477671
21026.png,under-eyes,smooth_2_sigma_2.5,0.004676941893263457
21030.png,left-cheek,original_roi,0.004137005301662469
21030.png,right-cheek,original_roi,0.0040428711496784415
21030.png,bottom-face,original_roi,0.004577539322799306
21030.png,forehead,original_roi,0.0037035123148218786
21030.png,under-eyes,original_roi,0.003931137123034507
21030.png,left-cheek,smooth_1_sigma_1.5,0.004208246554175088
21030.png,right-cheek,smooth_1_sigma_1.5,0.004096782783568612
21030.png,bottom-face,smooth_1_sigma_1.5,0.0046386215940380695
21030.png,forehead,smooth_1_sigma_1.5,0.0037479658795334016
21030.png,under-eyes,smooth_1_sigma_1.5,0.003993160026053414
21030.png,left-cheek,smooth_2_sigma_2.5,0.004238303896806748
21030.png,right-cheek,smooth_2_sigma_2.5,0.004121386768494318
21030.png,bottom-face,smooth_2_sigma_2.5,0.004668591071286963
21030.png,forehead,smooth_2_sigma_2.5,0.0037676328527918622
21030.png,under-eyes,smooth_2_sigma_2.5,0.004014622286984619
21032.png,left-cheek,original_roi,0.0051802179852619866
21032.png,right-cheek,original_roi,0.0056229064218554685
21032.png,bottom-face,original_roi,0.005945203574558639
21032.png,forehead,original_roi,0.0050236450890103115
21032.png,under-eyes,original_roi,0.005460162526608227
21032.png,left-cheek,smooth_1_sigma_1.5,0.005412074393942634
21032.png,right-cheek,smooth_1_sigma_1.5,0.005819291852849264
21032.png,bottom-face,smooth_1_sigma_1.5,0.006193514944330553
21032.png,forehead,smooth_1_sigma_1.5,0.005294913298304403
21032.png,under-eyes,smooth_1_sigma_1.5,0.0058767853506737164
21032.png,left-cheek,smooth_2_sigma_2.5,0.0054596144398394685
21032.png,right-cheek,smooth_2_sigma_2.5,0.005870454609990003
21032.png,bottom-face,smooth_2_sigma_2.5,0.006250690288704613
21032.png,forehead,smooth_2_sigma_2.5,0.0053706281339402084
21032.png,under-eyes,smooth_2_sigma_2.5,0.006002109697403255
21033.png,left-cheek,original_roi,0.0040358390246246125
21033.png,right-cheek,original_roi,0.003930845937857204
21033.png,bottom-face,original_roi,0.004378073695923263
21033.png,forehead,original_roi,0.004530392900771461
21033.png,under-eyes,original_roi,0.004341977449283613
21033.png,left-cheek,smooth_1_sigma_1.5,0.004212693049703994
21033.png,right-cheek,smooth_1_sigma_1.5,0.004011762810580248
21033.png,bottom-face,smooth_1_sigma_1.5,0.004507112104200253
21033.png,forehead,smooth_1_sigma_1.5,0.004857062584938587
21033.png,under-eyes,smooth_1_sigma_1.5,0.00476500918864396
21033.png,left-cheek,smooth_2_sigma_2.5,0.004264499295979553
21033.png,right-cheek,smooth_2_sigma_2.5,0.004030811376300621
21033.png,bottom-face,smooth_2_sigma_2.5,0.004543348044737972
21033.png,forehead,smooth_2_sigma_2.5,0.0049825674898223305
21033.png,under-eyes,smooth_2_sigma_2.5,0.00489944679436822
21035.png,left-cheek,original_roi,0.004052903451152173
21035.png,right-cheek,original_roi,0.006421851698742976
21035.png,bottom-face,original_roi,0.0048656225675245525
21035.png,forehead,original_roi,0.005511110515920444
21035.png,under-eyes,original_roi,0.0059434075459889055
21035.png,left-cheek,smooth_1_sigma_1.5,0.004226304508483194
21035.png,right-cheek,smooth_1_sigma_1.5,0.0067792292581952355
21035.png,bottom-face,smooth_1_sigma_1.5,0.005189873884786652
21035.png,forehead,smooth_1_sigma_1.5,0.00594289766773688
21035.png,under-eyes,smooth_1_sigma_1.5,0.006434053950574695
21035.png,left-cheek,smooth_2_sigma_2.5,0.004272359704185572
21035.png,right-cheek,smooth_2_sigma_2.5,0.006896471252427852
21035.png,bottom-face,smooth_2_sigma_2.5,0.005248920424819129
21035.png,forehead,smooth_2_sigma_2.5,0.006050752444964447
21035.png,under-eyes,smooth_2_sigma_2.5,0.0065629261693236265
